日志文件：logs/run_20250820_175351.log

== FedSAD 0.01== 
📁 从本地加载模型: /root/autodl-tmp/new/fedner/models/microsoft_BiomedNLP-PubMedBERT-base-uncased-abstract
Some weights of BertForTokenClassification were not initialized from the model checkpoint at /root/autodl-tmp/new/fedner/models/microsoft_BiomedNLP-PubMedBERT-base-uncased-abstract and are newly initialized because the shapes did not match:
- classifier.bias: found shape torch.Size([2]) in the checkpoint and torch.Size([43]) in the model instantiated
- classifier.weight: found shape torch.Size([2, 768]) in the checkpoint and torch.Size([43, 768]) in the model instantiated
You should probably TRAIN this model on a down-stream task to be able to use it for predictions and inference.
Using device: cuda
📁 从本地加载模型: /root/autodl-tmp/new/fedner/models/microsoft_BiomedNLP-PubMedBERT-base-uncased-abstract
Some weights of BertForTokenClassification were not initialized from the model checkpoint at /root/autodl-tmp/new/fedner/models/microsoft_BiomedNLP-PubMedBERT-base-uncased-abstract and are newly initialized because the shapes did not match:
- classifier.bias: found shape torch.Size([2]) in the checkpoint and torch.Size([43]) in the model instantiated
- classifier.weight: found shape torch.Size([2, 768]) in the checkpoint and torch.Size([43, 768]) in the model instantiated
You should probably TRAIN this model on a down-stream task to be able to use it for predictions and inference.

============================================================
EXPERIMENT CONFIGURATION
============================================================
Algorithm: FedSAD | Clients: 10 (100% per round) | Rounds: 50, Local epochs: 2 | Training: Last 4 layers | Sampling: 200 samples per client (random) | Data: Non-IID (α=0.01)
------------------------------------------------------------
Algorithm-specific parameters for FedSAD:
  - use_distillation: True
  - kd_start_round: 2
  - teacher_policy: ema_first
  - temperature_start: 5.0, temperature_end: 1.5
  - alpha_ce_start: 1.0, alpha_ce_end: 0.7
  - alpha_kd_start: 0.0, alpha_kd_end: 0.3
  - hidden_distill: False, alpha_hidden: 0.0
  - o_downweight: 1.0
============================================================

Model initialized: 108,924,715/108,924,715 trainable params (100.0%)

=== Round 1/50 ===
[Round 1] KD=OFF | policy=ema_first
[Layer Freezing] Training last 4 transformer layers (layers 8-11)
[Layer Freezing] Trainable params: 28,384,555 / 108,924,715 (26.1%)
/root/miniconda3/lib/python3.12/site-packages/torch/nn/modules/module.py:1762: FutureWarning: `encoder_attention_mask` is deprecated and will be removed in version 4.55.0 for `BertSdpaSelfAttention.forward`.
  return forward_call(*args, **kwargs)
[Layer Freezing] Training last 4 transformer layers (layers 8-11)
[Layer Freezing] Trainable params: 28,384,555 / 108,924,715 (26.1%)
[Layer Freezing] Training last 4 transformer layers (layers 8-11)
[Layer Freezing] Trainable params: 28,384,555 / 108,924,715 (26.1%)
[Layer Freezing] Training last 4 transformer layers (layers 8-11)
[Layer Freezing] Trainable params: 28,384,555 / 108,924,715 (26.1%)
[Layer Freezing] Training last 4 transformer layers (layers 8-11)
[Layer Freezing] Trainable params: 28,384,555 / 108,924,715 (26.1%)
[Layer Freezing] Training last 4 transformer layers (layers 8-11)
[Layer Freezing] Trainable params: 28,384,555 / 108,924,715 (26.1%)
[Layer Freezing] Training last 4 transformer layers (layers 8-11)
[Layer Freezing] Trainable params: 28,384,555 / 108,924,715 (26.1%)
[Layer Freezing] Training last 4 transformer layers (layers 8-11)
[Layer Freezing] Trainable params: 28,384,555 / 108,924,715 (26.1%)
[Layer Freezing] Training last 4 transformer layers (layers 8-11)
[Layer Freezing] Trainable params: 28,384,555 / 108,924,715 (26.1%)
[Layer Freezing] Training last 4 transformer layers (layers 8-11)
[Layer Freezing] Trainable params: 28,384,555 / 108,924,715 (26.1%)
[Round 1] T=5.00  α_ce=1.00  α_kd=0.00
/root/miniconda3/lib/python3.12/site-packages/seqeval/metrics/v1.py:57: UndefinedMetricWarning: Precision is ill-defined and being set to 0.0 due to no predicted samples. Use `zero_division` parameter to control this behavior.
  _warn_prf(average, modifier, msg_start, len(result))
/root/miniconda3/lib/python3.12/site-packages/seqeval/metrics/v1.py:159: UndefinedMetricWarning: F-score is ill-defined and being set to 0.0 due to no true nor predicted samples. Use `zero_division` parameter to control this behavior.
  _warn_prf(
/root/miniconda3/lib/python3.12/site-packages/seqeval/metrics/v1.py:57: UndefinedMetricWarning: Recall is ill-defined and being set to 0.0 due to no true samples. Use `zero_division` parameter to control this behavior.
  _warn_prf(average, modifier, msg_start, len(result))
 Round 1 | F1 0.0000 | P 0.0000 | R 0.0000 | Time 41.5s | Comm N/A | Local Avg F1: 0.0000

=== Round 2/50 ===
[Round 2] KD=ON | policy=ema_first
[Layer Freezing] Training last 4 transformer layers (layers 8-11)
[Layer Freezing] Trainable params: 28,384,555 / 108,924,715 (26.1%)
[Layer Freezing] Training last 4 transformer layers (layers 8-11)
[Layer Freezing] Trainable params: 28,384,555 / 108,924,715 (26.1%)
[Layer Freezing] Training last 4 transformer layers (layers 8-11)
[Layer Freezing] Trainable params: 28,384,555 / 108,924,715 (26.1%)
[Layer Freezing] Training last 4 transformer layers (layers 8-11)
[Layer Freezing] Trainable params: 28,384,555 / 108,924,715 (26.1%)
[Layer Freezing] Training last 4 transformer layers (layers 8-11)
[Layer Freezing] Trainable params: 28,384,555 / 108,924,715 (26.1%)
[Layer Freezing] Training last 4 transformer layers (layers 8-11)
[Layer Freezing] Trainable params: 28,384,555 / 108,924,715 (26.1%)
[Layer Freezing] Training last 4 transformer layers (layers 8-11)
[Layer Freezing] Trainable params: 28,384,555 / 108,924,715 (26.1%)
[Layer Freezing] Training last 4 transformer layers (layers 8-11)
[Layer Freezing] Trainable params: 28,384,555 / 108,924,715 (26.1%)
[Layer Freezing] Training last 4 transformer layers (layers 8-11)
[Layer Freezing] Trainable params: 28,384,555 / 108,924,715 (26.1%)
[Layer Freezing] Training last 4 transformer layers (layers 8-11)
[Layer Freezing] Trainable params: 28,384,555 / 108,924,715 (26.1%)
[Round 2] T=5.00  α_ce=1.00  α_kd=0.00
 Round 2 | F1 0.0000 | P 0.0000 | R 0.0000 | Time 44.2s | Comm N/A | Local Avg F1: 0.0000

=== Round 3/50 ===
[Round 3] KD=ON | policy=ema_first
[Layer Freezing] Training last 4 transformer layers (layers 8-11)
[Layer Freezing] Trainable params: 28,384,555 / 108,924,715 (26.1%)
[Layer Freezing] Training last 4 transformer layers (layers 8-11)
[Layer Freezing] Trainable params: 28,384,555 / 108,924,715 (26.1%)
[Layer Freezing] Training last 4 transformer layers (layers 8-11)
[Layer Freezing] Trainable params: 28,384,555 / 108,924,715 (26.1%)
[Layer Freezing] Training last 4 transformer layers (layers 8-11)
[Layer Freezing] Trainable params: 28,384,555 / 108,924,715 (26.1%)
[Layer Freezing] Training last 4 transformer layers (layers 8-11)
[Layer Freezing] Trainable params: 28,384,555 / 108,924,715 (26.1%)
[Layer Freezing] Training last 4 transformer layers (layers 8-11)
[Layer Freezing] Trainable params: 28,384,555 / 108,924,715 (26.1%)
[Layer Freezing] Training last 4 transformer layers (layers 8-11)
[Layer Freezing] Trainable params: 28,384,555 / 108,924,715 (26.1%)
[Layer Freezing] Training last 4 transformer layers (layers 8-11)
[Layer Freezing] Trainable params: 28,384,555 / 108,924,715 (26.1%)
[Layer Freezing] Training last 4 transformer layers (layers 8-11)
[Layer Freezing] Trainable params: 28,384,555 / 108,924,715 (26.1%)
[Layer Freezing] Training last 4 transformer layers (layers 8-11)
[Layer Freezing] Trainable params: 28,384,555 / 108,924,715 (26.1%)
[Round 3] T=4.93  α_ce=0.99  α_kd=0.01
 Round 3 | F1 0.0000 | P 0.0000 | R 0.0000 | Time 43.7s | Comm N/A | Local Avg F1: 0.0000

=== Round 4/50 ===
[Round 4] KD=ON | policy=ema_first
[Layer Freezing] Training last 4 transformer layers (layers 8-11)
[Layer Freezing] Trainable params: 28,384,555 / 108,924,715 (26.1%)
[Layer Freezing] Training last 4 transformer layers (layers 8-11)
[Layer Freezing] Trainable params: 28,384,555 / 108,924,715 (26.1%)
[Layer Freezing] Training last 4 transformer layers (layers 8-11)
[Layer Freezing] Trainable params: 28,384,555 / 108,924,715 (26.1%)
[Layer Freezing] Training last 4 transformer layers (layers 8-11)
[Layer Freezing] Trainable params: 28,384,555 / 108,924,715 (26.1%)
[Layer Freezing] Training last 4 transformer layers (layers 8-11)
[Layer Freezing] Trainable params: 28,384,555 / 108,924,715 (26.1%)
[Layer Freezing] Training last 4 transformer layers (layers 8-11)
[Layer Freezing] Trainable params: 28,384,555 / 108,924,715 (26.1%)
[Layer Freezing] Training last 4 transformer layers (layers 8-11)
[Layer Freezing] Trainable params: 28,384,555 / 108,924,715 (26.1%)
[Layer Freezing] Training last 4 transformer layers (layers 8-11)
[Layer Freezing] Trainable params: 28,384,555 / 108,924,715 (26.1%)
[Layer Freezing] Training last 4 transformer layers (layers 8-11)
[Layer Freezing] Trainable params: 28,384,555 / 108,924,715 (26.1%)
[Layer Freezing] Training last 4 transformer layers (layers 8-11)
[Layer Freezing] Trainable params: 28,384,555 / 108,924,715 (26.1%)
[Round 4] T=4.85  α_ce=0.99  α_kd=0.01
 Round 4 | F1 0.0045 | P 0.7372 | R 0.0022 | Time 44.3s | Comm N/A | Local Avg F1: 0.0039

=== Round 5/50 ===
[Round 5] KD=ON | policy=ema_first
[Layer Freezing] Training last 4 transformer layers (layers 8-11)
[Layer Freezing] Trainable params: 28,384,555 / 108,924,715 (26.1%)
[Layer Freezing] Training last 4 transformer layers (layers 8-11)
[Layer Freezing] Trainable params: 28,384,555 / 108,924,715 (26.1%)
[Layer Freezing] Training last 4 transformer layers (layers 8-11)
[Layer Freezing] Trainable params: 28,384,555 / 108,924,715 (26.1%)
[Layer Freezing] Training last 4 transformer layers (layers 8-11)
[Layer Freezing] Trainable params: 28,384,555 / 108,924,715 (26.1%)
[Layer Freezing] Training last 4 transformer layers (layers 8-11)
[Layer Freezing] Trainable params: 28,384,555 / 108,924,715 (26.1%)
[Layer Freezing] Training last 4 transformer layers (layers 8-11)
[Layer Freezing] Trainable params: 28,384,555 / 108,924,715 (26.1%)
[Layer Freezing] Training last 4 transformer layers (layers 8-11)
[Layer Freezing] Trainable params: 28,384,555 / 108,924,715 (26.1%)
[Layer Freezing] Training last 4 transformer layers (layers 8-11)
[Layer Freezing] Trainable params: 28,384,555 / 108,924,715 (26.1%)
[Layer Freezing] Training last 4 transformer layers (layers 8-11)
[Layer Freezing] Trainable params: 28,384,555 / 108,924,715 (26.1%)
[Layer Freezing] Training last 4 transformer layers (layers 8-11)
[Layer Freezing] Trainable params: 28,384,555 / 108,924,715 (26.1%)
[Round 5] T=4.78  α_ce=0.98  α_kd=0.02
 Round 5 | F1 0.0240 | P 0.7206 | R 0.0122 | Time 43.8s | Comm N/A | Local Avg F1: 0.0204

=== Round 6/50 ===
[Round 6] KD=ON | policy=ema_first
[Layer Freezing] Training last 4 transformer layers (layers 8-11)
[Layer Freezing] Trainable params: 28,384,555 / 108,924,715 (26.1%)
[Layer Freezing] Training last 4 transformer layers (layers 8-11)
[Layer Freezing] Trainable params: 28,384,555 / 108,924,715 (26.1%)
[Layer Freezing] Training last 4 transformer layers (layers 8-11)
[Layer Freezing] Trainable params: 28,384,555 / 108,924,715 (26.1%)
[Layer Freezing] Training last 4 transformer layers (layers 8-11)
[Layer Freezing] Trainable params: 28,384,555 / 108,924,715 (26.1%)
[Layer Freezing] Training last 4 transformer layers (layers 8-11)
[Layer Freezing] Trainable params: 28,384,555 / 108,924,715 (26.1%)
[Layer Freezing] Training last 4 transformer layers (layers 8-11)
[Layer Freezing] Trainable params: 28,384,555 / 108,924,715 (26.1%)
[Layer Freezing] Training last 4 transformer layers (layers 8-11)
[Layer Freezing] Trainable params: 28,384,555 / 108,924,715 (26.1%)
[Layer Freezing] Training last 4 transformer layers (layers 8-11)
[Layer Freezing] Trainable params: 28,384,555 / 108,924,715 (26.1%)
[Layer Freezing] Training last 4 transformer layers (layers 8-11)
[Layer Freezing] Trainable params: 28,384,555 / 108,924,715 (26.1%)
[Layer Freezing] Training last 4 transformer layers (layers 8-11)
[Layer Freezing] Trainable params: 28,384,555 / 108,924,715 (26.1%)
[Round 6] T=4.71  α_ce=0.97  α_kd=0.02
 Round 6 | F1 0.0985 | P 0.6466 | R 0.0533 | Time 43.9s | Comm N/A | Local Avg F1: 0.0661

=== Round 7/50 ===
[Round 7] KD=ON | policy=ema_first
[Layer Freezing] Training last 4 transformer layers (layers 8-11)
[Layer Freezing] Trainable params: 28,384,555 / 108,924,715 (26.1%)
[Layer Freezing] Training last 4 transformer layers (layers 8-11)
[Layer Freezing] Trainable params: 28,384,555 / 108,924,715 (26.1%)
[Layer Freezing] Training last 4 transformer layers (layers 8-11)
[Layer Freezing] Trainable params: 28,384,555 / 108,924,715 (26.1%)
[Layer Freezing] Training last 4 transformer layers (layers 8-11)
[Layer Freezing] Trainable params: 28,384,555 / 108,924,715 (26.1%)
[Layer Freezing] Training last 4 transformer layers (layers 8-11)
[Layer Freezing] Trainable params: 28,384,555 / 108,924,715 (26.1%)
[Layer Freezing] Training last 4 transformer layers (layers 8-11)
[Layer Freezing] Trainable params: 28,384,555 / 108,924,715 (26.1%)
[Layer Freezing] Training last 4 transformer layers (layers 8-11)
[Layer Freezing] Trainable params: 28,384,555 / 108,924,715 (26.1%)
[Layer Freezing] Training last 4 transformer layers (layers 8-11)
[Layer Freezing] Trainable params: 28,384,555 / 108,924,715 (26.1%)
[Layer Freezing] Training last 4 transformer layers (layers 8-11)
[Layer Freezing] Trainable params: 28,384,555 / 108,924,715 (26.1%)
[Layer Freezing] Training last 4 transformer layers (layers 8-11)
[Layer Freezing] Trainable params: 28,384,555 / 108,924,715 (26.1%)
[Round 7] T=4.64  α_ce=0.97  α_kd=0.03
 Round 7 | F1 0.1010 | P 0.6455 | R 0.0548 | Time 45.0s | Comm N/A | Local Avg F1: 0.0690

=== Round 8/50 ===
[Round 8] KD=ON | policy=ema_first
[Layer Freezing] Training last 4 transformer layers (layers 8-11)
[Layer Freezing] Trainable params: 28,384,555 / 108,924,715 (26.1%)
[Layer Freezing] Training last 4 transformer layers (layers 8-11)
[Layer Freezing] Trainable params: 28,384,555 / 108,924,715 (26.1%)
[Layer Freezing] Training last 4 transformer layers (layers 8-11)
[Layer Freezing] Trainable params: 28,384,555 / 108,924,715 (26.1%)
[Layer Freezing] Training last 4 transformer layers (layers 8-11)
[Layer Freezing] Trainable params: 28,384,555 / 108,924,715 (26.1%)
[Layer Freezing] Training last 4 transformer layers (layers 8-11)
[Layer Freezing] Trainable params: 28,384,555 / 108,924,715 (26.1%)
[Layer Freezing] Training last 4 transformer layers (layers 8-11)
[Layer Freezing] Trainable params: 28,384,555 / 108,924,715 (26.1%)
[Layer Freezing] Training last 4 transformer layers (layers 8-11)
[Layer Freezing] Trainable params: 28,384,555 / 108,924,715 (26.1%)
[Layer Freezing] Training last 4 transformer layers (layers 8-11)
[Layer Freezing] Trainable params: 28,384,555 / 108,924,715 (26.1%)
[Layer Freezing] Training last 4 transformer layers (layers 8-11)
[Layer Freezing] Trainable params: 28,384,555 / 108,924,715 (26.1%)
[Layer Freezing] Training last 4 transformer layers (layers 8-11)
[Layer Freezing] Trainable params: 28,384,555 / 108,924,715 (26.1%)
[Round 8] T=4.56  α_ce=0.96  α_kd=0.04
 Round 8 | F1 0.1376 | P 0.5965 | R 0.0777 | Time 43.2s | Comm N/A | Local Avg F1: 0.0902

=== Round 9/50 ===
[Round 9] KD=ON | policy=ema_first
[Layer Freezing] Training last 4 transformer layers (layers 8-11)
[Layer Freezing] Trainable params: 28,384,555 / 108,924,715 (26.1%)
[Layer Freezing] Training last 4 transformer layers (layers 8-11)
[Layer Freezing] Trainable params: 28,384,555 / 108,924,715 (26.1%)
[Layer Freezing] Training last 4 transformer layers (layers 8-11)
[Layer Freezing] Trainable params: 28,384,555 / 108,924,715 (26.1%)
[Layer Freezing] Training last 4 transformer layers (layers 8-11)
[Layer Freezing] Trainable params: 28,384,555 / 108,924,715 (26.1%)
[Layer Freezing] Training last 4 transformer layers (layers 8-11)
[Layer Freezing] Trainable params: 28,384,555 / 108,924,715 (26.1%)
[Layer Freezing] Training last 4 transformer layers (layers 8-11)
[Layer Freezing] Trainable params: 28,384,555 / 108,924,715 (26.1%)
[Layer Freezing] Training last 4 transformer layers (layers 8-11)
[Layer Freezing] Trainable params: 28,384,555 / 108,924,715 (26.1%)
[Layer Freezing] Training last 4 transformer layers (layers 8-11)
[Layer Freezing] Trainable params: 28,384,555 / 108,924,715 (26.1%)
[Layer Freezing] Training last 4 transformer layers (layers 8-11)
[Layer Freezing] Trainable params: 28,384,555 / 108,924,715 (26.1%)
[Layer Freezing] Training last 4 transformer layers (layers 8-11)
[Layer Freezing] Trainable params: 28,384,555 / 108,924,715 (26.1%)
[Round 9] T=4.49  α_ce=0.96  α_kd=0.04
 Round 9 | F1 0.1795 | P 0.5407 | R 0.1076 | Time 44.1s | Comm N/A | Local Avg F1: 0.1190

=== Round 10/50 ===
[Round 10] KD=ON | policy=ema_first
[Layer Freezing] Training last 4 transformer layers (layers 8-11)
[Layer Freezing] Trainable params: 28,384,555 / 108,924,715 (26.1%)
[Layer Freezing] Training last 4 transformer layers (layers 8-11)
[Layer Freezing] Trainable params: 28,384,555 / 108,924,715 (26.1%)
[Layer Freezing] Training last 4 transformer layers (layers 8-11)
[Layer Freezing] Trainable params: 28,384,555 / 108,924,715 (26.1%)
[Layer Freezing] Training last 4 transformer layers (layers 8-11)
[Layer Freezing] Trainable params: 28,384,555 / 108,924,715 (26.1%)
[Layer Freezing] Training last 4 transformer layers (layers 8-11)
[Layer Freezing] Trainable params: 28,384,555 / 108,924,715 (26.1%)
[Layer Freezing] Training last 4 transformer layers (layers 8-11)
[Layer Freezing] Trainable params: 28,384,555 / 108,924,715 (26.1%)
[Layer Freezing] Training last 4 transformer layers (layers 8-11)
[Layer Freezing] Trainable params: 28,384,555 / 108,924,715 (26.1%)
[Layer Freezing] Training last 4 transformer layers (layers 8-11)
[Layer Freezing] Trainable params: 28,384,555 / 108,924,715 (26.1%)
[Layer Freezing] Training last 4 transformer layers (layers 8-11)
[Layer Freezing] Trainable params: 28,384,555 / 108,924,715 (26.1%)
[Layer Freezing] Training last 4 transformer layers (layers 8-11)
[Layer Freezing] Trainable params: 28,384,555 / 108,924,715 (26.1%)
[Round 10] T=4.42  α_ce=0.95  α_kd=0.05
 Round 10 | F1 0.1614 | P 0.5701 | R 0.0940 | Time 45.1s | Comm N/A | Local Avg F1: 0.1153

=== Round 11/50 ===
[Round 11] KD=ON | policy=ema_first
[Layer Freezing] Training last 4 transformer layers (layers 8-11)
[Layer Freezing] Trainable params: 28,384,555 / 108,924,715 (26.1%)
[Layer Freezing] Training last 4 transformer layers (layers 8-11)
[Layer Freezing] Trainable params: 28,384,555 / 108,924,715 (26.1%)
[Layer Freezing] Training last 4 transformer layers (layers 8-11)
[Layer Freezing] Trainable params: 28,384,555 / 108,924,715 (26.1%)
[Layer Freezing] Training last 4 transformer layers (layers 8-11)
[Layer Freezing] Trainable params: 28,384,555 / 108,924,715 (26.1%)
[Layer Freezing] Training last 4 transformer layers (layers 8-11)
[Layer Freezing] Trainable params: 28,384,555 / 108,924,715 (26.1%)
[Layer Freezing] Training last 4 transformer layers (layers 8-11)
[Layer Freezing] Trainable params: 28,384,555 / 108,924,715 (26.1%)
[Layer Freezing] Training last 4 transformer layers (layers 8-11)
[Layer Freezing] Trainable params: 28,384,555 / 108,924,715 (26.1%)
[Layer Freezing] Training last 4 transformer layers (layers 8-11)
[Layer Freezing] Trainable params: 28,384,555 / 108,924,715 (26.1%)
[Layer Freezing] Training last 4 transformer layers (layers 8-11)
[Layer Freezing] Trainable params: 28,384,555 / 108,924,715 (26.1%)
[Layer Freezing] Training last 4 transformer layers (layers 8-11)
[Layer Freezing] Trainable params: 28,384,555 / 108,924,715 (26.1%)
[Round 11] T=4.34  α_ce=0.94  α_kd=0.06
 Round 11 | F1 0.1949 | P 0.5501 | R 0.1184 | Time 44.0s | Comm N/A | Local Avg F1: 0.1429

=== Round 12/50 ===
[Round 12] KD=ON | policy=ema_first
[Layer Freezing] Training last 4 transformer layers (layers 8-11)
[Layer Freezing] Trainable params: 28,384,555 / 108,924,715 (26.1%)
[Layer Freezing] Training last 4 transformer layers (layers 8-11)
[Layer Freezing] Trainable params: 28,384,555 / 108,924,715 (26.1%)
[Layer Freezing] Training last 4 transformer layers (layers 8-11)
[Layer Freezing] Trainable params: 28,384,555 / 108,924,715 (26.1%)
[Layer Freezing] Training last 4 transformer layers (layers 8-11)
[Layer Freezing] Trainable params: 28,384,555 / 108,924,715 (26.1%)
[Layer Freezing] Training last 4 transformer layers (layers 8-11)
[Layer Freezing] Trainable params: 28,384,555 / 108,924,715 (26.1%)
[Layer Freezing] Training last 4 transformer layers (layers 8-11)
[Layer Freezing] Trainable params: 28,384,555 / 108,924,715 (26.1%)
[Layer Freezing] Training last 4 transformer layers (layers 8-11)
[Layer Freezing] Trainable params: 28,384,555 / 108,924,715 (26.1%)
[Layer Freezing] Training last 4 transformer layers (layers 8-11)
[Layer Freezing] Trainable params: 28,384,555 / 108,924,715 (26.1%)
[Layer Freezing] Training last 4 transformer layers (layers 8-11)
[Layer Freezing] Trainable params: 28,384,555 / 108,924,715 (26.1%)
[Layer Freezing] Training last 4 transformer layers (layers 8-11)
[Layer Freezing] Trainable params: 28,384,555 / 108,924,715 (26.1%)
[Round 12] T=4.27  α_ce=0.94  α_kd=0.06
 Round 12 | F1 0.2249 | P 0.5351 | R 0.1424 | Time 44.3s | Comm N/A | Local Avg F1: 0.1788

=== Round 13/50 ===
[Round 13] KD=ON | policy=ema_first
[Layer Freezing] Training last 4 transformer layers (layers 8-11)
[Layer Freezing] Trainable params: 28,384,555 / 108,924,715 (26.1%)
[Layer Freezing] Training last 4 transformer layers (layers 8-11)
[Layer Freezing] Trainable params: 28,384,555 / 108,924,715 (26.1%)
[Layer Freezing] Training last 4 transformer layers (layers 8-11)
[Layer Freezing] Trainable params: 28,384,555 / 108,924,715 (26.1%)
[Layer Freezing] Training last 4 transformer layers (layers 8-11)
[Layer Freezing] Trainable params: 28,384,555 / 108,924,715 (26.1%)
[Layer Freezing] Training last 4 transformer layers (layers 8-11)
[Layer Freezing] Trainable params: 28,384,555 / 108,924,715 (26.1%)
[Layer Freezing] Training last 4 transformer layers (layers 8-11)
[Layer Freezing] Trainable params: 28,384,555 / 108,924,715 (26.1%)
[Layer Freezing] Training last 4 transformer layers (layers 8-11)
[Layer Freezing] Trainable params: 28,384,555 / 108,924,715 (26.1%)
[Layer Freezing] Training last 4 transformer layers (layers 8-11)
[Layer Freezing] Trainable params: 28,384,555 / 108,924,715 (26.1%)
[Layer Freezing] Training last 4 transformer layers (layers 8-11)
[Layer Freezing] Trainable params: 28,384,555 / 108,924,715 (26.1%)
[Layer Freezing] Training last 4 transformer layers (layers 8-11)
[Layer Freezing] Trainable params: 28,384,555 / 108,924,715 (26.1%)
[Round 13] T=4.20  α_ce=0.93  α_kd=0.07
 Round 13 | F1 0.2304 | P 0.5580 | R 0.1452 | Time 44.8s | Comm N/A | Local Avg F1: 0.1796

=== Round 14/50 ===
[Round 14] KD=ON | policy=ema_first
[Layer Freezing] Training last 4 transformer layers (layers 8-11)
[Layer Freezing] Trainable params: 28,384,555 / 108,924,715 (26.1%)
[Layer Freezing] Training last 4 transformer layers (layers 8-11)
[Layer Freezing] Trainable params: 28,384,555 / 108,924,715 (26.1%)
[Layer Freezing] Training last 4 transformer layers (layers 8-11)
[Layer Freezing] Trainable params: 28,384,555 / 108,924,715 (26.1%)
[Layer Freezing] Training last 4 transformer layers (layers 8-11)
[Layer Freezing] Trainable params: 28,384,555 / 108,924,715 (26.1%)
[Layer Freezing] Training last 4 transformer layers (layers 8-11)
[Layer Freezing] Trainable params: 28,384,555 / 108,924,715 (26.1%)
[Layer Freezing] Training last 4 transformer layers (layers 8-11)
[Layer Freezing] Trainable params: 28,384,555 / 108,924,715 (26.1%)
[Layer Freezing] Training last 4 transformer layers (layers 8-11)
[Layer Freezing] Trainable params: 28,384,555 / 108,924,715 (26.1%)
[Layer Freezing] Training last 4 transformer layers (layers 8-11)
[Layer Freezing] Trainable params: 28,384,555 / 108,924,715 (26.1%)
[Layer Freezing] Training last 4 transformer layers (layers 8-11)
[Layer Freezing] Trainable params: 28,384,555 / 108,924,715 (26.1%)
[Layer Freezing] Training last 4 transformer layers (layers 8-11)
[Layer Freezing] Trainable params: 28,384,555 / 108,924,715 (26.1%)
[Round 14] T=4.12  α_ce=0.93  α_kd=0.07
 Round 14 | F1 0.2673 | P 0.5456 | R 0.1771 | Time 44.2s | Comm N/A | Local Avg F1: 0.2094

=== Round 15/50 ===
[Round 15] KD=ON | policy=ema_first
[Layer Freezing] Training last 4 transformer layers (layers 8-11)
[Layer Freezing] Trainable params: 28,384,555 / 108,924,715 (26.1%)
[Layer Freezing] Training last 4 transformer layers (layers 8-11)
[Layer Freezing] Trainable params: 28,384,555 / 108,924,715 (26.1%)
[Layer Freezing] Training last 4 transformer layers (layers 8-11)
[Layer Freezing] Trainable params: 28,384,555 / 108,924,715 (26.1%)
[Layer Freezing] Training last 4 transformer layers (layers 8-11)
[Layer Freezing] Trainable params: 28,384,555 / 108,924,715 (26.1%)
[Layer Freezing] Training last 4 transformer layers (layers 8-11)
[Layer Freezing] Trainable params: 28,384,555 / 108,924,715 (26.1%)
[Layer Freezing] Training last 4 transformer layers (layers 8-11)
[Layer Freezing] Trainable params: 28,384,555 / 108,924,715 (26.1%)
[Layer Freezing] Training last 4 transformer layers (layers 8-11)
[Layer Freezing] Trainable params: 28,384,555 / 108,924,715 (26.1%)
[Layer Freezing] Training last 4 transformer layers (layers 8-11)
[Layer Freezing] Trainable params: 28,384,555 / 108,924,715 (26.1%)
[Layer Freezing] Training last 4 transformer layers (layers 8-11)
[Layer Freezing] Trainable params: 28,384,555 / 108,924,715 (26.1%)
[Layer Freezing] Training last 4 transformer layers (layers 8-11)
[Layer Freezing] Trainable params: 28,384,555 / 108,924,715 (26.1%)
[Round 15] T=4.05  α_ce=0.92  α_kd=0.08
 Round 15 | F1 0.2635 | P 0.5577 | R 0.1725 | Time 44.0s | Comm N/A | Local Avg F1: 0.2011

=== Round 16/50 ===
[Round 16] KD=ON | policy=ema_first
[Layer Freezing] Training last 4 transformer layers (layers 8-11)
[Layer Freezing] Trainable params: 28,384,555 / 108,924,715 (26.1%)
[Layer Freezing] Training last 4 transformer layers (layers 8-11)
[Layer Freezing] Trainable params: 28,384,555 / 108,924,715 (26.1%)
[Layer Freezing] Training last 4 transformer layers (layers 8-11)
[Layer Freezing] Trainable params: 28,384,555 / 108,924,715 (26.1%)
[Layer Freezing] Training last 4 transformer layers (layers 8-11)
[Layer Freezing] Trainable params: 28,384,555 / 108,924,715 (26.1%)
[Layer Freezing] Training last 4 transformer layers (layers 8-11)
[Layer Freezing] Trainable params: 28,384,555 / 108,924,715 (26.1%)
[Layer Freezing] Training last 4 transformer layers (layers 8-11)
[Layer Freezing] Trainable params: 28,384,555 / 108,924,715 (26.1%)
[Layer Freezing] Training last 4 transformer layers (layers 8-11)
[Layer Freezing] Trainable params: 28,384,555 / 108,924,715 (26.1%)
[Layer Freezing] Training last 4 transformer layers (layers 8-11)
[Layer Freezing] Trainable params: 28,384,555 / 108,924,715 (26.1%)
[Layer Freezing] Training last 4 transformer layers (layers 8-11)
[Layer Freezing] Trainable params: 28,384,555 / 108,924,715 (26.1%)
[Layer Freezing] Training last 4 transformer layers (layers 8-11)
[Layer Freezing] Trainable params: 28,384,555 / 108,924,715 (26.1%)
[Round 16] T=3.98  α_ce=0.91  α_kd=0.09
 Round 16 | F1 0.3190 | P 0.5330 | R 0.2276 | Time 43.6s | Comm N/A | Local Avg F1: 0.2535

=== Round 17/50 ===
[Round 17] KD=ON | policy=ema_first
[Layer Freezing] Training last 4 transformer layers (layers 8-11)
[Layer Freezing] Trainable params: 28,384,555 / 108,924,715 (26.1%)
[Layer Freezing] Training last 4 transformer layers (layers 8-11)
[Layer Freezing] Trainable params: 28,384,555 / 108,924,715 (26.1%)
[Layer Freezing] Training last 4 transformer layers (layers 8-11)
[Layer Freezing] Trainable params: 28,384,555 / 108,924,715 (26.1%)
[Layer Freezing] Training last 4 transformer layers (layers 8-11)
[Layer Freezing] Trainable params: 28,384,555 / 108,924,715 (26.1%)
[Layer Freezing] Training last 4 transformer layers (layers 8-11)
[Layer Freezing] Trainable params: 28,384,555 / 108,924,715 (26.1%)
[Layer Freezing] Training last 4 transformer layers (layers 8-11)
[Layer Freezing] Trainable params: 28,384,555 / 108,924,715 (26.1%)
[Layer Freezing] Training last 4 transformer layers (layers 8-11)
[Layer Freezing] Trainable params: 28,384,555 / 108,924,715 (26.1%)
[Layer Freezing] Training last 4 transformer layers (layers 8-11)
[Layer Freezing] Trainable params: 28,384,555 / 108,924,715 (26.1%)
[Layer Freezing] Training last 4 transformer layers (layers 8-11)
[Layer Freezing] Trainable params: 28,384,555 / 108,924,715 (26.1%)
[Layer Freezing] Training last 4 transformer layers (layers 8-11)
[Layer Freezing] Trainable params: 28,384,555 / 108,924,715 (26.1%)
[Round 17] T=3.91  α_ce=0.91  α_kd=0.09
 Round 17 | F1 0.3173 | P 0.5548 | R 0.2222 | Time 43.8s | Comm N/A | Local Avg F1: 0.2464

=== Round 18/50 ===
[Round 18] KD=ON | policy=ema_first
[Layer Freezing] Training last 4 transformer layers (layers 8-11)
[Layer Freezing] Trainable params: 28,384,555 / 108,924,715 (26.1%)
[Layer Freezing] Training last 4 transformer layers (layers 8-11)
[Layer Freezing] Trainable params: 28,384,555 / 108,924,715 (26.1%)
[Layer Freezing] Training last 4 transformer layers (layers 8-11)
[Layer Freezing] Trainable params: 28,384,555 / 108,924,715 (26.1%)
[Layer Freezing] Training last 4 transformer layers (layers 8-11)
[Layer Freezing] Trainable params: 28,384,555 / 108,924,715 (26.1%)
[Layer Freezing] Training last 4 transformer layers (layers 8-11)
[Layer Freezing] Trainable params: 28,384,555 / 108,924,715 (26.1%)
[Layer Freezing] Training last 4 transformer layers (layers 8-11)
[Layer Freezing] Trainable params: 28,384,555 / 108,924,715 (26.1%)
[Layer Freezing] Training last 4 transformer layers (layers 8-11)
[Layer Freezing] Trainable params: 28,384,555 / 108,924,715 (26.1%)
[Layer Freezing] Training last 4 transformer layers (layers 8-11)
[Layer Freezing] Trainable params: 28,384,555 / 108,924,715 (26.1%)
[Layer Freezing] Training last 4 transformer layers (layers 8-11)
[Layer Freezing] Trainable params: 28,384,555 / 108,924,715 (26.1%)
[Layer Freezing] Training last 4 transformer layers (layers 8-11)
[Layer Freezing] Trainable params: 28,384,555 / 108,924,715 (26.1%)
[Round 18] T=3.83  α_ce=0.90  α_kd=0.10
 Round 18 | F1 0.3361 | P 0.5624 | R 0.2396 | Time 44.2s | Comm N/A | Local Avg F1: 0.2699

=== Round 19/50 ===
[Round 19] KD=ON | policy=ema_first
[Layer Freezing] Training last 4 transformer layers (layers 8-11)
[Layer Freezing] Trainable params: 28,384,555 / 108,924,715 (26.1%)
[Layer Freezing] Training last 4 transformer layers (layers 8-11)
[Layer Freezing] Trainable params: 28,384,555 / 108,924,715 (26.1%)
[Layer Freezing] Training last 4 transformer layers (layers 8-11)
[Layer Freezing] Trainable params: 28,384,555 / 108,924,715 (26.1%)
[Layer Freezing] Training last 4 transformer layers (layers 8-11)
[Layer Freezing] Trainable params: 28,384,555 / 108,924,715 (26.1%)
[Layer Freezing] Training last 4 transformer layers (layers 8-11)
[Layer Freezing] Trainable params: 28,384,555 / 108,924,715 (26.1%)
[Layer Freezing] Training last 4 transformer layers (layers 8-11)
[Layer Freezing] Trainable params: 28,384,555 / 108,924,715 (26.1%)
[Layer Freezing] Training last 4 transformer layers (layers 8-11)
[Layer Freezing] Trainable params: 28,384,555 / 108,924,715 (26.1%)
[Layer Freezing] Training last 4 transformer layers (layers 8-11)
[Layer Freezing] Trainable params: 28,384,555 / 108,924,715 (26.1%)
[Layer Freezing] Training last 4 transformer layers (layers 8-11)
[Layer Freezing] Trainable params: 28,384,555 / 108,924,715 (26.1%)
[Layer Freezing] Training last 4 transformer layers (layers 8-11)
[Layer Freezing] Trainable params: 28,384,555 / 108,924,715 (26.1%)
[Round 19] T=3.76  α_ce=0.89  α_kd=0.11
 Round 19 | F1 0.3315 | P 0.5674 | R 0.2341 | Time 43.5s | Comm N/A | Local Avg F1: 0.2697

=== Round 20/50 ===
[Round 20] KD=ON | policy=ema_first
[Layer Freezing] Training last 4 transformer layers (layers 8-11)
[Layer Freezing] Trainable params: 28,384,555 / 108,924,715 (26.1%)
[Layer Freezing] Training last 4 transformer layers (layers 8-11)
[Layer Freezing] Trainable params: 28,384,555 / 108,924,715 (26.1%)
[Layer Freezing] Training last 4 transformer layers (layers 8-11)
[Layer Freezing] Trainable params: 28,384,555 / 108,924,715 (26.1%)
[Layer Freezing] Training last 4 transformer layers (layers 8-11)
[Layer Freezing] Trainable params: 28,384,555 / 108,924,715 (26.1%)
[Layer Freezing] Training last 4 transformer layers (layers 8-11)
[Layer Freezing] Trainable params: 28,384,555 / 108,924,715 (26.1%)
[Layer Freezing] Training last 4 transformer layers (layers 8-11)
[Layer Freezing] Trainable params: 28,384,555 / 108,924,715 (26.1%)
[Layer Freezing] Training last 4 transformer layers (layers 8-11)
[Layer Freezing] Trainable params: 28,384,555 / 108,924,715 (26.1%)
[Layer Freezing] Training last 4 transformer layers (layers 8-11)
[Layer Freezing] Trainable params: 28,384,555 / 108,924,715 (26.1%)
[Layer Freezing] Training last 4 transformer layers (layers 8-11)
[Layer Freezing] Trainable params: 28,384,555 / 108,924,715 (26.1%)
[Layer Freezing] Training last 4 transformer layers (layers 8-11)
[Layer Freezing] Trainable params: 28,384,555 / 108,924,715 (26.1%)
[Round 20] T=3.69  α_ce=0.89  α_kd=0.11
 Round 20 | F1 0.3660 | P 0.5430 | R 0.2760 | Time 44.6s | Comm N/A | Local Avg F1: 0.2989

=== Round 21/50 ===
[Round 21] KD=ON | policy=ema_first
[Layer Freezing] Training last 4 transformer layers (layers 8-11)
[Layer Freezing] Trainable params: 28,384,555 / 108,924,715 (26.1%)
[Layer Freezing] Training last 4 transformer layers (layers 8-11)
[Layer Freezing] Trainable params: 28,384,555 / 108,924,715 (26.1%)
[Layer Freezing] Training last 4 transformer layers (layers 8-11)
[Layer Freezing] Trainable params: 28,384,555 / 108,924,715 (26.1%)
[Layer Freezing] Training last 4 transformer layers (layers 8-11)
[Layer Freezing] Trainable params: 28,384,555 / 108,924,715 (26.1%)
[Layer Freezing] Training last 4 transformer layers (layers 8-11)
[Layer Freezing] Trainable params: 28,384,555 / 108,924,715 (26.1%)
[Layer Freezing] Training last 4 transformer layers (layers 8-11)
[Layer Freezing] Trainable params: 28,384,555 / 108,924,715 (26.1%)
[Layer Freezing] Training last 4 transformer layers (layers 8-11)
[Layer Freezing] Trainable params: 28,384,555 / 108,924,715 (26.1%)
[Layer Freezing] Training last 4 transformer layers (layers 8-11)
[Layer Freezing] Trainable params: 28,384,555 / 108,924,715 (26.1%)
[Layer Freezing] Training last 4 transformer layers (layers 8-11)
[Layer Freezing] Trainable params: 28,384,555 / 108,924,715 (26.1%)
[Layer Freezing] Training last 4 transformer layers (layers 8-11)
[Layer Freezing] Trainable params: 28,384,555 / 108,924,715 (26.1%)
[Round 21] T=3.61  α_ce=0.88  α_kd=0.12
 Round 21 | F1 0.3669 | P 0.5635 | R 0.2720 | Time 44.3s | Comm N/A | Local Avg F1: 0.3022

=== Round 22/50 ===
[Round 22] KD=ON | policy=ema_first
[Layer Freezing] Training last 4 transformer layers (layers 8-11)
[Layer Freezing] Trainable params: 28,384,555 / 108,924,715 (26.1%)
[Layer Freezing] Training last 4 transformer layers (layers 8-11)
[Layer Freezing] Trainable params: 28,384,555 / 108,924,715 (26.1%)
[Layer Freezing] Training last 4 transformer layers (layers 8-11)
[Layer Freezing] Trainable params: 28,384,555 / 108,924,715 (26.1%)
[Layer Freezing] Training last 4 transformer layers (layers 8-11)
[Layer Freezing] Trainable params: 28,384,555 / 108,924,715 (26.1%)
[Layer Freezing] Training last 4 transformer layers (layers 8-11)
[Layer Freezing] Trainable params: 28,384,555 / 108,924,715 (26.1%)
[Layer Freezing] Training last 4 transformer layers (layers 8-11)
[Layer Freezing] Trainable params: 28,384,555 / 108,924,715 (26.1%)
[Layer Freezing] Training last 4 transformer layers (layers 8-11)
[Layer Freezing] Trainable params: 28,384,555 / 108,924,715 (26.1%)
[Layer Freezing] Training last 4 transformer layers (layers 8-11)
[Layer Freezing] Trainable params: 28,384,555 / 108,924,715 (26.1%)
[Layer Freezing] Training last 4 transformer layers (layers 8-11)
[Layer Freezing] Trainable params: 28,384,555 / 108,924,715 (26.1%)
[Layer Freezing] Training last 4 transformer layers (layers 8-11)
[Layer Freezing] Trainable params: 28,384,555 / 108,924,715 (26.1%)
[Round 22] T=3.54  α_ce=0.88  α_kd=0.12
 Round 22 | F1 0.3982 | P 0.5445 | R 0.3139 | Time 44.5s | Comm N/A | Local Avg F1: 0.3228

=== Round 23/50 ===
[Round 23] KD=ON | policy=ema_first
[Layer Freezing] Training last 4 transformer layers (layers 8-11)
[Layer Freezing] Trainable params: 28,384,555 / 108,924,715 (26.1%)
[Layer Freezing] Training last 4 transformer layers (layers 8-11)
[Layer Freezing] Trainable params: 28,384,555 / 108,924,715 (26.1%)
[Layer Freezing] Training last 4 transformer layers (layers 8-11)
[Layer Freezing] Trainable params: 28,384,555 / 108,924,715 (26.1%)
[Layer Freezing] Training last 4 transformer layers (layers 8-11)
[Layer Freezing] Trainable params: 28,384,555 / 108,924,715 (26.1%)
[Layer Freezing] Training last 4 transformer layers (layers 8-11)
[Layer Freezing] Trainable params: 28,384,555 / 108,924,715 (26.1%)
[Layer Freezing] Training last 4 transformer layers (layers 8-11)
[Layer Freezing] Trainable params: 28,384,555 / 108,924,715 (26.1%)
[Layer Freezing] Training last 4 transformer layers (layers 8-11)
[Layer Freezing] Trainable params: 28,384,555 / 108,924,715 (26.1%)
[Layer Freezing] Training last 4 transformer layers (layers 8-11)
[Layer Freezing] Trainable params: 28,384,555 / 108,924,715 (26.1%)
[Layer Freezing] Training last 4 transformer layers (layers 8-11)
[Layer Freezing] Trainable params: 28,384,555 / 108,924,715 (26.1%)
[Layer Freezing] Training last 4 transformer layers (layers 8-11)
[Layer Freezing] Trainable params: 28,384,555 / 108,924,715 (26.1%)
[Round 23] T=3.47  α_ce=0.87  α_kd=0.13
 Round 23 | F1 0.3841 | P 0.5667 | R 0.2905 | Time 44.0s | Comm N/A | Local Avg F1: 0.3211

=== Round 24/50 ===
[Round 24] KD=ON | policy=ema_first
[Layer Freezing] Training last 4 transformer layers (layers 8-11)
[Layer Freezing] Trainable params: 28,384,555 / 108,924,715 (26.1%)
[Layer Freezing] Training last 4 transformer layers (layers 8-11)
[Layer Freezing] Trainable params: 28,384,555 / 108,924,715 (26.1%)
[Layer Freezing] Training last 4 transformer layers (layers 8-11)
[Layer Freezing] Trainable params: 28,384,555 / 108,924,715 (26.1%)
[Layer Freezing] Training last 4 transformer layers (layers 8-11)
[Layer Freezing] Trainable params: 28,384,555 / 108,924,715 (26.1%)
[Layer Freezing] Training last 4 transformer layers (layers 8-11)
[Layer Freezing] Trainable params: 28,384,555 / 108,924,715 (26.1%)
[Layer Freezing] Training last 4 transformer layers (layers 8-11)
[Layer Freezing] Trainable params: 28,384,555 / 108,924,715 (26.1%)
[Layer Freezing] Training last 4 transformer layers (layers 8-11)
[Layer Freezing] Trainable params: 28,384,555 / 108,924,715 (26.1%)
[Layer Freezing] Training last 4 transformer layers (layers 8-11)
[Layer Freezing] Trainable params: 28,384,555 / 108,924,715 (26.1%)
[Layer Freezing] Training last 4 transformer layers (layers 8-11)
[Layer Freezing] Trainable params: 28,384,555 / 108,924,715 (26.1%)
[Layer Freezing] Training last 4 transformer layers (layers 8-11)
[Layer Freezing] Trainable params: 28,384,555 / 108,924,715 (26.1%)
[Round 24] T=3.40  α_ce=0.86  α_kd=0.14
 Round 24 | F1 0.4011 | P 0.5550 | R 0.3141 | Time 44.4s | Comm N/A | Local Avg F1: 0.3337

=== Round 25/50 ===
[Round 25] KD=ON | policy=ema_first
[Layer Freezing] Training last 4 transformer layers (layers 8-11)
[Layer Freezing] Trainable params: 28,384,555 / 108,924,715 (26.1%)
[Layer Freezing] Training last 4 transformer layers (layers 8-11)
[Layer Freezing] Trainable params: 28,384,555 / 108,924,715 (26.1%)
[Layer Freezing] Training last 4 transformer layers (layers 8-11)
[Layer Freezing] Trainable params: 28,384,555 / 108,924,715 (26.1%)
[Layer Freezing] Training last 4 transformer layers (layers 8-11)
[Layer Freezing] Trainable params: 28,384,555 / 108,924,715 (26.1%)
[Layer Freezing] Training last 4 transformer layers (layers 8-11)
[Layer Freezing] Trainable params: 28,384,555 / 108,924,715 (26.1%)
[Layer Freezing] Training last 4 transformer layers (layers 8-11)
[Layer Freezing] Trainable params: 28,384,555 / 108,924,715 (26.1%)
[Layer Freezing] Training last 4 transformer layers (layers 8-11)
[Layer Freezing] Trainable params: 28,384,555 / 108,924,715 (26.1%)
[Layer Freezing] Training last 4 transformer layers (layers 8-11)
[Layer Freezing] Trainable params: 28,384,555 / 108,924,715 (26.1%)
[Layer Freezing] Training last 4 transformer layers (layers 8-11)
[Layer Freezing] Trainable params: 28,384,555 / 108,924,715 (26.1%)
[Layer Freezing] Training last 4 transformer layers (layers 8-11)
[Layer Freezing] Trainable params: 28,384,555 / 108,924,715 (26.1%)
[Round 25] T=3.32  α_ce=0.86  α_kd=0.14
 Round 25 | F1 0.4167 | P 0.5446 | R 0.3375 | Time 44.5s | Comm N/A | Local Avg F1: 0.3506

=== Round 26/50 ===
[Round 26] KD=ON | policy=ema_first
[Layer Freezing] Training last 4 transformer layers (layers 8-11)
[Layer Freezing] Trainable params: 28,384,555 / 108,924,715 (26.1%)
[Layer Freezing] Training last 4 transformer layers (layers 8-11)
[Layer Freezing] Trainable params: 28,384,555 / 108,924,715 (26.1%)
[Layer Freezing] Training last 4 transformer layers (layers 8-11)
[Layer Freezing] Trainable params: 28,384,555 / 108,924,715 (26.1%)
[Layer Freezing] Training last 4 transformer layers (layers 8-11)
[Layer Freezing] Trainable params: 28,384,555 / 108,924,715 (26.1%)
[Layer Freezing] Training last 4 transformer layers (layers 8-11)
[Layer Freezing] Trainable params: 28,384,555 / 108,924,715 (26.1%)
[Layer Freezing] Training last 4 transformer layers (layers 8-11)
[Layer Freezing] Trainable params: 28,384,555 / 108,924,715 (26.1%)
[Layer Freezing] Training last 4 transformer layers (layers 8-11)
[Layer Freezing] Trainable params: 28,384,555 / 108,924,715 (26.1%)
[Layer Freezing] Training last 4 transformer layers (layers 8-11)
[Layer Freezing] Trainable params: 28,384,555 / 108,924,715 (26.1%)
[Layer Freezing] Training last 4 transformer layers (layers 8-11)
[Layer Freezing] Trainable params: 28,384,555 / 108,924,715 (26.1%)
[Layer Freezing] Training last 4 transformer layers (layers 8-11)
[Layer Freezing] Trainable params: 28,384,555 / 108,924,715 (26.1%)
[Round 26] T=3.25  α_ce=0.85  α_kd=0.15
 Round 26 | F1 0.3956 | P 0.5766 | R 0.3011 | Time 43.7s | Comm N/A | Local Avg F1: 0.3405

=== Round 27/50 ===
[Round 27] KD=ON | policy=ema_first
[Layer Freezing] Training last 4 transformer layers (layers 8-11)
[Layer Freezing] Trainable params: 28,384,555 / 108,924,715 (26.1%)
[Layer Freezing] Training last 4 transformer layers (layers 8-11)
[Layer Freezing] Trainable params: 28,384,555 / 108,924,715 (26.1%)
[Layer Freezing] Training last 4 transformer layers (layers 8-11)
[Layer Freezing] Trainable params: 28,384,555 / 108,924,715 (26.1%)
[Layer Freezing] Training last 4 transformer layers (layers 8-11)
[Layer Freezing] Trainable params: 28,384,555 / 108,924,715 (26.1%)
[Layer Freezing] Training last 4 transformer layers (layers 8-11)
[Layer Freezing] Trainable params: 28,384,555 / 108,924,715 (26.1%)
[Layer Freezing] Training last 4 transformer layers (layers 8-11)
[Layer Freezing] Trainable params: 28,384,555 / 108,924,715 (26.1%)
[Layer Freezing] Training last 4 transformer layers (layers 8-11)
[Layer Freezing] Trainable params: 28,384,555 / 108,924,715 (26.1%)
[Layer Freezing] Training last 4 transformer layers (layers 8-11)
[Layer Freezing] Trainable params: 28,384,555 / 108,924,715 (26.1%)
[Layer Freezing] Training last 4 transformer layers (layers 8-11)
[Layer Freezing] Trainable params: 28,384,555 / 108,924,715 (26.1%)
[Layer Freezing] Training last 4 transformer layers (layers 8-11)
[Layer Freezing] Trainable params: 28,384,555 / 108,924,715 (26.1%)
[Round 27] T=3.18  α_ce=0.84  α_kd=0.16
 Round 27 | F1 0.4148 | P 0.5713 | R 0.3256 | Time 44.7s | Comm N/A | Local Avg F1: 0.3513

=== Round 28/50 ===
[Round 28] KD=ON | policy=ema_first
[Layer Freezing] Training last 4 transformer layers (layers 8-11)
[Layer Freezing] Trainable params: 28,384,555 / 108,924,715 (26.1%)
[Layer Freezing] Training last 4 transformer layers (layers 8-11)
[Layer Freezing] Trainable params: 28,384,555 / 108,924,715 (26.1%)
[Layer Freezing] Training last 4 transformer layers (layers 8-11)
[Layer Freezing] Trainable params: 28,384,555 / 108,924,715 (26.1%)
[Layer Freezing] Training last 4 transformer layers (layers 8-11)
[Layer Freezing] Trainable params: 28,384,555 / 108,924,715 (26.1%)
[Layer Freezing] Training last 4 transformer layers (layers 8-11)
[Layer Freezing] Trainable params: 28,384,555 / 108,924,715 (26.1%)
[Layer Freezing] Training last 4 transformer layers (layers 8-11)
[Layer Freezing] Trainable params: 28,384,555 / 108,924,715 (26.1%)
[Layer Freezing] Training last 4 transformer layers (layers 8-11)
[Layer Freezing] Trainable params: 28,384,555 / 108,924,715 (26.1%)
[Layer Freezing] Training last 4 transformer layers (layers 8-11)
[Layer Freezing] Trainable params: 28,384,555 / 108,924,715 (26.1%)
[Layer Freezing] Training last 4 transformer layers (layers 8-11)
[Layer Freezing] Trainable params: 28,384,555 / 108,924,715 (26.1%)
[Layer Freezing] Training last 4 transformer layers (layers 8-11)
[Layer Freezing] Trainable params: 28,384,555 / 108,924,715 (26.1%)
[Round 28] T=3.10  α_ce=0.84  α_kd=0.16
 Round 28 | F1 0.4130 | P 0.5796 | R 0.3208 | Time 44.2s | Comm N/A | Local Avg F1: 0.3537

=== Round 29/50 ===
[Round 29] KD=ON | policy=ema_first
[Layer Freezing] Training last 4 transformer layers (layers 8-11)
[Layer Freezing] Trainable params: 28,384,555 / 108,924,715 (26.1%)
[Layer Freezing] Training last 4 transformer layers (layers 8-11)
[Layer Freezing] Trainable params: 28,384,555 / 108,924,715 (26.1%)
[Layer Freezing] Training last 4 transformer layers (layers 8-11)
[Layer Freezing] Trainable params: 28,384,555 / 108,924,715 (26.1%)
[Layer Freezing] Training last 4 transformer layers (layers 8-11)
[Layer Freezing] Trainable params: 28,384,555 / 108,924,715 (26.1%)
[Layer Freezing] Training last 4 transformer layers (layers 8-11)
[Layer Freezing] Trainable params: 28,384,555 / 108,924,715 (26.1%)
[Layer Freezing] Training last 4 transformer layers (layers 8-11)
[Layer Freezing] Trainable params: 28,384,555 / 108,924,715 (26.1%)
[Layer Freezing] Training last 4 transformer layers (layers 8-11)
[Layer Freezing] Trainable params: 28,384,555 / 108,924,715 (26.1%)
[Layer Freezing] Training last 4 transformer layers (layers 8-11)
[Layer Freezing] Trainable params: 28,384,555 / 108,924,715 (26.1%)
[Layer Freezing] Training last 4 transformer layers (layers 8-11)
[Layer Freezing] Trainable params: 28,384,555 / 108,924,715 (26.1%)
[Layer Freezing] Training last 4 transformer layers (layers 8-11)
[Layer Freezing] Trainable params: 28,384,555 / 108,924,715 (26.1%)
[Round 29] T=3.03  α_ce=0.83  α_kd=0.17
 Round 29 | F1 0.4283 | P 0.5746 | R 0.3414 | Time 44.0s | Comm N/A | Local Avg F1: 0.3579

=== Round 30/50 ===
[Round 30] KD=ON | policy=ema_first
[Layer Freezing] Training last 4 transformer layers (layers 8-11)
[Layer Freezing] Trainable params: 28,384,555 / 108,924,715 (26.1%)
[Layer Freezing] Training last 4 transformer layers (layers 8-11)
[Layer Freezing] Trainable params: 28,384,555 / 108,924,715 (26.1%)
[Layer Freezing] Training last 4 transformer layers (layers 8-11)
[Layer Freezing] Trainable params: 28,384,555 / 108,924,715 (26.1%)
[Layer Freezing] Training last 4 transformer layers (layers 8-11)
[Layer Freezing] Trainable params: 28,384,555 / 108,924,715 (26.1%)
[Layer Freezing] Training last 4 transformer layers (layers 8-11)
[Layer Freezing] Trainable params: 28,384,555 / 108,924,715 (26.1%)
[Layer Freezing] Training last 4 transformer layers (layers 8-11)
[Layer Freezing] Trainable params: 28,384,555 / 108,924,715 (26.1%)
[Layer Freezing] Training last 4 transformer layers (layers 8-11)
[Layer Freezing] Trainable params: 28,384,555 / 108,924,715 (26.1%)
[Layer Freezing] Training last 4 transformer layers (layers 8-11)
[Layer Freezing] Trainable params: 28,384,555 / 108,924,715 (26.1%)
[Layer Freezing] Training last 4 transformer layers (layers 8-11)
[Layer Freezing] Trainable params: 28,384,555 / 108,924,715 (26.1%)
[Layer Freezing] Training last 4 transformer layers (layers 8-11)
[Layer Freezing] Trainable params: 28,384,555 / 108,924,715 (26.1%)
[Round 30] T=2.96  α_ce=0.82  α_kd=0.18
 Round 30 | F1 0.4316 | P 0.5856 | R 0.3418 | Time 44.4s | Comm N/A | Local Avg F1: 0.3610

=== Round 31/50 ===
[Round 31] KD=ON | policy=ema_first
[Layer Freezing] Training last 4 transformer layers (layers 8-11)
[Layer Freezing] Trainable params: 28,384,555 / 108,924,715 (26.1%)
[Layer Freezing] Training last 4 transformer layers (layers 8-11)
[Layer Freezing] Trainable params: 28,384,555 / 108,924,715 (26.1%)
[Layer Freezing] Training last 4 transformer layers (layers 8-11)
[Layer Freezing] Trainable params: 28,384,555 / 108,924,715 (26.1%)
[Layer Freezing] Training last 4 transformer layers (layers 8-11)
[Layer Freezing] Trainable params: 28,384,555 / 108,924,715 (26.1%)
[Layer Freezing] Training last 4 transformer layers (layers 8-11)
[Layer Freezing] Trainable params: 28,384,555 / 108,924,715 (26.1%)
[Layer Freezing] Training last 4 transformer layers (layers 8-11)
[Layer Freezing] Trainable params: 28,384,555 / 108,924,715 (26.1%)
[Layer Freezing] Training last 4 transformer layers (layers 8-11)
[Layer Freezing] Trainable params: 28,384,555 / 108,924,715 (26.1%)
[Layer Freezing] Training last 4 transformer layers (layers 8-11)
[Layer Freezing] Trainable params: 28,384,555 / 108,924,715 (26.1%)
[Layer Freezing] Training last 4 transformer layers (layers 8-11)
[Layer Freezing] Trainable params: 28,384,555 / 108,924,715 (26.1%)
[Layer Freezing] Training last 4 transformer layers (layers 8-11)
[Layer Freezing] Trainable params: 28,384,555 / 108,924,715 (26.1%)
[Round 31] T=2.89  α_ce=0.82  α_kd=0.18
 Round 31 | F1 0.4267 | P 0.5865 | R 0.3353 | Time 44.5s | Comm N/A | Local Avg F1: 0.3608

=== Round 32/50 ===
[Round 32] KD=ON | policy=ema_first
[Layer Freezing] Training last 4 transformer layers (layers 8-11)
[Layer Freezing] Trainable params: 28,384,555 / 108,924,715 (26.1%)
[Layer Freezing] Training last 4 transformer layers (layers 8-11)
[Layer Freezing] Trainable params: 28,384,555 / 108,924,715 (26.1%)
[Layer Freezing] Training last 4 transformer layers (layers 8-11)
[Layer Freezing] Trainable params: 28,384,555 / 108,924,715 (26.1%)
[Layer Freezing] Training last 4 transformer layers (layers 8-11)
[Layer Freezing] Trainable params: 28,384,555 / 108,924,715 (26.1%)
[Layer Freezing] Training last 4 transformer layers (layers 8-11)
[Layer Freezing] Trainable params: 28,384,555 / 108,924,715 (26.1%)
[Layer Freezing] Training last 4 transformer layers (layers 8-11)
[Layer Freezing] Trainable params: 28,384,555 / 108,924,715 (26.1%)
[Layer Freezing] Training last 4 transformer layers (layers 8-11)
[Layer Freezing] Trainable params: 28,384,555 / 108,924,715 (26.1%)
[Layer Freezing] Training last 4 transformer layers (layers 8-11)
[Layer Freezing] Trainable params: 28,384,555 / 108,924,715 (26.1%)
[Layer Freezing] Training last 4 transformer layers (layers 8-11)
[Layer Freezing] Trainable params: 28,384,555 / 108,924,715 (26.1%)
[Layer Freezing] Training last 4 transformer layers (layers 8-11)
[Layer Freezing] Trainable params: 28,384,555 / 108,924,715 (26.1%)
[Round 32] T=2.81  α_ce=0.81  α_kd=0.19
 Round 32 | F1 0.4350 | P 0.5868 | R 0.3456 | Time 45.0s | Comm N/A | Local Avg F1: 0.3664

=== Round 33/50 ===
[Round 33] KD=ON | policy=ema_first
[Layer Freezing] Training last 4 transformer layers (layers 8-11)
[Layer Freezing] Trainable params: 28,384,555 / 108,924,715 (26.1%)
[Layer Freezing] Training last 4 transformer layers (layers 8-11)
[Layer Freezing] Trainable params: 28,384,555 / 108,924,715 (26.1%)
[Layer Freezing] Training last 4 transformer layers (layers 8-11)
[Layer Freezing] Trainable params: 28,384,555 / 108,924,715 (26.1%)
[Layer Freezing] Training last 4 transformer layers (layers 8-11)
[Layer Freezing] Trainable params: 28,384,555 / 108,924,715 (26.1%)
[Layer Freezing] Training last 4 transformer layers (layers 8-11)
[Layer Freezing] Trainable params: 28,384,555 / 108,924,715 (26.1%)
[Layer Freezing] Training last 4 transformer layers (layers 8-11)
[Layer Freezing] Trainable params: 28,384,555 / 108,924,715 (26.1%)
[Layer Freezing] Training last 4 transformer layers (layers 8-11)
[Layer Freezing] Trainable params: 28,384,555 / 108,924,715 (26.1%)
[Layer Freezing] Training last 4 transformer layers (layers 8-11)
[Layer Freezing] Trainable params: 28,384,555 / 108,924,715 (26.1%)
[Layer Freezing] Training last 4 transformer layers (layers 8-11)
[Layer Freezing] Trainable params: 28,384,555 / 108,924,715 (26.1%)
[Layer Freezing] Training last 4 transformer layers (layers 8-11)
[Layer Freezing] Trainable params: 28,384,555 / 108,924,715 (26.1%)
[Round 33] T=2.74  α_ce=0.81  α_kd=0.19
 Round 33 | F1 0.4330 | P 0.5881 | R 0.3427 | Time 44.5s | Comm N/A | Local Avg F1: 0.3684

=== Round 34/50 ===
[Round 34] KD=ON | policy=ema_first
[Layer Freezing] Training last 4 transformer layers (layers 8-11)
[Layer Freezing] Trainable params: 28,384,555 / 108,924,715 (26.1%)
[Layer Freezing] Training last 4 transformer layers (layers 8-11)
[Layer Freezing] Trainable params: 28,384,555 / 108,924,715 (26.1%)
[Layer Freezing] Training last 4 transformer layers (layers 8-11)
[Layer Freezing] Trainable params: 28,384,555 / 108,924,715 (26.1%)
[Layer Freezing] Training last 4 transformer layers (layers 8-11)
[Layer Freezing] Trainable params: 28,384,555 / 108,924,715 (26.1%)
[Layer Freezing] Training last 4 transformer layers (layers 8-11)
[Layer Freezing] Trainable params: 28,384,555 / 108,924,715 (26.1%)
[Layer Freezing] Training last 4 transformer layers (layers 8-11)
[Layer Freezing] Trainable params: 28,384,555 / 108,924,715 (26.1%)
[Layer Freezing] Training last 4 transformer layers (layers 8-11)
[Layer Freezing] Trainable params: 28,384,555 / 108,924,715 (26.1%)
[Layer Freezing] Training last 4 transformer layers (layers 8-11)
[Layer Freezing] Trainable params: 28,384,555 / 108,924,715 (26.1%)
[Layer Freezing] Training last 4 transformer layers (layers 8-11)
[Layer Freezing] Trainable params: 28,384,555 / 108,924,715 (26.1%)
[Layer Freezing] Training last 4 transformer layers (layers 8-11)
[Layer Freezing] Trainable params: 28,384,555 / 108,924,715 (26.1%)
[Round 34] T=2.67  α_ce=0.80  α_kd=0.20
 Round 34 | F1 0.4547 | P 0.5732 | R 0.3768 | Time 43.7s | Comm N/A | Local Avg F1: 0.3824

=== Round 35/50 ===
[Round 35] KD=ON | policy=ema_first
[Layer Freezing] Training last 4 transformer layers (layers 8-11)
[Layer Freezing] Trainable params: 28,384,555 / 108,924,715 (26.1%)
[Layer Freezing] Training last 4 transformer layers (layers 8-11)
[Layer Freezing] Trainable params: 28,384,555 / 108,924,715 (26.1%)
[Layer Freezing] Training last 4 transformer layers (layers 8-11)
[Layer Freezing] Trainable params: 28,384,555 / 108,924,715 (26.1%)
[Layer Freezing] Training last 4 transformer layers (layers 8-11)
[Layer Freezing] Trainable params: 28,384,555 / 108,924,715 (26.1%)
[Layer Freezing] Training last 4 transformer layers (layers 8-11)
[Layer Freezing] Trainable params: 28,384,555 / 108,924,715 (26.1%)
[Layer Freezing] Training last 4 transformer layers (layers 8-11)
[Layer Freezing] Trainable params: 28,384,555 / 108,924,715 (26.1%)
[Layer Freezing] Training last 4 transformer layers (layers 8-11)
[Layer Freezing] Trainable params: 28,384,555 / 108,924,715 (26.1%)
[Layer Freezing] Training last 4 transformer layers (layers 8-11)
[Layer Freezing] Trainable params: 28,384,555 / 108,924,715 (26.1%)
[Layer Freezing] Training last 4 transformer layers (layers 8-11)
[Layer Freezing] Trainable params: 28,384,555 / 108,924,715 (26.1%)
[Layer Freezing] Training last 4 transformer layers (layers 8-11)
[Layer Freezing] Trainable params: 28,384,555 / 108,924,715 (26.1%)
[Round 35] T=2.59  α_ce=0.79  α_kd=0.21
 Round 35 | F1 0.4482 | P 0.5918 | R 0.3607 | Time 45.3s | Comm N/A | Local Avg F1: 0.3795

=== Round 36/50 ===
[Round 36] KD=ON | policy=ema_first
[Layer Freezing] Training last 4 transformer layers (layers 8-11)
[Layer Freezing] Trainable params: 28,384,555 / 108,924,715 (26.1%)
[Layer Freezing] Training last 4 transformer layers (layers 8-11)
[Layer Freezing] Trainable params: 28,384,555 / 108,924,715 (26.1%)
[Layer Freezing] Training last 4 transformer layers (layers 8-11)
[Layer Freezing] Trainable params: 28,384,555 / 108,924,715 (26.1%)
[Layer Freezing] Training last 4 transformer layers (layers 8-11)
[Layer Freezing] Trainable params: 28,384,555 / 108,924,715 (26.1%)
[Layer Freezing] Training last 4 transformer layers (layers 8-11)
[Layer Freezing] Trainable params: 28,384,555 / 108,924,715 (26.1%)
[Layer Freezing] Training last 4 transformer layers (layers 8-11)
[Layer Freezing] Trainable params: 28,384,555 / 108,924,715 (26.1%)
[Layer Freezing] Training last 4 transformer layers (layers 8-11)
[Layer Freezing] Trainable params: 28,384,555 / 108,924,715 (26.1%)
[Layer Freezing] Training last 4 transformer layers (layers 8-11)
[Layer Freezing] Trainable params: 28,384,555 / 108,924,715 (26.1%)
[Layer Freezing] Training last 4 transformer layers (layers 8-11)
[Layer Freezing] Trainable params: 28,384,555 / 108,924,715 (26.1%)
[Layer Freezing] Training last 4 transformer layers (layers 8-11)
[Layer Freezing] Trainable params: 28,384,555 / 108,924,715 (26.1%)
[Round 36] T=2.52  α_ce=0.79  α_kd=0.21
 Round 36 | F1 0.4526 | P 0.5889 | R 0.3675 | Time 44.6s | Comm N/A | Local Avg F1: 0.3857

=== Round 37/50 ===
[Round 37] KD=ON | policy=ema_first
[Layer Freezing] Training last 4 transformer layers (layers 8-11)
[Layer Freezing] Trainable params: 28,384,555 / 108,924,715 (26.1%)
[Layer Freezing] Training last 4 transformer layers (layers 8-11)
[Layer Freezing] Trainable params: 28,384,555 / 108,924,715 (26.1%)
[Layer Freezing] Training last 4 transformer layers (layers 8-11)
[Layer Freezing] Trainable params: 28,384,555 / 108,924,715 (26.1%)
[Layer Freezing] Training last 4 transformer layers (layers 8-11)
[Layer Freezing] Trainable params: 28,384,555 / 108,924,715 (26.1%)
[Layer Freezing] Training last 4 transformer layers (layers 8-11)
[Layer Freezing] Trainable params: 28,384,555 / 108,924,715 (26.1%)
[Layer Freezing] Training last 4 transformer layers (layers 8-11)
[Layer Freezing] Trainable params: 28,384,555 / 108,924,715 (26.1%)
[Layer Freezing] Training last 4 transformer layers (layers 8-11)
[Layer Freezing] Trainable params: 28,384,555 / 108,924,715 (26.1%)
[Layer Freezing] Training last 4 transformer layers (layers 8-11)
[Layer Freezing] Trainable params: 28,384,555 / 108,924,715 (26.1%)
[Layer Freezing] Training last 4 transformer layers (layers 8-11)
[Layer Freezing] Trainable params: 28,384,555 / 108,924,715 (26.1%)
[Layer Freezing] Training last 4 transformer layers (layers 8-11)
[Layer Freezing] Trainable params: 28,384,555 / 108,924,715 (26.1%)
[Round 37] T=2.45  α_ce=0.78  α_kd=0.22
 Round 37 | F1 0.4559 | P 0.5950 | R 0.3695 | Time 44.7s | Comm N/A | Local Avg F1: 0.3887

=== Round 38/50 ===
[Round 38] KD=ON | policy=ema_first
[Layer Freezing] Training last 4 transformer layers (layers 8-11)
[Layer Freezing] Trainable params: 28,384,555 / 108,924,715 (26.1%)
[Layer Freezing] Training last 4 transformer layers (layers 8-11)
[Layer Freezing] Trainable params: 28,384,555 / 108,924,715 (26.1%)
[Layer Freezing] Training last 4 transformer layers (layers 8-11)
[Layer Freezing] Trainable params: 28,384,555 / 108,924,715 (26.1%)
[Layer Freezing] Training last 4 transformer layers (layers 8-11)
[Layer Freezing] Trainable params: 28,384,555 / 108,924,715 (26.1%)
[Layer Freezing] Training last 4 transformer layers (layers 8-11)
[Layer Freezing] Trainable params: 28,384,555 / 108,924,715 (26.1%)
[Layer Freezing] Training last 4 transformer layers (layers 8-11)
[Layer Freezing] Trainable params: 28,384,555 / 108,924,715 (26.1%)
[Layer Freezing] Training last 4 transformer layers (layers 8-11)
[Layer Freezing] Trainable params: 28,384,555 / 108,924,715 (26.1%)
[Layer Freezing] Training last 4 transformer layers (layers 8-11)
[Layer Freezing] Trainable params: 28,384,555 / 108,924,715 (26.1%)
[Layer Freezing] Training last 4 transformer layers (layers 8-11)
[Layer Freezing] Trainable params: 28,384,555 / 108,924,715 (26.1%)
[Layer Freezing] Training last 4 transformer layers (layers 8-11)
[Layer Freezing] Trainable params: 28,384,555 / 108,924,715 (26.1%)
[Round 38] T=2.38  α_ce=0.77  α_kd=0.22
 Round 38 | F1 0.4585 | P 0.5933 | R 0.3736 | Time 44.0s | Comm N/A | Local Avg F1: 0.3900

=== Round 39/50 ===
[Round 39] KD=ON | policy=ema_first
[Layer Freezing] Training last 4 transformer layers (layers 8-11)
[Layer Freezing] Trainable params: 28,384,555 / 108,924,715 (26.1%)
[Layer Freezing] Training last 4 transformer layers (layers 8-11)
[Layer Freezing] Trainable params: 28,384,555 / 108,924,715 (26.1%)
[Layer Freezing] Training last 4 transformer layers (layers 8-11)
[Layer Freezing] Trainable params: 28,384,555 / 108,924,715 (26.1%)
[Layer Freezing] Training last 4 transformer layers (layers 8-11)
[Layer Freezing] Trainable params: 28,384,555 / 108,924,715 (26.1%)
[Layer Freezing] Training last 4 transformer layers (layers 8-11)
[Layer Freezing] Trainable params: 28,384,555 / 108,924,715 (26.1%)
[Layer Freezing] Training last 4 transformer layers (layers 8-11)
[Layer Freezing] Trainable params: 28,384,555 / 108,924,715 (26.1%)
[Layer Freezing] Training last 4 transformer layers (layers 8-11)
[Layer Freezing] Trainable params: 28,384,555 / 108,924,715 (26.1%)
[Layer Freezing] Training last 4 transformer layers (layers 8-11)
[Layer Freezing] Trainable params: 28,384,555 / 108,924,715 (26.1%)
[Layer Freezing] Training last 4 transformer layers (layers 8-11)
[Layer Freezing] Trainable params: 28,384,555 / 108,924,715 (26.1%)
[Layer Freezing] Training last 4 transformer layers (layers 8-11)
[Layer Freezing] Trainable params: 28,384,555 / 108,924,715 (26.1%)
[Round 39] T=2.30  α_ce=0.77  α_kd=0.23
 Round 39 | F1 0.4691 | P 0.5880 | R 0.3901 | Time 44.8s | Comm N/A | Local Avg F1: 0.3999

=== Round 40/50 ===
[Round 40] KD=ON | policy=ema_first
[Layer Freezing] Training last 4 transformer layers (layers 8-11)
[Layer Freezing] Trainable params: 28,384,555 / 108,924,715 (26.1%)
[Layer Freezing] Training last 4 transformer layers (layers 8-11)
[Layer Freezing] Trainable params: 28,384,555 / 108,924,715 (26.1%)
[Layer Freezing] Training last 4 transformer layers (layers 8-11)
[Layer Freezing] Trainable params: 28,384,555 / 108,924,715 (26.1%)
[Layer Freezing] Training last 4 transformer layers (layers 8-11)
[Layer Freezing] Trainable params: 28,384,555 / 108,924,715 (26.1%)
[Layer Freezing] Training last 4 transformer layers (layers 8-11)
[Layer Freezing] Trainable params: 28,384,555 / 108,924,715 (26.1%)
[Layer Freezing] Training last 4 transformer layers (layers 8-11)
[Layer Freezing] Trainable params: 28,384,555 / 108,924,715 (26.1%)
[Layer Freezing] Training last 4 transformer layers (layers 8-11)
[Layer Freezing] Trainable params: 28,384,555 / 108,924,715 (26.1%)
[Layer Freezing] Training last 4 transformer layers (layers 8-11)
[Layer Freezing] Trainable params: 28,384,555 / 108,924,715 (26.1%)
[Layer Freezing] Training last 4 transformer layers (layers 8-11)
[Layer Freezing] Trainable params: 28,384,555 / 108,924,715 (26.1%)
[Layer Freezing] Training last 4 transformer layers (layers 8-11)
[Layer Freezing] Trainable params: 28,384,555 / 108,924,715 (26.1%)
[Round 40] T=2.23  α_ce=0.76  α_kd=0.24
 Round 40 | F1 0.4642 | P 0.5965 | R 0.3800 | Time 44.5s | Comm N/A | Local Avg F1: 0.3944

=== Round 41/50 ===
[Round 41] KD=ON | policy=ema_first
[Layer Freezing] Training last 4 transformer layers (layers 8-11)
[Layer Freezing] Trainable params: 28,384,555 / 108,924,715 (26.1%)
[Layer Freezing] Training last 4 transformer layers (layers 8-11)
[Layer Freezing] Trainable params: 28,384,555 / 108,924,715 (26.1%)
[Layer Freezing] Training last 4 transformer layers (layers 8-11)
[Layer Freezing] Trainable params: 28,384,555 / 108,924,715 (26.1%)
[Layer Freezing] Training last 4 transformer layers (layers 8-11)
[Layer Freezing] Trainable params: 28,384,555 / 108,924,715 (26.1%)
[Layer Freezing] Training last 4 transformer layers (layers 8-11)
[Layer Freezing] Trainable params: 28,384,555 / 108,924,715 (26.1%)
[Layer Freezing] Training last 4 transformer layers (layers 8-11)
[Layer Freezing] Trainable params: 28,384,555 / 108,924,715 (26.1%)
[Layer Freezing] Training last 4 transformer layers (layers 8-11)
[Layer Freezing] Trainable params: 28,384,555 / 108,924,715 (26.1%)
[Layer Freezing] Training last 4 transformer layers (layers 8-11)
[Layer Freezing] Trainable params: 28,384,555 / 108,924,715 (26.1%)
[Layer Freezing] Training last 4 transformer layers (layers 8-11)
[Layer Freezing] Trainable params: 28,384,555 / 108,924,715 (26.1%)
[Layer Freezing] Training last 4 transformer layers (layers 8-11)
[Layer Freezing] Trainable params: 28,384,555 / 108,924,715 (26.1%)
[Round 41] T=2.16  α_ce=0.76  α_kd=0.24
 Round 41 | F1 0.4717 | P 0.5890 | R 0.3934 | Time 43.9s | Comm N/A | Local Avg F1: 0.3997

=== Round 42/50 ===
[Round 42] KD=ON | policy=ema_first
[Layer Freezing] Training last 4 transformer layers (layers 8-11)
[Layer Freezing] Trainable params: 28,384,555 / 108,924,715 (26.1%)
[Layer Freezing] Training last 4 transformer layers (layers 8-11)
[Layer Freezing] Trainable params: 28,384,555 / 108,924,715 (26.1%)
[Layer Freezing] Training last 4 transformer layers (layers 8-11)
[Layer Freezing] Trainable params: 28,384,555 / 108,924,715 (26.1%)
[Layer Freezing] Training last 4 transformer layers (layers 8-11)
[Layer Freezing] Trainable params: 28,384,555 / 108,924,715 (26.1%)
[Layer Freezing] Training last 4 transformer layers (layers 8-11)
[Layer Freezing] Trainable params: 28,384,555 / 108,924,715 (26.1%)
[Layer Freezing] Training last 4 transformer layers (layers 8-11)
[Layer Freezing] Trainable params: 28,384,555 / 108,924,715 (26.1%)
[Layer Freezing] Training last 4 transformer layers (layers 8-11)
[Layer Freezing] Trainable params: 28,384,555 / 108,924,715 (26.1%)
[Layer Freezing] Training last 4 transformer layers (layers 8-11)
[Layer Freezing] Trainable params: 28,384,555 / 108,924,715 (26.1%)
[Layer Freezing] Training last 4 transformer layers (layers 8-11)
[Layer Freezing] Trainable params: 28,384,555 / 108,924,715 (26.1%)
[Layer Freezing] Training last 4 transformer layers (layers 8-11)
[Layer Freezing] Trainable params: 28,384,555 / 108,924,715 (26.1%)
[Round 42] T=2.08  α_ce=0.75  α_kd=0.25
 Round 42 | F1 0.4752 | P 0.5993 | R 0.3937 | Time 44.4s | Comm N/A | Local Avg F1: 0.4005

=== Round 43/50 ===
[Round 43] KD=ON | policy=ema_first
[Layer Freezing] Training last 4 transformer layers (layers 8-11)
[Layer Freezing] Trainable params: 28,384,555 / 108,924,715 (26.1%)
[Layer Freezing] Training last 4 transformer layers (layers 8-11)
[Layer Freezing] Trainable params: 28,384,555 / 108,924,715 (26.1%)
[Layer Freezing] Training last 4 transformer layers (layers 8-11)
[Layer Freezing] Trainable params: 28,384,555 / 108,924,715 (26.1%)
[Layer Freezing] Training last 4 transformer layers (layers 8-11)
[Layer Freezing] Trainable params: 28,384,555 / 108,924,715 (26.1%)
[Layer Freezing] Training last 4 transformer layers (layers 8-11)
[Layer Freezing] Trainable params: 28,384,555 / 108,924,715 (26.1%)
[Layer Freezing] Training last 4 transformer layers (layers 8-11)
[Layer Freezing] Trainable params: 28,384,555 / 108,924,715 (26.1%)
[Layer Freezing] Training last 4 transformer layers (layers 8-11)
[Layer Freezing] Trainable params: 28,384,555 / 108,924,715 (26.1%)
[Layer Freezing] Training last 4 transformer layers (layers 8-11)
[Layer Freezing] Trainable params: 28,384,555 / 108,924,715 (26.1%)
[Layer Freezing] Training last 4 transformer layers (layers 8-11)
[Layer Freezing] Trainable params: 28,384,555 / 108,924,715 (26.1%)
[Layer Freezing] Training last 4 transformer layers (layers 8-11)
[Layer Freezing] Trainable params: 28,384,555 / 108,924,715 (26.1%)
[Round 43] T=2.01  α_ce=0.74  α_kd=0.26
 Round 43 | F1 0.4732 | P 0.6066 | R 0.3879 | Time 44.7s | Comm N/A | Local Avg F1: 0.3994

=== Round 44/50 ===
[Round 44] KD=ON | policy=ema_first
[Layer Freezing] Training last 4 transformer layers (layers 8-11)
[Layer Freezing] Trainable params: 28,384,555 / 108,924,715 (26.1%)
[Layer Freezing] Training last 4 transformer layers (layers 8-11)
[Layer Freezing] Trainable params: 28,384,555 / 108,924,715 (26.1%)
[Layer Freezing] Training last 4 transformer layers (layers 8-11)
[Layer Freezing] Trainable params: 28,384,555 / 108,924,715 (26.1%)
[Layer Freezing] Training last 4 transformer layers (layers 8-11)
[Layer Freezing] Trainable params: 28,384,555 / 108,924,715 (26.1%)
[Layer Freezing] Training last 4 transformer layers (layers 8-11)
[Layer Freezing] Trainable params: 28,384,555 / 108,924,715 (26.1%)
[Layer Freezing] Training last 4 transformer layers (layers 8-11)
[Layer Freezing] Trainable params: 28,384,555 / 108,924,715 (26.1%)
[Layer Freezing] Training last 4 transformer layers (layers 8-11)
[Layer Freezing] Trainable params: 28,384,555 / 108,924,715 (26.1%)
[Layer Freezing] Training last 4 transformer layers (layers 8-11)
[Layer Freezing] Trainable params: 28,384,555 / 108,924,715 (26.1%)
[Layer Freezing] Training last 4 transformer layers (layers 8-11)
[Layer Freezing] Trainable params: 28,384,555 / 108,924,715 (26.1%)
[Layer Freezing] Training last 4 transformer layers (layers 8-11)
[Layer Freezing] Trainable params: 28,384,555 / 108,924,715 (26.1%)
[Round 44] T=1.94  α_ce=0.74  α_kd=0.26
 Round 44 | F1 0.4788 | P 0.5978 | R 0.3994 | Time 43.9s | Comm N/A | Local Avg F1: 0.4083

=== Round 45/50 ===
[Round 45] KD=ON | policy=ema_first
[Layer Freezing] Training last 4 transformer layers (layers 8-11)
[Layer Freezing] Trainable params: 28,384,555 / 108,924,715 (26.1%)
[Layer Freezing] Training last 4 transformer layers (layers 8-11)
[Layer Freezing] Trainable params: 28,384,555 / 108,924,715 (26.1%)
[Layer Freezing] Training last 4 transformer layers (layers 8-11)
[Layer Freezing] Trainable params: 28,384,555 / 108,924,715 (26.1%)
[Layer Freezing] Training last 4 transformer layers (layers 8-11)
[Layer Freezing] Trainable params: 28,384,555 / 108,924,715 (26.1%)
[Layer Freezing] Training last 4 transformer layers (layers 8-11)
[Layer Freezing] Trainable params: 28,384,555 / 108,924,715 (26.1%)
[Layer Freezing] Training last 4 transformer layers (layers 8-11)
[Layer Freezing] Trainable params: 28,384,555 / 108,924,715 (26.1%)
[Layer Freezing] Training last 4 transformer layers (layers 8-11)
[Layer Freezing] Trainable params: 28,384,555 / 108,924,715 (26.1%)
[Layer Freezing] Training last 4 transformer layers (layers 8-11)
[Layer Freezing] Trainable params: 28,384,555 / 108,924,715 (26.1%)
[Layer Freezing] Training last 4 transformer layers (layers 8-11)
[Layer Freezing] Trainable params: 28,384,555 / 108,924,715 (26.1%)
[Layer Freezing] Training last 4 transformer layers (layers 8-11)
[Layer Freezing] Trainable params: 28,384,555 / 108,924,715 (26.1%)
[Round 45] T=1.86  α_ce=0.73  α_kd=0.27
 Round 45 | F1 0.4816 | P 0.6012 | R 0.4017 | Time 44.5s | Comm N/A | Local Avg F1: 0.4072

=== Round 46/50 ===
[Round 46] KD=ON | policy=ema_first
[Layer Freezing] Training last 4 transformer layers (layers 8-11)
[Layer Freezing] Trainable params: 28,384,555 / 108,924,715 (26.1%)
[Layer Freezing] Training last 4 transformer layers (layers 8-11)
[Layer Freezing] Trainable params: 28,384,555 / 108,924,715 (26.1%)
[Layer Freezing] Training last 4 transformer layers (layers 8-11)
[Layer Freezing] Trainable params: 28,384,555 / 108,924,715 (26.1%)
[Layer Freezing] Training last 4 transformer layers (layers 8-11)
[Layer Freezing] Trainable params: 28,384,555 / 108,924,715 (26.1%)
[Layer Freezing] Training last 4 transformer layers (layers 8-11)
[Layer Freezing] Trainable params: 28,384,555 / 108,924,715 (26.1%)
[Layer Freezing] Training last 4 transformer layers (layers 8-11)
[Layer Freezing] Trainable params: 28,384,555 / 108,924,715 (26.1%)
[Layer Freezing] Training last 4 transformer layers (layers 8-11)
[Layer Freezing] Trainable params: 28,384,555 / 108,924,715 (26.1%)
[Layer Freezing] Training last 4 transformer layers (layers 8-11)
[Layer Freezing] Trainable params: 28,384,555 / 108,924,715 (26.1%)
[Layer Freezing] Training last 4 transformer layers (layers 8-11)
[Layer Freezing] Trainable params: 28,384,555 / 108,924,715 (26.1%)
[Layer Freezing] Training last 4 transformer layers (layers 8-11)
[Layer Freezing] Trainable params: 28,384,555 / 108,924,715 (26.1%)
[Round 46] T=1.79  α_ce=0.72  α_kd=0.27
 Round 46 | F1 0.4770 | P 0.6099 | R 0.3916 | Time 44.2s | Comm N/A | Local Avg F1: 0.4042

=== Round 47/50 ===
[Round 47] KD=ON | policy=ema_first
[Layer Freezing] Training last 4 transformer layers (layers 8-11)
[Layer Freezing] Trainable params: 28,384,555 / 108,924,715 (26.1%)
[Layer Freezing] Training last 4 transformer layers (layers 8-11)
[Layer Freezing] Trainable params: 28,384,555 / 108,924,715 (26.1%)
[Layer Freezing] Training last 4 transformer layers (layers 8-11)
[Layer Freezing] Trainable params: 28,384,555 / 108,924,715 (26.1%)
[Layer Freezing] Training last 4 transformer layers (layers 8-11)
[Layer Freezing] Trainable params: 28,384,555 / 108,924,715 (26.1%)
[Layer Freezing] Training last 4 transformer layers (layers 8-11)
[Layer Freezing] Trainable params: 28,384,555 / 108,924,715 (26.1%)
[Layer Freezing] Training last 4 transformer layers (layers 8-11)
[Layer Freezing] Trainable params: 28,384,555 / 108,924,715 (26.1%)
[Layer Freezing] Training last 4 transformer layers (layers 8-11)
[Layer Freezing] Trainable params: 28,384,555 / 108,924,715 (26.1%)
[Layer Freezing] Training last 4 transformer layers (layers 8-11)
[Layer Freezing] Trainable params: 28,384,555 / 108,924,715 (26.1%)
[Layer Freezing] Training last 4 transformer layers (layers 8-11)
[Layer Freezing] Trainable params: 28,384,555 / 108,924,715 (26.1%)
[Layer Freezing] Training last 4 transformer layers (layers 8-11)
[Layer Freezing] Trainable params: 28,384,555 / 108,924,715 (26.1%)
[Round 47] T=1.72  α_ce=0.72  α_kd=0.28
 Round 47 | F1 0.4872 | P 0.5935 | R 0.4131 | Time 44.0s | Comm N/A | Local Avg F1: 0.4117

=== Round 48/50 ===
[Round 48] KD=ON | policy=ema_first
[Layer Freezing] Training last 4 transformer layers (layers 8-11)
[Layer Freezing] Trainable params: 28,384,555 / 108,924,715 (26.1%)
[Layer Freezing] Training last 4 transformer layers (layers 8-11)
[Layer Freezing] Trainable params: 28,384,555 / 108,924,715 (26.1%)
[Layer Freezing] Training last 4 transformer layers (layers 8-11)
[Layer Freezing] Trainable params: 28,384,555 / 108,924,715 (26.1%)
[Layer Freezing] Training last 4 transformer layers (layers 8-11)
[Layer Freezing] Trainable params: 28,384,555 / 108,924,715 (26.1%)
[Layer Freezing] Training last 4 transformer layers (layers 8-11)
[Layer Freezing] Trainable params: 28,384,555 / 108,924,715 (26.1%)
[Layer Freezing] Training last 4 transformer layers (layers 8-11)
[Layer Freezing] Trainable params: 28,384,555 / 108,924,715 (26.1%)
[Layer Freezing] Training last 4 transformer layers (layers 8-11)
[Layer Freezing] Trainable params: 28,384,555 / 108,924,715 (26.1%)
[Layer Freezing] Training last 4 transformer layers (layers 8-11)
[Layer Freezing] Trainable params: 28,384,555 / 108,924,715 (26.1%)
[Layer Freezing] Training last 4 transformer layers (layers 8-11)
[Layer Freezing] Trainable params: 28,384,555 / 108,924,715 (26.1%)
[Layer Freezing] Training last 4 transformer layers (layers 8-11)
[Layer Freezing] Trainable params: 28,384,555 / 108,924,715 (26.1%)
[Round 48] T=1.65  α_ce=0.71  α_kd=0.29
 Round 48 | F1 0.4914 | P 0.5868 | R 0.4227 | Time 45.4s | Comm N/A | Local Avg F1: 0.4212

=== Round 49/50 ===
[Round 49] KD=ON | policy=ema_first
[Layer Freezing] Training last 4 transformer layers (layers 8-11)
[Layer Freezing] Trainable params: 28,384,555 / 108,924,715 (26.1%)
[Layer Freezing] Training last 4 transformer layers (layers 8-11)
[Layer Freezing] Trainable params: 28,384,555 / 108,924,715 (26.1%)
[Layer Freezing] Training last 4 transformer layers (layers 8-11)
[Layer Freezing] Trainable params: 28,384,555 / 108,924,715 (26.1%)
[Layer Freezing] Training last 4 transformer layers (layers 8-11)
[Layer Freezing] Trainable params: 28,384,555 / 108,924,715 (26.1%)
[Layer Freezing] Training last 4 transformer layers (layers 8-11)
[Layer Freezing] Trainable params: 28,384,555 / 108,924,715 (26.1%)
[Layer Freezing] Training last 4 transformer layers (layers 8-11)
[Layer Freezing] Trainable params: 28,384,555 / 108,924,715 (26.1%)
[Layer Freezing] Training last 4 transformer layers (layers 8-11)
[Layer Freezing] Trainable params: 28,384,555 / 108,924,715 (26.1%)
[Layer Freezing] Training last 4 transformer layers (layers 8-11)
[Layer Freezing] Trainable params: 28,384,555 / 108,924,715 (26.1%)
[Layer Freezing] Training last 4 transformer layers (layers 8-11)
[Layer Freezing] Trainable params: 28,384,555 / 108,924,715 (26.1%)
[Layer Freezing] Training last 4 transformer layers (layers 8-11)
[Layer Freezing] Trainable params: 28,384,555 / 108,924,715 (26.1%)
[Round 49] T=1.57  α_ce=0.71  α_kd=0.29
 Round 49 | F1 0.4820 | P 0.6039 | R 0.4010 | Time 43.7s | Comm N/A | Local Avg F1: 0.4135

=== Round 50/50 ===
[Round 50] KD=ON | policy=ema_first
[Layer Freezing] Training last 4 transformer layers (layers 8-11)
[Layer Freezing] Trainable params: 28,384,555 / 108,924,715 (26.1%)
[Layer Freezing] Training last 4 transformer layers (layers 8-11)
[Layer Freezing] Trainable params: 28,384,555 / 108,924,715 (26.1%)
[Layer Freezing] Training last 4 transformer layers (layers 8-11)
[Layer Freezing] Trainable params: 28,384,555 / 108,924,715 (26.1%)
[Layer Freezing] Training last 4 transformer layers (layers 8-11)
[Layer Freezing] Trainable params: 28,384,555 / 108,924,715 (26.1%)
[Layer Freezing] Training last 4 transformer layers (layers 8-11)
[Layer Freezing] Trainable params: 28,384,555 / 108,924,715 (26.1%)
[Layer Freezing] Training last 4 transformer layers (layers 8-11)
[Layer Freezing] Trainable params: 28,384,555 / 108,924,715 (26.1%)
[Layer Freezing] Training last 4 transformer layers (layers 8-11)
[Layer Freezing] Trainable params: 28,384,555 / 108,924,715 (26.1%)
[Layer Freezing] Training last 4 transformer layers (layers 8-11)
[Layer Freezing] Trainable params: 28,384,555 / 108,924,715 (26.1%)
[Layer Freezing] Training last 4 transformer layers (layers 8-11)
[Layer Freezing] Trainable params: 28,384,555 / 108,924,715 (26.1%)
[Layer Freezing] Training last 4 transformer layers (layers 8-11)
[Layer Freezing] Trainable params: 28,384,555 / 108,924,715 (26.1%)
[Round 50] T=1.50  α_ce=0.70  α_kd=0.30
 Round 50 | F1 0.4896 | P 0.6044 | R 0.4114 | Time 44.2s | Comm N/A | Local Avg F1: 0.4192
[save_json] Saved: results/FedSAD_20250820_175408/fed_results.json
[save_json] Backup: results/FedSAD_20250820_175408/fed_results_20250820_183100.json
== FedSAD 0.01==
📁 从本地加载模型: /root/autodl-tmp/new/fedner/models/microsoft_BiomedNLP-PubMedBERT-base-uncased-abstract
Some weights of BertForTokenClassification were not initialized from the model checkpoint at /root/autodl-tmp/new/fedner/models/microsoft_BiomedNLP-PubMedBERT-base-uncased-abstract and are newly initialized because the shapes did not match:
- classifier.bias: found shape torch.Size([2]) in the checkpoint and torch.Size([43]) in the model instantiated
- classifier.weight: found shape torch.Size([2, 768]) in the checkpoint and torch.Size([43, 768]) in the model instantiated
You should probably TRAIN this model on a down-stream task to be able to use it for predictions and inference.
Using device: cuda
📁 从本地加载模型: /root/autodl-tmp/new/fedner/models/microsoft_BiomedNLP-PubMedBERT-base-uncased-abstract
Some weights of BertForTokenClassification were not initialized from the model checkpoint at /root/autodl-tmp/new/fedner/models/microsoft_BiomedNLP-PubMedBERT-base-uncased-abstract and are newly initialized because the shapes did not match:
- classifier.bias: found shape torch.Size([2]) in the checkpoint and torch.Size([43]) in the model instantiated
- classifier.weight: found shape torch.Size([2, 768]) in the checkpoint and torch.Size([43, 768]) in the model instantiated
You should probably TRAIN this model on a down-stream task to be able to use it for predictions and inference.

============================================================
EXPERIMENT CONFIGURATION
============================================================
Algorithm: FedSAD | Clients: 10 (100% per round) | Rounds: 50, Local epochs: 2 | Training: Last 4 layers | Sampling: 200 samples per client (random) | Data: Non-IID (α=0.01)
------------------------------------------------------------
Algorithm-specific parameters for FedSAD:
  - use_distillation: True
  - kd_start_round: 2
  - teacher_policy: prev_global
  - temperature_start: 5.0, temperature_end: 1.5
  - alpha_ce_start: 1.0, alpha_ce_end: 0.7
  - alpha_kd_start: 0.0, alpha_kd_end: 0.3
  - hidden_distill: False, alpha_hidden: 0.0
  - o_downweight: 1.0
============================================================

Model initialized: 108,924,715/108,924,715 trainable params (100.0%)

=== Round 1/50 ===
[Round 1] KD=OFF | policy=prev_global
[Layer Freezing] Training last 4 transformer layers (layers 8-11)
[Layer Freezing] Trainable params: 28,384,555 / 108,924,715 (26.1%)
/root/miniconda3/lib/python3.12/site-packages/torch/nn/modules/module.py:1762: FutureWarning: `encoder_attention_mask` is deprecated and will be removed in version 4.55.0 for `BertSdpaSelfAttention.forward`.
  return forward_call(*args, **kwargs)
[Layer Freezing] Training last 4 transformer layers (layers 8-11)
[Layer Freezing] Trainable params: 28,384,555 / 108,924,715 (26.1%)
[Layer Freezing] Training last 4 transformer layers (layers 8-11)
[Layer Freezing] Trainable params: 28,384,555 / 108,924,715 (26.1%)
[Layer Freezing] Training last 4 transformer layers (layers 8-11)
[Layer Freezing] Trainable params: 28,384,555 / 108,924,715 (26.1%)
[Layer Freezing] Training last 4 transformer layers (layers 8-11)
[Layer Freezing] Trainable params: 28,384,555 / 108,924,715 (26.1%)
[Layer Freezing] Training last 4 transformer layers (layers 8-11)
[Layer Freezing] Trainable params: 28,384,555 / 108,924,715 (26.1%)
[Layer Freezing] Training last 4 transformer layers (layers 8-11)
[Layer Freezing] Trainable params: 28,384,555 / 108,924,715 (26.1%)
[Layer Freezing] Training last 4 transformer layers (layers 8-11)
[Layer Freezing] Trainable params: 28,384,555 / 108,924,715 (26.1%)
[Layer Freezing] Training last 4 transformer layers (layers 8-11)
[Layer Freezing] Trainable params: 28,384,555 / 108,924,715 (26.1%)
[Layer Freezing] Training last 4 transformer layers (layers 8-11)
[Layer Freezing] Trainable params: 28,384,555 / 108,924,715 (26.1%)
[Round 1] T=5.00  α_ce=1.00  α_kd=0.00
/root/miniconda3/lib/python3.12/site-packages/seqeval/metrics/v1.py:57: UndefinedMetricWarning: Precision is ill-defined and being set to 0.0 due to no predicted samples. Use `zero_division` parameter to control this behavior.
  _warn_prf(average, modifier, msg_start, len(result))
/root/miniconda3/lib/python3.12/site-packages/seqeval/metrics/v1.py:159: UndefinedMetricWarning: F-score is ill-defined and being set to 0.0 due to no true nor predicted samples. Use `zero_division` parameter to control this behavior.
  _warn_prf(
/root/miniconda3/lib/python3.12/site-packages/seqeval/metrics/v1.py:57: UndefinedMetricWarning: Recall is ill-defined and being set to 0.0 due to no true samples. Use `zero_division` parameter to control this behavior.
  _warn_prf(average, modifier, msg_start, len(result))
 Round 1 | F1 0.0000 | P 0.0000 | R 0.0000 | Time 42.4s | Comm N/A | Local Avg F1: 0.0000

=== Round 2/50 ===
[Round 2] KD=ON | policy=prev_global
[Layer Freezing] Training last 4 transformer layers (layers 8-11)
[Layer Freezing] Trainable params: 28,384,555 / 108,924,715 (26.1%)
[Layer Freezing] Training last 4 transformer layers (layers 8-11)
[Layer Freezing] Trainable params: 28,384,555 / 108,924,715 (26.1%)
[Layer Freezing] Training last 4 transformer layers (layers 8-11)
[Layer Freezing] Trainable params: 28,384,555 / 108,924,715 (26.1%)
[Layer Freezing] Training last 4 transformer layers (layers 8-11)
[Layer Freezing] Trainable params: 28,384,555 / 108,924,715 (26.1%)
[Layer Freezing] Training last 4 transformer layers (layers 8-11)
[Layer Freezing] Trainable params: 28,384,555 / 108,924,715 (26.1%)
[Layer Freezing] Training last 4 transformer layers (layers 8-11)
[Layer Freezing] Trainable params: 28,384,555 / 108,924,715 (26.1%)
[Layer Freezing] Training last 4 transformer layers (layers 8-11)
[Layer Freezing] Trainable params: 28,384,555 / 108,924,715 (26.1%)
[Layer Freezing] Training last 4 transformer layers (layers 8-11)
[Layer Freezing] Trainable params: 28,384,555 / 108,924,715 (26.1%)
[Layer Freezing] Training last 4 transformer layers (layers 8-11)
[Layer Freezing] Trainable params: 28,384,555 / 108,924,715 (26.1%)
[Layer Freezing] Training last 4 transformer layers (layers 8-11)
[Layer Freezing] Trainable params: 28,384,555 / 108,924,715 (26.1%)
[Round 2] T=5.00  α_ce=1.00  α_kd=0.00
 Round 2 | F1 0.0000 | P 0.0000 | R 0.0000 | Time 47.1s | Comm N/A | Local Avg F1: 0.0000

=== Round 3/50 ===
[Round 3] KD=ON | policy=prev_global
[Layer Freezing] Training last 4 transformer layers (layers 8-11)
[Layer Freezing] Trainable params: 28,384,555 / 108,924,715 (26.1%)
[Layer Freezing] Training last 4 transformer layers (layers 8-11)
[Layer Freezing] Trainable params: 28,384,555 / 108,924,715 (26.1%)
[Layer Freezing] Training last 4 transformer layers (layers 8-11)
[Layer Freezing] Trainable params: 28,384,555 / 108,924,715 (26.1%)
[Layer Freezing] Training last 4 transformer layers (layers 8-11)
[Layer Freezing] Trainable params: 28,384,555 / 108,924,715 (26.1%)
[Layer Freezing] Training last 4 transformer layers (layers 8-11)
[Layer Freezing] Trainable params: 28,384,555 / 108,924,715 (26.1%)
[Layer Freezing] Training last 4 transformer layers (layers 8-11)
[Layer Freezing] Trainable params: 28,384,555 / 108,924,715 (26.1%)
[Layer Freezing] Training last 4 transformer layers (layers 8-11)
[Layer Freezing] Trainable params: 28,384,555 / 108,924,715 (26.1%)
[Layer Freezing] Training last 4 transformer layers (layers 8-11)
[Layer Freezing] Trainable params: 28,384,555 / 108,924,715 (26.1%)
[Layer Freezing] Training last 4 transformer layers (layers 8-11)
[Layer Freezing] Trainable params: 28,384,555 / 108,924,715 (26.1%)
[Layer Freezing] Training last 4 transformer layers (layers 8-11)
[Layer Freezing] Trainable params: 28,384,555 / 108,924,715 (26.1%)
[Round 3] T=4.93  α_ce=0.99  α_kd=0.01
 Round 3 | F1 0.0000 | P 0.0000 | R 0.0000 | Time 44.4s | Comm N/A | Local Avg F1: 0.0000

=== Round 4/50 ===
[Round 4] KD=ON | policy=prev_global
[Layer Freezing] Training last 4 transformer layers (layers 8-11)
[Layer Freezing] Trainable params: 28,384,555 / 108,924,715 (26.1%)
[Layer Freezing] Training last 4 transformer layers (layers 8-11)
[Layer Freezing] Trainable params: 28,384,555 / 108,924,715 (26.1%)
[Layer Freezing] Training last 4 transformer layers (layers 8-11)
[Layer Freezing] Trainable params: 28,384,555 / 108,924,715 (26.1%)
[Layer Freezing] Training last 4 transformer layers (layers 8-11)
[Layer Freezing] Trainable params: 28,384,555 / 108,924,715 (26.1%)
[Layer Freezing] Training last 4 transformer layers (layers 8-11)
[Layer Freezing] Trainable params: 28,384,555 / 108,924,715 (26.1%)
[Layer Freezing] Training last 4 transformer layers (layers 8-11)
[Layer Freezing] Trainable params: 28,384,555 / 108,924,715 (26.1%)
[Layer Freezing] Training last 4 transformer layers (layers 8-11)
[Layer Freezing] Trainable params: 28,384,555 / 108,924,715 (26.1%)
[Layer Freezing] Training last 4 transformer layers (layers 8-11)
[Layer Freezing] Trainable params: 28,384,555 / 108,924,715 (26.1%)
[Layer Freezing] Training last 4 transformer layers (layers 8-11)
[Layer Freezing] Trainable params: 28,384,555 / 108,924,715 (26.1%)
[Layer Freezing] Training last 4 transformer layers (layers 8-11)
[Layer Freezing] Trainable params: 28,384,555 / 108,924,715 (26.1%)
[Round 4] T=4.85  α_ce=0.99  α_kd=0.01
 Round 4 | F1 0.0053 | P 0.6818 | R 0.0027 | Time 45.7s | Comm N/A | Local Avg F1: 0.0046

=== Round 5/50 ===
[Round 5] KD=ON | policy=prev_global
[Layer Freezing] Training last 4 transformer layers (layers 8-11)
[Layer Freezing] Trainable params: 28,384,555 / 108,924,715 (26.1%)
[Layer Freezing] Training last 4 transformer layers (layers 8-11)
[Layer Freezing] Trainable params: 28,384,555 / 108,924,715 (26.1%)
[Layer Freezing] Training last 4 transformer layers (layers 8-11)
[Layer Freezing] Trainable params: 28,384,555 / 108,924,715 (26.1%)
[Layer Freezing] Training last 4 transformer layers (layers 8-11)
[Layer Freezing] Trainable params: 28,384,555 / 108,924,715 (26.1%)
[Layer Freezing] Training last 4 transformer layers (layers 8-11)
[Layer Freezing] Trainable params: 28,384,555 / 108,924,715 (26.1%)
[Layer Freezing] Training last 4 transformer layers (layers 8-11)
[Layer Freezing] Trainable params: 28,384,555 / 108,924,715 (26.1%)
[Layer Freezing] Training last 4 transformer layers (layers 8-11)
[Layer Freezing] Trainable params: 28,384,555 / 108,924,715 (26.1%)
[Layer Freezing] Training last 4 transformer layers (layers 8-11)
[Layer Freezing] Trainable params: 28,384,555 / 108,924,715 (26.1%)
[Layer Freezing] Training last 4 transformer layers (layers 8-11)
[Layer Freezing] Trainable params: 28,384,555 / 108,924,715 (26.1%)
[Layer Freezing] Training last 4 transformer layers (layers 8-11)
[Layer Freezing] Trainable params: 28,384,555 / 108,924,715 (26.1%)
[Round 5] T=4.78  α_ce=0.98  α_kd=0.02
 Round 5 | F1 0.0257 | P 0.7138 | R 0.0131 | Time 45.3s | Comm N/A | Local Avg F1: 0.0219

=== Round 6/50 ===
[Round 6] KD=ON | policy=prev_global
[Layer Freezing] Training last 4 transformer layers (layers 8-11)
[Layer Freezing] Trainable params: 28,384,555 / 108,924,715 (26.1%)
[Layer Freezing] Training last 4 transformer layers (layers 8-11)
[Layer Freezing] Trainable params: 28,384,555 / 108,924,715 (26.1%)
[Layer Freezing] Training last 4 transformer layers (layers 8-11)
[Layer Freezing] Trainable params: 28,384,555 / 108,924,715 (26.1%)
[Layer Freezing] Training last 4 transformer layers (layers 8-11)
[Layer Freezing] Trainable params: 28,384,555 / 108,924,715 (26.1%)
[Layer Freezing] Training last 4 transformer layers (layers 8-11)
[Layer Freezing] Trainable params: 28,384,555 / 108,924,715 (26.1%)
[Layer Freezing] Training last 4 transformer layers (layers 8-11)
[Layer Freezing] Trainable params: 28,384,555 / 108,924,715 (26.1%)
[Layer Freezing] Training last 4 transformer layers (layers 8-11)
[Layer Freezing] Trainable params: 28,384,555 / 108,924,715 (26.1%)
[Layer Freezing] Training last 4 transformer layers (layers 8-11)
[Layer Freezing] Trainable params: 28,384,555 / 108,924,715 (26.1%)
[Layer Freezing] Training last 4 transformer layers (layers 8-11)
[Layer Freezing] Trainable params: 28,384,555 / 108,924,715 (26.1%)
[Layer Freezing] Training last 4 transformer layers (layers 8-11)
[Layer Freezing] Trainable params: 28,384,555 / 108,924,715 (26.1%)
[Round 6] T=4.71  α_ce=0.97  α_kd=0.02
 Round 6 | F1 0.1022 | P 0.6383 | R 0.0555 | Time 45.3s | Comm N/A | Local Avg F1: 0.0673

=== Round 7/50 ===
[Round 7] KD=ON | policy=prev_global
[Layer Freezing] Training last 4 transformer layers (layers 8-11)
[Layer Freezing] Trainable params: 28,384,555 / 108,924,715 (26.1%)
[Layer Freezing] Training last 4 transformer layers (layers 8-11)
[Layer Freezing] Trainable params: 28,384,555 / 108,924,715 (26.1%)
[Layer Freezing] Training last 4 transformer layers (layers 8-11)
[Layer Freezing] Trainable params: 28,384,555 / 108,924,715 (26.1%)
[Layer Freezing] Training last 4 transformer layers (layers 8-11)
[Layer Freezing] Trainable params: 28,384,555 / 108,924,715 (26.1%)
[Layer Freezing] Training last 4 transformer layers (layers 8-11)
[Layer Freezing] Trainable params: 28,384,555 / 108,924,715 (26.1%)
[Layer Freezing] Training last 4 transformer layers (layers 8-11)
[Layer Freezing] Trainable params: 28,384,555 / 108,924,715 (26.1%)
[Layer Freezing] Training last 4 transformer layers (layers 8-11)
[Layer Freezing] Trainable params: 28,384,555 / 108,924,715 (26.1%)
[Layer Freezing] Training last 4 transformer layers (layers 8-11)
[Layer Freezing] Trainable params: 28,384,555 / 108,924,715 (26.1%)
[Layer Freezing] Training last 4 transformer layers (layers 8-11)
[Layer Freezing] Trainable params: 28,384,555 / 108,924,715 (26.1%)
[Layer Freezing] Training last 4 transformer layers (layers 8-11)
[Layer Freezing] Trainable params: 28,384,555 / 108,924,715 (26.1%)
[Round 7] T=4.64  α_ce=0.97  α_kd=0.03
 Round 7 | F1 0.1069 | P 0.6324 | R 0.0584 | Time 45.2s | Comm N/A | Local Avg F1: 0.0723

=== Round 8/50 ===
[Round 8] KD=ON | policy=prev_global
[Layer Freezing] Training last 4 transformer layers (layers 8-11)
[Layer Freezing] Trainable params: 28,384,555 / 108,924,715 (26.1%)
[Layer Freezing] Training last 4 transformer layers (layers 8-11)
[Layer Freezing] Trainable params: 28,384,555 / 108,924,715 (26.1%)
[Layer Freezing] Training last 4 transformer layers (layers 8-11)
[Layer Freezing] Trainable params: 28,384,555 / 108,924,715 (26.1%)
[Layer Freezing] Training last 4 transformer layers (layers 8-11)
[Layer Freezing] Trainable params: 28,384,555 / 108,924,715 (26.1%)
[Layer Freezing] Training last 4 transformer layers (layers 8-11)
[Layer Freezing] Trainable params: 28,384,555 / 108,924,715 (26.1%)
[Layer Freezing] Training last 4 transformer layers (layers 8-11)
[Layer Freezing] Trainable params: 28,384,555 / 108,924,715 (26.1%)
[Layer Freezing] Training last 4 transformer layers (layers 8-11)
[Layer Freezing] Trainable params: 28,384,555 / 108,924,715 (26.1%)
[Layer Freezing] Training last 4 transformer layers (layers 8-11)
[Layer Freezing] Trainable params: 28,384,555 / 108,924,715 (26.1%)
[Layer Freezing] Training last 4 transformer layers (layers 8-11)
[Layer Freezing] Trainable params: 28,384,555 / 108,924,715 (26.1%)
[Layer Freezing] Training last 4 transformer layers (layers 8-11)
[Layer Freezing] Trainable params: 28,384,555 / 108,924,715 (26.1%)
[Round 8] T=4.56  α_ce=0.96  α_kd=0.04
 Round 8 | F1 0.1409 | P 0.5872 | R 0.0800 | Time 45.4s | Comm N/A | Local Avg F1: 0.0917

=== Round 9/50 ===
[Round 9] KD=ON | policy=prev_global
[Layer Freezing] Training last 4 transformer layers (layers 8-11)
[Layer Freezing] Trainable params: 28,384,555 / 108,924,715 (26.1%)
[Layer Freezing] Training last 4 transformer layers (layers 8-11)
[Layer Freezing] Trainable params: 28,384,555 / 108,924,715 (26.1%)
[Layer Freezing] Training last 4 transformer layers (layers 8-11)
[Layer Freezing] Trainable params: 28,384,555 / 108,924,715 (26.1%)
[Layer Freezing] Training last 4 transformer layers (layers 8-11)
[Layer Freezing] Trainable params: 28,384,555 / 108,924,715 (26.1%)
[Layer Freezing] Training last 4 transformer layers (layers 8-11)
[Layer Freezing] Trainable params: 28,384,555 / 108,924,715 (26.1%)
[Layer Freezing] Training last 4 transformer layers (layers 8-11)
[Layer Freezing] Trainable params: 28,384,555 / 108,924,715 (26.1%)
[Layer Freezing] Training last 4 transformer layers (layers 8-11)
[Layer Freezing] Trainable params: 28,384,555 / 108,924,715 (26.1%)
[Layer Freezing] Training last 4 transformer layers (layers 8-11)
[Layer Freezing] Trainable params: 28,384,555 / 108,924,715 (26.1%)
[Layer Freezing] Training last 4 transformer layers (layers 8-11)
[Layer Freezing] Trainable params: 28,384,555 / 108,924,715 (26.1%)
[Layer Freezing] Training last 4 transformer layers (layers 8-11)
[Layer Freezing] Trainable params: 28,384,555 / 108,924,715 (26.1%)
[Round 9] T=4.49  α_ce=0.96  α_kd=0.04
 Round 9 | F1 0.1845 | P 0.5295 | R 0.1117 | Time 44.6s | Comm N/A | Local Avg F1: 0.1241

=== Round 10/50 ===
[Round 10] KD=ON | policy=prev_global
[Layer Freezing] Training last 4 transformer layers (layers 8-11)
[Layer Freezing] Trainable params: 28,384,555 / 108,924,715 (26.1%)
[Layer Freezing] Training last 4 transformer layers (layers 8-11)
[Layer Freezing] Trainable params: 28,384,555 / 108,924,715 (26.1%)
[Layer Freezing] Training last 4 transformer layers (layers 8-11)
[Layer Freezing] Trainable params: 28,384,555 / 108,924,715 (26.1%)
[Layer Freezing] Training last 4 transformer layers (layers 8-11)
[Layer Freezing] Trainable params: 28,384,555 / 108,924,715 (26.1%)
[Layer Freezing] Training last 4 transformer layers (layers 8-11)
[Layer Freezing] Trainable params: 28,384,555 / 108,924,715 (26.1%)
[Layer Freezing] Training last 4 transformer layers (layers 8-11)
[Layer Freezing] Trainable params: 28,384,555 / 108,924,715 (26.1%)
[Layer Freezing] Training last 4 transformer layers (layers 8-11)
[Layer Freezing] Trainable params: 28,384,555 / 108,924,715 (26.1%)
[Layer Freezing] Training last 4 transformer layers (layers 8-11)
[Layer Freezing] Trainable params: 28,384,555 / 108,924,715 (26.1%)
[Layer Freezing] Training last 4 transformer layers (layers 8-11)
[Layer Freezing] Trainable params: 28,384,555 / 108,924,715 (26.1%)
[Layer Freezing] Training last 4 transformer layers (layers 8-11)
[Layer Freezing] Trainable params: 28,384,555 / 108,924,715 (26.1%)
[Round 10] T=4.42  α_ce=0.95  α_kd=0.05
 Round 10 | F1 0.1727 | P 0.5586 | R 0.1021 | Time 45.2s | Comm N/A | Local Avg F1: 0.1268

=== Round 11/50 ===
[Round 11] KD=ON | policy=prev_global
[Layer Freezing] Training last 4 transformer layers (layers 8-11)
[Layer Freezing] Trainable params: 28,384,555 / 108,924,715 (26.1%)
[Layer Freezing] Training last 4 transformer layers (layers 8-11)
[Layer Freezing] Trainable params: 28,384,555 / 108,924,715 (26.1%)
[Layer Freezing] Training last 4 transformer layers (layers 8-11)
[Layer Freezing] Trainable params: 28,384,555 / 108,924,715 (26.1%)
[Layer Freezing] Training last 4 transformer layers (layers 8-11)
[Layer Freezing] Trainable params: 28,384,555 / 108,924,715 (26.1%)
[Layer Freezing] Training last 4 transformer layers (layers 8-11)
[Layer Freezing] Trainable params: 28,384,555 / 108,924,715 (26.1%)
[Layer Freezing] Training last 4 transformer layers (layers 8-11)
[Layer Freezing] Trainable params: 28,384,555 / 108,924,715 (26.1%)
[Layer Freezing] Training last 4 transformer layers (layers 8-11)
[Layer Freezing] Trainable params: 28,384,555 / 108,924,715 (26.1%)
[Layer Freezing] Training last 4 transformer layers (layers 8-11)
[Layer Freezing] Trainable params: 28,384,555 / 108,924,715 (26.1%)
[Layer Freezing] Training last 4 transformer layers (layers 8-11)
[Layer Freezing] Trainable params: 28,384,555 / 108,924,715 (26.1%)
[Layer Freezing] Training last 4 transformer layers (layers 8-11)
[Layer Freezing] Trainable params: 28,384,555 / 108,924,715 (26.1%)
[Round 11] T=4.34  α_ce=0.94  α_kd=0.06
 Round 11 | F1 0.2027 | P 0.5414 | R 0.1247 | Time 45.9s | Comm N/A | Local Avg F1: 0.1514

=== Round 12/50 ===
[Round 12] KD=ON | policy=prev_global
[Layer Freezing] Training last 4 transformer layers (layers 8-11)
[Layer Freezing] Trainable params: 28,384,555 / 108,924,715 (26.1%)
[Layer Freezing] Training last 4 transformer layers (layers 8-11)
[Layer Freezing] Trainable params: 28,384,555 / 108,924,715 (26.1%)
[Layer Freezing] Training last 4 transformer layers (layers 8-11)
[Layer Freezing] Trainable params: 28,384,555 / 108,924,715 (26.1%)
[Layer Freezing] Training last 4 transformer layers (layers 8-11)
[Layer Freezing] Trainable params: 28,384,555 / 108,924,715 (26.1%)
[Layer Freezing] Training last 4 transformer layers (layers 8-11)
[Layer Freezing] Trainable params: 28,384,555 / 108,924,715 (26.1%)
[Layer Freezing] Training last 4 transformer layers (layers 8-11)
[Layer Freezing] Trainable params: 28,384,555 / 108,924,715 (26.1%)
[Layer Freezing] Training last 4 transformer layers (layers 8-11)
[Layer Freezing] Trainable params: 28,384,555 / 108,924,715 (26.1%)
[Layer Freezing] Training last 4 transformer layers (layers 8-11)
[Layer Freezing] Trainable params: 28,384,555 / 108,924,715 (26.1%)
[Layer Freezing] Training last 4 transformer layers (layers 8-11)
[Layer Freezing] Trainable params: 28,384,555 / 108,924,715 (26.1%)
[Layer Freezing] Training last 4 transformer layers (layers 8-11)
[Layer Freezing] Trainable params: 28,384,555 / 108,924,715 (26.1%)
[Round 12] T=4.27  α_ce=0.94  α_kd=0.06
 Round 12 | F1 0.2364 | P 0.5264 | R 0.1524 | Time 44.9s | Comm N/A | Local Avg F1: 0.1871

=== Round 13/50 ===
[Round 13] KD=ON | policy=prev_global
[Layer Freezing] Training last 4 transformer layers (layers 8-11)
[Layer Freezing] Trainable params: 28,384,555 / 108,924,715 (26.1%)
[Layer Freezing] Training last 4 transformer layers (layers 8-11)
[Layer Freezing] Trainable params: 28,384,555 / 108,924,715 (26.1%)
[Layer Freezing] Training last 4 transformer layers (layers 8-11)
[Layer Freezing] Trainable params: 28,384,555 / 108,924,715 (26.1%)
[Layer Freezing] Training last 4 transformer layers (layers 8-11)
[Layer Freezing] Trainable params: 28,384,555 / 108,924,715 (26.1%)
[Layer Freezing] Training last 4 transformer layers (layers 8-11)
[Layer Freezing] Trainable params: 28,384,555 / 108,924,715 (26.1%)
[Layer Freezing] Training last 4 transformer layers (layers 8-11)
[Layer Freezing] Trainable params: 28,384,555 / 108,924,715 (26.1%)
[Layer Freezing] Training last 4 transformer layers (layers 8-11)
[Layer Freezing] Trainable params: 28,384,555 / 108,924,715 (26.1%)
[Layer Freezing] Training last 4 transformer layers (layers 8-11)
[Layer Freezing] Trainable params: 28,384,555 / 108,924,715 (26.1%)
[Layer Freezing] Training last 4 transformer layers (layers 8-11)
[Layer Freezing] Trainable params: 28,384,555 / 108,924,715 (26.1%)
[Layer Freezing] Training last 4 transformer layers (layers 8-11)
[Layer Freezing] Trainable params: 28,384,555 / 108,924,715 (26.1%)
[Round 13] T=4.20  α_ce=0.93  α_kd=0.07
 Round 13 | F1 0.2413 | P 0.5525 | R 0.1544 | Time 45.5s | Comm N/A | Local Avg F1: 0.1884

=== Round 14/50 ===
[Round 14] KD=ON | policy=prev_global
[Layer Freezing] Training last 4 transformer layers (layers 8-11)
[Layer Freezing] Trainable params: 28,384,555 / 108,924,715 (26.1%)
[Layer Freezing] Training last 4 transformer layers (layers 8-11)
[Layer Freezing] Trainable params: 28,384,555 / 108,924,715 (26.1%)
[Layer Freezing] Training last 4 transformer layers (layers 8-11)
[Layer Freezing] Trainable params: 28,384,555 / 108,924,715 (26.1%)
[Layer Freezing] Training last 4 transformer layers (layers 8-11)
[Layer Freezing] Trainable params: 28,384,555 / 108,924,715 (26.1%)
[Layer Freezing] Training last 4 transformer layers (layers 8-11)
[Layer Freezing] Trainable params: 28,384,555 / 108,924,715 (26.1%)
[Layer Freezing] Training last 4 transformer layers (layers 8-11)
[Layer Freezing] Trainable params: 28,384,555 / 108,924,715 (26.1%)
[Layer Freezing] Training last 4 transformer layers (layers 8-11)
[Layer Freezing] Trainable params: 28,384,555 / 108,924,715 (26.1%)
[Layer Freezing] Training last 4 transformer layers (layers 8-11)
[Layer Freezing] Trainable params: 28,384,555 / 108,924,715 (26.1%)
[Layer Freezing] Training last 4 transformer layers (layers 8-11)
[Layer Freezing] Trainable params: 28,384,555 / 108,924,715 (26.1%)
[Layer Freezing] Training last 4 transformer layers (layers 8-11)
[Layer Freezing] Trainable params: 28,384,555 / 108,924,715 (26.1%)
[Round 14] T=4.12  α_ce=0.93  α_kd=0.07
 Round 14 | F1 0.2788 | P 0.5386 | R 0.1881 | Time 45.7s | Comm N/A | Local Avg F1: 0.2174

=== Round 15/50 ===
[Round 15] KD=ON | policy=prev_global
[Layer Freezing] Training last 4 transformer layers (layers 8-11)
[Layer Freezing] Trainable params: 28,384,555 / 108,924,715 (26.1%)
[Layer Freezing] Training last 4 transformer layers (layers 8-11)
[Layer Freezing] Trainable params: 28,384,555 / 108,924,715 (26.1%)
[Layer Freezing] Training last 4 transformer layers (layers 8-11)
[Layer Freezing] Trainable params: 28,384,555 / 108,924,715 (26.1%)
[Layer Freezing] Training last 4 transformer layers (layers 8-11)
[Layer Freezing] Trainable params: 28,384,555 / 108,924,715 (26.1%)
[Layer Freezing] Training last 4 transformer layers (layers 8-11)
[Layer Freezing] Trainable params: 28,384,555 / 108,924,715 (26.1%)
[Layer Freezing] Training last 4 transformer layers (layers 8-11)
[Layer Freezing] Trainable params: 28,384,555 / 108,924,715 (26.1%)
[Layer Freezing] Training last 4 transformer layers (layers 8-11)
[Layer Freezing] Trainable params: 28,384,555 / 108,924,715 (26.1%)
[Layer Freezing] Training last 4 transformer layers (layers 8-11)
[Layer Freezing] Trainable params: 28,384,555 / 108,924,715 (26.1%)
[Layer Freezing] Training last 4 transformer layers (layers 8-11)
[Layer Freezing] Trainable params: 28,384,555 / 108,924,715 (26.1%)
[Layer Freezing] Training last 4 transformer layers (layers 8-11)
[Layer Freezing] Trainable params: 28,384,555 / 108,924,715 (26.1%)
[Round 15] T=4.05  α_ce=0.92  α_kd=0.08
 Round 15 | F1 0.2718 | P 0.5507 | R 0.1804 | Time 45.4s | Comm N/A | Local Avg F1: 0.2101

=== Round 16/50 ===
[Round 16] KD=ON | policy=prev_global
[Layer Freezing] Training last 4 transformer layers (layers 8-11)
[Layer Freezing] Trainable params: 28,384,555 / 108,924,715 (26.1%)
[Layer Freezing] Training last 4 transformer layers (layers 8-11)
[Layer Freezing] Trainable params: 28,384,555 / 108,924,715 (26.1%)
[Layer Freezing] Training last 4 transformer layers (layers 8-11)
[Layer Freezing] Trainable params: 28,384,555 / 108,924,715 (26.1%)
[Layer Freezing] Training last 4 transformer layers (layers 8-11)
[Layer Freezing] Trainable params: 28,384,555 / 108,924,715 (26.1%)
[Layer Freezing] Training last 4 transformer layers (layers 8-11)
[Layer Freezing] Trainable params: 28,384,555 / 108,924,715 (26.1%)
[Layer Freezing] Training last 4 transformer layers (layers 8-11)
[Layer Freezing] Trainable params: 28,384,555 / 108,924,715 (26.1%)
[Layer Freezing] Training last 4 transformer layers (layers 8-11)
[Layer Freezing] Trainable params: 28,384,555 / 108,924,715 (26.1%)
[Layer Freezing] Training last 4 transformer layers (layers 8-11)
[Layer Freezing] Trainable params: 28,384,555 / 108,924,715 (26.1%)
[Layer Freezing] Training last 4 transformer layers (layers 8-11)
[Layer Freezing] Trainable params: 28,384,555 / 108,924,715 (26.1%)
[Layer Freezing] Training last 4 transformer layers (layers 8-11)
[Layer Freezing] Trainable params: 28,384,555 / 108,924,715 (26.1%)
[Round 16] T=3.98  α_ce=0.91  α_kd=0.09
 Round 16 | F1 0.3307 | P 0.5225 | R 0.2419 | Time 45.1s | Comm N/A | Local Avg F1: 0.2637

=== Round 17/50 ===
[Round 17] KD=ON | policy=prev_global
[Layer Freezing] Training last 4 transformer layers (layers 8-11)
[Layer Freezing] Trainable params: 28,384,555 / 108,924,715 (26.1%)
[Layer Freezing] Training last 4 transformer layers (layers 8-11)
[Layer Freezing] Trainable params: 28,384,555 / 108,924,715 (26.1%)
[Layer Freezing] Training last 4 transformer layers (layers 8-11)
[Layer Freezing] Trainable params: 28,384,555 / 108,924,715 (26.1%)
[Layer Freezing] Training last 4 transformer layers (layers 8-11)
[Layer Freezing] Trainable params: 28,384,555 / 108,924,715 (26.1%)
[Layer Freezing] Training last 4 transformer layers (layers 8-11)
[Layer Freezing] Trainable params: 28,384,555 / 108,924,715 (26.1%)
[Layer Freezing] Training last 4 transformer layers (layers 8-11)
[Layer Freezing] Trainable params: 28,384,555 / 108,924,715 (26.1%)
[Layer Freezing] Training last 4 transformer layers (layers 8-11)
[Layer Freezing] Trainable params: 28,384,555 / 108,924,715 (26.1%)
[Layer Freezing] Training last 4 transformer layers (layers 8-11)
[Layer Freezing] Trainable params: 28,384,555 / 108,924,715 (26.1%)
[Layer Freezing] Training last 4 transformer layers (layers 8-11)
[Layer Freezing] Trainable params: 28,384,555 / 108,924,715 (26.1%)
[Layer Freezing] Training last 4 transformer layers (layers 8-11)
[Layer Freezing] Trainable params: 28,384,555 / 108,924,715 (26.1%)
[Round 17] T=3.91  α_ce=0.91  α_kd=0.09
 Round 17 | F1 0.3247 | P 0.5499 | R 0.2304 | Time 45.6s | Comm N/A | Local Avg F1: 0.2505

=== Round 18/50 ===
[Round 18] KD=ON | policy=prev_global
[Layer Freezing] Training last 4 transformer layers (layers 8-11)
[Layer Freezing] Trainable params: 28,384,555 / 108,924,715 (26.1%)
[Layer Freezing] Training last 4 transformer layers (layers 8-11)
[Layer Freezing] Trainable params: 28,384,555 / 108,924,715 (26.1%)
[Layer Freezing] Training last 4 transformer layers (layers 8-11)
[Layer Freezing] Trainable params: 28,384,555 / 108,924,715 (26.1%)
[Layer Freezing] Training last 4 transformer layers (layers 8-11)
[Layer Freezing] Trainable params: 28,384,555 / 108,924,715 (26.1%)
[Layer Freezing] Training last 4 transformer layers (layers 8-11)
[Layer Freezing] Trainable params: 28,384,555 / 108,924,715 (26.1%)
[Layer Freezing] Training last 4 transformer layers (layers 8-11)
[Layer Freezing] Trainable params: 28,384,555 / 108,924,715 (26.1%)
[Layer Freezing] Training last 4 transformer layers (layers 8-11)
[Layer Freezing] Trainable params: 28,384,555 / 108,924,715 (26.1%)
[Layer Freezing] Training last 4 transformer layers (layers 8-11)
[Layer Freezing] Trainable params: 28,384,555 / 108,924,715 (26.1%)
[Layer Freezing] Training last 4 transformer layers (layers 8-11)
[Layer Freezing] Trainable params: 28,384,555 / 108,924,715 (26.1%)
[Layer Freezing] Training last 4 transformer layers (layers 8-11)
[Layer Freezing] Trainable params: 28,384,555 / 108,924,715 (26.1%)
[Round 18] T=3.83  α_ce=0.90  α_kd=0.10
 Round 18 | F1 0.3415 | P 0.5554 | R 0.2466 | Time 44.6s | Comm N/A | Local Avg F1: 0.2734

=== Round 19/50 ===
[Round 19] KD=ON | policy=prev_global
[Layer Freezing] Training last 4 transformer layers (layers 8-11)
[Layer Freezing] Trainable params: 28,384,555 / 108,924,715 (26.1%)
[Layer Freezing] Training last 4 transformer layers (layers 8-11)
[Layer Freezing] Trainable params: 28,384,555 / 108,924,715 (26.1%)
[Layer Freezing] Training last 4 transformer layers (layers 8-11)
[Layer Freezing] Trainable params: 28,384,555 / 108,924,715 (26.1%)
[Layer Freezing] Training last 4 transformer layers (layers 8-11)
[Layer Freezing] Trainable params: 28,384,555 / 108,924,715 (26.1%)
[Layer Freezing] Training last 4 transformer layers (layers 8-11)
[Layer Freezing] Trainable params: 28,384,555 / 108,924,715 (26.1%)
[Layer Freezing] Training last 4 transformer layers (layers 8-11)
[Layer Freezing] Trainable params: 28,384,555 / 108,924,715 (26.1%)
[Layer Freezing] Training last 4 transformer layers (layers 8-11)
[Layer Freezing] Trainable params: 28,384,555 / 108,924,715 (26.1%)
[Layer Freezing] Training last 4 transformer layers (layers 8-11)
[Layer Freezing] Trainable params: 28,384,555 / 108,924,715 (26.1%)
[Layer Freezing] Training last 4 transformer layers (layers 8-11)
[Layer Freezing] Trainable params: 28,384,555 / 108,924,715 (26.1%)
[Layer Freezing] Training last 4 transformer layers (layers 8-11)
[Layer Freezing] Trainable params: 28,384,555 / 108,924,715 (26.1%)
[Round 19] T=3.76  α_ce=0.89  α_kd=0.11
 Round 19 | F1 0.3370 | P 0.5626 | R 0.2406 | Time 44.5s | Comm N/A | Local Avg F1: 0.2739

=== Round 20/50 ===
[Round 20] KD=ON | policy=prev_global
[Layer Freezing] Training last 4 transformer layers (layers 8-11)
[Layer Freezing] Trainable params: 28,384,555 / 108,924,715 (26.1%)
[Layer Freezing] Training last 4 transformer layers (layers 8-11)
[Layer Freezing] Trainable params: 28,384,555 / 108,924,715 (26.1%)
[Layer Freezing] Training last 4 transformer layers (layers 8-11)
[Layer Freezing] Trainable params: 28,384,555 / 108,924,715 (26.1%)
[Layer Freezing] Training last 4 transformer layers (layers 8-11)
[Layer Freezing] Trainable params: 28,384,555 / 108,924,715 (26.1%)
[Layer Freezing] Training last 4 transformer layers (layers 8-11)
[Layer Freezing] Trainable params: 28,384,555 / 108,924,715 (26.1%)
[Layer Freezing] Training last 4 transformer layers (layers 8-11)
[Layer Freezing] Trainable params: 28,384,555 / 108,924,715 (26.1%)
[Layer Freezing] Training last 4 transformer layers (layers 8-11)
[Layer Freezing] Trainable params: 28,384,555 / 108,924,715 (26.1%)
[Layer Freezing] Training last 4 transformer layers (layers 8-11)
[Layer Freezing] Trainable params: 28,384,555 / 108,924,715 (26.1%)
[Layer Freezing] Training last 4 transformer layers (layers 8-11)
[Layer Freezing] Trainable params: 28,384,555 / 108,924,715 (26.1%)
[Layer Freezing] Training last 4 transformer layers (layers 8-11)
[Layer Freezing] Trainable params: 28,384,555 / 108,924,715 (26.1%)
[Round 20] T=3.69  α_ce=0.89  α_kd=0.11
 Round 20 | F1 0.3725 | P 0.5399 | R 0.2843 | Time 46.5s | Comm N/A | Local Avg F1: 0.3050

=== Round 21/50 ===
[Round 21] KD=ON | policy=prev_global
[Layer Freezing] Training last 4 transformer layers (layers 8-11)
[Layer Freezing] Trainable params: 28,384,555 / 108,924,715 (26.1%)
[Layer Freezing] Training last 4 transformer layers (layers 8-11)
[Layer Freezing] Trainable params: 28,384,555 / 108,924,715 (26.1%)
[Layer Freezing] Training last 4 transformer layers (layers 8-11)
[Layer Freezing] Trainable params: 28,384,555 / 108,924,715 (26.1%)
[Layer Freezing] Training last 4 transformer layers (layers 8-11)
[Layer Freezing] Trainable params: 28,384,555 / 108,924,715 (26.1%)
[Layer Freezing] Training last 4 transformer layers (layers 8-11)
[Layer Freezing] Trainable params: 28,384,555 / 108,924,715 (26.1%)
[Layer Freezing] Training last 4 transformer layers (layers 8-11)
[Layer Freezing] Trainable params: 28,384,555 / 108,924,715 (26.1%)
[Layer Freezing] Training last 4 transformer layers (layers 8-11)
[Layer Freezing] Trainable params: 28,384,555 / 108,924,715 (26.1%)
[Layer Freezing] Training last 4 transformer layers (layers 8-11)
[Layer Freezing] Trainable params: 28,384,555 / 108,924,715 (26.1%)
[Layer Freezing] Training last 4 transformer layers (layers 8-11)
[Layer Freezing] Trainable params: 28,384,555 / 108,924,715 (26.1%)
[Layer Freezing] Training last 4 transformer layers (layers 8-11)
[Layer Freezing] Trainable params: 28,384,555 / 108,924,715 (26.1%)
[Round 21] T=3.61  α_ce=0.88  α_kd=0.12
 Round 21 | F1 0.3700 | P 0.5617 | R 0.2758 | Time 45.7s | Comm N/A | Local Avg F1: 0.3057

=== Round 22/50 ===
[Round 22] KD=ON | policy=prev_global
[Layer Freezing] Training last 4 transformer layers (layers 8-11)
[Layer Freezing] Trainable params: 28,384,555 / 108,924,715 (26.1%)
[Layer Freezing] Training last 4 transformer layers (layers 8-11)
[Layer Freezing] Trainable params: 28,384,555 / 108,924,715 (26.1%)
[Layer Freezing] Training last 4 transformer layers (layers 8-11)
[Layer Freezing] Trainable params: 28,384,555 / 108,924,715 (26.1%)
[Layer Freezing] Training last 4 transformer layers (layers 8-11)
[Layer Freezing] Trainable params: 28,384,555 / 108,924,715 (26.1%)
[Layer Freezing] Training last 4 transformer layers (layers 8-11)
[Layer Freezing] Trainable params: 28,384,555 / 108,924,715 (26.1%)
[Layer Freezing] Training last 4 transformer layers (layers 8-11)
[Layer Freezing] Trainable params: 28,384,555 / 108,924,715 (26.1%)
[Layer Freezing] Training last 4 transformer layers (layers 8-11)
[Layer Freezing] Trainable params: 28,384,555 / 108,924,715 (26.1%)
[Layer Freezing] Training last 4 transformer layers (layers 8-11)
[Layer Freezing] Trainable params: 28,384,555 / 108,924,715 (26.1%)
[Layer Freezing] Training last 4 transformer layers (layers 8-11)
[Layer Freezing] Trainable params: 28,384,555 / 108,924,715 (26.1%)
[Layer Freezing] Training last 4 transformer layers (layers 8-11)
[Layer Freezing] Trainable params: 28,384,555 / 108,924,715 (26.1%)
[Round 22] T=3.54  α_ce=0.88  α_kd=0.12
 Round 22 | F1 0.4004 | P 0.5415 | R 0.3176 | Time 45.5s | Comm N/A | Local Avg F1: 0.3269

=== Round 23/50 ===
[Round 23] KD=ON | policy=prev_global
[Layer Freezing] Training last 4 transformer layers (layers 8-11)
[Layer Freezing] Trainable params: 28,384,555 / 108,924,715 (26.1%)
[Layer Freezing] Training last 4 transformer layers (layers 8-11)
[Layer Freezing] Trainable params: 28,384,555 / 108,924,715 (26.1%)
[Layer Freezing] Training last 4 transformer layers (layers 8-11)
[Layer Freezing] Trainable params: 28,384,555 / 108,924,715 (26.1%)
[Layer Freezing] Training last 4 transformer layers (layers 8-11)
[Layer Freezing] Trainable params: 28,384,555 / 108,924,715 (26.1%)
[Layer Freezing] Training last 4 transformer layers (layers 8-11)
[Layer Freezing] Trainable params: 28,384,555 / 108,924,715 (26.1%)
[Layer Freezing] Training last 4 transformer layers (layers 8-11)
[Layer Freezing] Trainable params: 28,384,555 / 108,924,715 (26.1%)
[Layer Freezing] Training last 4 transformer layers (layers 8-11)
[Layer Freezing] Trainable params: 28,384,555 / 108,924,715 (26.1%)
[Layer Freezing] Training last 4 transformer layers (layers 8-11)
[Layer Freezing] Trainable params: 28,384,555 / 108,924,715 (26.1%)
[Layer Freezing] Training last 4 transformer layers (layers 8-11)
[Layer Freezing] Trainable params: 28,384,555 / 108,924,715 (26.1%)
[Layer Freezing] Training last 4 transformer layers (layers 8-11)
[Layer Freezing] Trainable params: 28,384,555 / 108,924,715 (26.1%)
[Round 23] T=3.47  α_ce=0.87  α_kd=0.13
 Round 23 | F1 0.3833 | P 0.5666 | R 0.2896 | Time 46.6s | Comm N/A | Local Avg F1: 0.3192

=== Round 24/50 ===
[Round 24] KD=ON | policy=prev_global
[Layer Freezing] Training last 4 transformer layers (layers 8-11)
[Layer Freezing] Trainable params: 28,384,555 / 108,924,715 (26.1%)
[Layer Freezing] Training last 4 transformer layers (layers 8-11)
[Layer Freezing] Trainable params: 28,384,555 / 108,924,715 (26.1%)
[Layer Freezing] Training last 4 transformer layers (layers 8-11)
[Layer Freezing] Trainable params: 28,384,555 / 108,924,715 (26.1%)
[Layer Freezing] Training last 4 transformer layers (layers 8-11)
[Layer Freezing] Trainable params: 28,384,555 / 108,924,715 (26.1%)
[Layer Freezing] Training last 4 transformer layers (layers 8-11)
[Layer Freezing] Trainable params: 28,384,555 / 108,924,715 (26.1%)
[Layer Freezing] Training last 4 transformer layers (layers 8-11)
[Layer Freezing] Trainable params: 28,384,555 / 108,924,715 (26.1%)
[Layer Freezing] Training last 4 transformer layers (layers 8-11)
[Layer Freezing] Trainable params: 28,384,555 / 108,924,715 (26.1%)
[Layer Freezing] Training last 4 transformer layers (layers 8-11)
[Layer Freezing] Trainable params: 28,384,555 / 108,924,715 (26.1%)
[Layer Freezing] Training last 4 transformer layers (layers 8-11)
[Layer Freezing] Trainable params: 28,384,555 / 108,924,715 (26.1%)
[Layer Freezing] Training last 4 transformer layers (layers 8-11)
[Layer Freezing] Trainable params: 28,384,555 / 108,924,715 (26.1%)
[Round 24] T=3.40  α_ce=0.86  α_kd=0.14
 Round 24 | F1 0.4039 | P 0.5529 | R 0.3182 | Time 46.1s | Comm N/A | Local Avg F1: 0.3356

=== Round 25/50 ===
[Round 25] KD=ON | policy=prev_global
[Layer Freezing] Training last 4 transformer layers (layers 8-11)
[Layer Freezing] Trainable params: 28,384,555 / 108,924,715 (26.1%)
[Layer Freezing] Training last 4 transformer layers (layers 8-11)
[Layer Freezing] Trainable params: 28,384,555 / 108,924,715 (26.1%)
[Layer Freezing] Training last 4 transformer layers (layers 8-11)
[Layer Freezing] Trainable params: 28,384,555 / 108,924,715 (26.1%)
[Layer Freezing] Training last 4 transformer layers (layers 8-11)
[Layer Freezing] Trainable params: 28,384,555 / 108,924,715 (26.1%)
[Layer Freezing] Training last 4 transformer layers (layers 8-11)
[Layer Freezing] Trainable params: 28,384,555 / 108,924,715 (26.1%)
[Layer Freezing] Training last 4 transformer layers (layers 8-11)
[Layer Freezing] Trainable params: 28,384,555 / 108,924,715 (26.1%)
[Layer Freezing] Training last 4 transformer layers (layers 8-11)
[Layer Freezing] Trainable params: 28,384,555 / 108,924,715 (26.1%)
[Layer Freezing] Training last 4 transformer layers (layers 8-11)
[Layer Freezing] Trainable params: 28,384,555 / 108,924,715 (26.1%)
[Layer Freezing] Training last 4 transformer layers (layers 8-11)
[Layer Freezing] Trainable params: 28,384,555 / 108,924,715 (26.1%)
[Layer Freezing] Training last 4 transformer layers (layers 8-11)
[Layer Freezing] Trainable params: 28,384,555 / 108,924,715 (26.1%)
[Round 25] T=3.32  α_ce=0.86  α_kd=0.14
 Round 25 | F1 0.4164 | P 0.5442 | R 0.3372 | Time 45.6s | Comm N/A | Local Avg F1: 0.3497

=== Round 26/50 ===
[Round 26] KD=ON | policy=prev_global
[Layer Freezing] Training last 4 transformer layers (layers 8-11)
[Layer Freezing] Trainable params: 28,384,555 / 108,924,715 (26.1%)
[Layer Freezing] Training last 4 transformer layers (layers 8-11)
[Layer Freezing] Trainable params: 28,384,555 / 108,924,715 (26.1%)
[Layer Freezing] Training last 4 transformer layers (layers 8-11)
[Layer Freezing] Trainable params: 28,384,555 / 108,924,715 (26.1%)
[Layer Freezing] Training last 4 transformer layers (layers 8-11)
[Layer Freezing] Trainable params: 28,384,555 / 108,924,715 (26.1%)
[Layer Freezing] Training last 4 transformer layers (layers 8-11)
[Layer Freezing] Trainable params: 28,384,555 / 108,924,715 (26.1%)
[Layer Freezing] Training last 4 transformer layers (layers 8-11)
[Layer Freezing] Trainable params: 28,384,555 / 108,924,715 (26.1%)
[Layer Freezing] Training last 4 transformer layers (layers 8-11)
[Layer Freezing] Trainable params: 28,384,555 / 108,924,715 (26.1%)
[Layer Freezing] Training last 4 transformer layers (layers 8-11)
[Layer Freezing] Trainable params: 28,384,555 / 108,924,715 (26.1%)
[Layer Freezing] Training last 4 transformer layers (layers 8-11)
[Layer Freezing] Trainable params: 28,384,555 / 108,924,715 (26.1%)
[Layer Freezing] Training last 4 transformer layers (layers 8-11)
[Layer Freezing] Trainable params: 28,384,555 / 108,924,715 (26.1%)
[Round 26] T=3.25  α_ce=0.85  α_kd=0.15
 Round 26 | F1 0.3909 | P 0.5783 | R 0.2953 | Time 46.6s | Comm N/A | Local Avg F1: 0.3380

=== Round 27/50 ===
[Round 27] KD=ON | policy=prev_global
[Layer Freezing] Training last 4 transformer layers (layers 8-11)
[Layer Freezing] Trainable params: 28,384,555 / 108,924,715 (26.1%)
[Layer Freezing] Training last 4 transformer layers (layers 8-11)
[Layer Freezing] Trainable params: 28,384,555 / 108,924,715 (26.1%)
[Layer Freezing] Training last 4 transformer layers (layers 8-11)
[Layer Freezing] Trainable params: 28,384,555 / 108,924,715 (26.1%)
[Layer Freezing] Training last 4 transformer layers (layers 8-11)
[Layer Freezing] Trainable params: 28,384,555 / 108,924,715 (26.1%)
[Layer Freezing] Training last 4 transformer layers (layers 8-11)
[Layer Freezing] Trainable params: 28,384,555 / 108,924,715 (26.1%)
[Layer Freezing] Training last 4 transformer layers (layers 8-11)
[Layer Freezing] Trainable params: 28,384,555 / 108,924,715 (26.1%)
[Layer Freezing] Training last 4 transformer layers (layers 8-11)
[Layer Freezing] Trainable params: 28,384,555 / 108,924,715 (26.1%)
[Layer Freezing] Training last 4 transformer layers (layers 8-11)
[Layer Freezing] Trainable params: 28,384,555 / 108,924,715 (26.1%)
[Layer Freezing] Training last 4 transformer layers (layers 8-11)
[Layer Freezing] Trainable params: 28,384,555 / 108,924,715 (26.1%)
[Layer Freezing] Training last 4 transformer layers (layers 8-11)
[Layer Freezing] Trainable params: 28,384,555 / 108,924,715 (26.1%)
[Round 27] T=3.18  α_ce=0.84  α_kd=0.16
 Round 27 | F1 0.4069 | P 0.5786 | R 0.3138 | Time 46.1s | Comm N/A | Local Avg F1: 0.3437

=== Round 28/50 ===
[Round 28] KD=ON | policy=prev_global
[Layer Freezing] Training last 4 transformer layers (layers 8-11)
[Layer Freezing] Trainable params: 28,384,555 / 108,924,715 (26.1%)
[Layer Freezing] Training last 4 transformer layers (layers 8-11)
[Layer Freezing] Trainable params: 28,384,555 / 108,924,715 (26.1%)
[Layer Freezing] Training last 4 transformer layers (layers 8-11)
[Layer Freezing] Trainable params: 28,384,555 / 108,924,715 (26.1%)
[Layer Freezing] Training last 4 transformer layers (layers 8-11)
[Layer Freezing] Trainable params: 28,384,555 / 108,924,715 (26.1%)
[Layer Freezing] Training last 4 transformer layers (layers 8-11)
[Layer Freezing] Trainable params: 28,384,555 / 108,924,715 (26.1%)
[Layer Freezing] Training last 4 transformer layers (layers 8-11)
[Layer Freezing] Trainable params: 28,384,555 / 108,924,715 (26.1%)
[Layer Freezing] Training last 4 transformer layers (layers 8-11)
[Layer Freezing] Trainable params: 28,384,555 / 108,924,715 (26.1%)
[Layer Freezing] Training last 4 transformer layers (layers 8-11)
[Layer Freezing] Trainable params: 28,384,555 / 108,924,715 (26.1%)
[Layer Freezing] Training last 4 transformer layers (layers 8-11)
[Layer Freezing] Trainable params: 28,384,555 / 108,924,715 (26.1%)
[Layer Freezing] Training last 4 transformer layers (layers 8-11)
[Layer Freezing] Trainable params: 28,384,555 / 108,924,715 (26.1%)
[Round 28] T=3.10  α_ce=0.84  α_kd=0.16
 Round 28 | F1 0.4090 | P 0.5804 | R 0.3157 | Time 45.0s | Comm N/A | Local Avg F1: 0.3503

=== Round 29/50 ===
[Round 29] KD=ON | policy=prev_global
[Layer Freezing] Training last 4 transformer layers (layers 8-11)
[Layer Freezing] Trainable params: 28,384,555 / 108,924,715 (26.1%)
[Layer Freezing] Training last 4 transformer layers (layers 8-11)
[Layer Freezing] Trainable params: 28,384,555 / 108,924,715 (26.1%)
[Layer Freezing] Training last 4 transformer layers (layers 8-11)
[Layer Freezing] Trainable params: 28,384,555 / 108,924,715 (26.1%)
[Layer Freezing] Training last 4 transformer layers (layers 8-11)
[Layer Freezing] Trainable params: 28,384,555 / 108,924,715 (26.1%)
[Layer Freezing] Training last 4 transformer layers (layers 8-11)
[Layer Freezing] Trainable params: 28,384,555 / 108,924,715 (26.1%)
[Layer Freezing] Training last 4 transformer layers (layers 8-11)
[Layer Freezing] Trainable params: 28,384,555 / 108,924,715 (26.1%)
[Layer Freezing] Training last 4 transformer layers (layers 8-11)
[Layer Freezing] Trainable params: 28,384,555 / 108,924,715 (26.1%)
[Layer Freezing] Training last 4 transformer layers (layers 8-11)
[Layer Freezing] Trainable params: 28,384,555 / 108,924,715 (26.1%)
[Layer Freezing] Training last 4 transformer layers (layers 8-11)
[Layer Freezing] Trainable params: 28,384,555 / 108,924,715 (26.1%)
[Layer Freezing] Training last 4 transformer layers (layers 8-11)
[Layer Freezing] Trainable params: 28,384,555 / 108,924,715 (26.1%)
[Round 29] T=3.03  α_ce=0.83  α_kd=0.17
 Round 29 | F1 0.4223 | P 0.5773 | R 0.3329 | Time 45.4s | Comm N/A | Local Avg F1: 0.3531

=== Round 30/50 ===
[Round 30] KD=ON | policy=prev_global
[Layer Freezing] Training last 4 transformer layers (layers 8-11)
[Layer Freezing] Trainable params: 28,384,555 / 108,924,715 (26.1%)
[Layer Freezing] Training last 4 transformer layers (layers 8-11)
[Layer Freezing] Trainable params: 28,384,555 / 108,924,715 (26.1%)
[Layer Freezing] Training last 4 transformer layers (layers 8-11)
[Layer Freezing] Trainable params: 28,384,555 / 108,924,715 (26.1%)
[Layer Freezing] Training last 4 transformer layers (layers 8-11)
[Layer Freezing] Trainable params: 28,384,555 / 108,924,715 (26.1%)
[Layer Freezing] Training last 4 transformer layers (layers 8-11)
[Layer Freezing] Trainable params: 28,384,555 / 108,924,715 (26.1%)
[Layer Freezing] Training last 4 transformer layers (layers 8-11)
[Layer Freezing] Trainable params: 28,384,555 / 108,924,715 (26.1%)
[Layer Freezing] Training last 4 transformer layers (layers 8-11)
[Layer Freezing] Trainable params: 28,384,555 / 108,924,715 (26.1%)
[Layer Freezing] Training last 4 transformer layers (layers 8-11)
[Layer Freezing] Trainable params: 28,384,555 / 108,924,715 (26.1%)
[Layer Freezing] Training last 4 transformer layers (layers 8-11)
[Layer Freezing] Trainable params: 28,384,555 / 108,924,715 (26.1%)
[Layer Freezing] Training last 4 transformer layers (layers 8-11)
[Layer Freezing] Trainable params: 28,384,555 / 108,924,715 (26.1%)
[Round 30] T=2.96  α_ce=0.82  α_kd=0.18
 Round 30 | F1 0.4260 | P 0.5868 | R 0.3343 | Time 46.1s | Comm N/A | Local Avg F1: 0.3537

=== Round 31/50 ===
[Round 31] KD=ON | policy=prev_global
[Layer Freezing] Training last 4 transformer layers (layers 8-11)
[Layer Freezing] Trainable params: 28,384,555 / 108,924,715 (26.1%)
[Layer Freezing] Training last 4 transformer layers (layers 8-11)
[Layer Freezing] Trainable params: 28,384,555 / 108,924,715 (26.1%)
[Layer Freezing] Training last 4 transformer layers (layers 8-11)
[Layer Freezing] Trainable params: 28,384,555 / 108,924,715 (26.1%)
[Layer Freezing] Training last 4 transformer layers (layers 8-11)
[Layer Freezing] Trainable params: 28,384,555 / 108,924,715 (26.1%)
[Layer Freezing] Training last 4 transformer layers (layers 8-11)
[Layer Freezing] Trainable params: 28,384,555 / 108,924,715 (26.1%)
[Layer Freezing] Training last 4 transformer layers (layers 8-11)
[Layer Freezing] Trainable params: 28,384,555 / 108,924,715 (26.1%)
[Layer Freezing] Training last 4 transformer layers (layers 8-11)
[Layer Freezing] Trainable params: 28,384,555 / 108,924,715 (26.1%)
[Layer Freezing] Training last 4 transformer layers (layers 8-11)
[Layer Freezing] Trainable params: 28,384,555 / 108,924,715 (26.1%)
[Layer Freezing] Training last 4 transformer layers (layers 8-11)
[Layer Freezing] Trainable params: 28,384,555 / 108,924,715 (26.1%)
[Layer Freezing] Training last 4 transformer layers (layers 8-11)
[Layer Freezing] Trainable params: 28,384,555 / 108,924,715 (26.1%)
[Round 31] T=2.89  α_ce=0.82  α_kd=0.18
 Round 31 | F1 0.4193 | P 0.5894 | R 0.3254 | Time 45.2s | Comm N/A | Local Avg F1: 0.3534

=== Round 32/50 ===
[Round 32] KD=ON | policy=prev_global
[Layer Freezing] Training last 4 transformer layers (layers 8-11)
[Layer Freezing] Trainable params: 28,384,555 / 108,924,715 (26.1%)
[Layer Freezing] Training last 4 transformer layers (layers 8-11)
[Layer Freezing] Trainable params: 28,384,555 / 108,924,715 (26.1%)
[Layer Freezing] Training last 4 transformer layers (layers 8-11)
[Layer Freezing] Trainable params: 28,384,555 / 108,924,715 (26.1%)
[Layer Freezing] Training last 4 transformer layers (layers 8-11)
[Layer Freezing] Trainable params: 28,384,555 / 108,924,715 (26.1%)
[Layer Freezing] Training last 4 transformer layers (layers 8-11)
[Layer Freezing] Trainable params: 28,384,555 / 108,924,715 (26.1%)
[Layer Freezing] Training last 4 transformer layers (layers 8-11)
[Layer Freezing] Trainable params: 28,384,555 / 108,924,715 (26.1%)
[Layer Freezing] Training last 4 transformer layers (layers 8-11)
[Layer Freezing] Trainable params: 28,384,555 / 108,924,715 (26.1%)
[Layer Freezing] Training last 4 transformer layers (layers 8-11)
[Layer Freezing] Trainable params: 28,384,555 / 108,924,715 (26.1%)
[Layer Freezing] Training last 4 transformer layers (layers 8-11)
[Layer Freezing] Trainable params: 28,384,555 / 108,924,715 (26.1%)
[Layer Freezing] Training last 4 transformer layers (layers 8-11)
[Layer Freezing] Trainable params: 28,384,555 / 108,924,715 (26.1%)
[Round 32] T=2.81  α_ce=0.81  α_kd=0.19
 Round 32 | F1 0.4250 | P 0.5913 | R 0.3317 | Time 46.1s | Comm N/A | Local Avg F1: 0.3591

=== Round 33/50 ===
[Round 33] KD=ON | policy=prev_global
[Layer Freezing] Training last 4 transformer layers (layers 8-11)
[Layer Freezing] Trainable params: 28,384,555 / 108,924,715 (26.1%)
[Layer Freezing] Training last 4 transformer layers (layers 8-11)
[Layer Freezing] Trainable params: 28,384,555 / 108,924,715 (26.1%)
[Layer Freezing] Training last 4 transformer layers (layers 8-11)
[Layer Freezing] Trainable params: 28,384,555 / 108,924,715 (26.1%)
[Layer Freezing] Training last 4 transformer layers (layers 8-11)
[Layer Freezing] Trainable params: 28,384,555 / 108,924,715 (26.1%)
[Layer Freezing] Training last 4 transformer layers (layers 8-11)
[Layer Freezing] Trainable params: 28,384,555 / 108,924,715 (26.1%)
[Layer Freezing] Training last 4 transformer layers (layers 8-11)
[Layer Freezing] Trainable params: 28,384,555 / 108,924,715 (26.1%)
[Layer Freezing] Training last 4 transformer layers (layers 8-11)
[Layer Freezing] Trainable params: 28,384,555 / 108,924,715 (26.1%)
[Layer Freezing] Training last 4 transformer layers (layers 8-11)
[Layer Freezing] Trainable params: 28,384,555 / 108,924,715 (26.1%)
[Layer Freezing] Training last 4 transformer layers (layers 8-11)
[Layer Freezing] Trainable params: 28,384,555 / 108,924,715 (26.1%)
[Layer Freezing] Training last 4 transformer layers (layers 8-11)
[Layer Freezing] Trainable params: 28,384,555 / 108,924,715 (26.1%)
[Round 33] T=2.74  α_ce=0.81  α_kd=0.19
 Round 33 | F1 0.4311 | P 0.5875 | R 0.3405 | Time 45.8s | Comm N/A | Local Avg F1: 0.3677

=== Round 34/50 ===
[Round 34] KD=ON | policy=prev_global
[Layer Freezing] Training last 4 transformer layers (layers 8-11)
[Layer Freezing] Trainable params: 28,384,555 / 108,924,715 (26.1%)
[Layer Freezing] Training last 4 transformer layers (layers 8-11)
[Layer Freezing] Trainable params: 28,384,555 / 108,924,715 (26.1%)
[Layer Freezing] Training last 4 transformer layers (layers 8-11)
[Layer Freezing] Trainable params: 28,384,555 / 108,924,715 (26.1%)
[Layer Freezing] Training last 4 transformer layers (layers 8-11)
[Layer Freezing] Trainable params: 28,384,555 / 108,924,715 (26.1%)
[Layer Freezing] Training last 4 transformer layers (layers 8-11)
[Layer Freezing] Trainable params: 28,384,555 / 108,924,715 (26.1%)
[Layer Freezing] Training last 4 transformer layers (layers 8-11)
[Layer Freezing] Trainable params: 28,384,555 / 108,924,715 (26.1%)
[Layer Freezing] Training last 4 transformer layers (layers 8-11)
[Layer Freezing] Trainable params: 28,384,555 / 108,924,715 (26.1%)
[Layer Freezing] Training last 4 transformer layers (layers 8-11)
[Layer Freezing] Trainable params: 28,384,555 / 108,924,715 (26.1%)
[Layer Freezing] Training last 4 transformer layers (layers 8-11)
[Layer Freezing] Trainable params: 28,384,555 / 108,924,715 (26.1%)
[Layer Freezing] Training last 4 transformer layers (layers 8-11)
[Layer Freezing] Trainable params: 28,384,555 / 108,924,715 (26.1%)
[Round 34] T=2.67  α_ce=0.80  α_kd=0.20
 Round 34 | F1 0.4507 | P 0.5749 | R 0.3707 | Time 45.8s | Comm N/A | Local Avg F1: 0.3797

=== Round 35/50 ===
[Round 35] KD=ON | policy=prev_global
[Layer Freezing] Training last 4 transformer layers (layers 8-11)
[Layer Freezing] Trainable params: 28,384,555 / 108,924,715 (26.1%)
[Layer Freezing] Training last 4 transformer layers (layers 8-11)
[Layer Freezing] Trainable params: 28,384,555 / 108,924,715 (26.1%)
[Layer Freezing] Training last 4 transformer layers (layers 8-11)
[Layer Freezing] Trainable params: 28,384,555 / 108,924,715 (26.1%)
[Layer Freezing] Training last 4 transformer layers (layers 8-11)
[Layer Freezing] Trainable params: 28,384,555 / 108,924,715 (26.1%)
[Layer Freezing] Training last 4 transformer layers (layers 8-11)
[Layer Freezing] Trainable params: 28,384,555 / 108,924,715 (26.1%)
[Layer Freezing] Training last 4 transformer layers (layers 8-11)
[Layer Freezing] Trainable params: 28,384,555 / 108,924,715 (26.1%)
[Layer Freezing] Training last 4 transformer layers (layers 8-11)
[Layer Freezing] Trainable params: 28,384,555 / 108,924,715 (26.1%)
[Layer Freezing] Training last 4 transformer layers (layers 8-11)
[Layer Freezing] Trainable params: 28,384,555 / 108,924,715 (26.1%)
[Layer Freezing] Training last 4 transformer layers (layers 8-11)
[Layer Freezing] Trainable params: 28,384,555 / 108,924,715 (26.1%)
[Layer Freezing] Training last 4 transformer layers (layers 8-11)
[Layer Freezing] Trainable params: 28,384,555 / 108,924,715 (26.1%)
[Round 35] T=2.59  α_ce=0.79  α_kd=0.21
 Round 35 | F1 0.4450 | P 0.5895 | R 0.3574 | Time 45.8s | Comm N/A | Local Avg F1: 0.3778

=== Round 36/50 ===
[Round 36] KD=ON | policy=prev_global
[Layer Freezing] Training last 4 transformer layers (layers 8-11)
[Layer Freezing] Trainable params: 28,384,555 / 108,924,715 (26.1%)
[Layer Freezing] Training last 4 transformer layers (layers 8-11)
[Layer Freezing] Trainable params: 28,384,555 / 108,924,715 (26.1%)
[Layer Freezing] Training last 4 transformer layers (layers 8-11)
[Layer Freezing] Trainable params: 28,384,555 / 108,924,715 (26.1%)
[Layer Freezing] Training last 4 transformer layers (layers 8-11)
[Layer Freezing] Trainable params: 28,384,555 / 108,924,715 (26.1%)
[Layer Freezing] Training last 4 transformer layers (layers 8-11)
[Layer Freezing] Trainable params: 28,384,555 / 108,924,715 (26.1%)
[Layer Freezing] Training last 4 transformer layers (layers 8-11)
[Layer Freezing] Trainable params: 28,384,555 / 108,924,715 (26.1%)
[Layer Freezing] Training last 4 transformer layers (layers 8-11)
[Layer Freezing] Trainable params: 28,384,555 / 108,924,715 (26.1%)
[Layer Freezing] Training last 4 transformer layers (layers 8-11)
[Layer Freezing] Trainable params: 28,384,555 / 108,924,715 (26.1%)
[Layer Freezing] Training last 4 transformer layers (layers 8-11)
[Layer Freezing] Trainable params: 28,384,555 / 108,924,715 (26.1%)
[Layer Freezing] Training last 4 transformer layers (layers 8-11)
[Layer Freezing] Trainable params: 28,384,555 / 108,924,715 (26.1%)
[Round 36] T=2.52  α_ce=0.79  α_kd=0.21
 Round 36 | F1 0.4469 | P 0.5914 | R 0.3592 | Time 46.6s | Comm N/A | Local Avg F1: 0.3821

=== Round 37/50 ===
[Round 37] KD=ON | policy=prev_global
[Layer Freezing] Training last 4 transformer layers (layers 8-11)
[Layer Freezing] Trainable params: 28,384,555 / 108,924,715 (26.1%)
[Layer Freezing] Training last 4 transformer layers (layers 8-11)
[Layer Freezing] Trainable params: 28,384,555 / 108,924,715 (26.1%)
[Layer Freezing] Training last 4 transformer layers (layers 8-11)
[Layer Freezing] Trainable params: 28,384,555 / 108,924,715 (26.1%)
[Layer Freezing] Training last 4 transformer layers (layers 8-11)
[Layer Freezing] Trainable params: 28,384,555 / 108,924,715 (26.1%)
[Layer Freezing] Training last 4 transformer layers (layers 8-11)
[Layer Freezing] Trainable params: 28,384,555 / 108,924,715 (26.1%)
[Layer Freezing] Training last 4 transformer layers (layers 8-11)
[Layer Freezing] Trainable params: 28,384,555 / 108,924,715 (26.1%)
[Layer Freezing] Training last 4 transformer layers (layers 8-11)
[Layer Freezing] Trainable params: 28,384,555 / 108,924,715 (26.1%)
[Layer Freezing] Training last 4 transformer layers (layers 8-11)
[Layer Freezing] Trainable params: 28,384,555 / 108,924,715 (26.1%)
[Layer Freezing] Training last 4 transformer layers (layers 8-11)
[Layer Freezing] Trainable params: 28,384,555 / 108,924,715 (26.1%)
[Layer Freezing] Training last 4 transformer layers (layers 8-11)
[Layer Freezing] Trainable params: 28,384,555 / 108,924,715 (26.1%)
[Round 37] T=2.45  α_ce=0.78  α_kd=0.22
 Round 37 | F1 0.4530 | P 0.5957 | R 0.3654 | Time 45.4s | Comm N/A | Local Avg F1: 0.3852

=== Round 38/50 ===
[Round 38] KD=ON | policy=prev_global
[Layer Freezing] Training last 4 transformer layers (layers 8-11)
[Layer Freezing] Trainable params: 28,384,555 / 108,924,715 (26.1%)
[Layer Freezing] Training last 4 transformer layers (layers 8-11)
[Layer Freezing] Trainable params: 28,384,555 / 108,924,715 (26.1%)
[Layer Freezing] Training last 4 transformer layers (layers 8-11)
[Layer Freezing] Trainable params: 28,384,555 / 108,924,715 (26.1%)
[Layer Freezing] Training last 4 transformer layers (layers 8-11)
[Layer Freezing] Trainable params: 28,384,555 / 108,924,715 (26.1%)
[Layer Freezing] Training last 4 transformer layers (layers 8-11)
[Layer Freezing] Trainable params: 28,384,555 / 108,924,715 (26.1%)
[Layer Freezing] Training last 4 transformer layers (layers 8-11)
[Layer Freezing] Trainable params: 28,384,555 / 108,924,715 (26.1%)
[Layer Freezing] Training last 4 transformer layers (layers 8-11)
[Layer Freezing] Trainable params: 28,384,555 / 108,924,715 (26.1%)
[Layer Freezing] Training last 4 transformer layers (layers 8-11)
[Layer Freezing] Trainable params: 28,384,555 / 108,924,715 (26.1%)
[Layer Freezing] Training last 4 transformer layers (layers 8-11)
[Layer Freezing] Trainable params: 28,384,555 / 108,924,715 (26.1%)
[Layer Freezing] Training last 4 transformer layers (layers 8-11)
[Layer Freezing] Trainable params: 28,384,555 / 108,924,715 (26.1%)
[Round 38] T=2.38  α_ce=0.77  α_kd=0.22
 Round 38 | F1 0.4557 | P 0.5945 | R 0.3695 | Time 45.1s | Comm N/A | Local Avg F1: 0.3882

=== Round 39/50 ===
[Round 39] KD=ON | policy=prev_global
[Layer Freezing] Training last 4 transformer layers (layers 8-11)
[Layer Freezing] Trainable params: 28,384,555 / 108,924,715 (26.1%)
[Layer Freezing] Training last 4 transformer layers (layers 8-11)
[Layer Freezing] Trainable params: 28,384,555 / 108,924,715 (26.1%)
[Layer Freezing] Training last 4 transformer layers (layers 8-11)
[Layer Freezing] Trainable params: 28,384,555 / 108,924,715 (26.1%)
[Layer Freezing] Training last 4 transformer layers (layers 8-11)
[Layer Freezing] Trainable params: 28,384,555 / 108,924,715 (26.1%)
[Layer Freezing] Training last 4 transformer layers (layers 8-11)
[Layer Freezing] Trainable params: 28,384,555 / 108,924,715 (26.1%)
[Layer Freezing] Training last 4 transformer layers (layers 8-11)
[Layer Freezing] Trainable params: 28,384,555 / 108,924,715 (26.1%)
[Layer Freezing] Training last 4 transformer layers (layers 8-11)
[Layer Freezing] Trainable params: 28,384,555 / 108,924,715 (26.1%)
[Layer Freezing] Training last 4 transformer layers (layers 8-11)
[Layer Freezing] Trainable params: 28,384,555 / 108,924,715 (26.1%)
[Layer Freezing] Training last 4 transformer layers (layers 8-11)
[Layer Freezing] Trainable params: 28,384,555 / 108,924,715 (26.1%)
[Layer Freezing] Training last 4 transformer layers (layers 8-11)
[Layer Freezing] Trainable params: 28,384,555 / 108,924,715 (26.1%)
[Round 39] T=2.30  α_ce=0.77  α_kd=0.23
 Round 39 | F1 0.4669 | P 0.5891 | R 0.3867 | Time 45.6s | Comm N/A | Local Avg F1: 0.3973

=== Round 40/50 ===
[Round 40] KD=ON | policy=prev_global
[Layer Freezing] Training last 4 transformer layers (layers 8-11)
[Layer Freezing] Trainable params: 28,384,555 / 108,924,715 (26.1%)
[Layer Freezing] Training last 4 transformer layers (layers 8-11)
[Layer Freezing] Trainable params: 28,384,555 / 108,924,715 (26.1%)
[Layer Freezing] Training last 4 transformer layers (layers 8-11)
[Layer Freezing] Trainable params: 28,384,555 / 108,924,715 (26.1%)
[Layer Freezing] Training last 4 transformer layers (layers 8-11)
[Layer Freezing] Trainable params: 28,384,555 / 108,924,715 (26.1%)
[Layer Freezing] Training last 4 transformer layers (layers 8-11)
[Layer Freezing] Trainable params: 28,384,555 / 108,924,715 (26.1%)
[Layer Freezing] Training last 4 transformer layers (layers 8-11)
[Layer Freezing] Trainable params: 28,384,555 / 108,924,715 (26.1%)
[Layer Freezing] Training last 4 transformer layers (layers 8-11)
[Layer Freezing] Trainable params: 28,384,555 / 108,924,715 (26.1%)
[Layer Freezing] Training last 4 transformer layers (layers 8-11)
[Layer Freezing] Trainable params: 28,384,555 / 108,924,715 (26.1%)
[Layer Freezing] Training last 4 transformer layers (layers 8-11)
[Layer Freezing] Trainable params: 28,384,555 / 108,924,715 (26.1%)
[Layer Freezing] Training last 4 transformer layers (layers 8-11)
[Layer Freezing] Trainable params: 28,384,555 / 108,924,715 (26.1%)
[Round 40] T=2.23  α_ce=0.76  α_kd=0.24
 Round 40 | F1 0.4619 | P 0.5985 | R 0.3760 | Time 45.8s | Comm N/A | Local Avg F1: 0.3922

=== Round 41/50 ===
[Round 41] KD=ON | policy=prev_global
[Layer Freezing] Training last 4 transformer layers (layers 8-11)
[Layer Freezing] Trainable params: 28,384,555 / 108,924,715 (26.1%)
[Layer Freezing] Training last 4 transformer layers (layers 8-11)
[Layer Freezing] Trainable params: 28,384,555 / 108,924,715 (26.1%)
[Layer Freezing] Training last 4 transformer layers (layers 8-11)
[Layer Freezing] Trainable params: 28,384,555 / 108,924,715 (26.1%)
[Layer Freezing] Training last 4 transformer layers (layers 8-11)
[Layer Freezing] Trainable params: 28,384,555 / 108,924,715 (26.1%)
[Layer Freezing] Training last 4 transformer layers (layers 8-11)
[Layer Freezing] Trainable params: 28,384,555 / 108,924,715 (26.1%)
[Layer Freezing] Training last 4 transformer layers (layers 8-11)
[Layer Freezing] Trainable params: 28,384,555 / 108,924,715 (26.1%)
[Layer Freezing] Training last 4 transformer layers (layers 8-11)
[Layer Freezing] Trainable params: 28,384,555 / 108,924,715 (26.1%)
[Layer Freezing] Training last 4 transformer layers (layers 8-11)
[Layer Freezing] Trainable params: 28,384,555 / 108,924,715 (26.1%)
[Layer Freezing] Training last 4 transformer layers (layers 8-11)
[Layer Freezing] Trainable params: 28,384,555 / 108,924,715 (26.1%)
[Layer Freezing] Training last 4 transformer layers (layers 8-11)
[Layer Freezing] Trainable params: 28,384,555 / 108,924,715 (26.1%)
[Round 41] T=2.16  α_ce=0.76  α_kd=0.24
 Round 41 | F1 0.4695 | P 0.5907 | R 0.3896 | Time 45.4s | Comm N/A | Local Avg F1: 0.3985

=== Round 42/50 ===
[Round 42] KD=ON | policy=prev_global
[Layer Freezing] Training last 4 transformer layers (layers 8-11)
[Layer Freezing] Trainable params: 28,384,555 / 108,924,715 (26.1%)
[Layer Freezing] Training last 4 transformer layers (layers 8-11)
[Layer Freezing] Trainable params: 28,384,555 / 108,924,715 (26.1%)
[Layer Freezing] Training last 4 transformer layers (layers 8-11)
[Layer Freezing] Trainable params: 28,384,555 / 108,924,715 (26.1%)
[Layer Freezing] Training last 4 transformer layers (layers 8-11)
[Layer Freezing] Trainable params: 28,384,555 / 108,924,715 (26.1%)
[Layer Freezing] Training last 4 transformer layers (layers 8-11)
[Layer Freezing] Trainable params: 28,384,555 / 108,924,715 (26.1%)
[Layer Freezing] Training last 4 transformer layers (layers 8-11)
[Layer Freezing] Trainable params: 28,384,555 / 108,924,715 (26.1%)
[Layer Freezing] Training last 4 transformer layers (layers 8-11)
[Layer Freezing] Trainable params: 28,384,555 / 108,924,715 (26.1%)
[Layer Freezing] Training last 4 transformer layers (layers 8-11)
[Layer Freezing] Trainable params: 28,384,555 / 108,924,715 (26.1%)
[Layer Freezing] Training last 4 transformer layers (layers 8-11)
[Layer Freezing] Trainable params: 28,384,555 / 108,924,715 (26.1%)
[Layer Freezing] Training last 4 transformer layers (layers 8-11)
[Layer Freezing] Trainable params: 28,384,555 / 108,924,715 (26.1%)
[Round 42] T=2.08  α_ce=0.75  α_kd=0.25
 Round 42 | F1 0.4733 | P 0.5989 | R 0.3912 | Time 46.4s | Comm N/A | Local Avg F1: 0.3971

=== Round 43/50 ===
[Round 43] KD=ON | policy=prev_global
[Layer Freezing] Training last 4 transformer layers (layers 8-11)
[Layer Freezing] Trainable params: 28,384,555 / 108,924,715 (26.1%)
[Layer Freezing] Training last 4 transformer layers (layers 8-11)
[Layer Freezing] Trainable params: 28,384,555 / 108,924,715 (26.1%)
[Layer Freezing] Training last 4 transformer layers (layers 8-11)
[Layer Freezing] Trainable params: 28,384,555 / 108,924,715 (26.1%)
[Layer Freezing] Training last 4 transformer layers (layers 8-11)
[Layer Freezing] Trainable params: 28,384,555 / 108,924,715 (26.1%)
[Layer Freezing] Training last 4 transformer layers (layers 8-11)
[Layer Freezing] Trainable params: 28,384,555 / 108,924,715 (26.1%)
[Layer Freezing] Training last 4 transformer layers (layers 8-11)
[Layer Freezing] Trainable params: 28,384,555 / 108,924,715 (26.1%)
[Layer Freezing] Training last 4 transformer layers (layers 8-11)
[Layer Freezing] Trainable params: 28,384,555 / 108,924,715 (26.1%)
[Layer Freezing] Training last 4 transformer layers (layers 8-11)
[Layer Freezing] Trainable params: 28,384,555 / 108,924,715 (26.1%)
[Layer Freezing] Training last 4 transformer layers (layers 8-11)
[Layer Freezing] Trainable params: 28,384,555 / 108,924,715 (26.1%)
[Layer Freezing] Training last 4 transformer layers (layers 8-11)
[Layer Freezing] Trainable params: 28,384,555 / 108,924,715 (26.1%)
[Round 43] T=2.01  α_ce=0.74  α_kd=0.26
 Round 43 | F1 0.4721 | P 0.6080 | R 0.3859 | Time 45.5s | Comm N/A | Local Avg F1: 0.3965

=== Round 44/50 ===
[Round 44] KD=ON | policy=prev_global
[Layer Freezing] Training last 4 transformer layers (layers 8-11)
[Layer Freezing] Trainable params: 28,384,555 / 108,924,715 (26.1%)
[Layer Freezing] Training last 4 transformer layers (layers 8-11)
[Layer Freezing] Trainable params: 28,384,555 / 108,924,715 (26.1%)
[Layer Freezing] Training last 4 transformer layers (layers 8-11)
[Layer Freezing] Trainable params: 28,384,555 / 108,924,715 (26.1%)
[Layer Freezing] Training last 4 transformer layers (layers 8-11)
[Layer Freezing] Trainable params: 28,384,555 / 108,924,715 (26.1%)
[Layer Freezing] Training last 4 transformer layers (layers 8-11)
[Layer Freezing] Trainable params: 28,384,555 / 108,924,715 (26.1%)
[Layer Freezing] Training last 4 transformer layers (layers 8-11)
[Layer Freezing] Trainable params: 28,384,555 / 108,924,715 (26.1%)
[Layer Freezing] Training last 4 transformer layers (layers 8-11)
[Layer Freezing] Trainable params: 28,384,555 / 108,924,715 (26.1%)
[Layer Freezing] Training last 4 transformer layers (layers 8-11)
[Layer Freezing] Trainable params: 28,384,555 / 108,924,715 (26.1%)
[Layer Freezing] Training last 4 transformer layers (layers 8-11)
[Layer Freezing] Trainable params: 28,384,555 / 108,924,715 (26.1%)
[Layer Freezing] Training last 4 transformer layers (layers 8-11)
[Layer Freezing] Trainable params: 28,384,555 / 108,924,715 (26.1%)
[Round 44] T=1.94  α_ce=0.74  α_kd=0.26
 Round 44 | F1 0.4769 | P 0.6001 | R 0.3957 | Time 45.5s | Comm N/A | Local Avg F1: 0.4059

=== Round 45/50 ===
[Round 45] KD=ON | policy=prev_global
[Layer Freezing] Training last 4 transformer layers (layers 8-11)
[Layer Freezing] Trainable params: 28,384,555 / 108,924,715 (26.1%)
[Layer Freezing] Training last 4 transformer layers (layers 8-11)
[Layer Freezing] Trainable params: 28,384,555 / 108,924,715 (26.1%)
[Layer Freezing] Training last 4 transformer layers (layers 8-11)
[Layer Freezing] Trainable params: 28,384,555 / 108,924,715 (26.1%)
[Layer Freezing] Training last 4 transformer layers (layers 8-11)
[Layer Freezing] Trainable params: 28,384,555 / 108,924,715 (26.1%)
[Layer Freezing] Training last 4 transformer layers (layers 8-11)
[Layer Freezing] Trainable params: 28,384,555 / 108,924,715 (26.1%)
[Layer Freezing] Training last 4 transformer layers (layers 8-11)
[Layer Freezing] Trainable params: 28,384,555 / 108,924,715 (26.1%)
[Layer Freezing] Training last 4 transformer layers (layers 8-11)
[Layer Freezing] Trainable params: 28,384,555 / 108,924,715 (26.1%)
[Layer Freezing] Training last 4 transformer layers (layers 8-11)
[Layer Freezing] Trainable params: 28,384,555 / 108,924,715 (26.1%)
[Layer Freezing] Training last 4 transformer layers (layers 8-11)
[Layer Freezing] Trainable params: 28,384,555 / 108,924,715 (26.1%)
[Layer Freezing] Training last 4 transformer layers (layers 8-11)
[Layer Freezing] Trainable params: 28,384,555 / 108,924,715 (26.1%)
[Round 45] T=1.86  α_ce=0.73  α_kd=0.27
 Round 45 | F1 0.4812 | P 0.6028 | R 0.4004 | Time 46.1s | Comm N/A | Local Avg F1: 0.4062

=== Round 46/50 ===
[Round 46] KD=ON | policy=prev_global
[Layer Freezing] Training last 4 transformer layers (layers 8-11)
[Layer Freezing] Trainable params: 28,384,555 / 108,924,715 (26.1%)
[Layer Freezing] Training last 4 transformer layers (layers 8-11)
[Layer Freezing] Trainable params: 28,384,555 / 108,924,715 (26.1%)
[Layer Freezing] Training last 4 transformer layers (layers 8-11)
[Layer Freezing] Trainable params: 28,384,555 / 108,924,715 (26.1%)
[Layer Freezing] Training last 4 transformer layers (layers 8-11)
[Layer Freezing] Trainable params: 28,384,555 / 108,924,715 (26.1%)
[Layer Freezing] Training last 4 transformer layers (layers 8-11)
[Layer Freezing] Trainable params: 28,384,555 / 108,924,715 (26.1%)
[Layer Freezing] Training last 4 transformer layers (layers 8-11)
[Layer Freezing] Trainable params: 28,384,555 / 108,924,715 (26.1%)
[Layer Freezing] Training last 4 transformer layers (layers 8-11)
[Layer Freezing] Trainable params: 28,384,555 / 108,924,715 (26.1%)
[Layer Freezing] Training last 4 transformer layers (layers 8-11)
[Layer Freezing] Trainable params: 28,384,555 / 108,924,715 (26.1%)
[Layer Freezing] Training last 4 transformer layers (layers 8-11)
[Layer Freezing] Trainable params: 28,384,555 / 108,924,715 (26.1%)
[Layer Freezing] Training last 4 transformer layers (layers 8-11)
[Layer Freezing] Trainable params: 28,384,555 / 108,924,715 (26.1%)
[Round 46] T=1.79  α_ce=0.72  α_kd=0.27
 Round 46 | F1 0.4758 | P 0.6110 | R 0.3896 | Time 44.7s | Comm N/A | Local Avg F1: 0.4030

=== Round 47/50 ===
[Round 47] KD=ON | policy=prev_global
[Layer Freezing] Training last 4 transformer layers (layers 8-11)
[Layer Freezing] Trainable params: 28,384,555 / 108,924,715 (26.1%)
[Layer Freezing] Training last 4 transformer layers (layers 8-11)
[Layer Freezing] Trainable params: 28,384,555 / 108,924,715 (26.1%)
[Layer Freezing] Training last 4 transformer layers (layers 8-11)
[Layer Freezing] Trainable params: 28,384,555 / 108,924,715 (26.1%)
[Layer Freezing] Training last 4 transformer layers (layers 8-11)
[Layer Freezing] Trainable params: 28,384,555 / 108,924,715 (26.1%)
[Layer Freezing] Training last 4 transformer layers (layers 8-11)
[Layer Freezing] Trainable params: 28,384,555 / 108,924,715 (26.1%)
[Layer Freezing] Training last 4 transformer layers (layers 8-11)
[Layer Freezing] Trainable params: 28,384,555 / 108,924,715 (26.1%)
[Layer Freezing] Training last 4 transformer layers (layers 8-11)
[Layer Freezing] Trainable params: 28,384,555 / 108,924,715 (26.1%)
[Layer Freezing] Training last 4 transformer layers (layers 8-11)
[Layer Freezing] Trainable params: 28,384,555 / 108,924,715 (26.1%)
[Layer Freezing] Training last 4 transformer layers (layers 8-11)
[Layer Freezing] Trainable params: 28,384,555 / 108,924,715 (26.1%)
[Layer Freezing] Training last 4 transformer layers (layers 8-11)
[Layer Freezing] Trainable params: 28,384,555 / 108,924,715 (26.1%)
[Round 47] T=1.72  α_ce=0.72  α_kd=0.28
 Round 47 | F1 0.4846 | P 0.5962 | R 0.4083 | Time 45.5s | Comm N/A | Local Avg F1: 0.4090

=== Round 48/50 ===
[Round 48] KD=ON | policy=prev_global
[Layer Freezing] Training last 4 transformer layers (layers 8-11)
[Layer Freezing] Trainable params: 28,384,555 / 108,924,715 (26.1%)
[Layer Freezing] Training last 4 transformer layers (layers 8-11)
[Layer Freezing] Trainable params: 28,384,555 / 108,924,715 (26.1%)
[Layer Freezing] Training last 4 transformer layers (layers 8-11)
[Layer Freezing] Trainable params: 28,384,555 / 108,924,715 (26.1%)
[Layer Freezing] Training last 4 transformer layers (layers 8-11)
[Layer Freezing] Trainable params: 28,384,555 / 108,924,715 (26.1%)
[Layer Freezing] Training last 4 transformer layers (layers 8-11)
[Layer Freezing] Trainable params: 28,384,555 / 108,924,715 (26.1%)
[Layer Freezing] Training last 4 transformer layers (layers 8-11)
[Layer Freezing] Trainable params: 28,384,555 / 108,924,715 (26.1%)
[Layer Freezing] Training last 4 transformer layers (layers 8-11)
[Layer Freezing] Trainable params: 28,384,555 / 108,924,715 (26.1%)
[Layer Freezing] Training last 4 transformer layers (layers 8-11)
[Layer Freezing] Trainable params: 28,384,555 / 108,924,715 (26.1%)
[Layer Freezing] Training last 4 transformer layers (layers 8-11)
[Layer Freezing] Trainable params: 28,384,555 / 108,924,715 (26.1%)
[Layer Freezing] Training last 4 transformer layers (layers 8-11)
[Layer Freezing] Trainable params: 28,384,555 / 108,924,715 (26.1%)
[Round 48] T=1.65  α_ce=0.71  α_kd=0.29
 Round 48 | F1 0.4901 | P 0.5876 | R 0.4203 | Time 46.3s | Comm N/A | Local Avg F1: 0.4201

=== Round 49/50 ===
[Round 49] KD=ON | policy=prev_global
[Layer Freezing] Training last 4 transformer layers (layers 8-11)
[Layer Freezing] Trainable params: 28,384,555 / 108,924,715 (26.1%)
[Layer Freezing] Training last 4 transformer layers (layers 8-11)
[Layer Freezing] Trainable params: 28,384,555 / 108,924,715 (26.1%)
[Layer Freezing] Training last 4 transformer layers (layers 8-11)
[Layer Freezing] Trainable params: 28,384,555 / 108,924,715 (26.1%)
[Layer Freezing] Training last 4 transformer layers (layers 8-11)
[Layer Freezing] Trainable params: 28,384,555 / 108,924,715 (26.1%)
[Layer Freezing] Training last 4 transformer layers (layers 8-11)
[Layer Freezing] Trainable params: 28,384,555 / 108,924,715 (26.1%)
[Layer Freezing] Training last 4 transformer layers (layers 8-11)
[Layer Freezing] Trainable params: 28,384,555 / 108,924,715 (26.1%)
[Layer Freezing] Training last 4 transformer layers (layers 8-11)
[Layer Freezing] Trainable params: 28,384,555 / 108,924,715 (26.1%)
[Layer Freezing] Training last 4 transformer layers (layers 8-11)
[Layer Freezing] Trainable params: 28,384,555 / 108,924,715 (26.1%)
[Layer Freezing] Training last 4 transformer layers (layers 8-11)
[Layer Freezing] Trainable params: 28,384,555 / 108,924,715 (26.1%)
[Layer Freezing] Training last 4 transformer layers (layers 8-11)
[Layer Freezing] Trainable params: 28,384,555 / 108,924,715 (26.1%)
[Round 49] T=1.57  α_ce=0.71  α_kd=0.29
 Round 49 | F1 0.4806 | P 0.6036 | R 0.3993 | Time 44.7s | Comm N/A | Local Avg F1: 0.4119

=== Round 50/50 ===
[Round 50] KD=ON | policy=prev_global
[Layer Freezing] Training last 4 transformer layers (layers 8-11)
[Layer Freezing] Trainable params: 28,384,555 / 108,924,715 (26.1%)
[Layer Freezing] Training last 4 transformer layers (layers 8-11)
[Layer Freezing] Trainable params: 28,384,555 / 108,924,715 (26.1%)
[Layer Freezing] Training last 4 transformer layers (layers 8-11)
[Layer Freezing] Trainable params: 28,384,555 / 108,924,715 (26.1%)
[Layer Freezing] Training last 4 transformer layers (layers 8-11)
[Layer Freezing] Trainable params: 28,384,555 / 108,924,715 (26.1%)
[Layer Freezing] Training last 4 transformer layers (layers 8-11)
[Layer Freezing] Trainable params: 28,384,555 / 108,924,715 (26.1%)
[Layer Freezing] Training last 4 transformer layers (layers 8-11)
[Layer Freezing] Trainable params: 28,384,555 / 108,924,715 (26.1%)
[Layer Freezing] Training last 4 transformer layers (layers 8-11)
[Layer Freezing] Trainable params: 28,384,555 / 108,924,715 (26.1%)
[Layer Freezing] Training last 4 transformer layers (layers 8-11)
[Layer Freezing] Trainable params: 28,384,555 / 108,924,715 (26.1%)
[Layer Freezing] Training last 4 transformer layers (layers 8-11)
[Layer Freezing] Trainable params: 28,384,555 / 108,924,715 (26.1%)
[Layer Freezing] Training last 4 transformer layers (layers 8-11)
[Layer Freezing] Trainable params: 28,384,555 / 108,924,715 (26.1%)
[Round 50] T=1.50  α_ce=0.70  α_kd=0.30
 Round 50 | F1 0.4879 | P 0.6058 | R 0.4085 | Time 45.4s | Comm N/A | Local Avg F1: 0.4172
[save_json] Saved: results/FedSAD_20250820_183118/fed_results.json
[save_json] Backup: results/FedSAD_20250820_183118/fed_results_20250820_190914.json
== FedSAD 0.01==
📁 从本地加载模型: /root/autodl-tmp/new/fedner/models/microsoft_BiomedNLP-PubMedBERT-base-uncased-abstract
Some weights of BertForTokenClassification were not initialized from the model checkpoint at /root/autodl-tmp/new/fedner/models/microsoft_BiomedNLP-PubMedBERT-base-uncased-abstract and are newly initialized because the shapes did not match:
- classifier.bias: found shape torch.Size([2]) in the checkpoint and torch.Size([43]) in the model instantiated
- classifier.weight: found shape torch.Size([2, 768]) in the checkpoint and torch.Size([43, 768]) in the model instantiated
You should probably TRAIN this model on a down-stream task to be able to use it for predictions and inference.
Using device: cuda
📁 从本地加载模型: /root/autodl-tmp/new/fedner/models/microsoft_BiomedNLP-PubMedBERT-base-uncased-abstract
Some weights of BertForTokenClassification were not initialized from the model checkpoint at /root/autodl-tmp/new/fedner/models/microsoft_BiomedNLP-PubMedBERT-base-uncased-abstract and are newly initialized because the shapes did not match:
- classifier.bias: found shape torch.Size([2]) in the checkpoint and torch.Size([43]) in the model instantiated
- classifier.weight: found shape torch.Size([2, 768]) in the checkpoint and torch.Size([43, 768]) in the model instantiated
You should probably TRAIN this model on a down-stream task to be able to use it for predictions and inference.

============================================================
EXPERIMENT CONFIGURATION
============================================================
Algorithm: FedSAD | Clients: 10 (100% per round) | Rounds: 50, Local epochs: 2 | Training: Last 4 layers | Sampling: 200 samples per client (random) | Data: Non-IID (α=0.01)
------------------------------------------------------------
Algorithm-specific parameters for FedSAD:
  - use_distillation: True
  - kd_start_round: 2
  - teacher_policy: ema_first
  - temperature_start: 2.0, temperature_end: 2.0
  - alpha_ce_start: 1.0, alpha_ce_end: 1.0
  - alpha_kd_start: 1.0, alpha_kd_end: 1.0
  - hidden_distill: False, alpha_hidden: 0.0
  - o_downweight: 1.0
============================================================

Model initialized: 108,924,715/108,924,715 trainable params (100.0%)

=== Round 1/50 ===
[Round 1] KD=OFF | policy=ema_first
[Layer Freezing] Training last 4 transformer layers (layers 8-11)
[Layer Freezing] Trainable params: 28,384,555 / 108,924,715 (26.1%)
/root/miniconda3/lib/python3.12/site-packages/torch/nn/modules/module.py:1762: FutureWarning: `encoder_attention_mask` is deprecated and will be removed in version 4.55.0 for `BertSdpaSelfAttention.forward`.
  return forward_call(*args, **kwargs)
[Layer Freezing] Training last 4 transformer layers (layers 8-11)
[Layer Freezing] Trainable params: 28,384,555 / 108,924,715 (26.1%)
[Layer Freezing] Training last 4 transformer layers (layers 8-11)
[Layer Freezing] Trainable params: 28,384,555 / 108,924,715 (26.1%)
[Layer Freezing] Training last 4 transformer layers (layers 8-11)
[Layer Freezing] Trainable params: 28,384,555 / 108,924,715 (26.1%)
[Layer Freezing] Training last 4 transformer layers (layers 8-11)
[Layer Freezing] Trainable params: 28,384,555 / 108,924,715 (26.1%)
[Layer Freezing] Training last 4 transformer layers (layers 8-11)
[Layer Freezing] Trainable params: 28,384,555 / 108,924,715 (26.1%)
[Layer Freezing] Training last 4 transformer layers (layers 8-11)
[Layer Freezing] Trainable params: 28,384,555 / 108,924,715 (26.1%)
[Layer Freezing] Training last 4 transformer layers (layers 8-11)
[Layer Freezing] Trainable params: 28,384,555 / 108,924,715 (26.1%)
[Layer Freezing] Training last 4 transformer layers (layers 8-11)
[Layer Freezing] Trainable params: 28,384,555 / 108,924,715 (26.1%)
[Layer Freezing] Training last 4 transformer layers (layers 8-11)
[Layer Freezing] Trainable params: 28,384,555 / 108,924,715 (26.1%)
[Round 1] T=2.00  α_ce=1.00  α_kd=0.00
/root/miniconda3/lib/python3.12/site-packages/seqeval/metrics/v1.py:57: UndefinedMetricWarning: Precision is ill-defined and being set to 0.0 due to no predicted samples. Use `zero_division` parameter to control this behavior.
  _warn_prf(average, modifier, msg_start, len(result))
/root/miniconda3/lib/python3.12/site-packages/seqeval/metrics/v1.py:159: UndefinedMetricWarning: F-score is ill-defined and being set to 0.0 due to no true nor predicted samples. Use `zero_division` parameter to control this behavior.
  _warn_prf(
/root/miniconda3/lib/python3.12/site-packages/seqeval/metrics/v1.py:57: UndefinedMetricWarning: Recall is ill-defined and being set to 0.0 due to no true samples. Use `zero_division` parameter to control this behavior.
  _warn_prf(average, modifier, msg_start, len(result))
 Round 1 | F1 0.0000 | P 0.0000 | R 0.0000 | Time 41.6s | Comm N/A | Local Avg F1: 0.0000

=== Round 2/50 ===
[Round 2] KD=ON | policy=ema_first
[Layer Freezing] Training last 4 transformer layers (layers 8-11)
[Layer Freezing] Trainable params: 28,384,555 / 108,924,715 (26.1%)
[Layer Freezing] Training last 4 transformer layers (layers 8-11)
[Layer Freezing] Trainable params: 28,384,555 / 108,924,715 (26.1%)
[Layer Freezing] Training last 4 transformer layers (layers 8-11)
[Layer Freezing] Trainable params: 28,384,555 / 108,924,715 (26.1%)
[Layer Freezing] Training last 4 transformer layers (layers 8-11)
[Layer Freezing] Trainable params: 28,384,555 / 108,924,715 (26.1%)
[Layer Freezing] Training last 4 transformer layers (layers 8-11)
[Layer Freezing] Trainable params: 28,384,555 / 108,924,715 (26.1%)
[Layer Freezing] Training last 4 transformer layers (layers 8-11)
[Layer Freezing] Trainable params: 28,384,555 / 108,924,715 (26.1%)
[Layer Freezing] Training last 4 transformer layers (layers 8-11)
[Layer Freezing] Trainable params: 28,384,555 / 108,924,715 (26.1%)
[Layer Freezing] Training last 4 transformer layers (layers 8-11)
[Layer Freezing] Trainable params: 28,384,555 / 108,924,715 (26.1%)
[Layer Freezing] Training last 4 transformer layers (layers 8-11)
[Layer Freezing] Trainable params: 28,384,555 / 108,924,715 (26.1%)
[Layer Freezing] Training last 4 transformer layers (layers 8-11)
[Layer Freezing] Trainable params: 28,384,555 / 108,924,715 (26.1%)
[Round 2] T=2.00  α_ce=1.00  α_kd=1.00
 Round 2 | F1 0.0000 | P 0.0000 | R 0.0000 | Time 44.3s | Comm N/A | Local Avg F1: 0.0000

=== Round 3/50 ===
[Round 3] KD=ON | policy=ema_first
[Layer Freezing] Training last 4 transformer layers (layers 8-11)
[Layer Freezing] Trainable params: 28,384,555 / 108,924,715 (26.1%)
[Layer Freezing] Training last 4 transformer layers (layers 8-11)
[Layer Freezing] Trainable params: 28,384,555 / 108,924,715 (26.1%)
[Layer Freezing] Training last 4 transformer layers (layers 8-11)
[Layer Freezing] Trainable params: 28,384,555 / 108,924,715 (26.1%)
[Layer Freezing] Training last 4 transformer layers (layers 8-11)
[Layer Freezing] Trainable params: 28,384,555 / 108,924,715 (26.1%)
[Layer Freezing] Training last 4 transformer layers (layers 8-11)
[Layer Freezing] Trainable params: 28,384,555 / 108,924,715 (26.1%)
[Layer Freezing] Training last 4 transformer layers (layers 8-11)
[Layer Freezing] Trainable params: 28,384,555 / 108,924,715 (26.1%)
[Layer Freezing] Training last 4 transformer layers (layers 8-11)
[Layer Freezing] Trainable params: 28,384,555 / 108,924,715 (26.1%)
[Layer Freezing] Training last 4 transformer layers (layers 8-11)
[Layer Freezing] Trainable params: 28,384,555 / 108,924,715 (26.1%)
[Layer Freezing] Training last 4 transformer layers (layers 8-11)
[Layer Freezing] Trainable params: 28,384,555 / 108,924,715 (26.1%)
[Layer Freezing] Training last 4 transformer layers (layers 8-11)
[Layer Freezing] Trainable params: 28,384,555 / 108,924,715 (26.1%)
[Round 3] T=2.00  α_ce=1.00  α_kd=1.00
 Round 3 | F1 0.0000 | P 0.0000 | R 0.0000 | Time 42.8s | Comm N/A | Local Avg F1: 0.0004

=== Round 4/50 ===
[Round 4] KD=ON | policy=ema_first
[Layer Freezing] Training last 4 transformer layers (layers 8-11)
[Layer Freezing] Trainable params: 28,384,555 / 108,924,715 (26.1%)
[Layer Freezing] Training last 4 transformer layers (layers 8-11)
[Layer Freezing] Trainable params: 28,384,555 / 108,924,715 (26.1%)
[Layer Freezing] Training last 4 transformer layers (layers 8-11)
[Layer Freezing] Trainable params: 28,384,555 / 108,924,715 (26.1%)
[Layer Freezing] Training last 4 transformer layers (layers 8-11)
[Layer Freezing] Trainable params: 28,384,555 / 108,924,715 (26.1%)
[Layer Freezing] Training last 4 transformer layers (layers 8-11)
[Layer Freezing] Trainable params: 28,384,555 / 108,924,715 (26.1%)
[Layer Freezing] Training last 4 transformer layers (layers 8-11)
[Layer Freezing] Trainable params: 28,384,555 / 108,924,715 (26.1%)
[Layer Freezing] Training last 4 transformer layers (layers 8-11)
[Layer Freezing] Trainable params: 28,384,555 / 108,924,715 (26.1%)
[Layer Freezing] Training last 4 transformer layers (layers 8-11)
[Layer Freezing] Trainable params: 28,384,555 / 108,924,715 (26.1%)
[Layer Freezing] Training last 4 transformer layers (layers 8-11)
[Layer Freezing] Trainable params: 28,384,555 / 108,924,715 (26.1%)
[Layer Freezing] Training last 4 transformer layers (layers 8-11)
[Layer Freezing] Trainable params: 28,384,555 / 108,924,715 (26.1%)
[Round 4] T=2.00  α_ce=1.00  α_kd=1.00
 Round 4 | F1 0.0128 | P 0.7105 | R 0.0065 | Time 43.6s | Comm N/A | Local Avg F1: 0.0133

=== Round 5/50 ===
[Round 5] KD=ON | policy=ema_first
[Layer Freezing] Training last 4 transformer layers (layers 8-11)
[Layer Freezing] Trainable params: 28,384,555 / 108,924,715 (26.1%)
[Layer Freezing] Training last 4 transformer layers (layers 8-11)
[Layer Freezing] Trainable params: 28,384,555 / 108,924,715 (26.1%)
[Layer Freezing] Training last 4 transformer layers (layers 8-11)
[Layer Freezing] Trainable params: 28,384,555 / 108,924,715 (26.1%)
[Layer Freezing] Training last 4 transformer layers (layers 8-11)
[Layer Freezing] Trainable params: 28,384,555 / 108,924,715 (26.1%)
[Layer Freezing] Training last 4 transformer layers (layers 8-11)
[Layer Freezing] Trainable params: 28,384,555 / 108,924,715 (26.1%)
[Layer Freezing] Training last 4 transformer layers (layers 8-11)
[Layer Freezing] Trainable params: 28,384,555 / 108,924,715 (26.1%)
[Layer Freezing] Training last 4 transformer layers (layers 8-11)
[Layer Freezing] Trainable params: 28,384,555 / 108,924,715 (26.1%)
[Layer Freezing] Training last 4 transformer layers (layers 8-11)
[Layer Freezing] Trainable params: 28,384,555 / 108,924,715 (26.1%)
[Layer Freezing] Training last 4 transformer layers (layers 8-11)
[Layer Freezing] Trainable params: 28,384,555 / 108,924,715 (26.1%)
[Layer Freezing] Training last 4 transformer layers (layers 8-11)
[Layer Freezing] Trainable params: 28,384,555 / 108,924,715 (26.1%)
[Round 5] T=2.00  α_ce=1.00  α_kd=1.00
 Round 5 | F1 0.0532 | P 0.6950 | R 0.0276 | Time 43.9s | Comm N/A | Local Avg F1: 0.0430

=== Round 6/50 ===
[Round 6] KD=ON | policy=ema_first
[Layer Freezing] Training last 4 transformer layers (layers 8-11)
[Layer Freezing] Trainable params: 28,384,555 / 108,924,715 (26.1%)
[Layer Freezing] Training last 4 transformer layers (layers 8-11)
[Layer Freezing] Trainable params: 28,384,555 / 108,924,715 (26.1%)
[Layer Freezing] Training last 4 transformer layers (layers 8-11)
[Layer Freezing] Trainable params: 28,384,555 / 108,924,715 (26.1%)
[Layer Freezing] Training last 4 transformer layers (layers 8-11)
[Layer Freezing] Trainable params: 28,384,555 / 108,924,715 (26.1%)
[Layer Freezing] Training last 4 transformer layers (layers 8-11)
[Layer Freezing] Trainable params: 28,384,555 / 108,924,715 (26.1%)
[Layer Freezing] Training last 4 transformer layers (layers 8-11)
[Layer Freezing] Trainable params: 28,384,555 / 108,924,715 (26.1%)
[Layer Freezing] Training last 4 transformer layers (layers 8-11)
[Layer Freezing] Trainable params: 28,384,555 / 108,924,715 (26.1%)
[Layer Freezing] Training last 4 transformer layers (layers 8-11)
[Layer Freezing] Trainable params: 28,384,555 / 108,924,715 (26.1%)
[Layer Freezing] Training last 4 transformer layers (layers 8-11)
[Layer Freezing] Trainable params: 28,384,555 / 108,924,715 (26.1%)
[Layer Freezing] Training last 4 transformer layers (layers 8-11)
[Layer Freezing] Trainable params: 28,384,555 / 108,924,715 (26.1%)
[Round 6] T=2.00  α_ce=1.00  α_kd=1.00
 Round 6 | F1 0.1155 | P 0.6388 | R 0.0635 | Time 44.0s | Comm N/A | Local Avg F1: 0.0759

=== Round 7/50 ===
[Round 7] KD=ON | policy=ema_first
[Layer Freezing] Training last 4 transformer layers (layers 8-11)
[Layer Freezing] Trainable params: 28,384,555 / 108,924,715 (26.1%)
[Layer Freezing] Training last 4 transformer layers (layers 8-11)
[Layer Freezing] Trainable params: 28,384,555 / 108,924,715 (26.1%)
[Layer Freezing] Training last 4 transformer layers (layers 8-11)
[Layer Freezing] Trainable params: 28,384,555 / 108,924,715 (26.1%)
[Layer Freezing] Training last 4 transformer layers (layers 8-11)
[Layer Freezing] Trainable params: 28,384,555 / 108,924,715 (26.1%)
[Layer Freezing] Training last 4 transformer layers (layers 8-11)
[Layer Freezing] Trainable params: 28,384,555 / 108,924,715 (26.1%)
[Layer Freezing] Training last 4 transformer layers (layers 8-11)
[Layer Freezing] Trainable params: 28,384,555 / 108,924,715 (26.1%)
[Layer Freezing] Training last 4 transformer layers (layers 8-11)
[Layer Freezing] Trainable params: 28,384,555 / 108,924,715 (26.1%)
[Layer Freezing] Training last 4 transformer layers (layers 8-11)
[Layer Freezing] Trainable params: 28,384,555 / 108,924,715 (26.1%)
[Layer Freezing] Training last 4 transformer layers (layers 8-11)
[Layer Freezing] Trainable params: 28,384,555 / 108,924,715 (26.1%)
[Layer Freezing] Training last 4 transformer layers (layers 8-11)
[Layer Freezing] Trainable params: 28,384,555 / 108,924,715 (26.1%)
[Round 7] T=2.00  α_ce=1.00  α_kd=1.00
 Round 7 | F1 0.1141 | P 0.6448 | R 0.0626 | Time 44.8s | Comm N/A | Local Avg F1: 0.0781

=== Round 8/50 ===
[Round 8] KD=ON | policy=ema_first
[Layer Freezing] Training last 4 transformer layers (layers 8-11)
[Layer Freezing] Trainable params: 28,384,555 / 108,924,715 (26.1%)
[Layer Freezing] Training last 4 transformer layers (layers 8-11)
[Layer Freezing] Trainable params: 28,384,555 / 108,924,715 (26.1%)
[Layer Freezing] Training last 4 transformer layers (layers 8-11)
[Layer Freezing] Trainable params: 28,384,555 / 108,924,715 (26.1%)
[Layer Freezing] Training last 4 transformer layers (layers 8-11)
[Layer Freezing] Trainable params: 28,384,555 / 108,924,715 (26.1%)
[Layer Freezing] Training last 4 transformer layers (layers 8-11)
[Layer Freezing] Trainable params: 28,384,555 / 108,924,715 (26.1%)
[Layer Freezing] Training last 4 transformer layers (layers 8-11)
[Layer Freezing] Trainable params: 28,384,555 / 108,924,715 (26.1%)
[Layer Freezing] Training last 4 transformer layers (layers 8-11)
[Layer Freezing] Trainable params: 28,384,555 / 108,924,715 (26.1%)
[Layer Freezing] Training last 4 transformer layers (layers 8-11)
[Layer Freezing] Trainable params: 28,384,555 / 108,924,715 (26.1%)
[Layer Freezing] Training last 4 transformer layers (layers 8-11)
[Layer Freezing] Trainable params: 28,384,555 / 108,924,715 (26.1%)
[Layer Freezing] Training last 4 transformer layers (layers 8-11)
[Layer Freezing] Trainable params: 28,384,555 / 108,924,715 (26.1%)
[Round 8] T=2.00  α_ce=1.00  α_kd=1.00
 Round 8 | F1 0.1327 | P 0.6187 | R 0.0743 | Time 44.0s | Comm N/A | Local Avg F1: 0.0896

=== Round 9/50 ===
[Round 9] KD=ON | policy=ema_first
[Layer Freezing] Training last 4 transformer layers (layers 8-11)
[Layer Freezing] Trainable params: 28,384,555 / 108,924,715 (26.1%)
[Layer Freezing] Training last 4 transformer layers (layers 8-11)
[Layer Freezing] Trainable params: 28,384,555 / 108,924,715 (26.1%)
[Layer Freezing] Training last 4 transformer layers (layers 8-11)
[Layer Freezing] Trainable params: 28,384,555 / 108,924,715 (26.1%)
[Layer Freezing] Training last 4 transformer layers (layers 8-11)
[Layer Freezing] Trainable params: 28,384,555 / 108,924,715 (26.1%)
[Layer Freezing] Training last 4 transformer layers (layers 8-11)
[Layer Freezing] Trainable params: 28,384,555 / 108,924,715 (26.1%)
[Layer Freezing] Training last 4 transformer layers (layers 8-11)
[Layer Freezing] Trainable params: 28,384,555 / 108,924,715 (26.1%)
[Layer Freezing] Training last 4 transformer layers (layers 8-11)
[Layer Freezing] Trainable params: 28,384,555 / 108,924,715 (26.1%)
[Layer Freezing] Training last 4 transformer layers (layers 8-11)
[Layer Freezing] Trainable params: 28,384,555 / 108,924,715 (26.1%)
[Layer Freezing] Training last 4 transformer layers (layers 8-11)
[Layer Freezing] Trainable params: 28,384,555 / 108,924,715 (26.1%)
[Layer Freezing] Training last 4 transformer layers (layers 8-11)
[Layer Freezing] Trainable params: 28,384,555 / 108,924,715 (26.1%)
[Round 9] T=2.00  α_ce=1.00  α_kd=1.00
 Round 9 | F1 0.1863 | P 0.5601 | R 0.1117 | Time 43.7s | Comm N/A | Local Avg F1: 0.1239

=== Round 10/50 ===
[Round 10] KD=ON | policy=ema_first
[Layer Freezing] Training last 4 transformer layers (layers 8-11)
[Layer Freezing] Trainable params: 28,384,555 / 108,924,715 (26.1%)
[Layer Freezing] Training last 4 transformer layers (layers 8-11)
[Layer Freezing] Trainable params: 28,384,555 / 108,924,715 (26.1%)
[Layer Freezing] Training last 4 transformer layers (layers 8-11)
[Layer Freezing] Trainable params: 28,384,555 / 108,924,715 (26.1%)
[Layer Freezing] Training last 4 transformer layers (layers 8-11)
[Layer Freezing] Trainable params: 28,384,555 / 108,924,715 (26.1%)
[Layer Freezing] Training last 4 transformer layers (layers 8-11)
[Layer Freezing] Trainable params: 28,384,555 / 108,924,715 (26.1%)
[Layer Freezing] Training last 4 transformer layers (layers 8-11)
[Layer Freezing] Trainable params: 28,384,555 / 108,924,715 (26.1%)
[Layer Freezing] Training last 4 transformer layers (layers 8-11)
[Layer Freezing] Trainable params: 28,384,555 / 108,924,715 (26.1%)
[Layer Freezing] Training last 4 transformer layers (layers 8-11)
[Layer Freezing] Trainable params: 28,384,555 / 108,924,715 (26.1%)
[Layer Freezing] Training last 4 transformer layers (layers 8-11)
[Layer Freezing] Trainable params: 28,384,555 / 108,924,715 (26.1%)
[Layer Freezing] Training last 4 transformer layers (layers 8-11)
[Layer Freezing] Trainable params: 28,384,555 / 108,924,715 (26.1%)
[Round 10] T=2.00  α_ce=1.00  α_kd=1.00
 Round 10 | F1 0.1803 | P 0.5768 | R 0.1068 | Time 44.6s | Comm N/A | Local Avg F1: 0.1289

=== Round 11/50 ===
[Round 11] KD=ON | policy=ema_first
[Layer Freezing] Training last 4 transformer layers (layers 8-11)
[Layer Freezing] Trainable params: 28,384,555 / 108,924,715 (26.1%)
[Layer Freezing] Training last 4 transformer layers (layers 8-11)
[Layer Freezing] Trainable params: 28,384,555 / 108,924,715 (26.1%)
[Layer Freezing] Training last 4 transformer layers (layers 8-11)
[Layer Freezing] Trainable params: 28,384,555 / 108,924,715 (26.1%)
[Layer Freezing] Training last 4 transformer layers (layers 8-11)
[Layer Freezing] Trainable params: 28,384,555 / 108,924,715 (26.1%)
[Layer Freezing] Training last 4 transformer layers (layers 8-11)
[Layer Freezing] Trainable params: 28,384,555 / 108,924,715 (26.1%)
[Layer Freezing] Training last 4 transformer layers (layers 8-11)
[Layer Freezing] Trainable params: 28,384,555 / 108,924,715 (26.1%)
[Layer Freezing] Training last 4 transformer layers (layers 8-11)
[Layer Freezing] Trainable params: 28,384,555 / 108,924,715 (26.1%)
[Layer Freezing] Training last 4 transformer layers (layers 8-11)
[Layer Freezing] Trainable params: 28,384,555 / 108,924,715 (26.1%)
[Layer Freezing] Training last 4 transformer layers (layers 8-11)
[Layer Freezing] Trainable params: 28,384,555 / 108,924,715 (26.1%)
[Layer Freezing] Training last 4 transformer layers (layers 8-11)
[Layer Freezing] Trainable params: 28,384,555 / 108,924,715 (26.1%)
[Round 11] T=2.00  α_ce=1.00  α_kd=1.00
 Round 11 | F1 0.1900 | P 0.5779 | R 0.1137 | Time 44.3s | Comm N/A | Local Avg F1: 0.1388

=== Round 12/50 ===
[Round 12] KD=ON | policy=ema_first
[Layer Freezing] Training last 4 transformer layers (layers 8-11)
[Layer Freezing] Trainable params: 28,384,555 / 108,924,715 (26.1%)
[Layer Freezing] Training last 4 transformer layers (layers 8-11)
[Layer Freezing] Trainable params: 28,384,555 / 108,924,715 (26.1%)
[Layer Freezing] Training last 4 transformer layers (layers 8-11)
[Layer Freezing] Trainable params: 28,384,555 / 108,924,715 (26.1%)
[Layer Freezing] Training last 4 transformer layers (layers 8-11)
[Layer Freezing] Trainable params: 28,384,555 / 108,924,715 (26.1%)
[Layer Freezing] Training last 4 transformer layers (layers 8-11)
[Layer Freezing] Trainable params: 28,384,555 / 108,924,715 (26.1%)
[Layer Freezing] Training last 4 transformer layers (layers 8-11)
[Layer Freezing] Trainable params: 28,384,555 / 108,924,715 (26.1%)
[Layer Freezing] Training last 4 transformer layers (layers 8-11)
[Layer Freezing] Trainable params: 28,384,555 / 108,924,715 (26.1%)
[Layer Freezing] Training last 4 transformer layers (layers 8-11)
[Layer Freezing] Trainable params: 28,384,555 / 108,924,715 (26.1%)
[Layer Freezing] Training last 4 transformer layers (layers 8-11)
[Layer Freezing] Trainable params: 28,384,555 / 108,924,715 (26.1%)
[Layer Freezing] Training last 4 transformer layers (layers 8-11)
[Layer Freezing] Trainable params: 28,384,555 / 108,924,715 (26.1%)
[Round 12] T=2.00  α_ce=1.00  α_kd=1.00
 Round 12 | F1 0.2311 | P 0.5406 | R 0.1469 | Time 44.9s | Comm N/A | Local Avg F1: 0.1757

=== Round 13/50 ===
[Round 13] KD=ON | policy=ema_first
[Layer Freezing] Training last 4 transformer layers (layers 8-11)
[Layer Freezing] Trainable params: 28,384,555 / 108,924,715 (26.1%)
[Layer Freezing] Training last 4 transformer layers (layers 8-11)
[Layer Freezing] Trainable params: 28,384,555 / 108,924,715 (26.1%)
[Layer Freezing] Training last 4 transformer layers (layers 8-11)
[Layer Freezing] Trainable params: 28,384,555 / 108,924,715 (26.1%)
[Layer Freezing] Training last 4 transformer layers (layers 8-11)
[Layer Freezing] Trainable params: 28,384,555 / 108,924,715 (26.1%)
[Layer Freezing] Training last 4 transformer layers (layers 8-11)
[Layer Freezing] Trainable params: 28,384,555 / 108,924,715 (26.1%)
[Layer Freezing] Training last 4 transformer layers (layers 8-11)
[Layer Freezing] Trainable params: 28,384,555 / 108,924,715 (26.1%)
[Layer Freezing] Training last 4 transformer layers (layers 8-11)
[Layer Freezing] Trainable params: 28,384,555 / 108,924,715 (26.1%)
[Layer Freezing] Training last 4 transformer layers (layers 8-11)
[Layer Freezing] Trainable params: 28,384,555 / 108,924,715 (26.1%)
[Layer Freezing] Training last 4 transformer layers (layers 8-11)
[Layer Freezing] Trainable params: 28,384,555 / 108,924,715 (26.1%)
[Layer Freezing] Training last 4 transformer layers (layers 8-11)
[Layer Freezing] Trainable params: 28,384,555 / 108,924,715 (26.1%)
[Round 13] T=2.00  α_ce=1.00  α_kd=1.00
 Round 13 | F1 0.2450 | P 0.5505 | R 0.1576 | Time 44.2s | Comm N/A | Local Avg F1: 0.1857

=== Round 14/50 ===
[Round 14] KD=ON | policy=ema_first
[Layer Freezing] Training last 4 transformer layers (layers 8-11)
[Layer Freezing] Trainable params: 28,384,555 / 108,924,715 (26.1%)
[Layer Freezing] Training last 4 transformer layers (layers 8-11)
[Layer Freezing] Trainable params: 28,384,555 / 108,924,715 (26.1%)
[Layer Freezing] Training last 4 transformer layers (layers 8-11)
[Layer Freezing] Trainable params: 28,384,555 / 108,924,715 (26.1%)
[Layer Freezing] Training last 4 transformer layers (layers 8-11)
[Layer Freezing] Trainable params: 28,384,555 / 108,924,715 (26.1%)
[Layer Freezing] Training last 4 transformer layers (layers 8-11)
[Layer Freezing] Trainable params: 28,384,555 / 108,924,715 (26.1%)
[Layer Freezing] Training last 4 transformer layers (layers 8-11)
[Layer Freezing] Trainable params: 28,384,555 / 108,924,715 (26.1%)
[Layer Freezing] Training last 4 transformer layers (layers 8-11)
[Layer Freezing] Trainable params: 28,384,555 / 108,924,715 (26.1%)
[Layer Freezing] Training last 4 transformer layers (layers 8-11)
[Layer Freezing] Trainable params: 28,384,555 / 108,924,715 (26.1%)
[Layer Freezing] Training last 4 transformer layers (layers 8-11)
[Layer Freezing] Trainable params: 28,384,555 / 108,924,715 (26.1%)
[Layer Freezing] Training last 4 transformer layers (layers 8-11)
[Layer Freezing] Trainable params: 28,384,555 / 108,924,715 (26.1%)
[Round 14] T=2.00  α_ce=1.00  α_kd=1.00
 Round 14 | F1 0.2662 | P 0.5489 | R 0.1757 | Time 43.9s | Comm N/A | Local Avg F1: 0.2042

=== Round 15/50 ===
[Round 15] KD=ON | policy=ema_first
[Layer Freezing] Training last 4 transformer layers (layers 8-11)
[Layer Freezing] Trainable params: 28,384,555 / 108,924,715 (26.1%)
[Layer Freezing] Training last 4 transformer layers (layers 8-11)
[Layer Freezing] Trainable params: 28,384,555 / 108,924,715 (26.1%)
[Layer Freezing] Training last 4 transformer layers (layers 8-11)
[Layer Freezing] Trainable params: 28,384,555 / 108,924,715 (26.1%)
[Layer Freezing] Training last 4 transformer layers (layers 8-11)
[Layer Freezing] Trainable params: 28,384,555 / 108,924,715 (26.1%)
[Layer Freezing] Training last 4 transformer layers (layers 8-11)
[Layer Freezing] Trainable params: 28,384,555 / 108,924,715 (26.1%)
[Layer Freezing] Training last 4 transformer layers (layers 8-11)
[Layer Freezing] Trainable params: 28,384,555 / 108,924,715 (26.1%)
[Layer Freezing] Training last 4 transformer layers (layers 8-11)
[Layer Freezing] Trainable params: 28,384,555 / 108,924,715 (26.1%)
[Layer Freezing] Training last 4 transformer layers (layers 8-11)
[Layer Freezing] Trainable params: 28,384,555 / 108,924,715 (26.1%)
[Layer Freezing] Training last 4 transformer layers (layers 8-11)
[Layer Freezing] Trainable params: 28,384,555 / 108,924,715 (26.1%)
[Layer Freezing] Training last 4 transformer layers (layers 8-11)
[Layer Freezing] Trainable params: 28,384,555 / 108,924,715 (26.1%)
[Round 15] T=2.00  α_ce=1.00  α_kd=1.00
 Round 15 | F1 0.2721 | P 0.5502 | R 0.1807 | Time 43.9s | Comm N/A | Local Avg F1: 0.2096

=== Round 16/50 ===
[Round 16] KD=ON | policy=ema_first
[Layer Freezing] Training last 4 transformer layers (layers 8-11)
[Layer Freezing] Trainable params: 28,384,555 / 108,924,715 (26.1%)
[Layer Freezing] Training last 4 transformer layers (layers 8-11)
[Layer Freezing] Trainable params: 28,384,555 / 108,924,715 (26.1%)
[Layer Freezing] Training last 4 transformer layers (layers 8-11)
[Layer Freezing] Trainable params: 28,384,555 / 108,924,715 (26.1%)
[Layer Freezing] Training last 4 transformer layers (layers 8-11)
[Layer Freezing] Trainable params: 28,384,555 / 108,924,715 (26.1%)
[Layer Freezing] Training last 4 transformer layers (layers 8-11)
[Layer Freezing] Trainable params: 28,384,555 / 108,924,715 (26.1%)
[Layer Freezing] Training last 4 transformer layers (layers 8-11)
[Layer Freezing] Trainable params: 28,384,555 / 108,924,715 (26.1%)
[Layer Freezing] Training last 4 transformer layers (layers 8-11)
[Layer Freezing] Trainable params: 28,384,555 / 108,924,715 (26.1%)
[Layer Freezing] Training last 4 transformer layers (layers 8-11)
[Layer Freezing] Trainable params: 28,384,555 / 108,924,715 (26.1%)
[Layer Freezing] Training last 4 transformer layers (layers 8-11)
[Layer Freezing] Trainable params: 28,384,555 / 108,924,715 (26.1%)
[Layer Freezing] Training last 4 transformer layers (layers 8-11)
[Layer Freezing] Trainable params: 28,384,555 / 108,924,715 (26.1%)
[Round 16] T=2.00  α_ce=1.00  α_kd=1.00
 Round 16 | F1 0.3085 | P 0.5337 | R 0.2169 | Time 45.0s | Comm N/A | Local Avg F1: 0.2405

=== Round 17/50 ===
[Round 17] KD=ON | policy=ema_first
[Layer Freezing] Training last 4 transformer layers (layers 8-11)
[Layer Freezing] Trainable params: 28,384,555 / 108,924,715 (26.1%)
[Layer Freezing] Training last 4 transformer layers (layers 8-11)
[Layer Freezing] Trainable params: 28,384,555 / 108,924,715 (26.1%)
[Layer Freezing] Training last 4 transformer layers (layers 8-11)
[Layer Freezing] Trainable params: 28,384,555 / 108,924,715 (26.1%)
[Layer Freezing] Training last 4 transformer layers (layers 8-11)
[Layer Freezing] Trainable params: 28,384,555 / 108,924,715 (26.1%)
[Layer Freezing] Training last 4 transformer layers (layers 8-11)
[Layer Freezing] Trainable params: 28,384,555 / 108,924,715 (26.1%)
[Layer Freezing] Training last 4 transformer layers (layers 8-11)
[Layer Freezing] Trainable params: 28,384,555 / 108,924,715 (26.1%)
[Layer Freezing] Training last 4 transformer layers (layers 8-11)
[Layer Freezing] Trainable params: 28,384,555 / 108,924,715 (26.1%)
[Layer Freezing] Training last 4 transformer layers (layers 8-11)
[Layer Freezing] Trainable params: 28,384,555 / 108,924,715 (26.1%)
[Layer Freezing] Training last 4 transformer layers (layers 8-11)
[Layer Freezing] Trainable params: 28,384,555 / 108,924,715 (26.1%)
[Layer Freezing] Training last 4 transformer layers (layers 8-11)
[Layer Freezing] Trainable params: 28,384,555 / 108,924,715 (26.1%)
[Round 17] T=2.00  α_ce=1.00  α_kd=1.00
 Round 17 | F1 0.3173 | P 0.5478 | R 0.2234 | Time 45.1s | Comm N/A | Local Avg F1: 0.2435

=== Round 18/50 ===
[Round 18] KD=ON | policy=ema_first
[Layer Freezing] Training last 4 transformer layers (layers 8-11)
[Layer Freezing] Trainable params: 28,384,555 / 108,924,715 (26.1%)
[Layer Freezing] Training last 4 transformer layers (layers 8-11)
[Layer Freezing] Trainable params: 28,384,555 / 108,924,715 (26.1%)
[Layer Freezing] Training last 4 transformer layers (layers 8-11)
[Layer Freezing] Trainable params: 28,384,555 / 108,924,715 (26.1%)
[Layer Freezing] Training last 4 transformer layers (layers 8-11)
[Layer Freezing] Trainable params: 28,384,555 / 108,924,715 (26.1%)
[Layer Freezing] Training last 4 transformer layers (layers 8-11)
[Layer Freezing] Trainable params: 28,384,555 / 108,924,715 (26.1%)
[Layer Freezing] Training last 4 transformer layers (layers 8-11)
[Layer Freezing] Trainable params: 28,384,555 / 108,924,715 (26.1%)
[Layer Freezing] Training last 4 transformer layers (layers 8-11)
[Layer Freezing] Trainable params: 28,384,555 / 108,924,715 (26.1%)
[Layer Freezing] Training last 4 transformer layers (layers 8-11)
[Layer Freezing] Trainable params: 28,384,555 / 108,924,715 (26.1%)
[Layer Freezing] Training last 4 transformer layers (layers 8-11)
[Layer Freezing] Trainable params: 28,384,555 / 108,924,715 (26.1%)
[Layer Freezing] Training last 4 transformer layers (layers 8-11)
[Layer Freezing] Trainable params: 28,384,555 / 108,924,715 (26.1%)
[Round 18] T=2.00  α_ce=1.00  α_kd=1.00
 Round 18 | F1 0.3223 | P 0.5567 | R 0.2268 | Time 43.5s | Comm N/A | Local Avg F1: 0.2552

=== Round 19/50 ===
[Round 19] KD=ON | policy=ema_first
[Layer Freezing] Training last 4 transformer layers (layers 8-11)
[Layer Freezing] Trainable params: 28,384,555 / 108,924,715 (26.1%)
[Layer Freezing] Training last 4 transformer layers (layers 8-11)
[Layer Freezing] Trainable params: 28,384,555 / 108,924,715 (26.1%)
[Layer Freezing] Training last 4 transformer layers (layers 8-11)
[Layer Freezing] Trainable params: 28,384,555 / 108,924,715 (26.1%)
[Layer Freezing] Training last 4 transformer layers (layers 8-11)
[Layer Freezing] Trainable params: 28,384,555 / 108,924,715 (26.1%)
[Layer Freezing] Training last 4 transformer layers (layers 8-11)
[Layer Freezing] Trainable params: 28,384,555 / 108,924,715 (26.1%)
[Layer Freezing] Training last 4 transformer layers (layers 8-11)
[Layer Freezing] Trainable params: 28,384,555 / 108,924,715 (26.1%)
[Layer Freezing] Training last 4 transformer layers (layers 8-11)
[Layer Freezing] Trainable params: 28,384,555 / 108,924,715 (26.1%)
[Layer Freezing] Training last 4 transformer layers (layers 8-11)
[Layer Freezing] Trainable params: 28,384,555 / 108,924,715 (26.1%)
[Layer Freezing] Training last 4 transformer layers (layers 8-11)
[Layer Freezing] Trainable params: 28,384,555 / 108,924,715 (26.1%)
[Layer Freezing] Training last 4 transformer layers (layers 8-11)
[Layer Freezing] Trainable params: 28,384,555 / 108,924,715 (26.1%)
[Round 19] T=2.00  α_ce=1.00  α_kd=1.00
 Round 19 | F1 0.3234 | P 0.5644 | R 0.2266 | Time 44.9s | Comm N/A | Local Avg F1: 0.2553

=== Round 20/50 ===
[Round 20] KD=ON | policy=ema_first
[Layer Freezing] Training last 4 transformer layers (layers 8-11)
[Layer Freezing] Trainable params: 28,384,555 / 108,924,715 (26.1%)
[Layer Freezing] Training last 4 transformer layers (layers 8-11)
[Layer Freezing] Trainable params: 28,384,555 / 108,924,715 (26.1%)
[Layer Freezing] Training last 4 transformer layers (layers 8-11)
[Layer Freezing] Trainable params: 28,384,555 / 108,924,715 (26.1%)
[Layer Freezing] Training last 4 transformer layers (layers 8-11)
[Layer Freezing] Trainable params: 28,384,555 / 108,924,715 (26.1%)
[Layer Freezing] Training last 4 transformer layers (layers 8-11)
[Layer Freezing] Trainable params: 28,384,555 / 108,924,715 (26.1%)
[Layer Freezing] Training last 4 transformer layers (layers 8-11)
[Layer Freezing] Trainable params: 28,384,555 / 108,924,715 (26.1%)
[Layer Freezing] Training last 4 transformer layers (layers 8-11)
[Layer Freezing] Trainable params: 28,384,555 / 108,924,715 (26.1%)
[Layer Freezing] Training last 4 transformer layers (layers 8-11)
[Layer Freezing] Trainable params: 28,384,555 / 108,924,715 (26.1%)
[Layer Freezing] Training last 4 transformer layers (layers 8-11)
[Layer Freezing] Trainable params: 28,384,555 / 108,924,715 (26.1%)
[Layer Freezing] Training last 4 transformer layers (layers 8-11)
[Layer Freezing] Trainable params: 28,384,555 / 108,924,715 (26.1%)
[Round 20] T=2.00  α_ce=1.00  α_kd=1.00
 Round 20 | F1 0.3475 | P 0.5563 | R 0.2527 | Time 44.3s | Comm N/A | Local Avg F1: 0.2781

=== Round 21/50 ===
[Round 21] KD=ON | policy=ema_first
[Layer Freezing] Training last 4 transformer layers (layers 8-11)
[Layer Freezing] Trainable params: 28,384,555 / 108,924,715 (26.1%)
[Layer Freezing] Training last 4 transformer layers (layers 8-11)
[Layer Freezing] Trainable params: 28,384,555 / 108,924,715 (26.1%)
[Layer Freezing] Training last 4 transformer layers (layers 8-11)
[Layer Freezing] Trainable params: 28,384,555 / 108,924,715 (26.1%)
[Layer Freezing] Training last 4 transformer layers (layers 8-11)
[Layer Freezing] Trainable params: 28,384,555 / 108,924,715 (26.1%)
[Layer Freezing] Training last 4 transformer layers (layers 8-11)
[Layer Freezing] Trainable params: 28,384,555 / 108,924,715 (26.1%)
[Layer Freezing] Training last 4 transformer layers (layers 8-11)
[Layer Freezing] Trainable params: 28,384,555 / 108,924,715 (26.1%)
[Layer Freezing] Training last 4 transformer layers (layers 8-11)
[Layer Freezing] Trainable params: 28,384,555 / 108,924,715 (26.1%)
[Layer Freezing] Training last 4 transformer layers (layers 8-11)
[Layer Freezing] Trainable params: 28,384,555 / 108,924,715 (26.1%)
[Layer Freezing] Training last 4 transformer layers (layers 8-11)
[Layer Freezing] Trainable params: 28,384,555 / 108,924,715 (26.1%)
[Layer Freezing] Training last 4 transformer layers (layers 8-11)
[Layer Freezing] Trainable params: 28,384,555 / 108,924,715 (26.1%)
[Round 21] T=2.00  α_ce=1.00  α_kd=1.00
 Round 21 | F1 0.3440 | P 0.5761 | R 0.2452 | Time 43.8s | Comm N/A | Local Avg F1: 0.2784

=== Round 22/50 ===
[Round 22] KD=ON | policy=ema_first
[Layer Freezing] Training last 4 transformer layers (layers 8-11)
[Layer Freezing] Trainable params: 28,384,555 / 108,924,715 (26.1%)
[Layer Freezing] Training last 4 transformer layers (layers 8-11)
[Layer Freezing] Trainable params: 28,384,555 / 108,924,715 (26.1%)
[Layer Freezing] Training last 4 transformer layers (layers 8-11)
[Layer Freezing] Trainable params: 28,384,555 / 108,924,715 (26.1%)
[Layer Freezing] Training last 4 transformer layers (layers 8-11)
[Layer Freezing] Trainable params: 28,384,555 / 108,924,715 (26.1%)
[Layer Freezing] Training last 4 transformer layers (layers 8-11)
[Layer Freezing] Trainable params: 28,384,555 / 108,924,715 (26.1%)
[Layer Freezing] Training last 4 transformer layers (layers 8-11)
[Layer Freezing] Trainable params: 28,384,555 / 108,924,715 (26.1%)
[Layer Freezing] Training last 4 transformer layers (layers 8-11)
[Layer Freezing] Trainable params: 28,384,555 / 108,924,715 (26.1%)
[Layer Freezing] Training last 4 transformer layers (layers 8-11)
[Layer Freezing] Trainable params: 28,384,555 / 108,924,715 (26.1%)
[Layer Freezing] Training last 4 transformer layers (layers 8-11)
[Layer Freezing] Trainable params: 28,384,555 / 108,924,715 (26.1%)
[Layer Freezing] Training last 4 transformer layers (layers 8-11)
[Layer Freezing] Trainable params: 28,384,555 / 108,924,715 (26.1%)
[Round 22] T=2.00  α_ce=1.00  α_kd=1.00
 Round 22 | F1 0.3734 | P 0.5556 | R 0.2812 | Time 44.5s | Comm N/A | Local Avg F1: 0.3015

=== Round 23/50 ===
[Round 23] KD=ON | policy=ema_first
[Layer Freezing] Training last 4 transformer layers (layers 8-11)
[Layer Freezing] Trainable params: 28,384,555 / 108,924,715 (26.1%)
[Layer Freezing] Training last 4 transformer layers (layers 8-11)
[Layer Freezing] Trainable params: 28,384,555 / 108,924,715 (26.1%)
[Layer Freezing] Training last 4 transformer layers (layers 8-11)
[Layer Freezing] Trainable params: 28,384,555 / 108,924,715 (26.1%)
[Layer Freezing] Training last 4 transformer layers (layers 8-11)
[Layer Freezing] Trainable params: 28,384,555 / 108,924,715 (26.1%)
[Layer Freezing] Training last 4 transformer layers (layers 8-11)
[Layer Freezing] Trainable params: 28,384,555 / 108,924,715 (26.1%)
[Layer Freezing] Training last 4 transformer layers (layers 8-11)
[Layer Freezing] Trainable params: 28,384,555 / 108,924,715 (26.1%)
[Layer Freezing] Training last 4 transformer layers (layers 8-11)
[Layer Freezing] Trainable params: 28,384,555 / 108,924,715 (26.1%)
[Layer Freezing] Training last 4 transformer layers (layers 8-11)
[Layer Freezing] Trainable params: 28,384,555 / 108,924,715 (26.1%)
[Layer Freezing] Training last 4 transformer layers (layers 8-11)
[Layer Freezing] Trainable params: 28,384,555 / 108,924,715 (26.1%)
[Layer Freezing] Training last 4 transformer layers (layers 8-11)
[Layer Freezing] Trainable params: 28,384,555 / 108,924,715 (26.1%)
[Round 23] T=2.00  α_ce=1.00  α_kd=1.00
 Round 23 | F1 0.3574 | P 0.5793 | R 0.2584 | Time 44.2s | Comm N/A | Local Avg F1: 0.2897

=== Round 24/50 ===
[Round 24] KD=ON | policy=ema_first
[Layer Freezing] Training last 4 transformer layers (layers 8-11)
[Layer Freezing] Trainable params: 28,384,555 / 108,924,715 (26.1%)
[Layer Freezing] Training last 4 transformer layers (layers 8-11)
[Layer Freezing] Trainable params: 28,384,555 / 108,924,715 (26.1%)
[Layer Freezing] Training last 4 transformer layers (layers 8-11)
[Layer Freezing] Trainable params: 28,384,555 / 108,924,715 (26.1%)
[Layer Freezing] Training last 4 transformer layers (layers 8-11)
[Layer Freezing] Trainable params: 28,384,555 / 108,924,715 (26.1%)
[Layer Freezing] Training last 4 transformer layers (layers 8-11)
[Layer Freezing] Trainable params: 28,384,555 / 108,924,715 (26.1%)
[Layer Freezing] Training last 4 transformer layers (layers 8-11)
[Layer Freezing] Trainable params: 28,384,555 / 108,924,715 (26.1%)
[Layer Freezing] Training last 4 transformer layers (layers 8-11)
[Layer Freezing] Trainable params: 28,384,555 / 108,924,715 (26.1%)
[Layer Freezing] Training last 4 transformer layers (layers 8-11)
[Layer Freezing] Trainable params: 28,384,555 / 108,924,715 (26.1%)
[Layer Freezing] Training last 4 transformer layers (layers 8-11)
[Layer Freezing] Trainable params: 28,384,555 / 108,924,715 (26.1%)
[Layer Freezing] Training last 4 transformer layers (layers 8-11)
[Layer Freezing] Trainable params: 28,384,555 / 108,924,715 (26.1%)
[Round 24] T=2.00  α_ce=1.00  α_kd=1.00
 Round 24 | F1 0.3710 | P 0.5780 | R 0.2732 | Time 44.4s | Comm N/A | Local Avg F1: 0.2983

=== Round 25/50 ===
[Round 25] KD=ON | policy=ema_first
[Layer Freezing] Training last 4 transformer layers (layers 8-11)
[Layer Freezing] Trainable params: 28,384,555 / 108,924,715 (26.1%)
[Layer Freezing] Training last 4 transformer layers (layers 8-11)
[Layer Freezing] Trainable params: 28,384,555 / 108,924,715 (26.1%)
[Layer Freezing] Training last 4 transformer layers (layers 8-11)
[Layer Freezing] Trainable params: 28,384,555 / 108,924,715 (26.1%)
[Layer Freezing] Training last 4 transformer layers (layers 8-11)
[Layer Freezing] Trainable params: 28,384,555 / 108,924,715 (26.1%)
[Layer Freezing] Training last 4 transformer layers (layers 8-11)
[Layer Freezing] Trainable params: 28,384,555 / 108,924,715 (26.1%)
[Layer Freezing] Training last 4 transformer layers (layers 8-11)
[Layer Freezing] Trainable params: 28,384,555 / 108,924,715 (26.1%)
[Layer Freezing] Training last 4 transformer layers (layers 8-11)
[Layer Freezing] Trainable params: 28,384,555 / 108,924,715 (26.1%)
[Layer Freezing] Training last 4 transformer layers (layers 8-11)
[Layer Freezing] Trainable params: 28,384,555 / 108,924,715 (26.1%)
[Layer Freezing] Training last 4 transformer layers (layers 8-11)
[Layer Freezing] Trainable params: 28,384,555 / 108,924,715 (26.1%)
[Layer Freezing] Training last 4 transformer layers (layers 8-11)
[Layer Freezing] Trainable params: 28,384,555 / 108,924,715 (26.1%)
[Round 25] T=2.00  α_ce=1.00  α_kd=1.00
 Round 25 | F1 0.3783 | P 0.5655 | R 0.2842 | Time 45.0s | Comm N/A | Local Avg F1: 0.3118

=== Round 26/50 ===
[Round 26] KD=ON | policy=ema_first
[Layer Freezing] Training last 4 transformer layers (layers 8-11)
[Layer Freezing] Trainable params: 28,384,555 / 108,924,715 (26.1%)
[Layer Freezing] Training last 4 transformer layers (layers 8-11)
[Layer Freezing] Trainable params: 28,384,555 / 108,924,715 (26.1%)
[Layer Freezing] Training last 4 transformer layers (layers 8-11)
[Layer Freezing] Trainable params: 28,384,555 / 108,924,715 (26.1%)
[Layer Freezing] Training last 4 transformer layers (layers 8-11)
[Layer Freezing] Trainable params: 28,384,555 / 108,924,715 (26.1%)
[Layer Freezing] Training last 4 transformer layers (layers 8-11)
[Layer Freezing] Trainable params: 28,384,555 / 108,924,715 (26.1%)
[Layer Freezing] Training last 4 transformer layers (layers 8-11)
[Layer Freezing] Trainable params: 28,384,555 / 108,924,715 (26.1%)
[Layer Freezing] Training last 4 transformer layers (layers 8-11)
[Layer Freezing] Trainable params: 28,384,555 / 108,924,715 (26.1%)
[Layer Freezing] Training last 4 transformer layers (layers 8-11)
[Layer Freezing] Trainable params: 28,384,555 / 108,924,715 (26.1%)
[Layer Freezing] Training last 4 transformer layers (layers 8-11)
[Layer Freezing] Trainable params: 28,384,555 / 108,924,715 (26.1%)
[Layer Freezing] Training last 4 transformer layers (layers 8-11)
[Layer Freezing] Trainable params: 28,384,555 / 108,924,715 (26.1%)
[Round 26] T=2.00  α_ce=1.00  α_kd=1.00
 Round 26 | F1 0.3697 | P 0.5893 | R 0.2694 | Time 44.7s | Comm N/A | Local Avg F1: 0.3057

=== Round 27/50 ===
[Round 27] KD=ON | policy=ema_first
[Layer Freezing] Training last 4 transformer layers (layers 8-11)
[Layer Freezing] Trainable params: 28,384,555 / 108,924,715 (26.1%)
[Layer Freezing] Training last 4 transformer layers (layers 8-11)
[Layer Freezing] Trainable params: 28,384,555 / 108,924,715 (26.1%)
[Layer Freezing] Training last 4 transformer layers (layers 8-11)
[Layer Freezing] Trainable params: 28,384,555 / 108,924,715 (26.1%)
[Layer Freezing] Training last 4 transformer layers (layers 8-11)
[Layer Freezing] Trainable params: 28,384,555 / 108,924,715 (26.1%)
[Layer Freezing] Training last 4 transformer layers (layers 8-11)
[Layer Freezing] Trainable params: 28,384,555 / 108,924,715 (26.1%)
[Layer Freezing] Training last 4 transformer layers (layers 8-11)
[Layer Freezing] Trainable params: 28,384,555 / 108,924,715 (26.1%)
[Layer Freezing] Training last 4 transformer layers (layers 8-11)
[Layer Freezing] Trainable params: 28,384,555 / 108,924,715 (26.1%)
[Layer Freezing] Training last 4 transformer layers (layers 8-11)
[Layer Freezing] Trainable params: 28,384,555 / 108,924,715 (26.1%)
[Layer Freezing] Training last 4 transformer layers (layers 8-11)
[Layer Freezing] Trainable params: 28,384,555 / 108,924,715 (26.1%)
[Layer Freezing] Training last 4 transformer layers (layers 8-11)
[Layer Freezing] Trainable params: 28,384,555 / 108,924,715 (26.1%)
[Round 27] T=2.00  α_ce=1.00  α_kd=1.00
 Round 27 | F1 0.3804 | P 0.5911 | R 0.2805 | Time 43.9s | Comm N/A | Local Avg F1: 0.3142

=== Round 28/50 ===
[Round 28] KD=ON | policy=ema_first
[Layer Freezing] Training last 4 transformer layers (layers 8-11)
[Layer Freezing] Trainable params: 28,384,555 / 108,924,715 (26.1%)
[Layer Freezing] Training last 4 transformer layers (layers 8-11)
[Layer Freezing] Trainable params: 28,384,555 / 108,924,715 (26.1%)
[Layer Freezing] Training last 4 transformer layers (layers 8-11)
[Layer Freezing] Trainable params: 28,384,555 / 108,924,715 (26.1%)
[Layer Freezing] Training last 4 transformer layers (layers 8-11)
[Layer Freezing] Trainable params: 28,384,555 / 108,924,715 (26.1%)
[Layer Freezing] Training last 4 transformer layers (layers 8-11)
[Layer Freezing] Trainable params: 28,384,555 / 108,924,715 (26.1%)
[Layer Freezing] Training last 4 transformer layers (layers 8-11)
[Layer Freezing] Trainable params: 28,384,555 / 108,924,715 (26.1%)
[Layer Freezing] Training last 4 transformer layers (layers 8-11)
[Layer Freezing] Trainable params: 28,384,555 / 108,924,715 (26.1%)
[Layer Freezing] Training last 4 transformer layers (layers 8-11)
[Layer Freezing] Trainable params: 28,384,555 / 108,924,715 (26.1%)
[Layer Freezing] Training last 4 transformer layers (layers 8-11)
[Layer Freezing] Trainable params: 28,384,555 / 108,924,715 (26.1%)
[Layer Freezing] Training last 4 transformer layers (layers 8-11)
[Layer Freezing] Trainable params: 28,384,555 / 108,924,715 (26.1%)
[Round 28] T=2.00  α_ce=1.00  α_kd=1.00
 Round 28 | F1 0.3813 | P 0.5926 | R 0.2810 | Time 44.3s | Comm N/A | Local Avg F1: 0.3190

=== Round 29/50 ===
[Round 29] KD=ON | policy=ema_first
[Layer Freezing] Training last 4 transformer layers (layers 8-11)
[Layer Freezing] Trainable params: 28,384,555 / 108,924,715 (26.1%)
[Layer Freezing] Training last 4 transformer layers (layers 8-11)
[Layer Freezing] Trainable params: 28,384,555 / 108,924,715 (26.1%)
[Layer Freezing] Training last 4 transformer layers (layers 8-11)
[Layer Freezing] Trainable params: 28,384,555 / 108,924,715 (26.1%)
[Layer Freezing] Training last 4 transformer layers (layers 8-11)
[Layer Freezing] Trainable params: 28,384,555 / 108,924,715 (26.1%)
[Layer Freezing] Training last 4 transformer layers (layers 8-11)
[Layer Freezing] Trainable params: 28,384,555 / 108,924,715 (26.1%)
[Layer Freezing] Training last 4 transformer layers (layers 8-11)
[Layer Freezing] Trainable params: 28,384,555 / 108,924,715 (26.1%)
[Layer Freezing] Training last 4 transformer layers (layers 8-11)
[Layer Freezing] Trainable params: 28,384,555 / 108,924,715 (26.1%)
[Layer Freezing] Training last 4 transformer layers (layers 8-11)
[Layer Freezing] Trainable params: 28,384,555 / 108,924,715 (26.1%)
[Layer Freezing] Training last 4 transformer layers (layers 8-11)
[Layer Freezing] Trainable params: 28,384,555 / 108,924,715 (26.1%)
[Layer Freezing] Training last 4 transformer layers (layers 8-11)
[Layer Freezing] Trainable params: 28,384,555 / 108,924,715 (26.1%)
[Round 29] T=2.00  α_ce=1.00  α_kd=1.00
 Round 29 | F1 0.3855 | P 0.6021 | R 0.2836 | Time 44.5s | Comm N/A | Local Avg F1: 0.3185

=== Round 30/50 ===
[Round 30] KD=ON | policy=ema_first
[Layer Freezing] Training last 4 transformer layers (layers 8-11)
[Layer Freezing] Trainable params: 28,384,555 / 108,924,715 (26.1%)
[Layer Freezing] Training last 4 transformer layers (layers 8-11)
[Layer Freezing] Trainable params: 28,384,555 / 108,924,715 (26.1%)
[Layer Freezing] Training last 4 transformer layers (layers 8-11)
[Layer Freezing] Trainable params: 28,384,555 / 108,924,715 (26.1%)
[Layer Freezing] Training last 4 transformer layers (layers 8-11)
[Layer Freezing] Trainable params: 28,384,555 / 108,924,715 (26.1%)
[Layer Freezing] Training last 4 transformer layers (layers 8-11)
[Layer Freezing] Trainable params: 28,384,555 / 108,924,715 (26.1%)
[Layer Freezing] Training last 4 transformer layers (layers 8-11)
[Layer Freezing] Trainable params: 28,384,555 / 108,924,715 (26.1%)
[Layer Freezing] Training last 4 transformer layers (layers 8-11)
[Layer Freezing] Trainable params: 28,384,555 / 108,924,715 (26.1%)
[Layer Freezing] Training last 4 transformer layers (layers 8-11)
[Layer Freezing] Trainable params: 28,384,555 / 108,924,715 (26.1%)
[Layer Freezing] Training last 4 transformer layers (layers 8-11)
[Layer Freezing] Trainable params: 28,384,555 / 108,924,715 (26.1%)
[Layer Freezing] Training last 4 transformer layers (layers 8-11)
[Layer Freezing] Trainable params: 28,384,555 / 108,924,715 (26.1%)
[Round 30] T=2.00  α_ce=1.00  α_kd=1.00
 Round 30 | F1 0.3931 | P 0.6069 | R 0.2907 | Time 44.7s | Comm N/A | Local Avg F1: 0.3211

=== Round 31/50 ===
[Round 31] KD=ON | policy=ema_first
[Layer Freezing] Training last 4 transformer layers (layers 8-11)
[Layer Freezing] Trainable params: 28,384,555 / 108,924,715 (26.1%)
[Layer Freezing] Training last 4 transformer layers (layers 8-11)
[Layer Freezing] Trainable params: 28,384,555 / 108,924,715 (26.1%)
[Layer Freezing] Training last 4 transformer layers (layers 8-11)
[Layer Freezing] Trainable params: 28,384,555 / 108,924,715 (26.1%)
[Layer Freezing] Training last 4 transformer layers (layers 8-11)
[Layer Freezing] Trainable params: 28,384,555 / 108,924,715 (26.1%)
[Layer Freezing] Training last 4 transformer layers (layers 8-11)
[Layer Freezing] Trainable params: 28,384,555 / 108,924,715 (26.1%)
[Layer Freezing] Training last 4 transformer layers (layers 8-11)
[Layer Freezing] Trainable params: 28,384,555 / 108,924,715 (26.1%)
[Layer Freezing] Training last 4 transformer layers (layers 8-11)
[Layer Freezing] Trainable params: 28,384,555 / 108,924,715 (26.1%)
[Layer Freezing] Training last 4 transformer layers (layers 8-11)
[Layer Freezing] Trainable params: 28,384,555 / 108,924,715 (26.1%)
[Layer Freezing] Training last 4 transformer layers (layers 8-11)
[Layer Freezing] Trainable params: 28,384,555 / 108,924,715 (26.1%)
[Layer Freezing] Training last 4 transformer layers (layers 8-11)
[Layer Freezing] Trainable params: 28,384,555 / 108,924,715 (26.1%)
[Round 31] T=2.00  α_ce=1.00  α_kd=1.00
 Round 31 | F1 0.3865 | P 0.6112 | R 0.2826 | Time 43.9s | Comm N/A | Local Avg F1: 0.3166

=== Round 32/50 ===
[Round 32] KD=ON | policy=ema_first
[Layer Freezing] Training last 4 transformer layers (layers 8-11)
[Layer Freezing] Trainable params: 28,384,555 / 108,924,715 (26.1%)
[Layer Freezing] Training last 4 transformer layers (layers 8-11)
[Layer Freezing] Trainable params: 28,384,555 / 108,924,715 (26.1%)
[Layer Freezing] Training last 4 transformer layers (layers 8-11)
[Layer Freezing] Trainable params: 28,384,555 / 108,924,715 (26.1%)
[Layer Freezing] Training last 4 transformer layers (layers 8-11)
[Layer Freezing] Trainable params: 28,384,555 / 108,924,715 (26.1%)
[Layer Freezing] Training last 4 transformer layers (layers 8-11)
[Layer Freezing] Trainable params: 28,384,555 / 108,924,715 (26.1%)
[Layer Freezing] Training last 4 transformer layers (layers 8-11)
[Layer Freezing] Trainable params: 28,384,555 / 108,924,715 (26.1%)
[Layer Freezing] Training last 4 transformer layers (layers 8-11)
[Layer Freezing] Trainable params: 28,384,555 / 108,924,715 (26.1%)
[Layer Freezing] Training last 4 transformer layers (layers 8-11)
[Layer Freezing] Trainable params: 28,384,555 / 108,924,715 (26.1%)
[Layer Freezing] Training last 4 transformer layers (layers 8-11)
[Layer Freezing] Trainable params: 28,384,555 / 108,924,715 (26.1%)
[Layer Freezing] Training last 4 transformer layers (layers 8-11)
[Layer Freezing] Trainable params: 28,384,555 / 108,924,715 (26.1%)
[Round 32] T=2.00  α_ce=1.00  α_kd=1.00
 Round 32 | F1 0.4035 | P 0.6017 | R 0.3035 | Time 45.0s | Comm N/A | Local Avg F1: 0.3356

=== Round 33/50 ===
[Round 33] KD=ON | policy=ema_first
[Layer Freezing] Training last 4 transformer layers (layers 8-11)
[Layer Freezing] Trainable params: 28,384,555 / 108,924,715 (26.1%)
[Layer Freezing] Training last 4 transformer layers (layers 8-11)
[Layer Freezing] Trainable params: 28,384,555 / 108,924,715 (26.1%)
[Layer Freezing] Training last 4 transformer layers (layers 8-11)
[Layer Freezing] Trainable params: 28,384,555 / 108,924,715 (26.1%)
[Layer Freezing] Training last 4 transformer layers (layers 8-11)
[Layer Freezing] Trainable params: 28,384,555 / 108,924,715 (26.1%)
[Layer Freezing] Training last 4 transformer layers (layers 8-11)
[Layer Freezing] Trainable params: 28,384,555 / 108,924,715 (26.1%)
[Layer Freezing] Training last 4 transformer layers (layers 8-11)
[Layer Freezing] Trainable params: 28,384,555 / 108,924,715 (26.1%)
[Layer Freezing] Training last 4 transformer layers (layers 8-11)
[Layer Freezing] Trainable params: 28,384,555 / 108,924,715 (26.1%)
[Layer Freezing] Training last 4 transformer layers (layers 8-11)
[Layer Freezing] Trainable params: 28,384,555 / 108,924,715 (26.1%)
[Layer Freezing] Training last 4 transformer layers (layers 8-11)
[Layer Freezing] Trainable params: 28,384,555 / 108,924,715 (26.1%)
[Layer Freezing] Training last 4 transformer layers (layers 8-11)
[Layer Freezing] Trainable params: 28,384,555 / 108,924,715 (26.1%)
[Round 33] T=2.00  α_ce=1.00  α_kd=1.00
 Round 33 | F1 0.4148 | P 0.5960 | R 0.3181 | Time 43.8s | Comm N/A | Local Avg F1: 0.3488

=== Round 34/50 ===
[Round 34] KD=ON | policy=ema_first
[Layer Freezing] Training last 4 transformer layers (layers 8-11)
[Layer Freezing] Trainable params: 28,384,555 / 108,924,715 (26.1%)
[Layer Freezing] Training last 4 transformer layers (layers 8-11)
[Layer Freezing] Trainable params: 28,384,555 / 108,924,715 (26.1%)
[Layer Freezing] Training last 4 transformer layers (layers 8-11)
[Layer Freezing] Trainable params: 28,384,555 / 108,924,715 (26.1%)
[Layer Freezing] Training last 4 transformer layers (layers 8-11)
[Layer Freezing] Trainable params: 28,384,555 / 108,924,715 (26.1%)
[Layer Freezing] Training last 4 transformer layers (layers 8-11)
[Layer Freezing] Trainable params: 28,384,555 / 108,924,715 (26.1%)
[Layer Freezing] Training last 4 transformer layers (layers 8-11)
[Layer Freezing] Trainable params: 28,384,555 / 108,924,715 (26.1%)
[Layer Freezing] Training last 4 transformer layers (layers 8-11)
[Layer Freezing] Trainable params: 28,384,555 / 108,924,715 (26.1%)
[Layer Freezing] Training last 4 transformer layers (layers 8-11)
[Layer Freezing] Trainable params: 28,384,555 / 108,924,715 (26.1%)
[Layer Freezing] Training last 4 transformer layers (layers 8-11)
[Layer Freezing] Trainable params: 28,384,555 / 108,924,715 (26.1%)
[Layer Freezing] Training last 4 transformer layers (layers 8-11)
[Layer Freezing] Trainable params: 28,384,555 / 108,924,715 (26.1%)
[Round 34] T=2.00  α_ce=1.00  α_kd=1.00
 Round 34 | F1 0.4201 | P 0.5981 | R 0.3237 | Time 43.8s | Comm N/A | Local Avg F1: 0.3518

=== Round 35/50 ===
[Round 35] KD=ON | policy=ema_first
[Layer Freezing] Training last 4 transformer layers (layers 8-11)
[Layer Freezing] Trainable params: 28,384,555 / 108,924,715 (26.1%)
[Layer Freezing] Training last 4 transformer layers (layers 8-11)
[Layer Freezing] Trainable params: 28,384,555 / 108,924,715 (26.1%)
[Layer Freezing] Training last 4 transformer layers (layers 8-11)
[Layer Freezing] Trainable params: 28,384,555 / 108,924,715 (26.1%)
[Layer Freezing] Training last 4 transformer layers (layers 8-11)
[Layer Freezing] Trainable params: 28,384,555 / 108,924,715 (26.1%)
[Layer Freezing] Training last 4 transformer layers (layers 8-11)
[Layer Freezing] Trainable params: 28,384,555 / 108,924,715 (26.1%)
[Layer Freezing] Training last 4 transformer layers (layers 8-11)
[Layer Freezing] Trainable params: 28,384,555 / 108,924,715 (26.1%)
[Layer Freezing] Training last 4 transformer layers (layers 8-11)
[Layer Freezing] Trainable params: 28,384,555 / 108,924,715 (26.1%)
[Layer Freezing] Training last 4 transformer layers (layers 8-11)
[Layer Freezing] Trainable params: 28,384,555 / 108,924,715 (26.1%)
[Layer Freezing] Training last 4 transformer layers (layers 8-11)
[Layer Freezing] Trainable params: 28,384,555 / 108,924,715 (26.1%)
[Layer Freezing] Training last 4 transformer layers (layers 8-11)
[Layer Freezing] Trainable params: 28,384,555 / 108,924,715 (26.1%)
[Round 35] T=2.00  α_ce=1.00  α_kd=1.00
 Round 35 | F1 0.4225 | P 0.6001 | R 0.3260 | Time 43.7s | Comm N/A | Local Avg F1: 0.3522

=== Round 36/50 ===
[Round 36] KD=ON | policy=ema_first
[Layer Freezing] Training last 4 transformer layers (layers 8-11)
[Layer Freezing] Trainable params: 28,384,555 / 108,924,715 (26.1%)
[Layer Freezing] Training last 4 transformer layers (layers 8-11)
[Layer Freezing] Trainable params: 28,384,555 / 108,924,715 (26.1%)
[Layer Freezing] Training last 4 transformer layers (layers 8-11)
[Layer Freezing] Trainable params: 28,384,555 / 108,924,715 (26.1%)
[Layer Freezing] Training last 4 transformer layers (layers 8-11)
[Layer Freezing] Trainable params: 28,384,555 / 108,924,715 (26.1%)
[Layer Freezing] Training last 4 transformer layers (layers 8-11)
[Layer Freezing] Trainable params: 28,384,555 / 108,924,715 (26.1%)
[Layer Freezing] Training last 4 transformer layers (layers 8-11)
[Layer Freezing] Trainable params: 28,384,555 / 108,924,715 (26.1%)
[Layer Freezing] Training last 4 transformer layers (layers 8-11)
[Layer Freezing] Trainable params: 28,384,555 / 108,924,715 (26.1%)
[Layer Freezing] Training last 4 transformer layers (layers 8-11)
[Layer Freezing] Trainable params: 28,384,555 / 108,924,715 (26.1%)
[Layer Freezing] Training last 4 transformer layers (layers 8-11)
[Layer Freezing] Trainable params: 28,384,555 / 108,924,715 (26.1%)
[Layer Freezing] Training last 4 transformer layers (layers 8-11)
[Layer Freezing] Trainable params: 28,384,555 / 108,924,715 (26.1%)
[Round 36] T=2.00  α_ce=1.00  α_kd=1.00
 Round 36 | F1 0.4147 | P 0.6078 | R 0.3147 | Time 43.8s | Comm N/A | Local Avg F1: 0.3496

=== Round 37/50 ===
[Round 37] KD=ON | policy=ema_first
[Layer Freezing] Training last 4 transformer layers (layers 8-11)
[Layer Freezing] Trainable params: 28,384,555 / 108,924,715 (26.1%)
[Layer Freezing] Training last 4 transformer layers (layers 8-11)
[Layer Freezing] Trainable params: 28,384,555 / 108,924,715 (26.1%)
[Layer Freezing] Training last 4 transformer layers (layers 8-11)
[Layer Freezing] Trainable params: 28,384,555 / 108,924,715 (26.1%)
[Layer Freezing] Training last 4 transformer layers (layers 8-11)
[Layer Freezing] Trainable params: 28,384,555 / 108,924,715 (26.1%)
[Layer Freezing] Training last 4 transformer layers (layers 8-11)
[Layer Freezing] Trainable params: 28,384,555 / 108,924,715 (26.1%)
[Layer Freezing] Training last 4 transformer layers (layers 8-11)
[Layer Freezing] Trainable params: 28,384,555 / 108,924,715 (26.1%)
[Layer Freezing] Training last 4 transformer layers (layers 8-11)
[Layer Freezing] Trainable params: 28,384,555 / 108,924,715 (26.1%)
[Layer Freezing] Training last 4 transformer layers (layers 8-11)
[Layer Freezing] Trainable params: 28,384,555 / 108,924,715 (26.1%)
[Layer Freezing] Training last 4 transformer layers (layers 8-11)
[Layer Freezing] Trainable params: 28,384,555 / 108,924,715 (26.1%)
[Layer Freezing] Training last 4 transformer layers (layers 8-11)
[Layer Freezing] Trainable params: 28,384,555 / 108,924,715 (26.1%)
[Round 37] T=2.00  α_ce=1.00  α_kd=1.00
 Round 37 | F1 0.4251 | P 0.6050 | R 0.3277 | Time 44.5s | Comm N/A | Local Avg F1: 0.3638

=== Round 38/50 ===
[Round 38] KD=ON | policy=ema_first
[Layer Freezing] Training last 4 transformer layers (layers 8-11)
[Layer Freezing] Trainable params: 28,384,555 / 108,924,715 (26.1%)
[Layer Freezing] Training last 4 transformer layers (layers 8-11)
[Layer Freezing] Trainable params: 28,384,555 / 108,924,715 (26.1%)
[Layer Freezing] Training last 4 transformer layers (layers 8-11)
[Layer Freezing] Trainable params: 28,384,555 / 108,924,715 (26.1%)
[Layer Freezing] Training last 4 transformer layers (layers 8-11)
[Layer Freezing] Trainable params: 28,384,555 / 108,924,715 (26.1%)
[Layer Freezing] Training last 4 transformer layers (layers 8-11)
[Layer Freezing] Trainable params: 28,384,555 / 108,924,715 (26.1%)
[Layer Freezing] Training last 4 transformer layers (layers 8-11)
[Layer Freezing] Trainable params: 28,384,555 / 108,924,715 (26.1%)
[Layer Freezing] Training last 4 transformer layers (layers 8-11)
[Layer Freezing] Trainable params: 28,384,555 / 108,924,715 (26.1%)
[Layer Freezing] Training last 4 transformer layers (layers 8-11)
[Layer Freezing] Trainable params: 28,384,555 / 108,924,715 (26.1%)
[Layer Freezing] Training last 4 transformer layers (layers 8-11)
[Layer Freezing] Trainable params: 28,384,555 / 108,924,715 (26.1%)
[Layer Freezing] Training last 4 transformer layers (layers 8-11)
[Layer Freezing] Trainable params: 28,384,555 / 108,924,715 (26.1%)
[Round 38] T=2.00  α_ce=1.00  α_kd=1.00
 Round 38 | F1 0.4256 | P 0.6082 | R 0.3273 | Time 44.2s | Comm N/A | Local Avg F1: 0.3598

=== Round 39/50 ===
[Round 39] KD=ON | policy=ema_first
[Layer Freezing] Training last 4 transformer layers (layers 8-11)
[Layer Freezing] Trainable params: 28,384,555 / 108,924,715 (26.1%)
[Layer Freezing] Training last 4 transformer layers (layers 8-11)
[Layer Freezing] Trainable params: 28,384,555 / 108,924,715 (26.1%)
[Layer Freezing] Training last 4 transformer layers (layers 8-11)
[Layer Freezing] Trainable params: 28,384,555 / 108,924,715 (26.1%)
[Layer Freezing] Training last 4 transformer layers (layers 8-11)
[Layer Freezing] Trainable params: 28,384,555 / 108,924,715 (26.1%)
[Layer Freezing] Training last 4 transformer layers (layers 8-11)
[Layer Freezing] Trainable params: 28,384,555 / 108,924,715 (26.1%)
[Layer Freezing] Training last 4 transformer layers (layers 8-11)
[Layer Freezing] Trainable params: 28,384,555 / 108,924,715 (26.1%)
[Layer Freezing] Training last 4 transformer layers (layers 8-11)
[Layer Freezing] Trainable params: 28,384,555 / 108,924,715 (26.1%)
[Layer Freezing] Training last 4 transformer layers (layers 8-11)
[Layer Freezing] Trainable params: 28,384,555 / 108,924,715 (26.1%)
[Layer Freezing] Training last 4 transformer layers (layers 8-11)
[Layer Freezing] Trainable params: 28,384,555 / 108,924,715 (26.1%)
[Layer Freezing] Training last 4 transformer layers (layers 8-11)
[Layer Freezing] Trainable params: 28,384,555 / 108,924,715 (26.1%)
[Round 39] T=2.00  α_ce=1.00  α_kd=1.00
 Round 39 | F1 0.4358 | P 0.6050 | R 0.3405 | Time 44.1s | Comm N/A | Local Avg F1: 0.3692

=== Round 40/50 ===
[Round 40] KD=ON | policy=ema_first
[Layer Freezing] Training last 4 transformer layers (layers 8-11)
[Layer Freezing] Trainable params: 28,384,555 / 108,924,715 (26.1%)
[Layer Freezing] Training last 4 transformer layers (layers 8-11)
[Layer Freezing] Trainable params: 28,384,555 / 108,924,715 (26.1%)
[Layer Freezing] Training last 4 transformer layers (layers 8-11)
[Layer Freezing] Trainable params: 28,384,555 / 108,924,715 (26.1%)
[Layer Freezing] Training last 4 transformer layers (layers 8-11)
[Layer Freezing] Trainable params: 28,384,555 / 108,924,715 (26.1%)
[Layer Freezing] Training last 4 transformer layers (layers 8-11)
[Layer Freezing] Trainable params: 28,384,555 / 108,924,715 (26.1%)
[Layer Freezing] Training last 4 transformer layers (layers 8-11)
[Layer Freezing] Trainable params: 28,384,555 / 108,924,715 (26.1%)
[Layer Freezing] Training last 4 transformer layers (layers 8-11)
[Layer Freezing] Trainable params: 28,384,555 / 108,924,715 (26.1%)
[Layer Freezing] Training last 4 transformer layers (layers 8-11)
[Layer Freezing] Trainable params: 28,384,555 / 108,924,715 (26.1%)
[Layer Freezing] Training last 4 transformer layers (layers 8-11)
[Layer Freezing] Trainable params: 28,384,555 / 108,924,715 (26.1%)
[Layer Freezing] Training last 4 transformer layers (layers 8-11)
[Layer Freezing] Trainable params: 28,384,555 / 108,924,715 (26.1%)
[Round 40] T=2.00  α_ce=1.00  α_kd=1.00
 Round 40 | F1 0.4355 | P 0.6080 | R 0.3393 | Time 44.8s | Comm N/A | Local Avg F1: 0.3668

=== Round 41/50 ===
[Round 41] KD=ON | policy=ema_first
[Layer Freezing] Training last 4 transformer layers (layers 8-11)
[Layer Freezing] Trainable params: 28,384,555 / 108,924,715 (26.1%)
[Layer Freezing] Training last 4 transformer layers (layers 8-11)
[Layer Freezing] Trainable params: 28,384,555 / 108,924,715 (26.1%)
[Layer Freezing] Training last 4 transformer layers (layers 8-11)
[Layer Freezing] Trainable params: 28,384,555 / 108,924,715 (26.1%)
[Layer Freezing] Training last 4 transformer layers (layers 8-11)
[Layer Freezing] Trainable params: 28,384,555 / 108,924,715 (26.1%)
[Layer Freezing] Training last 4 transformer layers (layers 8-11)
[Layer Freezing] Trainable params: 28,384,555 / 108,924,715 (26.1%)
[Layer Freezing] Training last 4 transformer layers (layers 8-11)
[Layer Freezing] Trainable params: 28,384,555 / 108,924,715 (26.1%)
[Layer Freezing] Training last 4 transformer layers (layers 8-11)
[Layer Freezing] Trainable params: 28,384,555 / 108,924,715 (26.1%)
[Layer Freezing] Training last 4 transformer layers (layers 8-11)
[Layer Freezing] Trainable params: 28,384,555 / 108,924,715 (26.1%)
[Layer Freezing] Training last 4 transformer layers (layers 8-11)
[Layer Freezing] Trainable params: 28,384,555 / 108,924,715 (26.1%)
[Layer Freezing] Training last 4 transformer layers (layers 8-11)
[Layer Freezing] Trainable params: 28,384,555 / 108,924,715 (26.1%)
[Round 41] T=2.00  α_ce=1.00  α_kd=1.00
 Round 41 | F1 0.4474 | P 0.5995 | R 0.3568 | Time 44.3s | Comm N/A | Local Avg F1: 0.3776

=== Round 42/50 ===
[Round 42] KD=ON | policy=ema_first
[Layer Freezing] Training last 4 transformer layers (layers 8-11)
[Layer Freezing] Trainable params: 28,384,555 / 108,924,715 (26.1%)
[Layer Freezing] Training last 4 transformer layers (layers 8-11)
[Layer Freezing] Trainable params: 28,384,555 / 108,924,715 (26.1%)
[Layer Freezing] Training last 4 transformer layers (layers 8-11)
[Layer Freezing] Trainable params: 28,384,555 / 108,924,715 (26.1%)
[Layer Freezing] Training last 4 transformer layers (layers 8-11)
[Layer Freezing] Trainable params: 28,384,555 / 108,924,715 (26.1%)
[Layer Freezing] Training last 4 transformer layers (layers 8-11)
[Layer Freezing] Trainable params: 28,384,555 / 108,924,715 (26.1%)
[Layer Freezing] Training last 4 transformer layers (layers 8-11)
[Layer Freezing] Trainable params: 28,384,555 / 108,924,715 (26.1%)
[Layer Freezing] Training last 4 transformer layers (layers 8-11)
[Layer Freezing] Trainable params: 28,384,555 / 108,924,715 (26.1%)
[Layer Freezing] Training last 4 transformer layers (layers 8-11)
[Layer Freezing] Trainable params: 28,384,555 / 108,924,715 (26.1%)
[Layer Freezing] Training last 4 transformer layers (layers 8-11)
[Layer Freezing] Trainable params: 28,384,555 / 108,924,715 (26.1%)
[Layer Freezing] Training last 4 transformer layers (layers 8-11)
[Layer Freezing] Trainable params: 28,384,555 / 108,924,715 (26.1%)
[Round 42] T=2.00  α_ce=1.00  α_kd=1.00
 Round 42 | F1 0.4442 | P 0.6152 | R 0.3476 | Time 43.8s | Comm N/A | Local Avg F1: 0.3695

=== Round 43/50 ===
[Round 43] KD=ON | policy=ema_first
[Layer Freezing] Training last 4 transformer layers (layers 8-11)
[Layer Freezing] Trainable params: 28,384,555 / 108,924,715 (26.1%)
[Layer Freezing] Training last 4 transformer layers (layers 8-11)
[Layer Freezing] Trainable params: 28,384,555 / 108,924,715 (26.1%)
[Layer Freezing] Training last 4 transformer layers (layers 8-11)
[Layer Freezing] Trainable params: 28,384,555 / 108,924,715 (26.1%)
[Layer Freezing] Training last 4 transformer layers (layers 8-11)
[Layer Freezing] Trainable params: 28,384,555 / 108,924,715 (26.1%)
[Layer Freezing] Training last 4 transformer layers (layers 8-11)
[Layer Freezing] Trainable params: 28,384,555 / 108,924,715 (26.1%)
[Layer Freezing] Training last 4 transformer layers (layers 8-11)
[Layer Freezing] Trainable params: 28,384,555 / 108,924,715 (26.1%)
[Layer Freezing] Training last 4 transformer layers (layers 8-11)
[Layer Freezing] Trainable params: 28,384,555 / 108,924,715 (26.1%)
[Layer Freezing] Training last 4 transformer layers (layers 8-11)
[Layer Freezing] Trainable params: 28,384,555 / 108,924,715 (26.1%)
[Layer Freezing] Training last 4 transformer layers (layers 8-11)
[Layer Freezing] Trainable params: 28,384,555 / 108,924,715 (26.1%)
[Layer Freezing] Training last 4 transformer layers (layers 8-11)
[Layer Freezing] Trainable params: 28,384,555 / 108,924,715 (26.1%)
[Round 43] T=2.00  α_ce=1.00  α_kd=1.00
 Round 43 | F1 0.4454 | P 0.6201 | R 0.3475 | Time 44.8s | Comm N/A | Local Avg F1: 0.3711

=== Round 44/50 ===
[Round 44] KD=ON | policy=ema_first
[Layer Freezing] Training last 4 transformer layers (layers 8-11)
[Layer Freezing] Trainable params: 28,384,555 / 108,924,715 (26.1%)
[Layer Freezing] Training last 4 transformer layers (layers 8-11)
[Layer Freezing] Trainable params: 28,384,555 / 108,924,715 (26.1%)
[Layer Freezing] Training last 4 transformer layers (layers 8-11)
[Layer Freezing] Trainable params: 28,384,555 / 108,924,715 (26.1%)
[Layer Freezing] Training last 4 transformer layers (layers 8-11)
[Layer Freezing] Trainable params: 28,384,555 / 108,924,715 (26.1%)
[Layer Freezing] Training last 4 transformer layers (layers 8-11)
[Layer Freezing] Trainable params: 28,384,555 / 108,924,715 (26.1%)
[Layer Freezing] Training last 4 transformer layers (layers 8-11)
[Layer Freezing] Trainable params: 28,384,555 / 108,924,715 (26.1%)
[Layer Freezing] Training last 4 transformer layers (layers 8-11)
[Layer Freezing] Trainable params: 28,384,555 / 108,924,715 (26.1%)
[Layer Freezing] Training last 4 transformer layers (layers 8-11)
[Layer Freezing] Trainable params: 28,384,555 / 108,924,715 (26.1%)
[Layer Freezing] Training last 4 transformer layers (layers 8-11)
[Layer Freezing] Trainable params: 28,384,555 / 108,924,715 (26.1%)
[Layer Freezing] Training last 4 transformer layers (layers 8-11)
[Layer Freezing] Trainable params: 28,384,555 / 108,924,715 (26.1%)
[Round 44] T=2.00  α_ce=1.00  α_kd=1.00
 Round 44 | F1 0.4529 | P 0.6106 | R 0.3599 | Time 44.1s | Comm N/A | Local Avg F1: 0.3834

=== Round 45/50 ===
[Round 45] KD=ON | policy=ema_first
[Layer Freezing] Training last 4 transformer layers (layers 8-11)
[Layer Freezing] Trainable params: 28,384,555 / 108,924,715 (26.1%)
[Layer Freezing] Training last 4 transformer layers (layers 8-11)
[Layer Freezing] Trainable params: 28,384,555 / 108,924,715 (26.1%)
[Layer Freezing] Training last 4 transformer layers (layers 8-11)
[Layer Freezing] Trainable params: 28,384,555 / 108,924,715 (26.1%)
[Layer Freezing] Training last 4 transformer layers (layers 8-11)
[Layer Freezing] Trainable params: 28,384,555 / 108,924,715 (26.1%)
[Layer Freezing] Training last 4 transformer layers (layers 8-11)
[Layer Freezing] Trainable params: 28,384,555 / 108,924,715 (26.1%)
[Layer Freezing] Training last 4 transformer layers (layers 8-11)
[Layer Freezing] Trainable params: 28,384,555 / 108,924,715 (26.1%)
[Layer Freezing] Training last 4 transformer layers (layers 8-11)
[Layer Freezing] Trainable params: 28,384,555 / 108,924,715 (26.1%)
[Layer Freezing] Training last 4 transformer layers (layers 8-11)
[Layer Freezing] Trainable params: 28,384,555 / 108,924,715 (26.1%)
[Layer Freezing] Training last 4 transformer layers (layers 8-11)
[Layer Freezing] Trainable params: 28,384,555 / 108,924,715 (26.1%)
[Layer Freezing] Training last 4 transformer layers (layers 8-11)
[Layer Freezing] Trainable params: 28,384,555 / 108,924,715 (26.1%)
[Round 45] T=2.00  α_ce=1.00  α_kd=1.00
 Round 45 | F1 0.4598 | P 0.6130 | R 0.3679 | Time 43.4s | Comm N/A | Local Avg F1: 0.3879

=== Round 46/50 ===
[Round 46] KD=ON | policy=ema_first
[Layer Freezing] Training last 4 transformer layers (layers 8-11)
[Layer Freezing] Trainable params: 28,384,555 / 108,924,715 (26.1%)
[Layer Freezing] Training last 4 transformer layers (layers 8-11)
[Layer Freezing] Trainable params: 28,384,555 / 108,924,715 (26.1%)
[Layer Freezing] Training last 4 transformer layers (layers 8-11)
[Layer Freezing] Trainable params: 28,384,555 / 108,924,715 (26.1%)
[Layer Freezing] Training last 4 transformer layers (layers 8-11)
[Layer Freezing] Trainable params: 28,384,555 / 108,924,715 (26.1%)
[Layer Freezing] Training last 4 transformer layers (layers 8-11)
[Layer Freezing] Trainable params: 28,384,555 / 108,924,715 (26.1%)
[Layer Freezing] Training last 4 transformer layers (layers 8-11)
[Layer Freezing] Trainable params: 28,384,555 / 108,924,715 (26.1%)
[Layer Freezing] Training last 4 transformer layers (layers 8-11)
[Layer Freezing] Trainable params: 28,384,555 / 108,924,715 (26.1%)
[Layer Freezing] Training last 4 transformer layers (layers 8-11)
[Layer Freezing] Trainable params: 28,384,555 / 108,924,715 (26.1%)
[Layer Freezing] Training last 4 transformer layers (layers 8-11)
[Layer Freezing] Trainable params: 28,384,555 / 108,924,715 (26.1%)
[Layer Freezing] Training last 4 transformer layers (layers 8-11)
[Layer Freezing] Trainable params: 28,384,555 / 108,924,715 (26.1%)
[Round 46] T=2.00  α_ce=1.00  α_kd=1.00
 Round 46 | F1 0.4538 | P 0.6268 | R 0.3557 | Time 45.4s | Comm N/A | Local Avg F1: 0.3835

=== Round 47/50 ===
[Round 47] KD=ON | policy=ema_first
[Layer Freezing] Training last 4 transformer layers (layers 8-11)
[Layer Freezing] Trainable params: 28,384,555 / 108,924,715 (26.1%)
[Layer Freezing] Training last 4 transformer layers (layers 8-11)
[Layer Freezing] Trainable params: 28,384,555 / 108,924,715 (26.1%)
[Layer Freezing] Training last 4 transformer layers (layers 8-11)
[Layer Freezing] Trainable params: 28,384,555 / 108,924,715 (26.1%)
[Layer Freezing] Training last 4 transformer layers (layers 8-11)
[Layer Freezing] Trainable params: 28,384,555 / 108,924,715 (26.1%)
[Layer Freezing] Training last 4 transformer layers (layers 8-11)
[Layer Freezing] Trainable params: 28,384,555 / 108,924,715 (26.1%)
[Layer Freezing] Training last 4 transformer layers (layers 8-11)
[Layer Freezing] Trainable params: 28,384,555 / 108,924,715 (26.1%)
[Layer Freezing] Training last 4 transformer layers (layers 8-11)
[Layer Freezing] Trainable params: 28,384,555 / 108,924,715 (26.1%)
[Layer Freezing] Training last 4 transformer layers (layers 8-11)
[Layer Freezing] Trainable params: 28,384,555 / 108,924,715 (26.1%)
[Layer Freezing] Training last 4 transformer layers (layers 8-11)
[Layer Freezing] Trainable params: 28,384,555 / 108,924,715 (26.1%)
[Layer Freezing] Training last 4 transformer layers (layers 8-11)
[Layer Freezing] Trainable params: 28,384,555 / 108,924,715 (26.1%)
[Round 47] T=2.00  α_ce=1.00  α_kd=1.00
 Round 47 | F1 0.4631 | P 0.6152 | R 0.3713 | Time 44.8s | Comm N/A | Local Avg F1: 0.3890

=== Round 48/50 ===
[Round 48] KD=ON | policy=ema_first
[Layer Freezing] Training last 4 transformer layers (layers 8-11)
[Layer Freezing] Trainable params: 28,384,555 / 108,924,715 (26.1%)
[Layer Freezing] Training last 4 transformer layers (layers 8-11)
[Layer Freezing] Trainable params: 28,384,555 / 108,924,715 (26.1%)
[Layer Freezing] Training last 4 transformer layers (layers 8-11)
[Layer Freezing] Trainable params: 28,384,555 / 108,924,715 (26.1%)
[Layer Freezing] Training last 4 transformer layers (layers 8-11)
[Layer Freezing] Trainable params: 28,384,555 / 108,924,715 (26.1%)
[Layer Freezing] Training last 4 transformer layers (layers 8-11)
[Layer Freezing] Trainable params: 28,384,555 / 108,924,715 (26.1%)
[Layer Freezing] Training last 4 transformer layers (layers 8-11)
[Layer Freezing] Trainable params: 28,384,555 / 108,924,715 (26.1%)
[Layer Freezing] Training last 4 transformer layers (layers 8-11)
[Layer Freezing] Trainable params: 28,384,555 / 108,924,715 (26.1%)
[Layer Freezing] Training last 4 transformer layers (layers 8-11)
[Layer Freezing] Trainable params: 28,384,555 / 108,924,715 (26.1%)
[Layer Freezing] Training last 4 transformer layers (layers 8-11)
[Layer Freezing] Trainable params: 28,384,555 / 108,924,715 (26.1%)
[Layer Freezing] Training last 4 transformer layers (layers 8-11)
[Layer Freezing] Trainable params: 28,384,555 / 108,924,715 (26.1%)
[Round 48] T=2.00  α_ce=1.00  α_kd=1.00
 Round 48 | F1 0.4663 | P 0.6124 | R 0.3765 | Time 44.3s | Comm N/A | Local Avg F1: 0.3941

=== Round 49/50 ===
[Round 49] KD=ON | policy=ema_first
[Layer Freezing] Training last 4 transformer layers (layers 8-11)
[Layer Freezing] Trainable params: 28,384,555 / 108,924,715 (26.1%)
[Layer Freezing] Training last 4 transformer layers (layers 8-11)
[Layer Freezing] Trainable params: 28,384,555 / 108,924,715 (26.1%)
[Layer Freezing] Training last 4 transformer layers (layers 8-11)
[Layer Freezing] Trainable params: 28,384,555 / 108,924,715 (26.1%)
[Layer Freezing] Training last 4 transformer layers (layers 8-11)
[Layer Freezing] Trainable params: 28,384,555 / 108,924,715 (26.1%)
[Layer Freezing] Training last 4 transformer layers (layers 8-11)
[Layer Freezing] Trainable params: 28,384,555 / 108,924,715 (26.1%)
[Layer Freezing] Training last 4 transformer layers (layers 8-11)
[Layer Freezing] Trainable params: 28,384,555 / 108,924,715 (26.1%)
[Layer Freezing] Training last 4 transformer layers (layers 8-11)
[Layer Freezing] Trainable params: 28,384,555 / 108,924,715 (26.1%)
[Layer Freezing] Training last 4 transformer layers (layers 8-11)
[Layer Freezing] Trainable params: 28,384,555 / 108,924,715 (26.1%)
[Layer Freezing] Training last 4 transformer layers (layers 8-11)
[Layer Freezing] Trainable params: 28,384,555 / 108,924,715 (26.1%)
[Layer Freezing] Training last 4 transformer layers (layers 8-11)
[Layer Freezing] Trainable params: 28,384,555 / 108,924,715 (26.1%)
[Round 49] T=2.00  α_ce=1.00  α_kd=1.00
 Round 49 | F1 0.4616 | P 0.6203 | R 0.3676 | Time 43.9s | Comm N/A | Local Avg F1: 0.3935

=== Round 50/50 ===
[Round 50] KD=ON | policy=ema_first
[Layer Freezing] Training last 4 transformer layers (layers 8-11)
[Layer Freezing] Trainable params: 28,384,555 / 108,924,715 (26.1%)
[Layer Freezing] Training last 4 transformer layers (layers 8-11)
[Layer Freezing] Trainable params: 28,384,555 / 108,924,715 (26.1%)
[Layer Freezing] Training last 4 transformer layers (layers 8-11)
[Layer Freezing] Trainable params: 28,384,555 / 108,924,715 (26.1%)
[Layer Freezing] Training last 4 transformer layers (layers 8-11)
[Layer Freezing] Trainable params: 28,384,555 / 108,924,715 (26.1%)
[Layer Freezing] Training last 4 transformer layers (layers 8-11)
[Layer Freezing] Trainable params: 28,384,555 / 108,924,715 (26.1%)
[Layer Freezing] Training last 4 transformer layers (layers 8-11)
[Layer Freezing] Trainable params: 28,384,555 / 108,924,715 (26.1%)
[Layer Freezing] Training last 4 transformer layers (layers 8-11)
[Layer Freezing] Trainable params: 28,384,555 / 108,924,715 (26.1%)
[Layer Freezing] Training last 4 transformer layers (layers 8-11)
[Layer Freezing] Trainable params: 28,384,555 / 108,924,715 (26.1%)
[Layer Freezing] Training last 4 transformer layers (layers 8-11)
[Layer Freezing] Trainable params: 28,384,555 / 108,924,715 (26.1%)
[Layer Freezing] Training last 4 transformer layers (layers 8-11)
[Layer Freezing] Trainable params: 28,384,555 / 108,924,715 (26.1%)
[Round 50] T=2.00  α_ce=1.00  α_kd=1.00
 Round 50 | F1 0.4548 | P 0.6292 | R 0.3562 | Time 44.2s | Comm N/A | Local Avg F1: 0.3893
[save_json] Saved: results/FedSAD_20250820_190933/fed_results.json
[save_json] Backup: results/FedSAD_20250820_190933/fed_results_20250820_194623.json
== FedSAD 0.01==
📁 从本地加载模型: /root/autodl-tmp/new/fedner/models/microsoft_BiomedNLP-PubMedBERT-base-uncased-abstract
Some weights of BertForTokenClassification were not initialized from the model checkpoint at /root/autodl-tmp/new/fedner/models/microsoft_BiomedNLP-PubMedBERT-base-uncased-abstract and are newly initialized because the shapes did not match:
- classifier.bias: found shape torch.Size([2]) in the checkpoint and torch.Size([43]) in the model instantiated
- classifier.weight: found shape torch.Size([2, 768]) in the checkpoint and torch.Size([43, 768]) in the model instantiated
You should probably TRAIN this model on a down-stream task to be able to use it for predictions and inference.
Using device: cuda
📁 从本地加载模型: /root/autodl-tmp/new/fedner/models/microsoft_BiomedNLP-PubMedBERT-base-uncased-abstract
Some weights of BertForTokenClassification were not initialized from the model checkpoint at /root/autodl-tmp/new/fedner/models/microsoft_BiomedNLP-PubMedBERT-base-uncased-abstract and are newly initialized because the shapes did not match:
- classifier.bias: found shape torch.Size([2]) in the checkpoint and torch.Size([43]) in the model instantiated
- classifier.weight: found shape torch.Size([2, 768]) in the checkpoint and torch.Size([43, 768]) in the model instantiated
You should probably TRAIN this model on a down-stream task to be able to use it for predictions and inference.

============================================================
EXPERIMENT CONFIGURATION
============================================================
Algorithm: FedSAD | Clients: 10 (100% per round) | Rounds: 50, Local epochs: 2 | Training: Last 4 layers | Sampling: 200 samples per client (random) | Data: Non-IID (α=0.01)
------------------------------------------------------------
Algorithm-specific parameters for FedSAD:
  - use_distillation: True
  - kd_start_round: 2
  - teacher_policy: prev_global
  - temperature_start: 2.0, temperature_end: 2.0
  - alpha_ce_start: 1.0, alpha_ce_end: 1.0
  - alpha_kd_start: 1.0, alpha_kd_end: 1.0
  - hidden_distill: False, alpha_hidden: 0.0
  - o_downweight: 1.0
============================================================

Model initialized: 108,924,715/108,924,715 trainable params (100.0%)

=== Round 1/50 ===
[Round 1] KD=OFF | policy=prev_global
[Layer Freezing] Training last 4 transformer layers (layers 8-11)
[Layer Freezing] Trainable params: 28,384,555 / 108,924,715 (26.1%)
/root/miniconda3/lib/python3.12/site-packages/torch/nn/modules/module.py:1762: FutureWarning: `encoder_attention_mask` is deprecated and will be removed in version 4.55.0 for `BertSdpaSelfAttention.forward`.
  return forward_call(*args, **kwargs)
[Layer Freezing] Training last 4 transformer layers (layers 8-11)
[Layer Freezing] Trainable params: 28,384,555 / 108,924,715 (26.1%)
[Layer Freezing] Training last 4 transformer layers (layers 8-11)
[Layer Freezing] Trainable params: 28,384,555 / 108,924,715 (26.1%)
[Layer Freezing] Training last 4 transformer layers (layers 8-11)
[Layer Freezing] Trainable params: 28,384,555 / 108,924,715 (26.1%)
[Layer Freezing] Training last 4 transformer layers (layers 8-11)
[Layer Freezing] Trainable params: 28,384,555 / 108,924,715 (26.1%)
[Layer Freezing] Training last 4 transformer layers (layers 8-11)
[Layer Freezing] Trainable params: 28,384,555 / 108,924,715 (26.1%)
[Layer Freezing] Training last 4 transformer layers (layers 8-11)
[Layer Freezing] Trainable params: 28,384,555 / 108,924,715 (26.1%)
[Layer Freezing] Training last 4 transformer layers (layers 8-11)
[Layer Freezing] Trainable params: 28,384,555 / 108,924,715 (26.1%)
[Layer Freezing] Training last 4 transformer layers (layers 8-11)
[Layer Freezing] Trainable params: 28,384,555 / 108,924,715 (26.1%)
[Layer Freezing] Training last 4 transformer layers (layers 8-11)
[Layer Freezing] Trainable params: 28,384,555 / 108,924,715 (26.1%)
[Round 1] T=2.00  α_ce=1.00  α_kd=0.00
/root/miniconda3/lib/python3.12/site-packages/seqeval/metrics/v1.py:57: UndefinedMetricWarning: Precision is ill-defined and being set to 0.0 due to no predicted samples. Use `zero_division` parameter to control this behavior.
  _warn_prf(average, modifier, msg_start, len(result))
/root/miniconda3/lib/python3.12/site-packages/seqeval/metrics/v1.py:159: UndefinedMetricWarning: F-score is ill-defined and being set to 0.0 due to no true nor predicted samples. Use `zero_division` parameter to control this behavior.
  _warn_prf(
/root/miniconda3/lib/python3.12/site-packages/seqeval/metrics/v1.py:57: UndefinedMetricWarning: Recall is ill-defined and being set to 0.0 due to no true samples. Use `zero_division` parameter to control this behavior.
  _warn_prf(average, modifier, msg_start, len(result))
 Round 1 | F1 0.0000 | P 0.0000 | R 0.0000 | Time 40.6s | Comm N/A | Local Avg F1: 0.0000

=== Round 2/50 ===
[Round 2] KD=ON | policy=prev_global
[Layer Freezing] Training last 4 transformer layers (layers 8-11)
[Layer Freezing] Trainable params: 28,384,555 / 108,924,715 (26.1%)
[Layer Freezing] Training last 4 transformer layers (layers 8-11)
[Layer Freezing] Trainable params: 28,384,555 / 108,924,715 (26.1%)
[Layer Freezing] Training last 4 transformer layers (layers 8-11)
[Layer Freezing] Trainable params: 28,384,555 / 108,924,715 (26.1%)
[Layer Freezing] Training last 4 transformer layers (layers 8-11)
[Layer Freezing] Trainable params: 28,384,555 / 108,924,715 (26.1%)
[Layer Freezing] Training last 4 transformer layers (layers 8-11)
[Layer Freezing] Trainable params: 28,384,555 / 108,924,715 (26.1%)
[Layer Freezing] Training last 4 transformer layers (layers 8-11)
[Layer Freezing] Trainable params: 28,384,555 / 108,924,715 (26.1%)
[Layer Freezing] Training last 4 transformer layers (layers 8-11)
[Layer Freezing] Trainable params: 28,384,555 / 108,924,715 (26.1%)
[Layer Freezing] Training last 4 transformer layers (layers 8-11)
[Layer Freezing] Trainable params: 28,384,555 / 108,924,715 (26.1%)
[Layer Freezing] Training last 4 transformer layers (layers 8-11)
[Layer Freezing] Trainable params: 28,384,555 / 108,924,715 (26.1%)
[Layer Freezing] Training last 4 transformer layers (layers 8-11)
[Layer Freezing] Trainable params: 28,384,555 / 108,924,715 (26.1%)
[Round 2] T=2.00  α_ce=1.00  α_kd=1.00
 Round 2 | F1 0.0000 | P 0.0000 | R 0.0000 | Time 44.3s | Comm N/A | Local Avg F1: 0.0000

=== Round 3/50 ===
[Round 3] KD=ON | policy=prev_global
[Layer Freezing] Training last 4 transformer layers (layers 8-11)
[Layer Freezing] Trainable params: 28,384,555 / 108,924,715 (26.1%)
[Layer Freezing] Training last 4 transformer layers (layers 8-11)
[Layer Freezing] Trainable params: 28,384,555 / 108,924,715 (26.1%)
[Layer Freezing] Training last 4 transformer layers (layers 8-11)
[Layer Freezing] Trainable params: 28,384,555 / 108,924,715 (26.1%)
[Layer Freezing] Training last 4 transformer layers (layers 8-11)
[Layer Freezing] Trainable params: 28,384,555 / 108,924,715 (26.1%)
[Layer Freezing] Training last 4 transformer layers (layers 8-11)
[Layer Freezing] Trainable params: 28,384,555 / 108,924,715 (26.1%)
[Layer Freezing] Training last 4 transformer layers (layers 8-11)
[Layer Freezing] Trainable params: 28,384,555 / 108,924,715 (26.1%)
[Layer Freezing] Training last 4 transformer layers (layers 8-11)
[Layer Freezing] Trainable params: 28,384,555 / 108,924,715 (26.1%)
[Layer Freezing] Training last 4 transformer layers (layers 8-11)
[Layer Freezing] Trainable params: 28,384,555 / 108,924,715 (26.1%)
[Layer Freezing] Training last 4 transformer layers (layers 8-11)
[Layer Freezing] Trainable params: 28,384,555 / 108,924,715 (26.1%)
[Layer Freezing] Training last 4 transformer layers (layers 8-11)
[Layer Freezing] Trainable params: 28,384,555 / 108,924,715 (26.1%)
[Round 3] T=2.00  α_ce=1.00  α_kd=1.00
 Round 3 | F1 0.0001 | P 1.0000 | R 0.0000 | Time 44.8s | Comm N/A | Local Avg F1: 0.0000

=== Round 4/50 ===
[Round 4] KD=ON | policy=prev_global
[Layer Freezing] Training last 4 transformer layers (layers 8-11)
[Layer Freezing] Trainable params: 28,384,555 / 108,924,715 (26.1%)
[Layer Freezing] Training last 4 transformer layers (layers 8-11)
[Layer Freezing] Trainable params: 28,384,555 / 108,924,715 (26.1%)
[Layer Freezing] Training last 4 transformer layers (layers 8-11)
[Layer Freezing] Trainable params: 28,384,555 / 108,924,715 (26.1%)
[Layer Freezing] Training last 4 transformer layers (layers 8-11)
[Layer Freezing] Trainable params: 28,384,555 / 108,924,715 (26.1%)
[Layer Freezing] Training last 4 transformer layers (layers 8-11)
[Layer Freezing] Trainable params: 28,384,555 / 108,924,715 (26.1%)
[Layer Freezing] Training last 4 transformer layers (layers 8-11)
[Layer Freezing] Trainable params: 28,384,555 / 108,924,715 (26.1%)
[Layer Freezing] Training last 4 transformer layers (layers 8-11)
[Layer Freezing] Trainable params: 28,384,555 / 108,924,715 (26.1%)
[Layer Freezing] Training last 4 transformer layers (layers 8-11)
[Layer Freezing] Trainable params: 28,384,555 / 108,924,715 (26.1%)
[Layer Freezing] Training last 4 transformer layers (layers 8-11)
[Layer Freezing] Trainable params: 28,384,555 / 108,924,715 (26.1%)
[Layer Freezing] Training last 4 transformer layers (layers 8-11)
[Layer Freezing] Trainable params: 28,384,555 / 108,924,715 (26.1%)
[Round 4] T=2.00  α_ce=1.00  α_kd=1.00
 Round 4 | F1 0.0096 | P 0.6965 | R 0.0048 | Time 44.5s | Comm N/A | Local Avg F1: 0.0103

=== Round 5/50 ===
[Round 5] KD=ON | policy=prev_global
[Layer Freezing] Training last 4 transformer layers (layers 8-11)
[Layer Freezing] Trainable params: 28,384,555 / 108,924,715 (26.1%)
[Layer Freezing] Training last 4 transformer layers (layers 8-11)
[Layer Freezing] Trainable params: 28,384,555 / 108,924,715 (26.1%)
[Layer Freezing] Training last 4 transformer layers (layers 8-11)
[Layer Freezing] Trainable params: 28,384,555 / 108,924,715 (26.1%)
[Layer Freezing] Training last 4 transformer layers (layers 8-11)
[Layer Freezing] Trainable params: 28,384,555 / 108,924,715 (26.1%)
[Layer Freezing] Training last 4 transformer layers (layers 8-11)
[Layer Freezing] Trainable params: 28,384,555 / 108,924,715 (26.1%)
[Layer Freezing] Training last 4 transformer layers (layers 8-11)
[Layer Freezing] Trainable params: 28,384,555 / 108,924,715 (26.1%)
[Layer Freezing] Training last 4 transformer layers (layers 8-11)
[Layer Freezing] Trainable params: 28,384,555 / 108,924,715 (26.1%)
[Layer Freezing] Training last 4 transformer layers (layers 8-11)
[Layer Freezing] Trainable params: 28,384,555 / 108,924,715 (26.1%)
[Layer Freezing] Training last 4 transformer layers (layers 8-11)
[Layer Freezing] Trainable params: 28,384,555 / 108,924,715 (26.1%)
[Layer Freezing] Training last 4 transformer layers (layers 8-11)
[Layer Freezing] Trainable params: 28,384,555 / 108,924,715 (26.1%)
[Round 5] T=2.00  α_ce=1.00  α_kd=1.00
 Round 5 | F1 0.0437 | P 0.6744 | R 0.0226 | Time 43.5s | Comm N/A | Local Avg F1: 0.0342

=== Round 6/50 ===
[Round 6] KD=ON | policy=prev_global
[Layer Freezing] Training last 4 transformer layers (layers 8-11)
[Layer Freezing] Trainable params: 28,384,555 / 108,924,715 (26.1%)
[Layer Freezing] Training last 4 transformer layers (layers 8-11)
[Layer Freezing] Trainable params: 28,384,555 / 108,924,715 (26.1%)
[Layer Freezing] Training last 4 transformer layers (layers 8-11)
[Layer Freezing] Trainable params: 28,384,555 / 108,924,715 (26.1%)
[Layer Freezing] Training last 4 transformer layers (layers 8-11)
[Layer Freezing] Trainable params: 28,384,555 / 108,924,715 (26.1%)
[Layer Freezing] Training last 4 transformer layers (layers 8-11)
[Layer Freezing] Trainable params: 28,384,555 / 108,924,715 (26.1%)
[Layer Freezing] Training last 4 transformer layers (layers 8-11)
[Layer Freezing] Trainable params: 28,384,555 / 108,924,715 (26.1%)
[Layer Freezing] Training last 4 transformer layers (layers 8-11)
[Layer Freezing] Trainable params: 28,384,555 / 108,924,715 (26.1%)
[Layer Freezing] Training last 4 transformer layers (layers 8-11)
[Layer Freezing] Trainable params: 28,384,555 / 108,924,715 (26.1%)
[Layer Freezing] Training last 4 transformer layers (layers 8-11)
[Layer Freezing] Trainable params: 28,384,555 / 108,924,715 (26.1%)
[Layer Freezing] Training last 4 transformer layers (layers 8-11)
[Layer Freezing] Trainable params: 28,384,555 / 108,924,715 (26.1%)
[Round 6] T=2.00  α_ce=1.00  α_kd=1.00
 Round 6 | F1 0.1029 | P 0.6429 | R 0.0559 | Time 43.6s | Comm N/A | Local Avg F1: 0.0686

=== Round 7/50 ===
[Round 7] KD=ON | policy=prev_global
[Layer Freezing] Training last 4 transformer layers (layers 8-11)
[Layer Freezing] Trainable params: 28,384,555 / 108,924,715 (26.1%)
[Layer Freezing] Training last 4 transformer layers (layers 8-11)
[Layer Freezing] Trainable params: 28,384,555 / 108,924,715 (26.1%)
[Layer Freezing] Training last 4 transformer layers (layers 8-11)
[Layer Freezing] Trainable params: 28,384,555 / 108,924,715 (26.1%)
[Layer Freezing] Training last 4 transformer layers (layers 8-11)
[Layer Freezing] Trainable params: 28,384,555 / 108,924,715 (26.1%)
[Layer Freezing] Training last 4 transformer layers (layers 8-11)
[Layer Freezing] Trainable params: 28,384,555 / 108,924,715 (26.1%)
[Layer Freezing] Training last 4 transformer layers (layers 8-11)
[Layer Freezing] Trainable params: 28,384,555 / 108,924,715 (26.1%)
[Layer Freezing] Training last 4 transformer layers (layers 8-11)
[Layer Freezing] Trainable params: 28,384,555 / 108,924,715 (26.1%)
[Layer Freezing] Training last 4 transformer layers (layers 8-11)
[Layer Freezing] Trainable params: 28,384,555 / 108,924,715 (26.1%)
[Layer Freezing] Training last 4 transformer layers (layers 8-11)
[Layer Freezing] Trainable params: 28,384,555 / 108,924,715 (26.1%)
[Layer Freezing] Training last 4 transformer layers (layers 8-11)
[Layer Freezing] Trainable params: 28,384,555 / 108,924,715 (26.1%)
[Round 7] T=2.00  α_ce=1.00  α_kd=1.00
 Round 7 | F1 0.1199 | P 0.6224 | R 0.0663 | Time 43.9s | Comm N/A | Local Avg F1: 0.0794

=== Round 8/50 ===
[Round 8] KD=ON | policy=prev_global
[Layer Freezing] Training last 4 transformer layers (layers 8-11)
[Layer Freezing] Trainable params: 28,384,555 / 108,924,715 (26.1%)
[Layer Freezing] Training last 4 transformer layers (layers 8-11)
[Layer Freezing] Trainable params: 28,384,555 / 108,924,715 (26.1%)
[Layer Freezing] Training last 4 transformer layers (layers 8-11)
[Layer Freezing] Trainable params: 28,384,555 / 108,924,715 (26.1%)
[Layer Freezing] Training last 4 transformer layers (layers 8-11)
[Layer Freezing] Trainable params: 28,384,555 / 108,924,715 (26.1%)
[Layer Freezing] Training last 4 transformer layers (layers 8-11)
[Layer Freezing] Trainable params: 28,384,555 / 108,924,715 (26.1%)
[Layer Freezing] Training last 4 transformer layers (layers 8-11)
[Layer Freezing] Trainable params: 28,384,555 / 108,924,715 (26.1%)
[Layer Freezing] Training last 4 transformer layers (layers 8-11)
[Layer Freezing] Trainable params: 28,384,555 / 108,924,715 (26.1%)
[Layer Freezing] Training last 4 transformer layers (layers 8-11)
[Layer Freezing] Trainable params: 28,384,555 / 108,924,715 (26.1%)
[Layer Freezing] Training last 4 transformer layers (layers 8-11)
[Layer Freezing] Trainable params: 28,384,555 / 108,924,715 (26.1%)
[Layer Freezing] Training last 4 transformer layers (layers 8-11)
[Layer Freezing] Trainable params: 28,384,555 / 108,924,715 (26.1%)
[Round 8] T=2.00  α_ce=1.00  α_kd=1.00
 Round 8 | F1 0.1351 | P 0.6136 | R 0.0759 | Time 43.8s | Comm N/A | Local Avg F1: 0.0883

=== Round 9/50 ===
[Round 9] KD=ON | policy=prev_global
[Layer Freezing] Training last 4 transformer layers (layers 8-11)
[Layer Freezing] Trainable params: 28,384,555 / 108,924,715 (26.1%)
[Layer Freezing] Training last 4 transformer layers (layers 8-11)
[Layer Freezing] Trainable params: 28,384,555 / 108,924,715 (26.1%)
[Layer Freezing] Training last 4 transformer layers (layers 8-11)
[Layer Freezing] Trainable params: 28,384,555 / 108,924,715 (26.1%)
[Layer Freezing] Training last 4 transformer layers (layers 8-11)
[Layer Freezing] Trainable params: 28,384,555 / 108,924,715 (26.1%)
[Layer Freezing] Training last 4 transformer layers (layers 8-11)
[Layer Freezing] Trainable params: 28,384,555 / 108,924,715 (26.1%)
[Layer Freezing] Training last 4 transformer layers (layers 8-11)
[Layer Freezing] Trainable params: 28,384,555 / 108,924,715 (26.1%)
[Layer Freezing] Training last 4 transformer layers (layers 8-11)
[Layer Freezing] Trainable params: 28,384,555 / 108,924,715 (26.1%)
[Layer Freezing] Training last 4 transformer layers (layers 8-11)
[Layer Freezing] Trainable params: 28,384,555 / 108,924,715 (26.1%)
[Layer Freezing] Training last 4 transformer layers (layers 8-11)
[Layer Freezing] Trainable params: 28,384,555 / 108,924,715 (26.1%)
[Layer Freezing] Training last 4 transformer layers (layers 8-11)
[Layer Freezing] Trainable params: 28,384,555 / 108,924,715 (26.1%)
[Round 9] T=2.00  α_ce=1.00  α_kd=1.00
 Round 9 | F1 0.1627 | P 0.5713 | R 0.0949 | Time 43.7s | Comm N/A | Local Avg F1: 0.1048

=== Round 10/50 ===
[Round 10] KD=ON | policy=prev_global
[Layer Freezing] Training last 4 transformer layers (layers 8-11)
[Layer Freezing] Trainable params: 28,384,555 / 108,924,715 (26.1%)
[Layer Freezing] Training last 4 transformer layers (layers 8-11)
[Layer Freezing] Trainable params: 28,384,555 / 108,924,715 (26.1%)
[Layer Freezing] Training last 4 transformer layers (layers 8-11)
[Layer Freezing] Trainable params: 28,384,555 / 108,924,715 (26.1%)
[Layer Freezing] Training last 4 transformer layers (layers 8-11)
[Layer Freezing] Trainable params: 28,384,555 / 108,924,715 (26.1%)
[Layer Freezing] Training last 4 transformer layers (layers 8-11)
[Layer Freezing] Trainable params: 28,384,555 / 108,924,715 (26.1%)
[Layer Freezing] Training last 4 transformer layers (layers 8-11)
[Layer Freezing] Trainable params: 28,384,555 / 108,924,715 (26.1%)
[Layer Freezing] Training last 4 transformer layers (layers 8-11)
[Layer Freezing] Trainable params: 28,384,555 / 108,924,715 (26.1%)
[Layer Freezing] Training last 4 transformer layers (layers 8-11)
[Layer Freezing] Trainable params: 28,384,555 / 108,924,715 (26.1%)
[Layer Freezing] Training last 4 transformer layers (layers 8-11)
[Layer Freezing] Trainable params: 28,384,555 / 108,924,715 (26.1%)
[Layer Freezing] Training last 4 transformer layers (layers 8-11)
[Layer Freezing] Trainable params: 28,384,555 / 108,924,715 (26.1%)
[Round 10] T=2.00  α_ce=1.00  α_kd=1.00
 Round 10 | F1 0.1683 | P 0.5661 | R 0.0988 | Time 43.9s | Comm N/A | Local Avg F1: 0.1132

=== Round 11/50 ===
[Round 11] KD=ON | policy=prev_global
[Layer Freezing] Training last 4 transformer layers (layers 8-11)
[Layer Freezing] Trainable params: 28,384,555 / 108,924,715 (26.1%)
[Layer Freezing] Training last 4 transformer layers (layers 8-11)
[Layer Freezing] Trainable params: 28,384,555 / 108,924,715 (26.1%)
[Layer Freezing] Training last 4 transformer layers (layers 8-11)
[Layer Freezing] Trainable params: 28,384,555 / 108,924,715 (26.1%)
[Layer Freezing] Training last 4 transformer layers (layers 8-11)
[Layer Freezing] Trainable params: 28,384,555 / 108,924,715 (26.1%)
[Layer Freezing] Training last 4 transformer layers (layers 8-11)
[Layer Freezing] Trainable params: 28,384,555 / 108,924,715 (26.1%)
[Layer Freezing] Training last 4 transformer layers (layers 8-11)
[Layer Freezing] Trainable params: 28,384,555 / 108,924,715 (26.1%)
[Layer Freezing] Training last 4 transformer layers (layers 8-11)
[Layer Freezing] Trainable params: 28,384,555 / 108,924,715 (26.1%)
[Layer Freezing] Training last 4 transformer layers (layers 8-11)
[Layer Freezing] Trainable params: 28,384,555 / 108,924,715 (26.1%)
[Layer Freezing] Training last 4 transformer layers (layers 8-11)
[Layer Freezing] Trainable params: 28,384,555 / 108,924,715 (26.1%)
[Layer Freezing] Training last 4 transformer layers (layers 8-11)
[Layer Freezing] Trainable params: 28,384,555 / 108,924,715 (26.1%)
[Round 11] T=2.00  α_ce=1.00  α_kd=1.00
 Round 11 | F1 0.1705 | P 0.5687 | R 0.1003 | Time 44.7s | Comm N/A | Local Avg F1: 0.1190

=== Round 12/50 ===
[Round 12] KD=ON | policy=prev_global
[Layer Freezing] Training last 4 transformer layers (layers 8-11)
[Layer Freezing] Trainable params: 28,384,555 / 108,924,715 (26.1%)
[Layer Freezing] Training last 4 transformer layers (layers 8-11)
[Layer Freezing] Trainable params: 28,384,555 / 108,924,715 (26.1%)
[Layer Freezing] Training last 4 transformer layers (layers 8-11)
[Layer Freezing] Trainable params: 28,384,555 / 108,924,715 (26.1%)
[Layer Freezing] Training last 4 transformer layers (layers 8-11)
[Layer Freezing] Trainable params: 28,384,555 / 108,924,715 (26.1%)
[Layer Freezing] Training last 4 transformer layers (layers 8-11)
[Layer Freezing] Trainable params: 28,384,555 / 108,924,715 (26.1%)
[Layer Freezing] Training last 4 transformer layers (layers 8-11)
[Layer Freezing] Trainable params: 28,384,555 / 108,924,715 (26.1%)
[Layer Freezing] Training last 4 transformer layers (layers 8-11)
[Layer Freezing] Trainable params: 28,384,555 / 108,924,715 (26.1%)
[Layer Freezing] Training last 4 transformer layers (layers 8-11)
[Layer Freezing] Trainable params: 28,384,555 / 108,924,715 (26.1%)
[Layer Freezing] Training last 4 transformer layers (layers 8-11)
[Layer Freezing] Trainable params: 28,384,555 / 108,924,715 (26.1%)
[Layer Freezing] Training last 4 transformer layers (layers 8-11)
[Layer Freezing] Trainable params: 28,384,555 / 108,924,715 (26.1%)
[Round 12] T=2.00  α_ce=1.00  α_kd=1.00
 Round 12 | F1 0.1892 | P 0.5484 | R 0.1143 | Time 44.7s | Comm N/A | Local Avg F1: 0.1388

=== Round 13/50 ===
[Round 13] KD=ON | policy=prev_global
[Layer Freezing] Training last 4 transformer layers (layers 8-11)
[Layer Freezing] Trainable params: 28,384,555 / 108,924,715 (26.1%)
[Layer Freezing] Training last 4 transformer layers (layers 8-11)
[Layer Freezing] Trainable params: 28,384,555 / 108,924,715 (26.1%)
[Layer Freezing] Training last 4 transformer layers (layers 8-11)
[Layer Freezing] Trainable params: 28,384,555 / 108,924,715 (26.1%)
[Layer Freezing] Training last 4 transformer layers (layers 8-11)
[Layer Freezing] Trainable params: 28,384,555 / 108,924,715 (26.1%)
[Layer Freezing] Training last 4 transformer layers (layers 8-11)
[Layer Freezing] Trainable params: 28,384,555 / 108,924,715 (26.1%)
[Layer Freezing] Training last 4 transformer layers (layers 8-11)
[Layer Freezing] Trainable params: 28,384,555 / 108,924,715 (26.1%)
[Layer Freezing] Training last 4 transformer layers (layers 8-11)
[Layer Freezing] Trainable params: 28,384,555 / 108,924,715 (26.1%)
[Layer Freezing] Training last 4 transformer layers (layers 8-11)
[Layer Freezing] Trainable params: 28,384,555 / 108,924,715 (26.1%)
[Layer Freezing] Training last 4 transformer layers (layers 8-11)
[Layer Freezing] Trainable params: 28,384,555 / 108,924,715 (26.1%)
[Layer Freezing] Training last 4 transformer layers (layers 8-11)
[Layer Freezing] Trainable params: 28,384,555 / 108,924,715 (26.1%)
[Round 13] T=2.00  α_ce=1.00  α_kd=1.00
 Round 13 | F1 0.2092 | P 0.5514 | R 0.1291 | Time 42.9s | Comm N/A | Local Avg F1: 0.1547

=== Round 14/50 ===
[Round 14] KD=ON | policy=prev_global
[Layer Freezing] Training last 4 transformer layers (layers 8-11)
[Layer Freezing] Trainable params: 28,384,555 / 108,924,715 (26.1%)
[Layer Freezing] Training last 4 transformer layers (layers 8-11)
[Layer Freezing] Trainable params: 28,384,555 / 108,924,715 (26.1%)
[Layer Freezing] Training last 4 transformer layers (layers 8-11)
[Layer Freezing] Trainable params: 28,384,555 / 108,924,715 (26.1%)
[Layer Freezing] Training last 4 transformer layers (layers 8-11)
[Layer Freezing] Trainable params: 28,384,555 / 108,924,715 (26.1%)
[Layer Freezing] Training last 4 transformer layers (layers 8-11)
[Layer Freezing] Trainable params: 28,384,555 / 108,924,715 (26.1%)
[Layer Freezing] Training last 4 transformer layers (layers 8-11)
[Layer Freezing] Trainable params: 28,384,555 / 108,924,715 (26.1%)
[Layer Freezing] Training last 4 transformer layers (layers 8-11)
[Layer Freezing] Trainable params: 28,384,555 / 108,924,715 (26.1%)
[Layer Freezing] Training last 4 transformer layers (layers 8-11)
[Layer Freezing] Trainable params: 28,384,555 / 108,924,715 (26.1%)
[Layer Freezing] Training last 4 transformer layers (layers 8-11)
[Layer Freezing] Trainable params: 28,384,555 / 108,924,715 (26.1%)
[Layer Freezing] Training last 4 transformer layers (layers 8-11)
[Layer Freezing] Trainable params: 28,384,555 / 108,924,715 (26.1%)
[Round 14] T=2.00  α_ce=1.00  α_kd=1.00
 Round 14 | F1 0.2230 | P 0.5453 | R 0.1402 | Time 44.0s | Comm N/A | Local Avg F1: 0.1677

=== Round 15/50 ===
[Round 15] KD=ON | policy=prev_global
[Layer Freezing] Training last 4 transformer layers (layers 8-11)
[Layer Freezing] Trainable params: 28,384,555 / 108,924,715 (26.1%)
[Layer Freezing] Training last 4 transformer layers (layers 8-11)
[Layer Freezing] Trainable params: 28,384,555 / 108,924,715 (26.1%)
[Layer Freezing] Training last 4 transformer layers (layers 8-11)
[Layer Freezing] Trainable params: 28,384,555 / 108,924,715 (26.1%)
[Layer Freezing] Training last 4 transformer layers (layers 8-11)
[Layer Freezing] Trainable params: 28,384,555 / 108,924,715 (26.1%)
[Layer Freezing] Training last 4 transformer layers (layers 8-11)
[Layer Freezing] Trainable params: 28,384,555 / 108,924,715 (26.1%)
[Layer Freezing] Training last 4 transformer layers (layers 8-11)
[Layer Freezing] Trainable params: 28,384,555 / 108,924,715 (26.1%)
[Layer Freezing] Training last 4 transformer layers (layers 8-11)
[Layer Freezing] Trainable params: 28,384,555 / 108,924,715 (26.1%)
[Layer Freezing] Training last 4 transformer layers (layers 8-11)
[Layer Freezing] Trainable params: 28,384,555 / 108,924,715 (26.1%)
[Layer Freezing] Training last 4 transformer layers (layers 8-11)
[Layer Freezing] Trainable params: 28,384,555 / 108,924,715 (26.1%)
[Layer Freezing] Training last 4 transformer layers (layers 8-11)
[Layer Freezing] Trainable params: 28,384,555 / 108,924,715 (26.1%)
[Round 15] T=2.00  α_ce=1.00  α_kd=1.00
 Round 15 | F1 0.2242 | P 0.5566 | R 0.1404 | Time 44.0s | Comm N/A | Local Avg F1: 0.1664

=== Round 16/50 ===
[Round 16] KD=ON | policy=prev_global
[Layer Freezing] Training last 4 transformer layers (layers 8-11)
[Layer Freezing] Trainable params: 28,384,555 / 108,924,715 (26.1%)
[Layer Freezing] Training last 4 transformer layers (layers 8-11)
[Layer Freezing] Trainable params: 28,384,555 / 108,924,715 (26.1%)
[Layer Freezing] Training last 4 transformer layers (layers 8-11)
[Layer Freezing] Trainable params: 28,384,555 / 108,924,715 (26.1%)
[Layer Freezing] Training last 4 transformer layers (layers 8-11)
[Layer Freezing] Trainable params: 28,384,555 / 108,924,715 (26.1%)
[Layer Freezing] Training last 4 transformer layers (layers 8-11)
[Layer Freezing] Trainable params: 28,384,555 / 108,924,715 (26.1%)
[Layer Freezing] Training last 4 transformer layers (layers 8-11)
[Layer Freezing] Trainable params: 28,384,555 / 108,924,715 (26.1%)
[Layer Freezing] Training last 4 transformer layers (layers 8-11)
[Layer Freezing] Trainable params: 28,384,555 / 108,924,715 (26.1%)
[Layer Freezing] Training last 4 transformer layers (layers 8-11)
[Layer Freezing] Trainable params: 28,384,555 / 108,924,715 (26.1%)
[Layer Freezing] Training last 4 transformer layers (layers 8-11)
[Layer Freezing] Trainable params: 28,384,555 / 108,924,715 (26.1%)
[Layer Freezing] Training last 4 transformer layers (layers 8-11)
[Layer Freezing] Trainable params: 28,384,555 / 108,924,715 (26.1%)
[Round 16] T=2.00  α_ce=1.00  α_kd=1.00
 Round 16 | F1 0.2441 | P 0.5423 | R 0.1575 | Time 44.4s | Comm N/A | Local Avg F1: 0.1836

=== Round 17/50 ===
[Round 17] KD=ON | policy=prev_global
[Layer Freezing] Training last 4 transformer layers (layers 8-11)
[Layer Freezing] Trainable params: 28,384,555 / 108,924,715 (26.1%)
[Layer Freezing] Training last 4 transformer layers (layers 8-11)
[Layer Freezing] Trainable params: 28,384,555 / 108,924,715 (26.1%)
[Layer Freezing] Training last 4 transformer layers (layers 8-11)
[Layer Freezing] Trainable params: 28,384,555 / 108,924,715 (26.1%)
[Layer Freezing] Training last 4 transformer layers (layers 8-11)
[Layer Freezing] Trainable params: 28,384,555 / 108,924,715 (26.1%)
[Layer Freezing] Training last 4 transformer layers (layers 8-11)
[Layer Freezing] Trainable params: 28,384,555 / 108,924,715 (26.1%)
[Layer Freezing] Training last 4 transformer layers (layers 8-11)
[Layer Freezing] Trainable params: 28,384,555 / 108,924,715 (26.1%)
[Layer Freezing] Training last 4 transformer layers (layers 8-11)
[Layer Freezing] Trainable params: 28,384,555 / 108,924,715 (26.1%)
[Layer Freezing] Training last 4 transformer layers (layers 8-11)
[Layer Freezing] Trainable params: 28,384,555 / 108,924,715 (26.1%)
[Layer Freezing] Training last 4 transformer layers (layers 8-11)
[Layer Freezing] Trainable params: 28,384,555 / 108,924,715 (26.1%)
[Layer Freezing] Training last 4 transformer layers (layers 8-11)
[Layer Freezing] Trainable params: 28,384,555 / 108,924,715 (26.1%)
[Round 17] T=2.00  α_ce=1.00  α_kd=1.00
 Round 17 | F1 0.2740 | P 0.5307 | R 0.1846 | Time 43.6s | Comm N/A | Local Avg F1: 0.2074

=== Round 18/50 ===
[Round 18] KD=ON | policy=prev_global
[Layer Freezing] Training last 4 transformer layers (layers 8-11)
[Layer Freezing] Trainable params: 28,384,555 / 108,924,715 (26.1%)
[Layer Freezing] Training last 4 transformer layers (layers 8-11)
[Layer Freezing] Trainable params: 28,384,555 / 108,924,715 (26.1%)
[Layer Freezing] Training last 4 transformer layers (layers 8-11)
[Layer Freezing] Trainable params: 28,384,555 / 108,924,715 (26.1%)
[Layer Freezing] Training last 4 transformer layers (layers 8-11)
[Layer Freezing] Trainable params: 28,384,555 / 108,924,715 (26.1%)
[Layer Freezing] Training last 4 transformer layers (layers 8-11)
[Layer Freezing] Trainable params: 28,384,555 / 108,924,715 (26.1%)
[Layer Freezing] Training last 4 transformer layers (layers 8-11)
[Layer Freezing] Trainable params: 28,384,555 / 108,924,715 (26.1%)
[Layer Freezing] Training last 4 transformer layers (layers 8-11)
[Layer Freezing] Trainable params: 28,384,555 / 108,924,715 (26.1%)
[Layer Freezing] Training last 4 transformer layers (layers 8-11)
[Layer Freezing] Trainable params: 28,384,555 / 108,924,715 (26.1%)
[Layer Freezing] Training last 4 transformer layers (layers 8-11)
[Layer Freezing] Trainable params: 28,384,555 / 108,924,715 (26.1%)
[Layer Freezing] Training last 4 transformer layers (layers 8-11)
[Layer Freezing] Trainable params: 28,384,555 / 108,924,715 (26.1%)
[Round 18] T=2.00  α_ce=1.00  α_kd=1.00
 Round 18 | F1 0.2963 | P 0.5322 | R 0.2053 | Time 45.2s | Comm N/A | Local Avg F1: 0.2239

=== Round 19/50 ===
[Round 19] KD=ON | policy=prev_global
[Layer Freezing] Training last 4 transformer layers (layers 8-11)
[Layer Freezing] Trainable params: 28,384,555 / 108,924,715 (26.1%)
[Layer Freezing] Training last 4 transformer layers (layers 8-11)
[Layer Freezing] Trainable params: 28,384,555 / 108,924,715 (26.1%)
[Layer Freezing] Training last 4 transformer layers (layers 8-11)
[Layer Freezing] Trainable params: 28,384,555 / 108,924,715 (26.1%)
[Layer Freezing] Training last 4 transformer layers (layers 8-11)
[Layer Freezing] Trainable params: 28,384,555 / 108,924,715 (26.1%)
[Layer Freezing] Training last 4 transformer layers (layers 8-11)
[Layer Freezing] Trainable params: 28,384,555 / 108,924,715 (26.1%)
[Layer Freezing] Training last 4 transformer layers (layers 8-11)
[Layer Freezing] Trainable params: 28,384,555 / 108,924,715 (26.1%)
[Layer Freezing] Training last 4 transformer layers (layers 8-11)
[Layer Freezing] Trainable params: 28,384,555 / 108,924,715 (26.1%)
[Layer Freezing] Training last 4 transformer layers (layers 8-11)
[Layer Freezing] Trainable params: 28,384,555 / 108,924,715 (26.1%)
[Layer Freezing] Training last 4 transformer layers (layers 8-11)
[Layer Freezing] Trainable params: 28,384,555 / 108,924,715 (26.1%)
[Layer Freezing] Training last 4 transformer layers (layers 8-11)
[Layer Freezing] Trainable params: 28,384,555 / 108,924,715 (26.1%)
[Round 19] T=2.00  α_ce=1.00  α_kd=1.00
 Round 19 | F1 0.2861 | P 0.5532 | R 0.1929 | Time 44.1s | Comm N/A | Local Avg F1: 0.2213

=== Round 20/50 ===
[Round 20] KD=ON | policy=prev_global
[Layer Freezing] Training last 4 transformer layers (layers 8-11)
[Layer Freezing] Trainable params: 28,384,555 / 108,924,715 (26.1%)
[Layer Freezing] Training last 4 transformer layers (layers 8-11)
[Layer Freezing] Trainable params: 28,384,555 / 108,924,715 (26.1%)
[Layer Freezing] Training last 4 transformer layers (layers 8-11)
[Layer Freezing] Trainable params: 28,384,555 / 108,924,715 (26.1%)
[Layer Freezing] Training last 4 transformer layers (layers 8-11)
[Layer Freezing] Trainable params: 28,384,555 / 108,924,715 (26.1%)
[Layer Freezing] Training last 4 transformer layers (layers 8-11)
[Layer Freezing] Trainable params: 28,384,555 / 108,924,715 (26.1%)
[Layer Freezing] Training last 4 transformer layers (layers 8-11)
[Layer Freezing] Trainable params: 28,384,555 / 108,924,715 (26.1%)
[Layer Freezing] Training last 4 transformer layers (layers 8-11)
[Layer Freezing] Trainable params: 28,384,555 / 108,924,715 (26.1%)
[Layer Freezing] Training last 4 transformer layers (layers 8-11)
[Layer Freezing] Trainable params: 28,384,555 / 108,924,715 (26.1%)
[Layer Freezing] Training last 4 transformer layers (layers 8-11)
[Layer Freezing] Trainable params: 28,384,555 / 108,924,715 (26.1%)
[Layer Freezing] Training last 4 transformer layers (layers 8-11)
[Layer Freezing] Trainable params: 28,384,555 / 108,924,715 (26.1%)
[Round 20] T=2.00  α_ce=1.00  α_kd=1.00
 Round 20 | F1 0.3003 | P 0.5478 | R 0.2069 | Time 43.9s | Comm N/A | Local Avg F1: 0.2385

=== Round 21/50 ===
[Round 21] KD=ON | policy=prev_global
[Layer Freezing] Training last 4 transformer layers (layers 8-11)
[Layer Freezing] Trainable params: 28,384,555 / 108,924,715 (26.1%)
[Layer Freezing] Training last 4 transformer layers (layers 8-11)
[Layer Freezing] Trainable params: 28,384,555 / 108,924,715 (26.1%)
[Layer Freezing] Training last 4 transformer layers (layers 8-11)
[Layer Freezing] Trainable params: 28,384,555 / 108,924,715 (26.1%)
[Layer Freezing] Training last 4 transformer layers (layers 8-11)
[Layer Freezing] Trainable params: 28,384,555 / 108,924,715 (26.1%)
[Layer Freezing] Training last 4 transformer layers (layers 8-11)
[Layer Freezing] Trainable params: 28,384,555 / 108,924,715 (26.1%)
[Layer Freezing] Training last 4 transformer layers (layers 8-11)
[Layer Freezing] Trainable params: 28,384,555 / 108,924,715 (26.1%)
[Layer Freezing] Training last 4 transformer layers (layers 8-11)
[Layer Freezing] Trainable params: 28,384,555 / 108,924,715 (26.1%)
[Layer Freezing] Training last 4 transformer layers (layers 8-11)
[Layer Freezing] Trainable params: 28,384,555 / 108,924,715 (26.1%)
[Layer Freezing] Training last 4 transformer layers (layers 8-11)
[Layer Freezing] Trainable params: 28,384,555 / 108,924,715 (26.1%)
[Layer Freezing] Training last 4 transformer layers (layers 8-11)
[Layer Freezing] Trainable params: 28,384,555 / 108,924,715 (26.1%)
[Round 21] T=2.00  α_ce=1.00  α_kd=1.00
 Round 21 | F1 0.2974 | P 0.5686 | R 0.2014 | Time 44.7s | Comm N/A | Local Avg F1: 0.2395

=== Round 22/50 ===
[Round 22] KD=ON | policy=prev_global
[Layer Freezing] Training last 4 transformer layers (layers 8-11)
[Layer Freezing] Trainable params: 28,384,555 / 108,924,715 (26.1%)
[Layer Freezing] Training last 4 transformer layers (layers 8-11)
[Layer Freezing] Trainable params: 28,384,555 / 108,924,715 (26.1%)
[Layer Freezing] Training last 4 transformer layers (layers 8-11)
[Layer Freezing] Trainable params: 28,384,555 / 108,924,715 (26.1%)
[Layer Freezing] Training last 4 transformer layers (layers 8-11)
[Layer Freezing] Trainable params: 28,384,555 / 108,924,715 (26.1%)
[Layer Freezing] Training last 4 transformer layers (layers 8-11)
[Layer Freezing] Trainable params: 28,384,555 / 108,924,715 (26.1%)
[Layer Freezing] Training last 4 transformer layers (layers 8-11)
[Layer Freezing] Trainable params: 28,384,555 / 108,924,715 (26.1%)
[Layer Freezing] Training last 4 transformer layers (layers 8-11)
[Layer Freezing] Trainable params: 28,384,555 / 108,924,715 (26.1%)
[Layer Freezing] Training last 4 transformer layers (layers 8-11)
[Layer Freezing] Trainable params: 28,384,555 / 108,924,715 (26.1%)
[Layer Freezing] Training last 4 transformer layers (layers 8-11)
[Layer Freezing] Trainable params: 28,384,555 / 108,924,715 (26.1%)
[Layer Freezing] Training last 4 transformer layers (layers 8-11)
[Layer Freezing] Trainable params: 28,384,555 / 108,924,715 (26.1%)
[Round 22] T=2.00  α_ce=1.00  α_kd=1.00
 Round 22 | F1 0.3214 | P 0.5636 | R 0.2248 | Time 43.6s | Comm N/A | Local Avg F1: 0.2539

=== Round 23/50 ===
[Round 23] KD=ON | policy=prev_global
[Layer Freezing] Training last 4 transformer layers (layers 8-11)
[Layer Freezing] Trainable params: 28,384,555 / 108,924,715 (26.1%)
[Layer Freezing] Training last 4 transformer layers (layers 8-11)
[Layer Freezing] Trainable params: 28,384,555 / 108,924,715 (26.1%)
[Layer Freezing] Training last 4 transformer layers (layers 8-11)
[Layer Freezing] Trainable params: 28,384,555 / 108,924,715 (26.1%)
[Layer Freezing] Training last 4 transformer layers (layers 8-11)
[Layer Freezing] Trainable params: 28,384,555 / 108,924,715 (26.1%)
[Layer Freezing] Training last 4 transformer layers (layers 8-11)
[Layer Freezing] Trainable params: 28,384,555 / 108,924,715 (26.1%)
[Layer Freezing] Training last 4 transformer layers (layers 8-11)
[Layer Freezing] Trainable params: 28,384,555 / 108,924,715 (26.1%)
[Layer Freezing] Training last 4 transformer layers (layers 8-11)
[Layer Freezing] Trainable params: 28,384,555 / 108,924,715 (26.1%)
[Layer Freezing] Training last 4 transformer layers (layers 8-11)
[Layer Freezing] Trainable params: 28,384,555 / 108,924,715 (26.1%)
[Layer Freezing] Training last 4 transformer layers (layers 8-11)
[Layer Freezing] Trainable params: 28,384,555 / 108,924,715 (26.1%)
[Layer Freezing] Training last 4 transformer layers (layers 8-11)
[Layer Freezing] Trainable params: 28,384,555 / 108,924,715 (26.1%)
[Round 23] T=2.00  α_ce=1.00  α_kd=1.00
 Round 23 | F1 0.3093 | P 0.5721 | R 0.2120 | Time 44.4s | Comm N/A | Local Avg F1: 0.2476

=== Round 24/50 ===
[Round 24] KD=ON | policy=prev_global
[Layer Freezing] Training last 4 transformer layers (layers 8-11)
[Layer Freezing] Trainable params: 28,384,555 / 108,924,715 (26.1%)
[Layer Freezing] Training last 4 transformer layers (layers 8-11)
[Layer Freezing] Trainable params: 28,384,555 / 108,924,715 (26.1%)
[Layer Freezing] Training last 4 transformer layers (layers 8-11)
[Layer Freezing] Trainable params: 28,384,555 / 108,924,715 (26.1%)
[Layer Freezing] Training last 4 transformer layers (layers 8-11)
[Layer Freezing] Trainable params: 28,384,555 / 108,924,715 (26.1%)
[Layer Freezing] Training last 4 transformer layers (layers 8-11)
[Layer Freezing] Trainable params: 28,384,555 / 108,924,715 (26.1%)
[Layer Freezing] Training last 4 transformer layers (layers 8-11)
[Layer Freezing] Trainable params: 28,384,555 / 108,924,715 (26.1%)
[Layer Freezing] Training last 4 transformer layers (layers 8-11)
[Layer Freezing] Trainable params: 28,384,555 / 108,924,715 (26.1%)
[Layer Freezing] Training last 4 transformer layers (layers 8-11)
[Layer Freezing] Trainable params: 28,384,555 / 108,924,715 (26.1%)
[Layer Freezing] Training last 4 transformer layers (layers 8-11)
[Layer Freezing] Trainable params: 28,384,555 / 108,924,715 (26.1%)
[Layer Freezing] Training last 4 transformer layers (layers 8-11)
[Layer Freezing] Trainable params: 28,384,555 / 108,924,715 (26.1%)
[Round 24] T=2.00  α_ce=1.00  α_kd=1.00
 Round 24 | F1 0.3201 | P 0.5720 | R 0.2222 | Time 44.7s | Comm N/A | Local Avg F1: 0.2592

=== Round 25/50 ===
[Round 25] KD=ON | policy=prev_global
[Layer Freezing] Training last 4 transformer layers (layers 8-11)
[Layer Freezing] Trainable params: 28,384,555 / 108,924,715 (26.1%)
[Layer Freezing] Training last 4 transformer layers (layers 8-11)
[Layer Freezing] Trainable params: 28,384,555 / 108,924,715 (26.1%)
[Layer Freezing] Training last 4 transformer layers (layers 8-11)
[Layer Freezing] Trainable params: 28,384,555 / 108,924,715 (26.1%)
[Layer Freezing] Training last 4 transformer layers (layers 8-11)
[Layer Freezing] Trainable params: 28,384,555 / 108,924,715 (26.1%)
[Layer Freezing] Training last 4 transformer layers (layers 8-11)
[Layer Freezing] Trainable params: 28,384,555 / 108,924,715 (26.1%)
[Layer Freezing] Training last 4 transformer layers (layers 8-11)
[Layer Freezing] Trainable params: 28,384,555 / 108,924,715 (26.1%)
[Layer Freezing] Training last 4 transformer layers (layers 8-11)
[Layer Freezing] Trainable params: 28,384,555 / 108,924,715 (26.1%)
[Layer Freezing] Training last 4 transformer layers (layers 8-11)
[Layer Freezing] Trainable params: 28,384,555 / 108,924,715 (26.1%)
[Layer Freezing] Training last 4 transformer layers (layers 8-11)
[Layer Freezing] Trainable params: 28,384,555 / 108,924,715 (26.1%)
[Layer Freezing] Training last 4 transformer layers (layers 8-11)
[Layer Freezing] Trainable params: 28,384,555 / 108,924,715 (26.1%)
[Round 25] T=2.00  α_ce=1.00  α_kd=1.00
 Round 25 | F1 0.3330 | P 0.5633 | R 0.2364 | Time 43.6s | Comm N/A | Local Avg F1: 0.2728

=== Round 26/50 ===
[Round 26] KD=ON | policy=prev_global
[Layer Freezing] Training last 4 transformer layers (layers 8-11)
[Layer Freezing] Trainable params: 28,384,555 / 108,924,715 (26.1%)
[Layer Freezing] Training last 4 transformer layers (layers 8-11)
[Layer Freezing] Trainable params: 28,384,555 / 108,924,715 (26.1%)
[Layer Freezing] Training last 4 transformer layers (layers 8-11)
[Layer Freezing] Trainable params: 28,384,555 / 108,924,715 (26.1%)
[Layer Freezing] Training last 4 transformer layers (layers 8-11)
[Layer Freezing] Trainable params: 28,384,555 / 108,924,715 (26.1%)
[Layer Freezing] Training last 4 transformer layers (layers 8-11)
[Layer Freezing] Trainable params: 28,384,555 / 108,924,715 (26.1%)
[Layer Freezing] Training last 4 transformer layers (layers 8-11)
[Layer Freezing] Trainable params: 28,384,555 / 108,924,715 (26.1%)
[Layer Freezing] Training last 4 transformer layers (layers 8-11)
[Layer Freezing] Trainable params: 28,384,555 / 108,924,715 (26.1%)
[Layer Freezing] Training last 4 transformer layers (layers 8-11)
[Layer Freezing] Trainable params: 28,384,555 / 108,924,715 (26.1%)
[Layer Freezing] Training last 4 transformer layers (layers 8-11)
[Layer Freezing] Trainable params: 28,384,555 / 108,924,715 (26.1%)
[Layer Freezing] Training last 4 transformer layers (layers 8-11)
[Layer Freezing] Trainable params: 28,384,555 / 108,924,715 (26.1%)
[Round 26] T=2.00  α_ce=1.00  α_kd=1.00
 Round 26 | F1 0.3318 | P 0.5761 | R 0.2330 | Time 45.0s | Comm N/A | Local Avg F1: 0.2739

=== Round 27/50 ===
[Round 27] KD=ON | policy=prev_global
[Layer Freezing] Training last 4 transformer layers (layers 8-11)
[Layer Freezing] Trainable params: 28,384,555 / 108,924,715 (26.1%)
[Layer Freezing] Training last 4 transformer layers (layers 8-11)
[Layer Freezing] Trainable params: 28,384,555 / 108,924,715 (26.1%)
[Layer Freezing] Training last 4 transformer layers (layers 8-11)
[Layer Freezing] Trainable params: 28,384,555 / 108,924,715 (26.1%)
[Layer Freezing] Training last 4 transformer layers (layers 8-11)
[Layer Freezing] Trainable params: 28,384,555 / 108,924,715 (26.1%)
[Layer Freezing] Training last 4 transformer layers (layers 8-11)
[Layer Freezing] Trainable params: 28,384,555 / 108,924,715 (26.1%)
[Layer Freezing] Training last 4 transformer layers (layers 8-11)
[Layer Freezing] Trainable params: 28,384,555 / 108,924,715 (26.1%)
[Layer Freezing] Training last 4 transformer layers (layers 8-11)
[Layer Freezing] Trainable params: 28,384,555 / 108,924,715 (26.1%)
[Layer Freezing] Training last 4 transformer layers (layers 8-11)
[Layer Freezing] Trainable params: 28,384,555 / 108,924,715 (26.1%)
[Layer Freezing] Training last 4 transformer layers (layers 8-11)
[Layer Freezing] Trainable params: 28,384,555 / 108,924,715 (26.1%)
[Layer Freezing] Training last 4 transformer layers (layers 8-11)
[Layer Freezing] Trainable params: 28,384,555 / 108,924,715 (26.1%)
[Round 27] T=2.00  α_ce=1.00  α_kd=1.00
 Round 27 | F1 0.3423 | P 0.5840 | R 0.2421 | Time 45.5s | Comm N/A | Local Avg F1: 0.2805

=== Round 28/50 ===
[Round 28] KD=ON | policy=prev_global
[Layer Freezing] Training last 4 transformer layers (layers 8-11)
[Layer Freezing] Trainable params: 28,384,555 / 108,924,715 (26.1%)
[Layer Freezing] Training last 4 transformer layers (layers 8-11)
[Layer Freezing] Trainable params: 28,384,555 / 108,924,715 (26.1%)
[Layer Freezing] Training last 4 transformer layers (layers 8-11)
[Layer Freezing] Trainable params: 28,384,555 / 108,924,715 (26.1%)
[Layer Freezing] Training last 4 transformer layers (layers 8-11)
[Layer Freezing] Trainable params: 28,384,555 / 108,924,715 (26.1%)
[Layer Freezing] Training last 4 transformer layers (layers 8-11)
[Layer Freezing] Trainable params: 28,384,555 / 108,924,715 (26.1%)
[Layer Freezing] Training last 4 transformer layers (layers 8-11)
[Layer Freezing] Trainable params: 28,384,555 / 108,924,715 (26.1%)
[Layer Freezing] Training last 4 transformer layers (layers 8-11)
[Layer Freezing] Trainable params: 28,384,555 / 108,924,715 (26.1%)
[Layer Freezing] Training last 4 transformer layers (layers 8-11)
[Layer Freezing] Trainable params: 28,384,555 / 108,924,715 (26.1%)
[Layer Freezing] Training last 4 transformer layers (layers 8-11)
[Layer Freezing] Trainable params: 28,384,555 / 108,924,715 (26.1%)
[Layer Freezing] Training last 4 transformer layers (layers 8-11)
[Layer Freezing] Trainable params: 28,384,555 / 108,924,715 (26.1%)
[Round 28] T=2.00  α_ce=1.00  α_kd=1.00
 Round 28 | F1 0.3520 | P 0.5866 | R 0.2514 | Time 44.1s | Comm N/A | Local Avg F1: 0.2898

=== Round 29/50 ===
[Round 29] KD=ON | policy=prev_global
[Layer Freezing] Training last 4 transformer layers (layers 8-11)
[Layer Freezing] Trainable params: 28,384,555 / 108,924,715 (26.1%)
[Layer Freezing] Training last 4 transformer layers (layers 8-11)
[Layer Freezing] Trainable params: 28,384,555 / 108,924,715 (26.1%)
[Layer Freezing] Training last 4 transformer layers (layers 8-11)
[Layer Freezing] Trainable params: 28,384,555 / 108,924,715 (26.1%)
[Layer Freezing] Training last 4 transformer layers (layers 8-11)
[Layer Freezing] Trainable params: 28,384,555 / 108,924,715 (26.1%)
[Layer Freezing] Training last 4 transformer layers (layers 8-11)
[Layer Freezing] Trainable params: 28,384,555 / 108,924,715 (26.1%)
[Layer Freezing] Training last 4 transformer layers (layers 8-11)
[Layer Freezing] Trainable params: 28,384,555 / 108,924,715 (26.1%)
[Layer Freezing] Training last 4 transformer layers (layers 8-11)
[Layer Freezing] Trainable params: 28,384,555 / 108,924,715 (26.1%)
[Layer Freezing] Training last 4 transformer layers (layers 8-11)
[Layer Freezing] Trainable params: 28,384,555 / 108,924,715 (26.1%)
[Layer Freezing] Training last 4 transformer layers (layers 8-11)
[Layer Freezing] Trainable params: 28,384,555 / 108,924,715 (26.1%)
[Layer Freezing] Training last 4 transformer layers (layers 8-11)
[Layer Freezing] Trainable params: 28,384,555 / 108,924,715 (26.1%)
[Round 29] T=2.00  α_ce=1.00  α_kd=1.00
 Round 29 | F1 0.3549 | P 0.5962 | R 0.2526 | Time 44.8s | Comm N/A | Local Avg F1: 0.2873

=== Round 30/50 ===
[Round 30] KD=ON | policy=prev_global
[Layer Freezing] Training last 4 transformer layers (layers 8-11)
[Layer Freezing] Trainable params: 28,384,555 / 108,924,715 (26.1%)
[Layer Freezing] Training last 4 transformer layers (layers 8-11)
[Layer Freezing] Trainable params: 28,384,555 / 108,924,715 (26.1%)
[Layer Freezing] Training last 4 transformer layers (layers 8-11)
[Layer Freezing] Trainable params: 28,384,555 / 108,924,715 (26.1%)
[Layer Freezing] Training last 4 transformer layers (layers 8-11)
[Layer Freezing] Trainable params: 28,384,555 / 108,924,715 (26.1%)
[Layer Freezing] Training last 4 transformer layers (layers 8-11)
[Layer Freezing] Trainable params: 28,384,555 / 108,924,715 (26.1%)
[Layer Freezing] Training last 4 transformer layers (layers 8-11)
[Layer Freezing] Trainable params: 28,384,555 / 108,924,715 (26.1%)
[Layer Freezing] Training last 4 transformer layers (layers 8-11)
[Layer Freezing] Trainable params: 28,384,555 / 108,924,715 (26.1%)
[Layer Freezing] Training last 4 transformer layers (layers 8-11)
[Layer Freezing] Trainable params: 28,384,555 / 108,924,715 (26.1%)
[Layer Freezing] Training last 4 transformer layers (layers 8-11)
[Layer Freezing] Trainable params: 28,384,555 / 108,924,715 (26.1%)
[Layer Freezing] Training last 4 transformer layers (layers 8-11)
[Layer Freezing] Trainable params: 28,384,555 / 108,924,715 (26.1%)
[Round 30] T=2.00  α_ce=1.00  α_kd=1.00
 Round 30 | F1 0.3562 | P 0.6049 | R 0.2525 | Time 44.4s | Comm N/A | Local Avg F1: 0.2852

=== Round 31/50 ===
[Round 31] KD=ON | policy=prev_global
[Layer Freezing] Training last 4 transformer layers (layers 8-11)
[Layer Freezing] Trainable params: 28,384,555 / 108,924,715 (26.1%)
[Layer Freezing] Training last 4 transformer layers (layers 8-11)
[Layer Freezing] Trainable params: 28,384,555 / 108,924,715 (26.1%)
[Layer Freezing] Training last 4 transformer layers (layers 8-11)
[Layer Freezing] Trainable params: 28,384,555 / 108,924,715 (26.1%)
[Layer Freezing] Training last 4 transformer layers (layers 8-11)
[Layer Freezing] Trainable params: 28,384,555 / 108,924,715 (26.1%)
[Layer Freezing] Training last 4 transformer layers (layers 8-11)
[Layer Freezing] Trainable params: 28,384,555 / 108,924,715 (26.1%)
[Layer Freezing] Training last 4 transformer layers (layers 8-11)
[Layer Freezing] Trainable params: 28,384,555 / 108,924,715 (26.1%)
[Layer Freezing] Training last 4 transformer layers (layers 8-11)
[Layer Freezing] Trainable params: 28,384,555 / 108,924,715 (26.1%)
[Layer Freezing] Training last 4 transformer layers (layers 8-11)
[Layer Freezing] Trainable params: 28,384,555 / 108,924,715 (26.1%)
[Layer Freezing] Training last 4 transformer layers (layers 8-11)
[Layer Freezing] Trainable params: 28,384,555 / 108,924,715 (26.1%)
[Layer Freezing] Training last 4 transformer layers (layers 8-11)
[Layer Freezing] Trainable params: 28,384,555 / 108,924,715 (26.1%)
[Round 31] T=2.00  α_ce=1.00  α_kd=1.00
 Round 31 | F1 0.3461 | P 0.6102 | R 0.2416 | Time 44.0s | Comm N/A | Local Avg F1: 0.2756

=== Round 32/50 ===
[Round 32] KD=ON | policy=prev_global
[Layer Freezing] Training last 4 transformer layers (layers 8-11)
[Layer Freezing] Trainable params: 28,384,555 / 108,924,715 (26.1%)
[Layer Freezing] Training last 4 transformer layers (layers 8-11)
[Layer Freezing] Trainable params: 28,384,555 / 108,924,715 (26.1%)
[Layer Freezing] Training last 4 transformer layers (layers 8-11)
[Layer Freezing] Trainable params: 28,384,555 / 108,924,715 (26.1%)
[Layer Freezing] Training last 4 transformer layers (layers 8-11)
[Layer Freezing] Trainable params: 28,384,555 / 108,924,715 (26.1%)
[Layer Freezing] Training last 4 transformer layers (layers 8-11)
[Layer Freezing] Trainable params: 28,384,555 / 108,924,715 (26.1%)
[Layer Freezing] Training last 4 transformer layers (layers 8-11)
[Layer Freezing] Trainable params: 28,384,555 / 108,924,715 (26.1%)
[Layer Freezing] Training last 4 transformer layers (layers 8-11)
[Layer Freezing] Trainable params: 28,384,555 / 108,924,715 (26.1%)
[Layer Freezing] Training last 4 transformer layers (layers 8-11)
[Layer Freezing] Trainable params: 28,384,555 / 108,924,715 (26.1%)
[Layer Freezing] Training last 4 transformer layers (layers 8-11)
[Layer Freezing] Trainable params: 28,384,555 / 108,924,715 (26.1%)
[Layer Freezing] Training last 4 transformer layers (layers 8-11)
[Layer Freezing] Trainable params: 28,384,555 / 108,924,715 (26.1%)
[Round 32] T=2.00  α_ce=1.00  α_kd=1.00
 Round 32 | F1 0.3692 | P 0.6048 | R 0.2657 | Time 44.2s | Comm N/A | Local Avg F1: 0.2987

=== Round 33/50 ===
[Round 33] KD=ON | policy=prev_global
[Layer Freezing] Training last 4 transformer layers (layers 8-11)
[Layer Freezing] Trainable params: 28,384,555 / 108,924,715 (26.1%)
[Layer Freezing] Training last 4 transformer layers (layers 8-11)
[Layer Freezing] Trainable params: 28,384,555 / 108,924,715 (26.1%)
[Layer Freezing] Training last 4 transformer layers (layers 8-11)
[Layer Freezing] Trainable params: 28,384,555 / 108,924,715 (26.1%)
[Layer Freezing] Training last 4 transformer layers (layers 8-11)
[Layer Freezing] Trainable params: 28,384,555 / 108,924,715 (26.1%)
[Layer Freezing] Training last 4 transformer layers (layers 8-11)
[Layer Freezing] Trainable params: 28,384,555 / 108,924,715 (26.1%)
[Layer Freezing] Training last 4 transformer layers (layers 8-11)
[Layer Freezing] Trainable params: 28,384,555 / 108,924,715 (26.1%)
[Layer Freezing] Training last 4 transformer layers (layers 8-11)
[Layer Freezing] Trainable params: 28,384,555 / 108,924,715 (26.1%)
[Layer Freezing] Training last 4 transformer layers (layers 8-11)
[Layer Freezing] Trainable params: 28,384,555 / 108,924,715 (26.1%)
[Layer Freezing] Training last 4 transformer layers (layers 8-11)
[Layer Freezing] Trainable params: 28,384,555 / 108,924,715 (26.1%)
[Layer Freezing] Training last 4 transformer layers (layers 8-11)
[Layer Freezing] Trainable params: 28,384,555 / 108,924,715 (26.1%)
[Round 33] T=2.00  α_ce=1.00  α_kd=1.00
 Round 33 | F1 0.3941 | P 0.5908 | R 0.2956 | Time 44.2s | Comm N/A | Local Avg F1: 0.3288

=== Round 34/50 ===
[Round 34] KD=ON | policy=prev_global
[Layer Freezing] Training last 4 transformer layers (layers 8-11)
[Layer Freezing] Trainable params: 28,384,555 / 108,924,715 (26.1%)
[Layer Freezing] Training last 4 transformer layers (layers 8-11)
[Layer Freezing] Trainable params: 28,384,555 / 108,924,715 (26.1%)
[Layer Freezing] Training last 4 transformer layers (layers 8-11)
[Layer Freezing] Trainable params: 28,384,555 / 108,924,715 (26.1%)
[Layer Freezing] Training last 4 transformer layers (layers 8-11)
[Layer Freezing] Trainable params: 28,384,555 / 108,924,715 (26.1%)
[Layer Freezing] Training last 4 transformer layers (layers 8-11)
[Layer Freezing] Trainable params: 28,384,555 / 108,924,715 (26.1%)
[Layer Freezing] Training last 4 transformer layers (layers 8-11)
[Layer Freezing] Trainable params: 28,384,555 / 108,924,715 (26.1%)
[Layer Freezing] Training last 4 transformer layers (layers 8-11)
[Layer Freezing] Trainable params: 28,384,555 / 108,924,715 (26.1%)
[Layer Freezing] Training last 4 transformer layers (layers 8-11)
[Layer Freezing] Trainable params: 28,384,555 / 108,924,715 (26.1%)
[Layer Freezing] Training last 4 transformer layers (layers 8-11)
[Layer Freezing] Trainable params: 28,384,555 / 108,924,715 (26.1%)
[Layer Freezing] Training last 4 transformer layers (layers 8-11)
[Layer Freezing] Trainable params: 28,384,555 / 108,924,715 (26.1%)
[Round 34] T=2.00  α_ce=1.00  α_kd=1.00
 Round 34 | F1 0.4031 | P 0.5883 | R 0.3066 | Time 44.2s | Comm N/A | Local Avg F1: 0.3374

=== Round 35/50 ===
[Round 35] KD=ON | policy=prev_global
[Layer Freezing] Training last 4 transformer layers (layers 8-11)
[Layer Freezing] Trainable params: 28,384,555 / 108,924,715 (26.1%)
[Layer Freezing] Training last 4 transformer layers (layers 8-11)
[Layer Freezing] Trainable params: 28,384,555 / 108,924,715 (26.1%)
[Layer Freezing] Training last 4 transformer layers (layers 8-11)
[Layer Freezing] Trainable params: 28,384,555 / 108,924,715 (26.1%)
[Layer Freezing] Training last 4 transformer layers (layers 8-11)
[Layer Freezing] Trainable params: 28,384,555 / 108,924,715 (26.1%)
[Layer Freezing] Training last 4 transformer layers (layers 8-11)
[Layer Freezing] Trainable params: 28,384,555 / 108,924,715 (26.1%)
[Layer Freezing] Training last 4 transformer layers (layers 8-11)
[Layer Freezing] Trainable params: 28,384,555 / 108,924,715 (26.1%)
[Layer Freezing] Training last 4 transformer layers (layers 8-11)
[Layer Freezing] Trainable params: 28,384,555 / 108,924,715 (26.1%)
[Layer Freezing] Training last 4 transformer layers (layers 8-11)
[Layer Freezing] Trainable params: 28,384,555 / 108,924,715 (26.1%)
[Layer Freezing] Training last 4 transformer layers (layers 8-11)
[Layer Freezing] Trainable params: 28,384,555 / 108,924,715 (26.1%)
[Layer Freezing] Training last 4 transformer layers (layers 8-11)
[Layer Freezing] Trainable params: 28,384,555 / 108,924,715 (26.1%)
[Round 35] T=2.00  α_ce=1.00  α_kd=1.00
 Round 35 | F1 0.4099 | P 0.5858 | R 0.3153 | Time 43.8s | Comm N/A | Local Avg F1: 0.3384

=== Round 36/50 ===
[Round 36] KD=ON | policy=prev_global
[Layer Freezing] Training last 4 transformer layers (layers 8-11)
[Layer Freezing] Trainable params: 28,384,555 / 108,924,715 (26.1%)
[Layer Freezing] Training last 4 transformer layers (layers 8-11)
[Layer Freezing] Trainable params: 28,384,555 / 108,924,715 (26.1%)
[Layer Freezing] Training last 4 transformer layers (layers 8-11)
[Layer Freezing] Trainable params: 28,384,555 / 108,924,715 (26.1%)
[Layer Freezing] Training last 4 transformer layers (layers 8-11)
[Layer Freezing] Trainable params: 28,384,555 / 108,924,715 (26.1%)
[Layer Freezing] Training last 4 transformer layers (layers 8-11)
[Layer Freezing] Trainable params: 28,384,555 / 108,924,715 (26.1%)
[Layer Freezing] Training last 4 transformer layers (layers 8-11)
[Layer Freezing] Trainable params: 28,384,555 / 108,924,715 (26.1%)
[Layer Freezing] Training last 4 transformer layers (layers 8-11)
[Layer Freezing] Trainable params: 28,384,555 / 108,924,715 (26.1%)
[Layer Freezing] Training last 4 transformer layers (layers 8-11)
[Layer Freezing] Trainable params: 28,384,555 / 108,924,715 (26.1%)
[Layer Freezing] Training last 4 transformer layers (layers 8-11)
[Layer Freezing] Trainable params: 28,384,555 / 108,924,715 (26.1%)
[Layer Freezing] Training last 4 transformer layers (layers 8-11)
[Layer Freezing] Trainable params: 28,384,555 / 108,924,715 (26.1%)
[Round 36] T=2.00  α_ce=1.00  α_kd=1.00
 Round 36 | F1 0.4003 | P 0.5990 | R 0.3006 | Time 44.5s | Comm N/A | Local Avg F1: 0.3337

=== Round 37/50 ===
[Round 37] KD=ON | policy=prev_global
[Layer Freezing] Training last 4 transformer layers (layers 8-11)
[Layer Freezing] Trainable params: 28,384,555 / 108,924,715 (26.1%)
[Layer Freezing] Training last 4 transformer layers (layers 8-11)
[Layer Freezing] Trainable params: 28,384,555 / 108,924,715 (26.1%)
[Layer Freezing] Training last 4 transformer layers (layers 8-11)
[Layer Freezing] Trainable params: 28,384,555 / 108,924,715 (26.1%)
[Layer Freezing] Training last 4 transformer layers (layers 8-11)
[Layer Freezing] Trainable params: 28,384,555 / 108,924,715 (26.1%)
[Layer Freezing] Training last 4 transformer layers (layers 8-11)
[Layer Freezing] Trainable params: 28,384,555 / 108,924,715 (26.1%)
[Layer Freezing] Training last 4 transformer layers (layers 8-11)
[Layer Freezing] Trainable params: 28,384,555 / 108,924,715 (26.1%)
[Layer Freezing] Training last 4 transformer layers (layers 8-11)
[Layer Freezing] Trainable params: 28,384,555 / 108,924,715 (26.1%)
[Layer Freezing] Training last 4 transformer layers (layers 8-11)
[Layer Freezing] Trainable params: 28,384,555 / 108,924,715 (26.1%)
[Layer Freezing] Training last 4 transformer layers (layers 8-11)
[Layer Freezing] Trainable params: 28,384,555 / 108,924,715 (26.1%)
[Layer Freezing] Training last 4 transformer layers (layers 8-11)
[Layer Freezing] Trainable params: 28,384,555 / 108,924,715 (26.1%)
[Round 37] T=2.00  α_ce=1.00  α_kd=1.00
 Round 37 | F1 0.4053 | P 0.5960 | R 0.3071 | Time 44.4s | Comm N/A | Local Avg F1: 0.3453

=== Round 38/50 ===
[Round 38] KD=ON | policy=prev_global
[Layer Freezing] Training last 4 transformer layers (layers 8-11)
[Layer Freezing] Trainable params: 28,384,555 / 108,924,715 (26.1%)
[Layer Freezing] Training last 4 transformer layers (layers 8-11)
[Layer Freezing] Trainable params: 28,384,555 / 108,924,715 (26.1%)
[Layer Freezing] Training last 4 transformer layers (layers 8-11)
[Layer Freezing] Trainable params: 28,384,555 / 108,924,715 (26.1%)
[Layer Freezing] Training last 4 transformer layers (layers 8-11)
[Layer Freezing] Trainable params: 28,384,555 / 108,924,715 (26.1%)
[Layer Freezing] Training last 4 transformer layers (layers 8-11)
[Layer Freezing] Trainable params: 28,384,555 / 108,924,715 (26.1%)
[Layer Freezing] Training last 4 transformer layers (layers 8-11)
[Layer Freezing] Trainable params: 28,384,555 / 108,924,715 (26.1%)
[Layer Freezing] Training last 4 transformer layers (layers 8-11)
[Layer Freezing] Trainable params: 28,384,555 / 108,924,715 (26.1%)
[Layer Freezing] Training last 4 transformer layers (layers 8-11)
[Layer Freezing] Trainable params: 28,384,555 / 108,924,715 (26.1%)
[Layer Freezing] Training last 4 transformer layers (layers 8-11)
[Layer Freezing] Trainable params: 28,384,555 / 108,924,715 (26.1%)
[Layer Freezing] Training last 4 transformer layers (layers 8-11)
[Layer Freezing] Trainable params: 28,384,555 / 108,924,715 (26.1%)
[Round 38] T=2.00  α_ce=1.00  α_kd=1.00
 Round 38 | F1 0.4096 | P 0.5989 | R 0.3112 | Time 43.8s | Comm N/A | Local Avg F1: 0.3457

=== Round 39/50 ===
[Round 39] KD=ON | policy=prev_global
[Layer Freezing] Training last 4 transformer layers (layers 8-11)
[Layer Freezing] Trainable params: 28,384,555 / 108,924,715 (26.1%)
[Layer Freezing] Training last 4 transformer layers (layers 8-11)
[Layer Freezing] Trainable params: 28,384,555 / 108,924,715 (26.1%)
[Layer Freezing] Training last 4 transformer layers (layers 8-11)
[Layer Freezing] Trainable params: 28,384,555 / 108,924,715 (26.1%)
[Layer Freezing] Training last 4 transformer layers (layers 8-11)
[Layer Freezing] Trainable params: 28,384,555 / 108,924,715 (26.1%)
[Layer Freezing] Training last 4 transformer layers (layers 8-11)
[Layer Freezing] Trainable params: 28,384,555 / 108,924,715 (26.1%)
[Layer Freezing] Training last 4 transformer layers (layers 8-11)
[Layer Freezing] Trainable params: 28,384,555 / 108,924,715 (26.1%)
[Layer Freezing] Training last 4 transformer layers (layers 8-11)
[Layer Freezing] Trainable params: 28,384,555 / 108,924,715 (26.1%)
[Layer Freezing] Training last 4 transformer layers (layers 8-11)
[Layer Freezing] Trainable params: 28,384,555 / 108,924,715 (26.1%)
[Layer Freezing] Training last 4 transformer layers (layers 8-11)
[Layer Freezing] Trainable params: 28,384,555 / 108,924,715 (26.1%)
[Layer Freezing] Training last 4 transformer layers (layers 8-11)
[Layer Freezing] Trainable params: 28,384,555 / 108,924,715 (26.1%)
[Round 39] T=2.00  α_ce=1.00  α_kd=1.00
 Round 39 | F1 0.4207 | P 0.5941 | R 0.3257 | Time 44.4s | Comm N/A | Local Avg F1: 0.3551

=== Round 40/50 ===
[Round 40] KD=ON | policy=prev_global
[Layer Freezing] Training last 4 transformer layers (layers 8-11)
[Layer Freezing] Trainable params: 28,384,555 / 108,924,715 (26.1%)
[Layer Freezing] Training last 4 transformer layers (layers 8-11)
[Layer Freezing] Trainable params: 28,384,555 / 108,924,715 (26.1%)
[Layer Freezing] Training last 4 transformer layers (layers 8-11)
[Layer Freezing] Trainable params: 28,384,555 / 108,924,715 (26.1%)
[Layer Freezing] Training last 4 transformer layers (layers 8-11)
[Layer Freezing] Trainable params: 28,384,555 / 108,924,715 (26.1%)
[Layer Freezing] Training last 4 transformer layers (layers 8-11)
[Layer Freezing] Trainable params: 28,384,555 / 108,924,715 (26.1%)
[Layer Freezing] Training last 4 transformer layers (layers 8-11)
[Layer Freezing] Trainable params: 28,384,555 / 108,924,715 (26.1%)
[Layer Freezing] Training last 4 transformer layers (layers 8-11)
[Layer Freezing] Trainable params: 28,384,555 / 108,924,715 (26.1%)
[Layer Freezing] Training last 4 transformer layers (layers 8-11)
[Layer Freezing] Trainable params: 28,384,555 / 108,924,715 (26.1%)
[Layer Freezing] Training last 4 transformer layers (layers 8-11)
[Layer Freezing] Trainable params: 28,384,555 / 108,924,715 (26.1%)
[Layer Freezing] Training last 4 transformer layers (layers 8-11)
[Layer Freezing] Trainable params: 28,384,555 / 108,924,715 (26.1%)
[Round 40] T=2.00  α_ce=1.00  α_kd=1.00
 Round 40 | F1 0.4149 | P 0.6030 | R 0.3162 | Time 44.7s | Comm N/A | Local Avg F1: 0.3492

=== Round 41/50 ===
[Round 41] KD=ON | policy=prev_global
[Layer Freezing] Training last 4 transformer layers (layers 8-11)
[Layer Freezing] Trainable params: 28,384,555 / 108,924,715 (26.1%)
[Layer Freezing] Training last 4 transformer layers (layers 8-11)
[Layer Freezing] Trainable params: 28,384,555 / 108,924,715 (26.1%)
[Layer Freezing] Training last 4 transformer layers (layers 8-11)
[Layer Freezing] Trainable params: 28,384,555 / 108,924,715 (26.1%)
[Layer Freezing] Training last 4 transformer layers (layers 8-11)
[Layer Freezing] Trainable params: 28,384,555 / 108,924,715 (26.1%)
[Layer Freezing] Training last 4 transformer layers (layers 8-11)
[Layer Freezing] Trainable params: 28,384,555 / 108,924,715 (26.1%)
[Layer Freezing] Training last 4 transformer layers (layers 8-11)
[Layer Freezing] Trainable params: 28,384,555 / 108,924,715 (26.1%)
[Layer Freezing] Training last 4 transformer layers (layers 8-11)
[Layer Freezing] Trainable params: 28,384,555 / 108,924,715 (26.1%)
[Layer Freezing] Training last 4 transformer layers (layers 8-11)
[Layer Freezing] Trainable params: 28,384,555 / 108,924,715 (26.1%)
[Layer Freezing] Training last 4 transformer layers (layers 8-11)
[Layer Freezing] Trainable params: 28,384,555 / 108,924,715 (26.1%)
[Layer Freezing] Training last 4 transformer layers (layers 8-11)
[Layer Freezing] Trainable params: 28,384,555 / 108,924,715 (26.1%)
[Round 41] T=2.00  α_ce=1.00  α_kd=1.00
 Round 41 | F1 0.4338 | P 0.5901 | R 0.3430 | Time 43.9s | Comm N/A | Local Avg F1: 0.3630

=== Round 42/50 ===
[Round 42] KD=ON | policy=prev_global
[Layer Freezing] Training last 4 transformer layers (layers 8-11)
[Layer Freezing] Trainable params: 28,384,555 / 108,924,715 (26.1%)
[Layer Freezing] Training last 4 transformer layers (layers 8-11)
[Layer Freezing] Trainable params: 28,384,555 / 108,924,715 (26.1%)
[Layer Freezing] Training last 4 transformer layers (layers 8-11)
[Layer Freezing] Trainable params: 28,384,555 / 108,924,715 (26.1%)
[Layer Freezing] Training last 4 transformer layers (layers 8-11)
[Layer Freezing] Trainable params: 28,384,555 / 108,924,715 (26.1%)
[Layer Freezing] Training last 4 transformer layers (layers 8-11)
[Layer Freezing] Trainable params: 28,384,555 / 108,924,715 (26.1%)
[Layer Freezing] Training last 4 transformer layers (layers 8-11)
[Layer Freezing] Trainable params: 28,384,555 / 108,924,715 (26.1%)
[Layer Freezing] Training last 4 transformer layers (layers 8-11)
[Layer Freezing] Trainable params: 28,384,555 / 108,924,715 (26.1%)
[Layer Freezing] Training last 4 transformer layers (layers 8-11)
[Layer Freezing] Trainable params: 28,384,555 / 108,924,715 (26.1%)
[Layer Freezing] Training last 4 transformer layers (layers 8-11)
[Layer Freezing] Trainable params: 28,384,555 / 108,924,715 (26.1%)
[Layer Freezing] Training last 4 transformer layers (layers 8-11)
[Layer Freezing] Trainable params: 28,384,555 / 108,924,715 (26.1%)
[Round 42] T=2.00  α_ce=1.00  α_kd=1.00
 Round 42 | F1 0.4316 | P 0.6061 | R 0.3351 | Time 44.6s | Comm N/A | Local Avg F1: 0.3560

=== Round 43/50 ===
[Round 43] KD=ON | policy=prev_global
[Layer Freezing] Training last 4 transformer layers (layers 8-11)
[Layer Freezing] Trainable params: 28,384,555 / 108,924,715 (26.1%)
[Layer Freezing] Training last 4 transformer layers (layers 8-11)
[Layer Freezing] Trainable params: 28,384,555 / 108,924,715 (26.1%)
[Layer Freezing] Training last 4 transformer layers (layers 8-11)
[Layer Freezing] Trainable params: 28,384,555 / 108,924,715 (26.1%)
[Layer Freezing] Training last 4 transformer layers (layers 8-11)
[Layer Freezing] Trainable params: 28,384,555 / 108,924,715 (26.1%)
[Layer Freezing] Training last 4 transformer layers (layers 8-11)
[Layer Freezing] Trainable params: 28,384,555 / 108,924,715 (26.1%)
[Layer Freezing] Training last 4 transformer layers (layers 8-11)
[Layer Freezing] Trainable params: 28,384,555 / 108,924,715 (26.1%)
[Layer Freezing] Training last 4 transformer layers (layers 8-11)
[Layer Freezing] Trainable params: 28,384,555 / 108,924,715 (26.1%)
[Layer Freezing] Training last 4 transformer layers (layers 8-11)
[Layer Freezing] Trainable params: 28,384,555 / 108,924,715 (26.1%)
[Layer Freezing] Training last 4 transformer layers (layers 8-11)
[Layer Freezing] Trainable params: 28,384,555 / 108,924,715 (26.1%)
[Layer Freezing] Training last 4 transformer layers (layers 8-11)
[Layer Freezing] Trainable params: 28,384,555 / 108,924,715 (26.1%)
[Round 43] T=2.00  α_ce=1.00  α_kd=1.00
 Round 43 | F1 0.4291 | P 0.6162 | R 0.3292 | Time 43.7s | Comm N/A | Local Avg F1: 0.3541

=== Round 44/50 ===
[Round 44] KD=ON | policy=prev_global
[Layer Freezing] Training last 4 transformer layers (layers 8-11)
[Layer Freezing] Trainable params: 28,384,555 / 108,924,715 (26.1%)
[Layer Freezing] Training last 4 transformer layers (layers 8-11)
[Layer Freezing] Trainable params: 28,384,555 / 108,924,715 (26.1%)
[Layer Freezing] Training last 4 transformer layers (layers 8-11)
[Layer Freezing] Trainable params: 28,384,555 / 108,924,715 (26.1%)
[Layer Freezing] Training last 4 transformer layers (layers 8-11)
[Layer Freezing] Trainable params: 28,384,555 / 108,924,715 (26.1%)
[Layer Freezing] Training last 4 transformer layers (layers 8-11)
[Layer Freezing] Trainable params: 28,384,555 / 108,924,715 (26.1%)
[Layer Freezing] Training last 4 transformer layers (layers 8-11)
[Layer Freezing] Trainable params: 28,384,555 / 108,924,715 (26.1%)
[Layer Freezing] Training last 4 transformer layers (layers 8-11)
[Layer Freezing] Trainable params: 28,384,555 / 108,924,715 (26.1%)
[Layer Freezing] Training last 4 transformer layers (layers 8-11)
[Layer Freezing] Trainable params: 28,384,555 / 108,924,715 (26.1%)
[Layer Freezing] Training last 4 transformer layers (layers 8-11)
[Layer Freezing] Trainable params: 28,384,555 / 108,924,715 (26.1%)
[Layer Freezing] Training last 4 transformer layers (layers 8-11)
[Layer Freezing] Trainable params: 28,384,555 / 108,924,715 (26.1%)
[Round 44] T=2.00  α_ce=1.00  α_kd=1.00
 Round 44 | F1 0.4361 | P 0.6086 | R 0.3398 | Time 44.2s | Comm N/A | Local Avg F1: 0.3669

=== Round 45/50 ===
[Round 45] KD=ON | policy=prev_global
[Layer Freezing] Training last 4 transformer layers (layers 8-11)
[Layer Freezing] Trainable params: 28,384,555 / 108,924,715 (26.1%)
[Layer Freezing] Training last 4 transformer layers (layers 8-11)
[Layer Freezing] Trainable params: 28,384,555 / 108,924,715 (26.1%)
[Layer Freezing] Training last 4 transformer layers (layers 8-11)
[Layer Freezing] Trainable params: 28,384,555 / 108,924,715 (26.1%)
[Layer Freezing] Training last 4 transformer layers (layers 8-11)
[Layer Freezing] Trainable params: 28,384,555 / 108,924,715 (26.1%)
[Layer Freezing] Training last 4 transformer layers (layers 8-11)
[Layer Freezing] Trainable params: 28,384,555 / 108,924,715 (26.1%)
[Layer Freezing] Training last 4 transformer layers (layers 8-11)
[Layer Freezing] Trainable params: 28,384,555 / 108,924,715 (26.1%)
[Layer Freezing] Training last 4 transformer layers (layers 8-11)
[Layer Freezing] Trainable params: 28,384,555 / 108,924,715 (26.1%)
[Layer Freezing] Training last 4 transformer layers (layers 8-11)
[Layer Freezing] Trainable params: 28,384,555 / 108,924,715 (26.1%)
[Layer Freezing] Training last 4 transformer layers (layers 8-11)
[Layer Freezing] Trainable params: 28,384,555 / 108,924,715 (26.1%)
[Layer Freezing] Training last 4 transformer layers (layers 8-11)
[Layer Freezing] Trainable params: 28,384,555 / 108,924,715 (26.1%)
[Round 45] T=2.00  α_ce=1.00  α_kd=1.00
 Round 45 | F1 0.4473 | P 0.6069 | R 0.3541 | Time 44.5s | Comm N/A | Local Avg F1: 0.3752

=== Round 46/50 ===
[Round 46] KD=ON | policy=prev_global
[Layer Freezing] Training last 4 transformer layers (layers 8-11)
[Layer Freezing] Trainable params: 28,384,555 / 108,924,715 (26.1%)
[Layer Freezing] Training last 4 transformer layers (layers 8-11)
[Layer Freezing] Trainable params: 28,384,555 / 108,924,715 (26.1%)
[Layer Freezing] Training last 4 transformer layers (layers 8-11)
[Layer Freezing] Trainable params: 28,384,555 / 108,924,715 (26.1%)
[Layer Freezing] Training last 4 transformer layers (layers 8-11)
[Layer Freezing] Trainable params: 28,384,555 / 108,924,715 (26.1%)
[Layer Freezing] Training last 4 transformer layers (layers 8-11)
[Layer Freezing] Trainable params: 28,384,555 / 108,924,715 (26.1%)
[Layer Freezing] Training last 4 transformer layers (layers 8-11)
[Layer Freezing] Trainable params: 28,384,555 / 108,924,715 (26.1%)
[Layer Freezing] Training last 4 transformer layers (layers 8-11)
[Layer Freezing] Trainable params: 28,384,555 / 108,924,715 (26.1%)
[Layer Freezing] Training last 4 transformer layers (layers 8-11)
[Layer Freezing] Trainable params: 28,384,555 / 108,924,715 (26.1%)
[Layer Freezing] Training last 4 transformer layers (layers 8-11)
[Layer Freezing] Trainable params: 28,384,555 / 108,924,715 (26.1%)
[Layer Freezing] Training last 4 transformer layers (layers 8-11)
[Layer Freezing] Trainable params: 28,384,555 / 108,924,715 (26.1%)
[Round 46] T=2.00  α_ce=1.00  α_kd=1.00
 Round 46 | F1 0.4457 | P 0.6124 | R 0.3504 | Time 44.5s | Comm N/A | Local Avg F1: 0.3751

=== Round 47/50 ===
[Round 47] KD=ON | policy=prev_global
[Layer Freezing] Training last 4 transformer layers (layers 8-11)
[Layer Freezing] Trainable params: 28,384,555 / 108,924,715 (26.1%)
[Layer Freezing] Training last 4 transformer layers (layers 8-11)
[Layer Freezing] Trainable params: 28,384,555 / 108,924,715 (26.1%)
[Layer Freezing] Training last 4 transformer layers (layers 8-11)
[Layer Freezing] Trainable params: 28,384,555 / 108,924,715 (26.1%)
[Layer Freezing] Training last 4 transformer layers (layers 8-11)
[Layer Freezing] Trainable params: 28,384,555 / 108,924,715 (26.1%)
[Layer Freezing] Training last 4 transformer layers (layers 8-11)
[Layer Freezing] Trainable params: 28,384,555 / 108,924,715 (26.1%)
[Layer Freezing] Training last 4 transformer layers (layers 8-11)
[Layer Freezing] Trainable params: 28,384,555 / 108,924,715 (26.1%)
[Layer Freezing] Training last 4 transformer layers (layers 8-11)
[Layer Freezing] Trainable params: 28,384,555 / 108,924,715 (26.1%)
[Layer Freezing] Training last 4 transformer layers (layers 8-11)
[Layer Freezing] Trainable params: 28,384,555 / 108,924,715 (26.1%)
[Layer Freezing] Training last 4 transformer layers (layers 8-11)
[Layer Freezing] Trainable params: 28,384,555 / 108,924,715 (26.1%)
[Layer Freezing] Training last 4 transformer layers (layers 8-11)
[Layer Freezing] Trainable params: 28,384,555 / 108,924,715 (26.1%)
[Round 47] T=2.00  α_ce=1.00  α_kd=1.00
 Round 47 | F1 0.4479 | P 0.6079 | R 0.3545 | Time 44.5s | Comm N/A | Local Avg F1: 0.3750

=== Round 48/50 ===
[Round 48] KD=ON | policy=prev_global
[Layer Freezing] Training last 4 transformer layers (layers 8-11)
[Layer Freezing] Trainable params: 28,384,555 / 108,924,715 (26.1%)
[Layer Freezing] Training last 4 transformer layers (layers 8-11)
[Layer Freezing] Trainable params: 28,384,555 / 108,924,715 (26.1%)
[Layer Freezing] Training last 4 transformer layers (layers 8-11)
[Layer Freezing] Trainable params: 28,384,555 / 108,924,715 (26.1%)
[Layer Freezing] Training last 4 transformer layers (layers 8-11)
[Layer Freezing] Trainable params: 28,384,555 / 108,924,715 (26.1%)
[Layer Freezing] Training last 4 transformer layers (layers 8-11)
[Layer Freezing] Trainable params: 28,384,555 / 108,924,715 (26.1%)
[Layer Freezing] Training last 4 transformer layers (layers 8-11)
[Layer Freezing] Trainable params: 28,384,555 / 108,924,715 (26.1%)
[Layer Freezing] Training last 4 transformer layers (layers 8-11)
[Layer Freezing] Trainable params: 28,384,555 / 108,924,715 (26.1%)
[Layer Freezing] Training last 4 transformer layers (layers 8-11)
[Layer Freezing] Trainable params: 28,384,555 / 108,924,715 (26.1%)
[Layer Freezing] Training last 4 transformer layers (layers 8-11)
[Layer Freezing] Trainable params: 28,384,555 / 108,924,715 (26.1%)
[Layer Freezing] Training last 4 transformer layers (layers 8-11)
[Layer Freezing] Trainable params: 28,384,555 / 108,924,715 (26.1%)
[Round 48] T=2.00  α_ce=1.00  α_kd=1.00
 Round 48 | F1 0.4530 | P 0.6019 | R 0.3632 | Time 44.6s | Comm N/A | Local Avg F1: 0.3861

=== Round 49/50 ===
[Round 49] KD=ON | policy=prev_global
[Layer Freezing] Training last 4 transformer layers (layers 8-11)
[Layer Freezing] Trainable params: 28,384,555 / 108,924,715 (26.1%)
[Layer Freezing] Training last 4 transformer layers (layers 8-11)
[Layer Freezing] Trainable params: 28,384,555 / 108,924,715 (26.1%)
[Layer Freezing] Training last 4 transformer layers (layers 8-11)
[Layer Freezing] Trainable params: 28,384,555 / 108,924,715 (26.1%)
[Layer Freezing] Training last 4 transformer layers (layers 8-11)
[Layer Freezing] Trainable params: 28,384,555 / 108,924,715 (26.1%)
[Layer Freezing] Training last 4 transformer layers (layers 8-11)
[Layer Freezing] Trainable params: 28,384,555 / 108,924,715 (26.1%)
[Layer Freezing] Training last 4 transformer layers (layers 8-11)
[Layer Freezing] Trainable params: 28,384,555 / 108,924,715 (26.1%)
[Layer Freezing] Training last 4 transformer layers (layers 8-11)
[Layer Freezing] Trainable params: 28,384,555 / 108,924,715 (26.1%)
[Layer Freezing] Training last 4 transformer layers (layers 8-11)
[Layer Freezing] Trainable params: 28,384,555 / 108,924,715 (26.1%)
[Layer Freezing] Training last 4 transformer layers (layers 8-11)
[Layer Freezing] Trainable params: 28,384,555 / 108,924,715 (26.1%)
[Layer Freezing] Training last 4 transformer layers (layers 8-11)
[Layer Freezing] Trainable params: 28,384,555 / 108,924,715 (26.1%)
[Round 49] T=2.00  α_ce=1.00  α_kd=1.00
 Round 49 | F1 0.4504 | P 0.6062 | R 0.3583 | Time 43.5s | Comm N/A | Local Avg F1: 0.3830

=== Round 50/50 ===
[Round 50] KD=ON | policy=prev_global
[Layer Freezing] Training last 4 transformer layers (layers 8-11)
[Layer Freezing] Trainable params: 28,384,555 / 108,924,715 (26.1%)
[Layer Freezing] Training last 4 transformer layers (layers 8-11)
[Layer Freezing] Trainable params: 28,384,555 / 108,924,715 (26.1%)
[Layer Freezing] Training last 4 transformer layers (layers 8-11)
[Layer Freezing] Trainable params: 28,384,555 / 108,924,715 (26.1%)
[Layer Freezing] Training last 4 transformer layers (layers 8-11)
[Layer Freezing] Trainable params: 28,384,555 / 108,924,715 (26.1%)
[Layer Freezing] Training last 4 transformer layers (layers 8-11)
[Layer Freezing] Trainable params: 28,384,555 / 108,924,715 (26.1%)
[Layer Freezing] Training last 4 transformer layers (layers 8-11)
[Layer Freezing] Trainable params: 28,384,555 / 108,924,715 (26.1%)
[Layer Freezing] Training last 4 transformer layers (layers 8-11)
[Layer Freezing] Trainable params: 28,384,555 / 108,924,715 (26.1%)
[Layer Freezing] Training last 4 transformer layers (layers 8-11)
[Layer Freezing] Trainable params: 28,384,555 / 108,924,715 (26.1%)
[Layer Freezing] Training last 4 transformer layers (layers 8-11)
[Layer Freezing] Trainable params: 28,384,555 / 108,924,715 (26.1%)
[Layer Freezing] Training last 4 transformer layers (layers 8-11)
[Layer Freezing] Trainable params: 28,384,555 / 108,924,715 (26.1%)
[Round 50] T=2.00  α_ce=1.00  α_kd=1.00
 Round 50 | F1 0.4439 | P 0.6182 | R 0.3463 | Time 44.3s | Comm N/A | Local Avg F1: 0.3764
[save_json] Saved: results/FedSAD_20250820_194642/fed_results.json
[save_json] Backup: results/FedSAD_20250820_194642/fed_results_20250820_202330.json
