日志文件：logs/run_20250824_234634.log

== FedSD 0.01==
📁 从本地加载模型: /root/autodl-tmp/fedner/models/microsoft_BiomedNLP-PubMedBERT-base-uncased-abstract
Some weights of BertForTokenClassification were not initialized from the model checkpoint at /root/autodl-tmp/fedner/models/microsoft_BiomedNLP-PubMedBERT-base-uncased-abstract and are newly initialized because the shapes did not match:
- classifier.bias: found shape torch.Size([2]) in the checkpoint and torch.Size([43]) in the model instantiated
- classifier.weight: found shape torch.Size([2, 768]) in the checkpoint and torch.Size([43, 768]) in the model instantiated
You should probably TRAIN this model on a down-stream task to be able to use it for predictions and inference.
Using device: cuda
📁 从本地加载模型: /root/autodl-tmp/fedner/models/microsoft_BiomedNLP-PubMedBERT-base-uncased-abstract
Some weights of BertForTokenClassification were not initialized from the model checkpoint at /root/autodl-tmp/fedner/models/microsoft_BiomedNLP-PubMedBERT-base-uncased-abstract and are newly initialized because the shapes did not match:
- classifier.bias: found shape torch.Size([2]) in the checkpoint and torch.Size([43]) in the model instantiated
- classifier.weight: found shape torch.Size([2, 768]) in the checkpoint and torch.Size([43, 768]) in the model instantiated
You should probably TRAIN this model on a down-stream task to be able to use it for predictions and inference.

============================================================
EXPERIMENT CONFIGURATION
============================================================
Algorithm: FedSAD | Clients: 10 (100% per round) | Rounds: 100, Local epochs: 2 | Training: Last 4 layers | Sampling: 200 samples per client (random) | Data: Non-IID (α=0.01)
------------------------------------------------------------
Algorithm-specific parameters for FedSAD:
  - use_distillation: True
  - kd_start_round: 2
  - teacher_policy: prev_global
  - temperature_start: 3.25, temperature_end: 3.25
  - alpha_ce_start: 0.85, alpha_ce_end: 0.85
  - alpha_kd_start: 0.15, alpha_kd_end: 0.15
  - hidden_distill: False, alpha_hidden: 0.0
  - o_downweight: 1.0
============================================================

Model initialized: 108,924,715/108,924,715 trainable params (100.0%)

=== Round 1/100 ===
[Round 1] KD=OFF | policy=prev_global
[Layer Freezing] Training last 4 transformer layers (layers 8-11)
[Layer Freezing] Trainable params: 28,384,555 / 108,924,715 (26.1%)
[Layer Freezing] Training last 4 transformer layers (layers 8-11)
[Layer Freezing] Trainable params: 28,384,555 / 108,924,715 (26.1%)
[Layer Freezing] Training last 4 transformer layers (layers 8-11)
[Layer Freezing] Trainable params: 28,384,555 / 108,924,715 (26.1%)
[Layer Freezing] Training last 4 transformer layers (layers 8-11)
[Layer Freezing] Trainable params: 28,384,555 / 108,924,715 (26.1%)
[Layer Freezing] Training last 4 transformer layers (layers 8-11)
[Layer Freezing] Trainable params: 28,384,555 / 108,924,715 (26.1%)
[Layer Freezing] Training last 4 transformer layers (layers 8-11)
[Layer Freezing] Trainable params: 28,384,555 / 108,924,715 (26.1%)
[Layer Freezing] Training last 4 transformer layers (layers 8-11)
[Layer Freezing] Trainable params: 28,384,555 / 108,924,715 (26.1%)
[Layer Freezing] Training last 4 transformer layers (layers 8-11)
[Layer Freezing] Trainable params: 28,384,555 / 108,924,715 (26.1%)
[Layer Freezing] Training last 4 transformer layers (layers 8-11)
[Layer Freezing] Trainable params: 28,384,555 / 108,924,715 (26.1%)
[Layer Freezing] Training last 4 transformer layers (layers 8-11)
[Layer Freezing] Trainable params: 28,384,555 / 108,924,715 (26.1%)
[Round 1] T=3.25  α_ce=0.85  α_kd=0.00
/root/miniconda3/lib/python3.12/site-packages/seqeval/metrics/v1.py:57: UndefinedMetricWarning: Precision is ill-defined and being set to 0.0 due to no predicted samples. Use `zero_division` parameter to control this behavior.
  _warn_prf(average, modifier, msg_start, len(result))
/root/miniconda3/lib/python3.12/site-packages/seqeval/metrics/v1.py:159: UndefinedMetricWarning: F-score is ill-defined and being set to 0.0 due to no true nor predicted samples. Use `zero_division` parameter to control this behavior.
  _warn_prf(
/root/miniconda3/lib/python3.12/site-packages/seqeval/metrics/v1.py:57: UndefinedMetricWarning: Recall is ill-defined and being set to 0.0 due to no true samples. Use `zero_division` parameter to control this behavior.
  _warn_prf(average, modifier, msg_start, len(result))
 Round 1 | F1 0.0000 | P 0.0000 | R 0.0000 | Time 35.8s | Comm N/A | Local Avg F1: 0.0000

=== Round 2/100 ===
[Round 2] KD=ON | policy=prev_global
[Layer Freezing] Training last 4 transformer layers (layers 8-11)
[Layer Freezing] Trainable params: 28,384,555 / 108,924,715 (26.1%)
[Layer Freezing] Training last 4 transformer layers (layers 8-11)
[Layer Freezing] Trainable params: 28,384,555 / 108,924,715 (26.1%)
[Layer Freezing] Training last 4 transformer layers (layers 8-11)
[Layer Freezing] Trainable params: 28,384,555 / 108,924,715 (26.1%)
[Layer Freezing] Training last 4 transformer layers (layers 8-11)
[Layer Freezing] Trainable params: 28,384,555 / 108,924,715 (26.1%)
[Layer Freezing] Training last 4 transformer layers (layers 8-11)
[Layer Freezing] Trainable params: 28,384,555 / 108,924,715 (26.1%)
[Layer Freezing] Training last 4 transformer layers (layers 8-11)
[Layer Freezing] Trainable params: 28,384,555 / 108,924,715 (26.1%)
[Layer Freezing] Training last 4 transformer layers (layers 8-11)
[Layer Freezing] Trainable params: 28,384,555 / 108,924,715 (26.1%)
[Layer Freezing] Training last 4 transformer layers (layers 8-11)
[Layer Freezing] Trainable params: 28,384,555 / 108,924,715 (26.1%)
[Layer Freezing] Training last 4 transformer layers (layers 8-11)
[Layer Freezing] Trainable params: 28,384,555 / 108,924,715 (26.1%)
[Layer Freezing] Training last 4 transformer layers (layers 8-11)
[Layer Freezing] Trainable params: 28,384,555 / 108,924,715 (26.1%)
[Round 2] T=3.25  α_ce=0.85  α_kd=0.15
 Round 2 | F1 0.0000 | P 0.0000 | R 0.0000 | Time 39.0s | Comm N/A | Local Avg F1: 0.0000

=== Round 3/100 ===
[Round 3] KD=ON | policy=prev_global
[Layer Freezing] Training last 4 transformer layers (layers 8-11)
[Layer Freezing] Trainable params: 28,384,555 / 108,924,715 (26.1%)
[Layer Freezing] Training last 4 transformer layers (layers 8-11)
[Layer Freezing] Trainable params: 28,384,555 / 108,924,715 (26.1%)
[Layer Freezing] Training last 4 transformer layers (layers 8-11)
[Layer Freezing] Trainable params: 28,384,555 / 108,924,715 (26.1%)
[Layer Freezing] Training last 4 transformer layers (layers 8-11)
[Layer Freezing] Trainable params: 28,384,555 / 108,924,715 (26.1%)
[Layer Freezing] Training last 4 transformer layers (layers 8-11)
[Layer Freezing] Trainable params: 28,384,555 / 108,924,715 (26.1%)
[Layer Freezing] Training last 4 transformer layers (layers 8-11)
[Layer Freezing] Trainable params: 28,384,555 / 108,924,715 (26.1%)
[Layer Freezing] Training last 4 transformer layers (layers 8-11)
[Layer Freezing] Trainable params: 28,384,555 / 108,924,715 (26.1%)
[Layer Freezing] Training last 4 transformer layers (layers 8-11)
[Layer Freezing] Trainable params: 28,384,555 / 108,924,715 (26.1%)
[Layer Freezing] Training last 4 transformer layers (layers 8-11)
[Layer Freezing] Trainable params: 28,384,555 / 108,924,715 (26.1%)
[Layer Freezing] Training last 4 transformer layers (layers 8-11)
[Layer Freezing] Trainable params: 28,384,555 / 108,924,715 (26.1%)
[Round 3] T=3.25  α_ce=0.85  α_kd=0.15
 Round 3 | F1 0.0001 | P 0.7500 | R 0.0001 | Time 39.3s | Comm N/A | Local Avg F1: 0.0006

=== Round 4/100 ===
[Round 4] KD=ON | policy=prev_global
[Layer Freezing] Training last 4 transformer layers (layers 8-11)
[Layer Freezing] Trainable params: 28,384,555 / 108,924,715 (26.1%)
[Layer Freezing] Training last 4 transformer layers (layers 8-11)
[Layer Freezing] Trainable params: 28,384,555 / 108,924,715 (26.1%)
[Layer Freezing] Training last 4 transformer layers (layers 8-11)
[Layer Freezing] Trainable params: 28,384,555 / 108,924,715 (26.1%)
[Layer Freezing] Training last 4 transformer layers (layers 8-11)
[Layer Freezing] Trainable params: 28,384,555 / 108,924,715 (26.1%)
[Layer Freezing] Training last 4 transformer layers (layers 8-11)
[Layer Freezing] Trainable params: 28,384,555 / 108,924,715 (26.1%)
[Layer Freezing] Training last 4 transformer layers (layers 8-11)
[Layer Freezing] Trainable params: 28,384,555 / 108,924,715 (26.1%)
[Layer Freezing] Training last 4 transformer layers (layers 8-11)
[Layer Freezing] Trainable params: 28,384,555 / 108,924,715 (26.1%)
[Layer Freezing] Training last 4 transformer layers (layers 8-11)
[Layer Freezing] Trainable params: 28,384,555 / 108,924,715 (26.1%)
[Layer Freezing] Training last 4 transformer layers (layers 8-11)
[Layer Freezing] Trainable params: 28,384,555 / 108,924,715 (26.1%)
[Layer Freezing] Training last 4 transformer layers (layers 8-11)
[Layer Freezing] Trainable params: 28,384,555 / 108,924,715 (26.1%)
[Round 4] T=3.25  α_ce=0.85  α_kd=0.15
 Round 4 | F1 0.0218 | P 0.6350 | R 0.0111 | Time 39.3s | Comm N/A | Local Avg F1: 0.0192

=== Round 5/100 ===
[Round 5] KD=ON | policy=prev_global
[Layer Freezing] Training last 4 transformer layers (layers 8-11)
[Layer Freezing] Trainable params: 28,384,555 / 108,924,715 (26.1%)
[Layer Freezing] Training last 4 transformer layers (layers 8-11)
[Layer Freezing] Trainable params: 28,384,555 / 108,924,715 (26.1%)
[Layer Freezing] Training last 4 transformer layers (layers 8-11)
[Layer Freezing] Trainable params: 28,384,555 / 108,924,715 (26.1%)
[Layer Freezing] Training last 4 transformer layers (layers 8-11)
[Layer Freezing] Trainable params: 28,384,555 / 108,924,715 (26.1%)
[Layer Freezing] Training last 4 transformer layers (layers 8-11)
[Layer Freezing] Trainable params: 28,384,555 / 108,924,715 (26.1%)
[Layer Freezing] Training last 4 transformer layers (layers 8-11)
[Layer Freezing] Trainable params: 28,384,555 / 108,924,715 (26.1%)
[Layer Freezing] Training last 4 transformer layers (layers 8-11)
[Layer Freezing] Trainable params: 28,384,555 / 108,924,715 (26.1%)
[Layer Freezing] Training last 4 transformer layers (layers 8-11)
[Layer Freezing] Trainable params: 28,384,555 / 108,924,715 (26.1%)
[Layer Freezing] Training last 4 transformer layers (layers 8-11)
[Layer Freezing] Trainable params: 28,384,555 / 108,924,715 (26.1%)
[Layer Freezing] Training last 4 transformer layers (layers 8-11)
[Layer Freezing] Trainable params: 28,384,555 / 108,924,715 (26.1%)
[Round 5] T=3.25  α_ce=0.85  α_kd=0.15
 Round 5 | F1 0.0564 | P 0.6544 | R 0.0295 | Time 39.3s | Comm N/A | Local Avg F1: 0.0444

=== Round 6/100 ===
[Round 6] KD=ON | policy=prev_global
[Layer Freezing] Training last 4 transformer layers (layers 8-11)
[Layer Freezing] Trainable params: 28,384,555 / 108,924,715 (26.1%)
[Layer Freezing] Training last 4 transformer layers (layers 8-11)
[Layer Freezing] Trainable params: 28,384,555 / 108,924,715 (26.1%)
[Layer Freezing] Training last 4 transformer layers (layers 8-11)
[Layer Freezing] Trainable params: 28,384,555 / 108,924,715 (26.1%)
[Layer Freezing] Training last 4 transformer layers (layers 8-11)
[Layer Freezing] Trainable params: 28,384,555 / 108,924,715 (26.1%)
[Layer Freezing] Training last 4 transformer layers (layers 8-11)
[Layer Freezing] Trainable params: 28,384,555 / 108,924,715 (26.1%)
[Layer Freezing] Training last 4 transformer layers (layers 8-11)
[Layer Freezing] Trainable params: 28,384,555 / 108,924,715 (26.1%)
[Layer Freezing] Training last 4 transformer layers (layers 8-11)
[Layer Freezing] Trainable params: 28,384,555 / 108,924,715 (26.1%)
[Layer Freezing] Training last 4 transformer layers (layers 8-11)
[Layer Freezing] Trainable params: 28,384,555 / 108,924,715 (26.1%)
[Layer Freezing] Training last 4 transformer layers (layers 8-11)
[Layer Freezing] Trainable params: 28,384,555 / 108,924,715 (26.1%)
[Layer Freezing] Training last 4 transformer layers (layers 8-11)
[Layer Freezing] Trainable params: 28,384,555 / 108,924,715 (26.1%)
[Round 6] T=3.25  α_ce=0.85  α_kd=0.15
 Round 6 | F1 0.1418 | P 0.5705 | R 0.0809 | Time 39.4s | Comm N/A | Local Avg F1: 0.0904

=== Round 7/100 ===
[Round 7] KD=ON | policy=prev_global
[Layer Freezing] Training last 4 transformer layers (layers 8-11)
[Layer Freezing] Trainable params: 28,384,555 / 108,924,715 (26.1%)
[Layer Freezing] Training last 4 transformer layers (layers 8-11)
[Layer Freezing] Trainable params: 28,384,555 / 108,924,715 (26.1%)
[Layer Freezing] Training last 4 transformer layers (layers 8-11)
[Layer Freezing] Trainable params: 28,384,555 / 108,924,715 (26.1%)
[Layer Freezing] Training last 4 transformer layers (layers 8-11)
[Layer Freezing] Trainable params: 28,384,555 / 108,924,715 (26.1%)
[Layer Freezing] Training last 4 transformer layers (layers 8-11)
[Layer Freezing] Trainable params: 28,384,555 / 108,924,715 (26.1%)
[Layer Freezing] Training last 4 transformer layers (layers 8-11)
[Layer Freezing] Trainable params: 28,384,555 / 108,924,715 (26.1%)
[Layer Freezing] Training last 4 transformer layers (layers 8-11)
[Layer Freezing] Trainable params: 28,384,555 / 108,924,715 (26.1%)
[Layer Freezing] Training last 4 transformer layers (layers 8-11)
[Layer Freezing] Trainable params: 28,384,555 / 108,924,715 (26.1%)
[Layer Freezing] Training last 4 transformer layers (layers 8-11)
[Layer Freezing] Trainable params: 28,384,555 / 108,924,715 (26.1%)
[Layer Freezing] Training last 4 transformer layers (layers 8-11)
[Layer Freezing] Trainable params: 28,384,555 / 108,924,715 (26.1%)
[Round 7] T=3.25  α_ce=0.85  α_kd=0.15
 Round 7 | F1 0.1416 | P 0.5699 | R 0.0808 | Time 39.4s | Comm N/A | Local Avg F1: 0.0933

=== Round 8/100 ===
[Round 8] KD=ON | policy=prev_global
[Layer Freezing] Training last 4 transformer layers (layers 8-11)
[Layer Freezing] Trainable params: 28,384,555 / 108,924,715 (26.1%)
[Layer Freezing] Training last 4 transformer layers (layers 8-11)
[Layer Freezing] Trainable params: 28,384,555 / 108,924,715 (26.1%)
[Layer Freezing] Training last 4 transformer layers (layers 8-11)
[Layer Freezing] Trainable params: 28,384,555 / 108,924,715 (26.1%)
[Layer Freezing] Training last 4 transformer layers (layers 8-11)
[Layer Freezing] Trainable params: 28,384,555 / 108,924,715 (26.1%)
[Layer Freezing] Training last 4 transformer layers (layers 8-11)
[Layer Freezing] Trainable params: 28,384,555 / 108,924,715 (26.1%)
[Layer Freezing] Training last 4 transformer layers (layers 8-11)
[Layer Freezing] Trainable params: 28,384,555 / 108,924,715 (26.1%)
[Layer Freezing] Training last 4 transformer layers (layers 8-11)
[Layer Freezing] Trainable params: 28,384,555 / 108,924,715 (26.1%)
[Layer Freezing] Training last 4 transformer layers (layers 8-11)
[Layer Freezing] Trainable params: 28,384,555 / 108,924,715 (26.1%)
[Layer Freezing] Training last 4 transformer layers (layers 8-11)
[Layer Freezing] Trainable params: 28,384,555 / 108,924,715 (26.1%)
[Layer Freezing] Training last 4 transformer layers (layers 8-11)
[Layer Freezing] Trainable params: 28,384,555 / 108,924,715 (26.1%)
[Round 8] T=3.25  α_ce=0.85  α_kd=0.15
 Round 8 | F1 0.1617 | P 0.5531 | R 0.0947 | Time 39.3s | Comm N/A | Local Avg F1: 0.1093

=== Round 9/100 ===
[Round 9] KD=ON | policy=prev_global
[Layer Freezing] Training last 4 transformer layers (layers 8-11)
[Layer Freezing] Trainable params: 28,384,555 / 108,924,715 (26.1%)
[Layer Freezing] Training last 4 transformer layers (layers 8-11)
[Layer Freezing] Trainable params: 28,384,555 / 108,924,715 (26.1%)
[Layer Freezing] Training last 4 transformer layers (layers 8-11)
[Layer Freezing] Trainable params: 28,384,555 / 108,924,715 (26.1%)
[Layer Freezing] Training last 4 transformer layers (layers 8-11)
[Layer Freezing] Trainable params: 28,384,555 / 108,924,715 (26.1%)
[Layer Freezing] Training last 4 transformer layers (layers 8-11)
[Layer Freezing] Trainable params: 28,384,555 / 108,924,715 (26.1%)
[Layer Freezing] Training last 4 transformer layers (layers 8-11)
[Layer Freezing] Trainable params: 28,384,555 / 108,924,715 (26.1%)
[Layer Freezing] Training last 4 transformer layers (layers 8-11)
[Layer Freezing] Trainable params: 28,384,555 / 108,924,715 (26.1%)
[Layer Freezing] Training last 4 transformer layers (layers 8-11)
[Layer Freezing] Trainable params: 28,384,555 / 108,924,715 (26.1%)
[Layer Freezing] Training last 4 transformer layers (layers 8-11)
[Layer Freezing] Trainable params: 28,384,555 / 108,924,715 (26.1%)
[Layer Freezing] Training last 4 transformer layers (layers 8-11)
[Layer Freezing] Trainable params: 28,384,555 / 108,924,715 (26.1%)
[Round 9] T=3.25  α_ce=0.85  α_kd=0.15
 Round 9 | F1 0.2114 | P 0.5036 | R 0.1338 | Time 39.0s | Comm N/A | Local Avg F1: 0.1454

=== Round 10/100 ===
[Round 10] KD=ON | policy=prev_global
[Layer Freezing] Training last 4 transformer layers (layers 8-11)
[Layer Freezing] Trainable params: 28,384,555 / 108,924,715 (26.1%)
[Layer Freezing] Training last 4 transformer layers (layers 8-11)
[Layer Freezing] Trainable params: 28,384,555 / 108,924,715 (26.1%)
[Layer Freezing] Training last 4 transformer layers (layers 8-11)
[Layer Freezing] Trainable params: 28,384,555 / 108,924,715 (26.1%)
[Layer Freezing] Training last 4 transformer layers (layers 8-11)
[Layer Freezing] Trainable params: 28,384,555 / 108,924,715 (26.1%)
[Layer Freezing] Training last 4 transformer layers (layers 8-11)
[Layer Freezing] Trainable params: 28,384,555 / 108,924,715 (26.1%)
[Layer Freezing] Training last 4 transformer layers (layers 8-11)
[Layer Freezing] Trainable params: 28,384,555 / 108,924,715 (26.1%)
[Layer Freezing] Training last 4 transformer layers (layers 8-11)
[Layer Freezing] Trainable params: 28,384,555 / 108,924,715 (26.1%)
[Layer Freezing] Training last 4 transformer layers (layers 8-11)
[Layer Freezing] Trainable params: 28,384,555 / 108,924,715 (26.1%)
[Layer Freezing] Training last 4 transformer layers (layers 8-11)
[Layer Freezing] Trainable params: 28,384,555 / 108,924,715 (26.1%)
[Layer Freezing] Training last 4 transformer layers (layers 8-11)
[Layer Freezing] Trainable params: 28,384,555 / 108,924,715 (26.1%)
[Round 10] T=3.25  α_ce=0.85  α_kd=0.15
 Round 10 | F1 0.2152 | P 0.5243 | R 0.1354 | Time 39.4s | Comm N/A | Local Avg F1: 0.1630

=== Round 11/100 ===
[Round 11] KD=ON | policy=prev_global
[Layer Freezing] Training last 4 transformer layers (layers 8-11)
[Layer Freezing] Trainable params: 28,384,555 / 108,924,715 (26.1%)
[Layer Freezing] Training last 4 transformer layers (layers 8-11)
[Layer Freezing] Trainable params: 28,384,555 / 108,924,715 (26.1%)
[Layer Freezing] Training last 4 transformer layers (layers 8-11)
[Layer Freezing] Trainable params: 28,384,555 / 108,924,715 (26.1%)
[Layer Freezing] Training last 4 transformer layers (layers 8-11)
[Layer Freezing] Trainable params: 28,384,555 / 108,924,715 (26.1%)
[Layer Freezing] Training last 4 transformer layers (layers 8-11)
[Layer Freezing] Trainable params: 28,384,555 / 108,924,715 (26.1%)
[Layer Freezing] Training last 4 transformer layers (layers 8-11)
[Layer Freezing] Trainable params: 28,384,555 / 108,924,715 (26.1%)
[Layer Freezing] Training last 4 transformer layers (layers 8-11)
[Layer Freezing] Trainable params: 28,384,555 / 108,924,715 (26.1%)
[Layer Freezing] Training last 4 transformer layers (layers 8-11)
[Layer Freezing] Trainable params: 28,384,555 / 108,924,715 (26.1%)
[Layer Freezing] Training last 4 transformer layers (layers 8-11)
[Layer Freezing] Trainable params: 28,384,555 / 108,924,715 (26.1%)
[Layer Freezing] Training last 4 transformer layers (layers 8-11)
[Layer Freezing] Trainable params: 28,384,555 / 108,924,715 (26.1%)
[Round 11] T=3.25  α_ce=0.85  α_kd=0.15
 Round 11 | F1 0.2137 | P 0.5390 | R 0.1333 | Time 39.5s | Comm N/A | Local Avg F1: 0.1628

=== Round 12/100 ===
[Round 12] KD=ON | policy=prev_global
[Layer Freezing] Training last 4 transformer layers (layers 8-11)
[Layer Freezing] Trainable params: 28,384,555 / 108,924,715 (26.1%)
[Layer Freezing] Training last 4 transformer layers (layers 8-11)
[Layer Freezing] Trainable params: 28,384,555 / 108,924,715 (26.1%)
[Layer Freezing] Training last 4 transformer layers (layers 8-11)
[Layer Freezing] Trainable params: 28,384,555 / 108,924,715 (26.1%)
[Layer Freezing] Training last 4 transformer layers (layers 8-11)
[Layer Freezing] Trainable params: 28,384,555 / 108,924,715 (26.1%)
[Layer Freezing] Training last 4 transformer layers (layers 8-11)
[Layer Freezing] Trainable params: 28,384,555 / 108,924,715 (26.1%)
[Layer Freezing] Training last 4 transformer layers (layers 8-11)
[Layer Freezing] Trainable params: 28,384,555 / 108,924,715 (26.1%)
[Layer Freezing] Training last 4 transformer layers (layers 8-11)
[Layer Freezing] Trainable params: 28,384,555 / 108,924,715 (26.1%)
[Layer Freezing] Training last 4 transformer layers (layers 8-11)
[Layer Freezing] Trainable params: 28,384,555 / 108,924,715 (26.1%)
[Layer Freezing] Training last 4 transformer layers (layers 8-11)
[Layer Freezing] Trainable params: 28,384,555 / 108,924,715 (26.1%)
[Layer Freezing] Training last 4 transformer layers (layers 8-11)
[Layer Freezing] Trainable params: 28,384,555 / 108,924,715 (26.1%)
[Round 12] T=3.25  α_ce=0.85  α_kd=0.15
 Round 12 | F1 0.2696 | P 0.5037 | R 0.1841 | Time 39.4s | Comm N/A | Local Avg F1: 0.2147

=== Round 13/100 ===
[Round 13] KD=ON | policy=prev_global
[Layer Freezing] Training last 4 transformer layers (layers 8-11)
[Layer Freezing] Trainable params: 28,384,555 / 108,924,715 (26.1%)
[Layer Freezing] Training last 4 transformer layers (layers 8-11)
[Layer Freezing] Trainable params: 28,384,555 / 108,924,715 (26.1%)
[Layer Freezing] Training last 4 transformer layers (layers 8-11)
[Layer Freezing] Trainable params: 28,384,555 / 108,924,715 (26.1%)
[Layer Freezing] Training last 4 transformer layers (layers 8-11)
[Layer Freezing] Trainable params: 28,384,555 / 108,924,715 (26.1%)
[Layer Freezing] Training last 4 transformer layers (layers 8-11)
[Layer Freezing] Trainable params: 28,384,555 / 108,924,715 (26.1%)
[Layer Freezing] Training last 4 transformer layers (layers 8-11)
[Layer Freezing] Trainable params: 28,384,555 / 108,924,715 (26.1%)
[Layer Freezing] Training last 4 transformer layers (layers 8-11)
[Layer Freezing] Trainable params: 28,384,555 / 108,924,715 (26.1%)
[Layer Freezing] Training last 4 transformer layers (layers 8-11)
[Layer Freezing] Trainable params: 28,384,555 / 108,924,715 (26.1%)
[Layer Freezing] Training last 4 transformer layers (layers 8-11)
[Layer Freezing] Trainable params: 28,384,555 / 108,924,715 (26.1%)
[Layer Freezing] Training last 4 transformer layers (layers 8-11)
[Layer Freezing] Trainable params: 28,384,555 / 108,924,715 (26.1%)
[Round 13] T=3.25  α_ce=0.85  α_kd=0.15
 Round 13 | F1 0.2427 | P 0.5508 | R 0.1556 | Time 38.7s | Comm N/A | Local Avg F1: 0.1928

=== Round 14/100 ===
[Round 14] KD=ON | policy=prev_global
[Layer Freezing] Training last 4 transformer layers (layers 8-11)
[Layer Freezing] Trainable params: 28,384,555 / 108,924,715 (26.1%)
[Layer Freezing] Training last 4 transformer layers (layers 8-11)
[Layer Freezing] Trainable params: 28,384,555 / 108,924,715 (26.1%)
[Layer Freezing] Training last 4 transformer layers (layers 8-11)
[Layer Freezing] Trainable params: 28,384,555 / 108,924,715 (26.1%)
[Layer Freezing] Training last 4 transformer layers (layers 8-11)
[Layer Freezing] Trainable params: 28,384,555 / 108,924,715 (26.1%)
[Layer Freezing] Training last 4 transformer layers (layers 8-11)
[Layer Freezing] Trainable params: 28,384,555 / 108,924,715 (26.1%)
[Layer Freezing] Training last 4 transformer layers (layers 8-11)
[Layer Freezing] Trainable params: 28,384,555 / 108,924,715 (26.1%)
[Layer Freezing] Training last 4 transformer layers (layers 8-11)
[Layer Freezing] Trainable params: 28,384,555 / 108,924,715 (26.1%)
[Layer Freezing] Training last 4 transformer layers (layers 8-11)
[Layer Freezing] Trainable params: 28,384,555 / 108,924,715 (26.1%)
[Layer Freezing] Training last 4 transformer layers (layers 8-11)
[Layer Freezing] Trainable params: 28,384,555 / 108,924,715 (26.1%)
[Layer Freezing] Training last 4 transformer layers (layers 8-11)
[Layer Freezing] Trainable params: 28,384,555 / 108,924,715 (26.1%)
[Round 14] T=3.25  α_ce=0.85  α_kd=0.15
 Round 14 | F1 0.2993 | P 0.5229 | R 0.2096 | Time 39.7s | Comm N/A | Local Avg F1: 0.2392

=== Round 15/100 ===
[Round 15] KD=ON | policy=prev_global
[Layer Freezing] Training last 4 transformer layers (layers 8-11)
[Layer Freezing] Trainable params: 28,384,555 / 108,924,715 (26.1%)
[Layer Freezing] Training last 4 transformer layers (layers 8-11)
[Layer Freezing] Trainable params: 28,384,555 / 108,924,715 (26.1%)
[Layer Freezing] Training last 4 transformer layers (layers 8-11)
[Layer Freezing] Trainable params: 28,384,555 / 108,924,715 (26.1%)
[Layer Freezing] Training last 4 transformer layers (layers 8-11)
[Layer Freezing] Trainable params: 28,384,555 / 108,924,715 (26.1%)
[Layer Freezing] Training last 4 transformer layers (layers 8-11)
[Layer Freezing] Trainable params: 28,384,555 / 108,924,715 (26.1%)
[Layer Freezing] Training last 4 transformer layers (layers 8-11)
[Layer Freezing] Trainable params: 28,384,555 / 108,924,715 (26.1%)
[Layer Freezing] Training last 4 transformer layers (layers 8-11)
[Layer Freezing] Trainable params: 28,384,555 / 108,924,715 (26.1%)
[Layer Freezing] Training last 4 transformer layers (layers 8-11)
[Layer Freezing] Trainable params: 28,384,555 / 108,924,715 (26.1%)
[Layer Freezing] Training last 4 transformer layers (layers 8-11)
[Layer Freezing] Trainable params: 28,384,555 / 108,924,715 (26.1%)
[Layer Freezing] Training last 4 transformer layers (layers 8-11)
[Layer Freezing] Trainable params: 28,384,555 / 108,924,715 (26.1%)
[Round 15] T=3.25  α_ce=0.85  α_kd=0.15
 Round 15 | F1 0.2905 | P 0.5413 | R 0.1986 | Time 39.4s | Comm N/A | Local Avg F1: 0.2290

=== Round 16/100 ===
[Round 16] KD=ON | policy=prev_global
[Layer Freezing] Training last 4 transformer layers (layers 8-11)
[Layer Freezing] Trainable params: 28,384,555 / 108,924,715 (26.1%)
[Layer Freezing] Training last 4 transformer layers (layers 8-11)
[Layer Freezing] Trainable params: 28,384,555 / 108,924,715 (26.1%)
[Layer Freezing] Training last 4 transformer layers (layers 8-11)
[Layer Freezing] Trainable params: 28,384,555 / 108,924,715 (26.1%)
[Layer Freezing] Training last 4 transformer layers (layers 8-11)
[Layer Freezing] Trainable params: 28,384,555 / 108,924,715 (26.1%)
[Layer Freezing] Training last 4 transformer layers (layers 8-11)
[Layer Freezing] Trainable params: 28,384,555 / 108,924,715 (26.1%)
[Layer Freezing] Training last 4 transformer layers (layers 8-11)
[Layer Freezing] Trainable params: 28,384,555 / 108,924,715 (26.1%)
[Layer Freezing] Training last 4 transformer layers (layers 8-11)
[Layer Freezing] Trainable params: 28,384,555 / 108,924,715 (26.1%)
[Layer Freezing] Training last 4 transformer layers (layers 8-11)
[Layer Freezing] Trainable params: 28,384,555 / 108,924,715 (26.1%)
[Layer Freezing] Training last 4 transformer layers (layers 8-11)
[Layer Freezing] Trainable params: 28,384,555 / 108,924,715 (26.1%)
[Layer Freezing] Training last 4 transformer layers (layers 8-11)
[Layer Freezing] Trainable params: 28,384,555 / 108,924,715 (26.1%)
[Round 16] T=3.25  α_ce=0.85  α_kd=0.15
 Round 16 | F1 0.3306 | P 0.5254 | R 0.2412 | Time 39.4s | Comm N/A | Local Avg F1: 0.2669

=== Round 17/100 ===
[Round 17] KD=ON | policy=prev_global
[Layer Freezing] Training last 4 transformer layers (layers 8-11)
[Layer Freezing] Trainable params: 28,384,555 / 108,924,715 (26.1%)
[Layer Freezing] Training last 4 transformer layers (layers 8-11)
[Layer Freezing] Trainable params: 28,384,555 / 108,924,715 (26.1%)
[Layer Freezing] Training last 4 transformer layers (layers 8-11)
[Layer Freezing] Trainable params: 28,384,555 / 108,924,715 (26.1%)
[Layer Freezing] Training last 4 transformer layers (layers 8-11)
[Layer Freezing] Trainable params: 28,384,555 / 108,924,715 (26.1%)
[Layer Freezing] Training last 4 transformer layers (layers 8-11)
[Layer Freezing] Trainable params: 28,384,555 / 108,924,715 (26.1%)
[Layer Freezing] Training last 4 transformer layers (layers 8-11)
[Layer Freezing] Trainable params: 28,384,555 / 108,924,715 (26.1%)
[Layer Freezing] Training last 4 transformer layers (layers 8-11)
[Layer Freezing] Trainable params: 28,384,555 / 108,924,715 (26.1%)
[Layer Freezing] Training last 4 transformer layers (layers 8-11)
[Layer Freezing] Trainable params: 28,384,555 / 108,924,715 (26.1%)
[Layer Freezing] Training last 4 transformer layers (layers 8-11)
[Layer Freezing] Trainable params: 28,384,555 / 108,924,715 (26.1%)
[Layer Freezing] Training last 4 transformer layers (layers 8-11)
[Layer Freezing] Trainable params: 28,384,555 / 108,924,715 (26.1%)
[Round 17] T=3.25  α_ce=0.85  α_kd=0.15
 Round 17 | F1 0.3378 | P 0.5452 | R 0.2447 | Time 39.7s | Comm N/A | Local Avg F1: 0.2632

=== Round 18/100 ===
[Round 18] KD=ON | policy=prev_global
[Layer Freezing] Training last 4 transformer layers (layers 8-11)
[Layer Freezing] Trainable params: 28,384,555 / 108,924,715 (26.1%)
[Layer Freezing] Training last 4 transformer layers (layers 8-11)
[Layer Freezing] Trainable params: 28,384,555 / 108,924,715 (26.1%)
[Layer Freezing] Training last 4 transformer layers (layers 8-11)
[Layer Freezing] Trainable params: 28,384,555 / 108,924,715 (26.1%)
[Layer Freezing] Training last 4 transformer layers (layers 8-11)
[Layer Freezing] Trainable params: 28,384,555 / 108,924,715 (26.1%)
[Layer Freezing] Training last 4 transformer layers (layers 8-11)
[Layer Freezing] Trainable params: 28,384,555 / 108,924,715 (26.1%)
[Layer Freezing] Training last 4 transformer layers (layers 8-11)
[Layer Freezing] Trainable params: 28,384,555 / 108,924,715 (26.1%)
[Layer Freezing] Training last 4 transformer layers (layers 8-11)
[Layer Freezing] Trainable params: 28,384,555 / 108,924,715 (26.1%)
[Layer Freezing] Training last 4 transformer layers (layers 8-11)
[Layer Freezing] Trainable params: 28,384,555 / 108,924,715 (26.1%)
[Layer Freezing] Training last 4 transformer layers (layers 8-11)
[Layer Freezing] Trainable params: 28,384,555 / 108,924,715 (26.1%)
[Layer Freezing] Training last 4 transformer layers (layers 8-11)
[Layer Freezing] Trainable params: 28,384,555 / 108,924,715 (26.1%)
[Round 18] T=3.25  α_ce=0.85  α_kd=0.15
 Round 18 | F1 0.3394 | P 0.5563 | R 0.2442 | Time 39.1s | Comm N/A | Local Avg F1: 0.2698

=== Round 19/100 ===
[Round 19] KD=ON | policy=prev_global
[Layer Freezing] Training last 4 transformer layers (layers 8-11)
[Layer Freezing] Trainable params: 28,384,555 / 108,924,715 (26.1%)
[Layer Freezing] Training last 4 transformer layers (layers 8-11)
[Layer Freezing] Trainable params: 28,384,555 / 108,924,715 (26.1%)
[Layer Freezing] Training last 4 transformer layers (layers 8-11)
[Layer Freezing] Trainable params: 28,384,555 / 108,924,715 (26.1%)
[Layer Freezing] Training last 4 transformer layers (layers 8-11)
[Layer Freezing] Trainable params: 28,384,555 / 108,924,715 (26.1%)
[Layer Freezing] Training last 4 transformer layers (layers 8-11)
[Layer Freezing] Trainable params: 28,384,555 / 108,924,715 (26.1%)
[Layer Freezing] Training last 4 transformer layers (layers 8-11)
[Layer Freezing] Trainable params: 28,384,555 / 108,924,715 (26.1%)
[Layer Freezing] Training last 4 transformer layers (layers 8-11)
[Layer Freezing] Trainable params: 28,384,555 / 108,924,715 (26.1%)
[Layer Freezing] Training last 4 transformer layers (layers 8-11)
[Layer Freezing] Trainable params: 28,384,555 / 108,924,715 (26.1%)
[Layer Freezing] Training last 4 transformer layers (layers 8-11)
[Layer Freezing] Trainable params: 28,384,555 / 108,924,715 (26.1%)
[Layer Freezing] Training last 4 transformer layers (layers 8-11)
[Layer Freezing] Trainable params: 28,384,555 / 108,924,715 (26.1%)
[Round 19] T=3.25  α_ce=0.85  α_kd=0.15
 Round 19 | F1 0.3328 | P 0.5693 | R 0.2352 | Time 39.5s | Comm N/A | Local Avg F1: 0.2696

=== Round 20/100 ===
[Round 20] KD=ON | policy=prev_global
[Layer Freezing] Training last 4 transformer layers (layers 8-11)
[Layer Freezing] Trainable params: 28,384,555 / 108,924,715 (26.1%)
[Layer Freezing] Training last 4 transformer layers (layers 8-11)
[Layer Freezing] Trainable params: 28,384,555 / 108,924,715 (26.1%)
[Layer Freezing] Training last 4 transformer layers (layers 8-11)
[Layer Freezing] Trainable params: 28,384,555 / 108,924,715 (26.1%)
[Layer Freezing] Training last 4 transformer layers (layers 8-11)
[Layer Freezing] Trainable params: 28,384,555 / 108,924,715 (26.1%)
[Layer Freezing] Training last 4 transformer layers (layers 8-11)
[Layer Freezing] Trainable params: 28,384,555 / 108,924,715 (26.1%)
[Layer Freezing] Training last 4 transformer layers (layers 8-11)
[Layer Freezing] Trainable params: 28,384,555 / 108,924,715 (26.1%)
[Layer Freezing] Training last 4 transformer layers (layers 8-11)
[Layer Freezing] Trainable params: 28,384,555 / 108,924,715 (26.1%)
[Layer Freezing] Training last 4 transformer layers (layers 8-11)
[Layer Freezing] Trainable params: 28,384,555 / 108,924,715 (26.1%)
[Layer Freezing] Training last 4 transformer layers (layers 8-11)
[Layer Freezing] Trainable params: 28,384,555 / 108,924,715 (26.1%)
[Layer Freezing] Training last 4 transformer layers (layers 8-11)
[Layer Freezing] Trainable params: 28,384,555 / 108,924,715 (26.1%)
[Round 20] T=3.25  α_ce=0.85  α_kd=0.15
 Round 20 | F1 0.3634 | P 0.5511 | R 0.2711 | Time 39.4s | Comm N/A | Local Avg F1: 0.3004

=== Round 21/100 ===
[Round 21] KD=ON | policy=prev_global
[Layer Freezing] Training last 4 transformer layers (layers 8-11)
[Layer Freezing] Trainable params: 28,384,555 / 108,924,715 (26.1%)
[Layer Freezing] Training last 4 transformer layers (layers 8-11)
[Layer Freezing] Trainable params: 28,384,555 / 108,924,715 (26.1%)
[Layer Freezing] Training last 4 transformer layers (layers 8-11)
[Layer Freezing] Trainable params: 28,384,555 / 108,924,715 (26.1%)
[Layer Freezing] Training last 4 transformer layers (layers 8-11)
[Layer Freezing] Trainable params: 28,384,555 / 108,924,715 (26.1%)
[Layer Freezing] Training last 4 transformer layers (layers 8-11)
[Layer Freezing] Trainable params: 28,384,555 / 108,924,715 (26.1%)
[Layer Freezing] Training last 4 transformer layers (layers 8-11)
[Layer Freezing] Trainable params: 28,384,555 / 108,924,715 (26.1%)
[Layer Freezing] Training last 4 transformer layers (layers 8-11)
[Layer Freezing] Trainable params: 28,384,555 / 108,924,715 (26.1%)
[Layer Freezing] Training last 4 transformer layers (layers 8-11)
[Layer Freezing] Trainable params: 28,384,555 / 108,924,715 (26.1%)
[Layer Freezing] Training last 4 transformer layers (layers 8-11)
[Layer Freezing] Trainable params: 28,384,555 / 108,924,715 (26.1%)
[Layer Freezing] Training last 4 transformer layers (layers 8-11)
[Layer Freezing] Trainable params: 28,384,555 / 108,924,715 (26.1%)
[Round 21] T=3.25  α_ce=0.85  α_kd=0.15
 Round 21 | F1 0.3642 | P 0.5703 | R 0.2675 | Time 39.4s | Comm N/A | Local Avg F1: 0.2973

=== Round 22/100 ===
[Round 22] KD=ON | policy=prev_global
[Layer Freezing] Training last 4 transformer layers (layers 8-11)
[Layer Freezing] Trainable params: 28,384,555 / 108,924,715 (26.1%)
[Layer Freezing] Training last 4 transformer layers (layers 8-11)
[Layer Freezing] Trainable params: 28,384,555 / 108,924,715 (26.1%)
[Layer Freezing] Training last 4 transformer layers (layers 8-11)
[Layer Freezing] Trainable params: 28,384,555 / 108,924,715 (26.1%)
[Layer Freezing] Training last 4 transformer layers (layers 8-11)
[Layer Freezing] Trainable params: 28,384,555 / 108,924,715 (26.1%)
[Layer Freezing] Training last 4 transformer layers (layers 8-11)
[Layer Freezing] Trainable params: 28,384,555 / 108,924,715 (26.1%)
[Layer Freezing] Training last 4 transformer layers (layers 8-11)
[Layer Freezing] Trainable params: 28,384,555 / 108,924,715 (26.1%)
[Layer Freezing] Training last 4 transformer layers (layers 8-11)
[Layer Freezing] Trainable params: 28,384,555 / 108,924,715 (26.1%)
[Layer Freezing] Training last 4 transformer layers (layers 8-11)
[Layer Freezing] Trainable params: 28,384,555 / 108,924,715 (26.1%)
[Layer Freezing] Training last 4 transformer layers (layers 8-11)
[Layer Freezing] Trainable params: 28,384,555 / 108,924,715 (26.1%)
[Layer Freezing] Training last 4 transformer layers (layers 8-11)
[Layer Freezing] Trainable params: 28,384,555 / 108,924,715 (26.1%)
[Round 22] T=3.25  α_ce=0.85  α_kd=0.15
 Round 22 | F1 0.3960 | P 0.5476 | R 0.3102 | Time 39.2s | Comm N/A | Local Avg F1: 0.3203

=== Round 23/100 ===
[Round 23] KD=ON | policy=prev_global
[Layer Freezing] Training last 4 transformer layers (layers 8-11)
[Layer Freezing] Trainable params: 28,384,555 / 108,924,715 (26.1%)
[Layer Freezing] Training last 4 transformer layers (layers 8-11)
[Layer Freezing] Trainable params: 28,384,555 / 108,924,715 (26.1%)
[Layer Freezing] Training last 4 transformer layers (layers 8-11)
[Layer Freezing] Trainable params: 28,384,555 / 108,924,715 (26.1%)
[Layer Freezing] Training last 4 transformer layers (layers 8-11)
[Layer Freezing] Trainable params: 28,384,555 / 108,924,715 (26.1%)
[Layer Freezing] Training last 4 transformer layers (layers 8-11)
[Layer Freezing] Trainable params: 28,384,555 / 108,924,715 (26.1%)
[Layer Freezing] Training last 4 transformer layers (layers 8-11)
[Layer Freezing] Trainable params: 28,384,555 / 108,924,715 (26.1%)
[Layer Freezing] Training last 4 transformer layers (layers 8-11)
[Layer Freezing] Trainable params: 28,384,555 / 108,924,715 (26.1%)
[Layer Freezing] Training last 4 transformer layers (layers 8-11)
[Layer Freezing] Trainable params: 28,384,555 / 108,924,715 (26.1%)
[Layer Freezing] Training last 4 transformer layers (layers 8-11)
[Layer Freezing] Trainable params: 28,384,555 / 108,924,715 (26.1%)
[Layer Freezing] Training last 4 transformer layers (layers 8-11)
[Layer Freezing] Trainable params: 28,384,555 / 108,924,715 (26.1%)
[Round 23] T=3.25  α_ce=0.85  α_kd=0.15
 Round 23 | F1 0.3701 | P 0.5750 | R 0.2729 | Time 39.4s | Comm N/A | Local Avg F1: 0.3107

=== Round 24/100 ===
[Round 24] KD=ON | policy=prev_global
[Layer Freezing] Training last 4 transformer layers (layers 8-11)
[Layer Freezing] Trainable params: 28,384,555 / 108,924,715 (26.1%)
[Layer Freezing] Training last 4 transformer layers (layers 8-11)
[Layer Freezing] Trainable params: 28,384,555 / 108,924,715 (26.1%)
[Layer Freezing] Training last 4 transformer layers (layers 8-11)
[Layer Freezing] Trainable params: 28,384,555 / 108,924,715 (26.1%)
[Layer Freezing] Training last 4 transformer layers (layers 8-11)
[Layer Freezing] Trainable params: 28,384,555 / 108,924,715 (26.1%)
[Layer Freezing] Training last 4 transformer layers (layers 8-11)
[Layer Freezing] Trainable params: 28,384,555 / 108,924,715 (26.1%)
[Layer Freezing] Training last 4 transformer layers (layers 8-11)
[Layer Freezing] Trainable params: 28,384,555 / 108,924,715 (26.1%)
[Layer Freezing] Training last 4 transformer layers (layers 8-11)
[Layer Freezing] Trainable params: 28,384,555 / 108,924,715 (26.1%)
[Layer Freezing] Training last 4 transformer layers (layers 8-11)
[Layer Freezing] Trainable params: 28,384,555 / 108,924,715 (26.1%)
[Layer Freezing] Training last 4 transformer layers (layers 8-11)
[Layer Freezing] Trainable params: 28,384,555 / 108,924,715 (26.1%)
[Layer Freezing] Training last 4 transformer layers (layers 8-11)
[Layer Freezing] Trainable params: 28,384,555 / 108,924,715 (26.1%)
[Round 24] T=3.25  α_ce=0.85  α_kd=0.15
 Round 24 | F1 0.3958 | P 0.5598 | R 0.3062 | Time 39.6s | Comm N/A | Local Avg F1: 0.3261

=== Round 25/100 ===
[Round 25] KD=ON | policy=prev_global
[Layer Freezing] Training last 4 transformer layers (layers 8-11)
[Layer Freezing] Trainable params: 28,384,555 / 108,924,715 (26.1%)
[Layer Freezing] Training last 4 transformer layers (layers 8-11)
[Layer Freezing] Trainable params: 28,384,555 / 108,924,715 (26.1%)
[Layer Freezing] Training last 4 transformer layers (layers 8-11)
[Layer Freezing] Trainable params: 28,384,555 / 108,924,715 (26.1%)
[Layer Freezing] Training last 4 transformer layers (layers 8-11)
[Layer Freezing] Trainable params: 28,384,555 / 108,924,715 (26.1%)
[Layer Freezing] Training last 4 transformer layers (layers 8-11)
[Layer Freezing] Trainable params: 28,384,555 / 108,924,715 (26.1%)
[Layer Freezing] Training last 4 transformer layers (layers 8-11)
[Layer Freezing] Trainable params: 28,384,555 / 108,924,715 (26.1%)
[Layer Freezing] Training last 4 transformer layers (layers 8-11)
[Layer Freezing] Trainable params: 28,384,555 / 108,924,715 (26.1%)
[Layer Freezing] Training last 4 transformer layers (layers 8-11)
[Layer Freezing] Trainable params: 28,384,555 / 108,924,715 (26.1%)
[Layer Freezing] Training last 4 transformer layers (layers 8-11)
[Layer Freezing] Trainable params: 28,384,555 / 108,924,715 (26.1%)
[Layer Freezing] Training last 4 transformer layers (layers 8-11)
[Layer Freezing] Trainable params: 28,384,555 / 108,924,715 (26.1%)
[Round 25] T=3.25  α_ce=0.85  α_kd=0.15
 Round 25 | F1 0.4079 | P 0.5521 | R 0.3234 | Time 39.2s | Comm N/A | Local Avg F1: 0.3436

=== Round 26/100 ===
[Round 26] KD=ON | policy=prev_global
[Layer Freezing] Training last 4 transformer layers (layers 8-11)
[Layer Freezing] Trainable params: 28,384,555 / 108,924,715 (26.1%)
[Layer Freezing] Training last 4 transformer layers (layers 8-11)
[Layer Freezing] Trainable params: 28,384,555 / 108,924,715 (26.1%)
[Layer Freezing] Training last 4 transformer layers (layers 8-11)
[Layer Freezing] Trainable params: 28,384,555 / 108,924,715 (26.1%)
[Layer Freezing] Training last 4 transformer layers (layers 8-11)
[Layer Freezing] Trainable params: 28,384,555 / 108,924,715 (26.1%)
[Layer Freezing] Training last 4 transformer layers (layers 8-11)
[Layer Freezing] Trainable params: 28,384,555 / 108,924,715 (26.1%)
[Layer Freezing] Training last 4 transformer layers (layers 8-11)
[Layer Freezing] Trainable params: 28,384,555 / 108,924,715 (26.1%)
[Layer Freezing] Training last 4 transformer layers (layers 8-11)
[Layer Freezing] Trainable params: 28,384,555 / 108,924,715 (26.1%)
[Layer Freezing] Training last 4 transformer layers (layers 8-11)
[Layer Freezing] Trainable params: 28,384,555 / 108,924,715 (26.1%)
[Layer Freezing] Training last 4 transformer layers (layers 8-11)
[Layer Freezing] Trainable params: 28,384,555 / 108,924,715 (26.1%)
[Layer Freezing] Training last 4 transformer layers (layers 8-11)
[Layer Freezing] Trainable params: 28,384,555 / 108,924,715 (26.1%)
[Round 26] T=3.25  α_ce=0.85  α_kd=0.15
 Round 26 | F1 0.3753 | P 0.5896 | R 0.2753 | Time 39.4s | Comm N/A | Local Avg F1: 0.3271

=== Round 27/100 ===
[Round 27] KD=ON | policy=prev_global
[Layer Freezing] Training last 4 transformer layers (layers 8-11)
[Layer Freezing] Trainable params: 28,384,555 / 108,924,715 (26.1%)
[Layer Freezing] Training last 4 transformer layers (layers 8-11)
[Layer Freezing] Trainable params: 28,384,555 / 108,924,715 (26.1%)
[Layer Freezing] Training last 4 transformer layers (layers 8-11)
[Layer Freezing] Trainable params: 28,384,555 / 108,924,715 (26.1%)
[Layer Freezing] Training last 4 transformer layers (layers 8-11)
[Layer Freezing] Trainable params: 28,384,555 / 108,924,715 (26.1%)
[Layer Freezing] Training last 4 transformer layers (layers 8-11)
[Layer Freezing] Trainable params: 28,384,555 / 108,924,715 (26.1%)
[Layer Freezing] Training last 4 transformer layers (layers 8-11)
[Layer Freezing] Trainable params: 28,384,555 / 108,924,715 (26.1%)
[Layer Freezing] Training last 4 transformer layers (layers 8-11)
[Layer Freezing] Trainable params: 28,384,555 / 108,924,715 (26.1%)
[Layer Freezing] Training last 4 transformer layers (layers 8-11)
[Layer Freezing] Trainable params: 28,384,555 / 108,924,715 (26.1%)
[Layer Freezing] Training last 4 transformer layers (layers 8-11)
[Layer Freezing] Trainable params: 28,384,555 / 108,924,715 (26.1%)
[Layer Freezing] Training last 4 transformer layers (layers 8-11)
[Layer Freezing] Trainable params: 28,384,555 / 108,924,715 (26.1%)
[Round 27] T=3.25  α_ce=0.85  α_kd=0.15
 Round 27 | F1 0.4002 | P 0.5868 | R 0.3037 | Time 38.8s | Comm N/A | Local Avg F1: 0.3367

=== Round 28/100 ===
[Round 28] KD=ON | policy=prev_global
[Layer Freezing] Training last 4 transformer layers (layers 8-11)
[Layer Freezing] Trainable params: 28,384,555 / 108,924,715 (26.1%)
[Layer Freezing] Training last 4 transformer layers (layers 8-11)
[Layer Freezing] Trainable params: 28,384,555 / 108,924,715 (26.1%)
[Layer Freezing] Training last 4 transformer layers (layers 8-11)
[Layer Freezing] Trainable params: 28,384,555 / 108,924,715 (26.1%)
[Layer Freezing] Training last 4 transformer layers (layers 8-11)
[Layer Freezing] Trainable params: 28,384,555 / 108,924,715 (26.1%)
[Layer Freezing] Training last 4 transformer layers (layers 8-11)
[Layer Freezing] Trainable params: 28,384,555 / 108,924,715 (26.1%)
[Layer Freezing] Training last 4 transformer layers (layers 8-11)
[Layer Freezing] Trainable params: 28,384,555 / 108,924,715 (26.1%)
[Layer Freezing] Training last 4 transformer layers (layers 8-11)
[Layer Freezing] Trainable params: 28,384,555 / 108,924,715 (26.1%)
[Layer Freezing] Training last 4 transformer layers (layers 8-11)
[Layer Freezing] Trainable params: 28,384,555 / 108,924,715 (26.1%)
[Layer Freezing] Training last 4 transformer layers (layers 8-11)
[Layer Freezing] Trainable params: 28,384,555 / 108,924,715 (26.1%)
[Layer Freezing] Training last 4 transformer layers (layers 8-11)
[Layer Freezing] Trainable params: 28,384,555 / 108,924,715 (26.1%)
[Round 28] T=3.25  α_ce=0.85  α_kd=0.15
 Round 28 | F1 0.4007 | P 0.5875 | R 0.3041 | Time 39.7s | Comm N/A | Local Avg F1: 0.3438

=== Round 29/100 ===
[Round 29] KD=ON | policy=prev_global
[Layer Freezing] Training last 4 transformer layers (layers 8-11)
[Layer Freezing] Trainable params: 28,384,555 / 108,924,715 (26.1%)
[Layer Freezing] Training last 4 transformer layers (layers 8-11)
[Layer Freezing] Trainable params: 28,384,555 / 108,924,715 (26.1%)
[Layer Freezing] Training last 4 transformer layers (layers 8-11)
[Layer Freezing] Trainable params: 28,384,555 / 108,924,715 (26.1%)
[Layer Freezing] Training last 4 transformer layers (layers 8-11)
[Layer Freezing] Trainable params: 28,384,555 / 108,924,715 (26.1%)
[Layer Freezing] Training last 4 transformer layers (layers 8-11)
[Layer Freezing] Trainable params: 28,384,555 / 108,924,715 (26.1%)
[Layer Freezing] Training last 4 transformer layers (layers 8-11)
[Layer Freezing] Trainable params: 28,384,555 / 108,924,715 (26.1%)
[Layer Freezing] Training last 4 transformer layers (layers 8-11)
[Layer Freezing] Trainable params: 28,384,555 / 108,924,715 (26.1%)
[Layer Freezing] Training last 4 transformer layers (layers 8-11)
[Layer Freezing] Trainable params: 28,384,555 / 108,924,715 (26.1%)
[Layer Freezing] Training last 4 transformer layers (layers 8-11)
[Layer Freezing] Trainable params: 28,384,555 / 108,924,715 (26.1%)
[Layer Freezing] Training last 4 transformer layers (layers 8-11)
[Layer Freezing] Trainable params: 28,384,555 / 108,924,715 (26.1%)
[Round 29] T=3.25  α_ce=0.85  α_kd=0.15
 Round 29 | F1 0.4190 | P 0.5856 | R 0.3262 | Time 39.0s | Comm N/A | Local Avg F1: 0.3492

=== Round 30/100 ===
[Round 30] KD=ON | policy=prev_global
[Layer Freezing] Training last 4 transformer layers (layers 8-11)
[Layer Freezing] Trainable params: 28,384,555 / 108,924,715 (26.1%)
[Layer Freezing] Training last 4 transformer layers (layers 8-11)
[Layer Freezing] Trainable params: 28,384,555 / 108,924,715 (26.1%)
[Layer Freezing] Training last 4 transformer layers (layers 8-11)
[Layer Freezing] Trainable params: 28,384,555 / 108,924,715 (26.1%)
[Layer Freezing] Training last 4 transformer layers (layers 8-11)
[Layer Freezing] Trainable params: 28,384,555 / 108,924,715 (26.1%)
[Layer Freezing] Training last 4 transformer layers (layers 8-11)
[Layer Freezing] Trainable params: 28,384,555 / 108,924,715 (26.1%)
[Layer Freezing] Training last 4 transformer layers (layers 8-11)
[Layer Freezing] Trainable params: 28,384,555 / 108,924,715 (26.1%)
[Layer Freezing] Training last 4 transformer layers (layers 8-11)
[Layer Freezing] Trainable params: 28,384,555 / 108,924,715 (26.1%)
[Layer Freezing] Training last 4 transformer layers (layers 8-11)
[Layer Freezing] Trainable params: 28,384,555 / 108,924,715 (26.1%)
[Layer Freezing] Training last 4 transformer layers (layers 8-11)
[Layer Freezing] Trainable params: 28,384,555 / 108,924,715 (26.1%)
[Layer Freezing] Training last 4 transformer layers (layers 8-11)
[Layer Freezing] Trainable params: 28,384,555 / 108,924,715 (26.1%)
[Round 30] T=3.25  α_ce=0.85  α_kd=0.15
 Round 30 | F1 0.4237 | P 0.5863 | R 0.3317 | Time 39.0s | Comm N/A | Local Avg F1: 0.3520

=== Round 31/100 ===
[Round 31] KD=ON | policy=prev_global
[Layer Freezing] Training last 4 transformer layers (layers 8-11)
[Layer Freezing] Trainable params: 28,384,555 / 108,924,715 (26.1%)
[Layer Freezing] Training last 4 transformer layers (layers 8-11)
[Layer Freezing] Trainable params: 28,384,555 / 108,924,715 (26.1%)
[Layer Freezing] Training last 4 transformer layers (layers 8-11)
[Layer Freezing] Trainable params: 28,384,555 / 108,924,715 (26.1%)
[Layer Freezing] Training last 4 transformer layers (layers 8-11)
[Layer Freezing] Trainable params: 28,384,555 / 108,924,715 (26.1%)
[Layer Freezing] Training last 4 transformer layers (layers 8-11)
[Layer Freezing] Trainable params: 28,384,555 / 108,924,715 (26.1%)
[Layer Freezing] Training last 4 transformer layers (layers 8-11)
[Layer Freezing] Trainable params: 28,384,555 / 108,924,715 (26.1%)
[Layer Freezing] Training last 4 transformer layers (layers 8-11)
[Layer Freezing] Trainable params: 28,384,555 / 108,924,715 (26.1%)
[Layer Freezing] Training last 4 transformer layers (layers 8-11)
[Layer Freezing] Trainable params: 28,384,555 / 108,924,715 (26.1%)
[Layer Freezing] Training last 4 transformer layers (layers 8-11)
[Layer Freezing] Trainable params: 28,384,555 / 108,924,715 (26.1%)
[Layer Freezing] Training last 4 transformer layers (layers 8-11)
[Layer Freezing] Trainable params: 28,384,555 / 108,924,715 (26.1%)
[Round 31] T=3.25  α_ce=0.85  α_kd=0.15
 Round 31 | F1 0.4204 | P 0.5884 | R 0.3271 | Time 39.4s | Comm N/A | Local Avg F1: 0.3589

=== Round 32/100 ===
[Round 32] KD=ON | policy=prev_global
[Layer Freezing] Training last 4 transformer layers (layers 8-11)
[Layer Freezing] Trainable params: 28,384,555 / 108,924,715 (26.1%)
[Layer Freezing] Training last 4 transformer layers (layers 8-11)
[Layer Freezing] Trainable params: 28,384,555 / 108,924,715 (26.1%)
[Layer Freezing] Training last 4 transformer layers (layers 8-11)
[Layer Freezing] Trainable params: 28,384,555 / 108,924,715 (26.1%)
[Layer Freezing] Training last 4 transformer layers (layers 8-11)
[Layer Freezing] Trainable params: 28,384,555 / 108,924,715 (26.1%)
[Layer Freezing] Training last 4 transformer layers (layers 8-11)
[Layer Freezing] Trainable params: 28,384,555 / 108,924,715 (26.1%)
[Layer Freezing] Training last 4 transformer layers (layers 8-11)
[Layer Freezing] Trainable params: 28,384,555 / 108,924,715 (26.1%)
[Layer Freezing] Training last 4 transformer layers (layers 8-11)
[Layer Freezing] Trainable params: 28,384,555 / 108,924,715 (26.1%)
[Layer Freezing] Training last 4 transformer layers (layers 8-11)
[Layer Freezing] Trainable params: 28,384,555 / 108,924,715 (26.1%)
[Layer Freezing] Training last 4 transformer layers (layers 8-11)
[Layer Freezing] Trainable params: 28,384,555 / 108,924,715 (26.1%)
[Layer Freezing] Training last 4 transformer layers (layers 8-11)
[Layer Freezing] Trainable params: 28,384,555 / 108,924,715 (26.1%)
[Round 32] T=3.25  α_ce=0.85  α_kd=0.15
 Round 32 | F1 0.4227 | P 0.5925 | R 0.3285 | Time 39.9s | Comm N/A | Local Avg F1: 0.3559

=== Round 33/100 ===
[Round 33] KD=ON | policy=prev_global
[Layer Freezing] Training last 4 transformer layers (layers 8-11)
[Layer Freezing] Trainable params: 28,384,555 / 108,924,715 (26.1%)
[Layer Freezing] Training last 4 transformer layers (layers 8-11)
[Layer Freezing] Trainable params: 28,384,555 / 108,924,715 (26.1%)
[Layer Freezing] Training last 4 transformer layers (layers 8-11)
[Layer Freezing] Trainable params: 28,384,555 / 108,924,715 (26.1%)
[Layer Freezing] Training last 4 transformer layers (layers 8-11)
[Layer Freezing] Trainable params: 28,384,555 / 108,924,715 (26.1%)
[Layer Freezing] Training last 4 transformer layers (layers 8-11)
[Layer Freezing] Trainable params: 28,384,555 / 108,924,715 (26.1%)
[Layer Freezing] Training last 4 transformer layers (layers 8-11)
[Layer Freezing] Trainable params: 28,384,555 / 108,924,715 (26.1%)
[Layer Freezing] Training last 4 transformer layers (layers 8-11)
[Layer Freezing] Trainable params: 28,384,555 / 108,924,715 (26.1%)
[Layer Freezing] Training last 4 transformer layers (layers 8-11)
[Layer Freezing] Trainable params: 28,384,555 / 108,924,715 (26.1%)
[Layer Freezing] Training last 4 transformer layers (layers 8-11)
[Layer Freezing] Trainable params: 28,384,555 / 108,924,715 (26.1%)
[Layer Freezing] Training last 4 transformer layers (layers 8-11)
[Layer Freezing] Trainable params: 28,384,555 / 108,924,715 (26.1%)
[Round 33] T=3.25  α_ce=0.85  α_kd=0.15
 Round 33 | F1 0.4285 | P 0.5898 | R 0.3365 | Time 39.2s | Comm N/A | Local Avg F1: 0.3650

=== Round 34/100 ===
[Round 34] KD=ON | policy=prev_global
[Layer Freezing] Training last 4 transformer layers (layers 8-11)
[Layer Freezing] Trainable params: 28,384,555 / 108,924,715 (26.1%)
[Layer Freezing] Training last 4 transformer layers (layers 8-11)
[Layer Freezing] Trainable params: 28,384,555 / 108,924,715 (26.1%)
[Layer Freezing] Training last 4 transformer layers (layers 8-11)
[Layer Freezing] Trainable params: 28,384,555 / 108,924,715 (26.1%)
[Layer Freezing] Training last 4 transformer layers (layers 8-11)
[Layer Freezing] Trainable params: 28,384,555 / 108,924,715 (26.1%)
[Layer Freezing] Training last 4 transformer layers (layers 8-11)
[Layer Freezing] Trainable params: 28,384,555 / 108,924,715 (26.1%)
[Layer Freezing] Training last 4 transformer layers (layers 8-11)
[Layer Freezing] Trainable params: 28,384,555 / 108,924,715 (26.1%)
[Layer Freezing] Training last 4 transformer layers (layers 8-11)
[Layer Freezing] Trainable params: 28,384,555 / 108,924,715 (26.1%)
[Layer Freezing] Training last 4 transformer layers (layers 8-11)
[Layer Freezing] Trainable params: 28,384,555 / 108,924,715 (26.1%)
[Layer Freezing] Training last 4 transformer layers (layers 8-11)
[Layer Freezing] Trainable params: 28,384,555 / 108,924,715 (26.1%)
[Layer Freezing] Training last 4 transformer layers (layers 8-11)
[Layer Freezing] Trainable params: 28,384,555 / 108,924,715 (26.1%)
[Round 34] T=3.25  α_ce=0.85  α_kd=0.15
 Round 34 | F1 0.4501 | P 0.5783 | R 0.3684 | Time 39.3s | Comm N/A | Local Avg F1: 0.3799

=== Round 35/100 ===
[Round 35] KD=ON | policy=prev_global
[Layer Freezing] Training last 4 transformer layers (layers 8-11)
[Layer Freezing] Trainable params: 28,384,555 / 108,924,715 (26.1%)
[Layer Freezing] Training last 4 transformer layers (layers 8-11)
[Layer Freezing] Trainable params: 28,384,555 / 108,924,715 (26.1%)
[Layer Freezing] Training last 4 transformer layers (layers 8-11)
[Layer Freezing] Trainable params: 28,384,555 / 108,924,715 (26.1%)
[Layer Freezing] Training last 4 transformer layers (layers 8-11)
[Layer Freezing] Trainable params: 28,384,555 / 108,924,715 (26.1%)
[Layer Freezing] Training last 4 transformer layers (layers 8-11)
[Layer Freezing] Trainable params: 28,384,555 / 108,924,715 (26.1%)
[Layer Freezing] Training last 4 transformer layers (layers 8-11)
[Layer Freezing] Trainable params: 28,384,555 / 108,924,715 (26.1%)
[Layer Freezing] Training last 4 transformer layers (layers 8-11)
[Layer Freezing] Trainable params: 28,384,555 / 108,924,715 (26.1%)
[Layer Freezing] Training last 4 transformer layers (layers 8-11)
[Layer Freezing] Trainable params: 28,384,555 / 108,924,715 (26.1%)
[Layer Freezing] Training last 4 transformer layers (layers 8-11)
[Layer Freezing] Trainable params: 28,384,555 / 108,924,715 (26.1%)
[Layer Freezing] Training last 4 transformer layers (layers 8-11)
[Layer Freezing] Trainable params: 28,384,555 / 108,924,715 (26.1%)
[Round 35] T=3.25  α_ce=0.85  α_kd=0.15
 Round 35 | F1 0.4421 | P 0.5939 | R 0.3521 | Time 39.1s | Comm N/A | Local Avg F1: 0.3742

=== Round 36/100 ===
[Round 36] KD=ON | policy=prev_global
[Layer Freezing] Training last 4 transformer layers (layers 8-11)
[Layer Freezing] Trainable params: 28,384,555 / 108,924,715 (26.1%)
[Layer Freezing] Training last 4 transformer layers (layers 8-11)
[Layer Freezing] Trainable params: 28,384,555 / 108,924,715 (26.1%)
[Layer Freezing] Training last 4 transformer layers (layers 8-11)
[Layer Freezing] Trainable params: 28,384,555 / 108,924,715 (26.1%)
[Layer Freezing] Training last 4 transformer layers (layers 8-11)
[Layer Freezing] Trainable params: 28,384,555 / 108,924,715 (26.1%)
[Layer Freezing] Training last 4 transformer layers (layers 8-11)
[Layer Freezing] Trainable params: 28,384,555 / 108,924,715 (26.1%)
[Layer Freezing] Training last 4 transformer layers (layers 8-11)
[Layer Freezing] Trainable params: 28,384,555 / 108,924,715 (26.1%)
[Layer Freezing] Training last 4 transformer layers (layers 8-11)
[Layer Freezing] Trainable params: 28,384,555 / 108,924,715 (26.1%)
[Layer Freezing] Training last 4 transformer layers (layers 8-11)
[Layer Freezing] Trainable params: 28,384,555 / 108,924,715 (26.1%)
[Layer Freezing] Training last 4 transformer layers (layers 8-11)
[Layer Freezing] Trainable params: 28,384,555 / 108,924,715 (26.1%)
[Layer Freezing] Training last 4 transformer layers (layers 8-11)
[Layer Freezing] Trainable params: 28,384,555 / 108,924,715 (26.1%)
[Round 36] T=3.25  α_ce=0.85  α_kd=0.15
 Round 36 | F1 0.4512 | P 0.5925 | R 0.3643 | Time 38.7s | Comm N/A | Local Avg F1: 0.3851

=== Round 37/100 ===
[Round 37] KD=ON | policy=prev_global
[Layer Freezing] Training last 4 transformer layers (layers 8-11)
[Layer Freezing] Trainable params: 28,384,555 / 108,924,715 (26.1%)
[Layer Freezing] Training last 4 transformer layers (layers 8-11)
[Layer Freezing] Trainable params: 28,384,555 / 108,924,715 (26.1%)
[Layer Freezing] Training last 4 transformer layers (layers 8-11)
[Layer Freezing] Trainable params: 28,384,555 / 108,924,715 (26.1%)
[Layer Freezing] Training last 4 transformer layers (layers 8-11)
[Layer Freezing] Trainable params: 28,384,555 / 108,924,715 (26.1%)
[Layer Freezing] Training last 4 transformer layers (layers 8-11)
[Layer Freezing] Trainable params: 28,384,555 / 108,924,715 (26.1%)
[Layer Freezing] Training last 4 transformer layers (layers 8-11)
[Layer Freezing] Trainable params: 28,384,555 / 108,924,715 (26.1%)
[Layer Freezing] Training last 4 transformer layers (layers 8-11)
[Layer Freezing] Trainable params: 28,384,555 / 108,924,715 (26.1%)
[Layer Freezing] Training last 4 transformer layers (layers 8-11)
[Layer Freezing] Trainable params: 28,384,555 / 108,924,715 (26.1%)
[Layer Freezing] Training last 4 transformer layers (layers 8-11)
[Layer Freezing] Trainable params: 28,384,555 / 108,924,715 (26.1%)
[Layer Freezing] Training last 4 transformer layers (layers 8-11)
[Layer Freezing] Trainable params: 28,384,555 / 108,924,715 (26.1%)
[Round 37] T=3.25  α_ce=0.85  α_kd=0.15
 Round 37 | F1 0.4450 | P 0.6006 | R 0.3534 | Time 39.0s | Comm N/A | Local Avg F1: 0.3826

=== Round 38/100 ===
[Round 38] KD=ON | policy=prev_global
[Layer Freezing] Training last 4 transformer layers (layers 8-11)
[Layer Freezing] Trainable params: 28,384,555 / 108,924,715 (26.1%)
[Layer Freezing] Training last 4 transformer layers (layers 8-11)
[Layer Freezing] Trainable params: 28,384,555 / 108,924,715 (26.1%)
[Layer Freezing] Training last 4 transformer layers (layers 8-11)
[Layer Freezing] Trainable params: 28,384,555 / 108,924,715 (26.1%)
[Layer Freezing] Training last 4 transformer layers (layers 8-11)
[Layer Freezing] Trainable params: 28,384,555 / 108,924,715 (26.1%)
[Layer Freezing] Training last 4 transformer layers (layers 8-11)
[Layer Freezing] Trainable params: 28,384,555 / 108,924,715 (26.1%)
[Layer Freezing] Training last 4 transformer layers (layers 8-11)
[Layer Freezing] Trainable params: 28,384,555 / 108,924,715 (26.1%)
[Layer Freezing] Training last 4 transformer layers (layers 8-11)
[Layer Freezing] Trainable params: 28,384,555 / 108,924,715 (26.1%)
[Layer Freezing] Training last 4 transformer layers (layers 8-11)
[Layer Freezing] Trainable params: 28,384,555 / 108,924,715 (26.1%)
[Layer Freezing] Training last 4 transformer layers (layers 8-11)
[Layer Freezing] Trainable params: 28,384,555 / 108,924,715 (26.1%)
[Layer Freezing] Training last 4 transformer layers (layers 8-11)
[Layer Freezing] Trainable params: 28,384,555 / 108,924,715 (26.1%)
[Round 38] T=3.25  α_ce=0.85  α_kd=0.15
 Round 38 | F1 0.4496 | P 0.5992 | R 0.3597 | Time 39.0s | Comm N/A | Local Avg F1: 0.3836

=== Round 39/100 ===
[Round 39] KD=ON | policy=prev_global
[Layer Freezing] Training last 4 transformer layers (layers 8-11)
[Layer Freezing] Trainable params: 28,384,555 / 108,924,715 (26.1%)
[Layer Freezing] Training last 4 transformer layers (layers 8-11)
[Layer Freezing] Trainable params: 28,384,555 / 108,924,715 (26.1%)
[Layer Freezing] Training last 4 transformer layers (layers 8-11)
[Layer Freezing] Trainable params: 28,384,555 / 108,924,715 (26.1%)
[Layer Freezing] Training last 4 transformer layers (layers 8-11)
[Layer Freezing] Trainable params: 28,384,555 / 108,924,715 (26.1%)
[Layer Freezing] Training last 4 transformer layers (layers 8-11)
[Layer Freezing] Trainable params: 28,384,555 / 108,924,715 (26.1%)
[Layer Freezing] Training last 4 transformer layers (layers 8-11)
[Layer Freezing] Trainable params: 28,384,555 / 108,924,715 (26.1%)
[Layer Freezing] Training last 4 transformer layers (layers 8-11)
[Layer Freezing] Trainable params: 28,384,555 / 108,924,715 (26.1%)
[Layer Freezing] Training last 4 transformer layers (layers 8-11)
[Layer Freezing] Trainable params: 28,384,555 / 108,924,715 (26.1%)
[Layer Freezing] Training last 4 transformer layers (layers 8-11)
[Layer Freezing] Trainable params: 28,384,555 / 108,924,715 (26.1%)
[Layer Freezing] Training last 4 transformer layers (layers 8-11)
[Layer Freezing] Trainable params: 28,384,555 / 108,924,715 (26.1%)
[Round 39] T=3.25  α_ce=0.85  α_kd=0.15
 Round 39 | F1 0.4648 | P 0.5950 | R 0.3813 | Time 39.2s | Comm N/A | Local Avg F1: 0.4003

=== Round 40/100 ===
[Round 40] KD=ON | policy=prev_global
[Layer Freezing] Training last 4 transformer layers (layers 8-11)
[Layer Freezing] Trainable params: 28,384,555 / 108,924,715 (26.1%)
[Layer Freezing] Training last 4 transformer layers (layers 8-11)
[Layer Freezing] Trainable params: 28,384,555 / 108,924,715 (26.1%)
[Layer Freezing] Training last 4 transformer layers (layers 8-11)
[Layer Freezing] Trainable params: 28,384,555 / 108,924,715 (26.1%)
[Layer Freezing] Training last 4 transformer layers (layers 8-11)
[Layer Freezing] Trainable params: 28,384,555 / 108,924,715 (26.1%)
[Layer Freezing] Training last 4 transformer layers (layers 8-11)
[Layer Freezing] Trainable params: 28,384,555 / 108,924,715 (26.1%)
[Layer Freezing] Training last 4 transformer layers (layers 8-11)
[Layer Freezing] Trainable params: 28,384,555 / 108,924,715 (26.1%)
[Layer Freezing] Training last 4 transformer layers (layers 8-11)
[Layer Freezing] Trainable params: 28,384,555 / 108,924,715 (26.1%)
[Layer Freezing] Training last 4 transformer layers (layers 8-11)
[Layer Freezing] Trainable params: 28,384,555 / 108,924,715 (26.1%)
[Layer Freezing] Training last 4 transformer layers (layers 8-11)
[Layer Freezing] Trainable params: 28,384,555 / 108,924,715 (26.1%)
[Layer Freezing] Training last 4 transformer layers (layers 8-11)
[Layer Freezing] Trainable params: 28,384,555 / 108,924,715 (26.1%)
[Round 40] T=3.25  α_ce=0.85  α_kd=0.15
 Round 40 | F1 0.4632 | P 0.6056 | R 0.3750 | Time 39.2s | Comm N/A | Local Avg F1: 0.3949

=== Round 41/100 ===
[Round 41] KD=ON | policy=prev_global
[Layer Freezing] Training last 4 transformer layers (layers 8-11)
[Layer Freezing] Trainable params: 28,384,555 / 108,924,715 (26.1%)
[Layer Freezing] Training last 4 transformer layers (layers 8-11)
[Layer Freezing] Trainable params: 28,384,555 / 108,924,715 (26.1%)
[Layer Freezing] Training last 4 transformer layers (layers 8-11)
[Layer Freezing] Trainable params: 28,384,555 / 108,924,715 (26.1%)
[Layer Freezing] Training last 4 transformer layers (layers 8-11)
[Layer Freezing] Trainable params: 28,384,555 / 108,924,715 (26.1%)
[Layer Freezing] Training last 4 transformer layers (layers 8-11)
[Layer Freezing] Trainable params: 28,384,555 / 108,924,715 (26.1%)
[Layer Freezing] Training last 4 transformer layers (layers 8-11)
[Layer Freezing] Trainable params: 28,384,555 / 108,924,715 (26.1%)
[Layer Freezing] Training last 4 transformer layers (layers 8-11)
[Layer Freezing] Trainable params: 28,384,555 / 108,924,715 (26.1%)
[Layer Freezing] Training last 4 transformer layers (layers 8-11)
[Layer Freezing] Trainable params: 28,384,555 / 108,924,715 (26.1%)
[Layer Freezing] Training last 4 transformer layers (layers 8-11)
[Layer Freezing] Trainable params: 28,384,555 / 108,924,715 (26.1%)
[Layer Freezing] Training last 4 transformer layers (layers 8-11)
[Layer Freezing] Trainable params: 28,384,555 / 108,924,715 (26.1%)
[Round 41] T=3.25  α_ce=0.85  α_kd=0.15
 Round 41 | F1 0.4585 | P 0.6016 | R 0.3704 | Time 38.9s | Comm N/A | Local Avg F1: 0.3911

=== Round 42/100 ===
[Round 42] KD=ON | policy=prev_global
[Layer Freezing] Training last 4 transformer layers (layers 8-11)
[Layer Freezing] Trainable params: 28,384,555 / 108,924,715 (26.1%)
[Layer Freezing] Training last 4 transformer layers (layers 8-11)
[Layer Freezing] Trainable params: 28,384,555 / 108,924,715 (26.1%)
[Layer Freezing] Training last 4 transformer layers (layers 8-11)
[Layer Freezing] Trainable params: 28,384,555 / 108,924,715 (26.1%)
[Layer Freezing] Training last 4 transformer layers (layers 8-11)
[Layer Freezing] Trainable params: 28,384,555 / 108,924,715 (26.1%)
[Layer Freezing] Training last 4 transformer layers (layers 8-11)
[Layer Freezing] Trainable params: 28,384,555 / 108,924,715 (26.1%)
[Layer Freezing] Training last 4 transformer layers (layers 8-11)
[Layer Freezing] Trainable params: 28,384,555 / 108,924,715 (26.1%)
[Layer Freezing] Training last 4 transformer layers (layers 8-11)
[Layer Freezing] Trainable params: 28,384,555 / 108,924,715 (26.1%)
[Layer Freezing] Training last 4 transformer layers (layers 8-11)
[Layer Freezing] Trainable params: 28,384,555 / 108,924,715 (26.1%)
[Layer Freezing] Training last 4 transformer layers (layers 8-11)
[Layer Freezing] Trainable params: 28,384,555 / 108,924,715 (26.1%)
[Layer Freezing] Training last 4 transformer layers (layers 8-11)
[Layer Freezing] Trainable params: 28,384,555 / 108,924,715 (26.1%)
[Round 42] T=3.25  α_ce=0.85  α_kd=0.15
 Round 42 | F1 0.4713 | P 0.6019 | R 0.3872 | Time 39.0s | Comm N/A | Local Avg F1: 0.3996

=== Round 43/100 ===
[Round 43] KD=ON | policy=prev_global
[Layer Freezing] Training last 4 transformer layers (layers 8-11)
[Layer Freezing] Trainable params: 28,384,555 / 108,924,715 (26.1%)
[Layer Freezing] Training last 4 transformer layers (layers 8-11)
[Layer Freezing] Trainable params: 28,384,555 / 108,924,715 (26.1%)
[Layer Freezing] Training last 4 transformer layers (layers 8-11)
[Layer Freezing] Trainable params: 28,384,555 / 108,924,715 (26.1%)
[Layer Freezing] Training last 4 transformer layers (layers 8-11)
[Layer Freezing] Trainable params: 28,384,555 / 108,924,715 (26.1%)
[Layer Freezing] Training last 4 transformer layers (layers 8-11)
[Layer Freezing] Trainable params: 28,384,555 / 108,924,715 (26.1%)
[Layer Freezing] Training last 4 transformer layers (layers 8-11)
[Layer Freezing] Trainable params: 28,384,555 / 108,924,715 (26.1%)
[Layer Freezing] Training last 4 transformer layers (layers 8-11)
[Layer Freezing] Trainable params: 28,384,555 / 108,924,715 (26.1%)
[Layer Freezing] Training last 4 transformer layers (layers 8-11)
[Layer Freezing] Trainable params: 28,384,555 / 108,924,715 (26.1%)
[Layer Freezing] Training last 4 transformer layers (layers 8-11)
[Layer Freezing] Trainable params: 28,384,555 / 108,924,715 (26.1%)
[Layer Freezing] Training last 4 transformer layers (layers 8-11)
[Layer Freezing] Trainable params: 28,384,555 / 108,924,715 (26.1%)
[Round 43] T=3.25  α_ce=0.85  α_kd=0.15
 Round 43 | F1 0.4708 | P 0.6094 | R 0.3835 | Time 39.1s | Comm N/A | Local Avg F1: 0.3973

=== Round 44/100 ===
[Round 44] KD=ON | policy=prev_global
[Layer Freezing] Training last 4 transformer layers (layers 8-11)
[Layer Freezing] Trainable params: 28,384,555 / 108,924,715 (26.1%)
[Layer Freezing] Training last 4 transformer layers (layers 8-11)
[Layer Freezing] Trainable params: 28,384,555 / 108,924,715 (26.1%)
[Layer Freezing] Training last 4 transformer layers (layers 8-11)
[Layer Freezing] Trainable params: 28,384,555 / 108,924,715 (26.1%)
[Layer Freezing] Training last 4 transformer layers (layers 8-11)
[Layer Freezing] Trainable params: 28,384,555 / 108,924,715 (26.1%)
[Layer Freezing] Training last 4 transformer layers (layers 8-11)
[Layer Freezing] Trainable params: 28,384,555 / 108,924,715 (26.1%)
[Layer Freezing] Training last 4 transformer layers (layers 8-11)
[Layer Freezing] Trainable params: 28,384,555 / 108,924,715 (26.1%)
[Layer Freezing] Training last 4 transformer layers (layers 8-11)
[Layer Freezing] Trainable params: 28,384,555 / 108,924,715 (26.1%)
[Layer Freezing] Training last 4 transformer layers (layers 8-11)
[Layer Freezing] Trainable params: 28,384,555 / 108,924,715 (26.1%)
[Layer Freezing] Training last 4 transformer layers (layers 8-11)
[Layer Freezing] Trainable params: 28,384,555 / 108,924,715 (26.1%)
[Layer Freezing] Training last 4 transformer layers (layers 8-11)
[Layer Freezing] Trainable params: 28,384,555 / 108,924,715 (26.1%)
[Round 44] T=3.25  α_ce=0.85  α_kd=0.15
 Round 44 | F1 0.4692 | P 0.6073 | R 0.3823 | Time 39.1s | Comm N/A | Local Avg F1: 0.4016

=== Round 45/100 ===
[Round 45] KD=ON | policy=prev_global
[Layer Freezing] Training last 4 transformer layers (layers 8-11)
[Layer Freezing] Trainable params: 28,384,555 / 108,924,715 (26.1%)
[Layer Freezing] Training last 4 transformer layers (layers 8-11)
[Layer Freezing] Trainable params: 28,384,555 / 108,924,715 (26.1%)
[Layer Freezing] Training last 4 transformer layers (layers 8-11)
[Layer Freezing] Trainable params: 28,384,555 / 108,924,715 (26.1%)
[Layer Freezing] Training last 4 transformer layers (layers 8-11)
[Layer Freezing] Trainable params: 28,384,555 / 108,924,715 (26.1%)
[Layer Freezing] Training last 4 transformer layers (layers 8-11)
[Layer Freezing] Trainable params: 28,384,555 / 108,924,715 (26.1%)
[Layer Freezing] Training last 4 transformer layers (layers 8-11)
[Layer Freezing] Trainable params: 28,384,555 / 108,924,715 (26.1%)
[Layer Freezing] Training last 4 transformer layers (layers 8-11)
[Layer Freezing] Trainable params: 28,384,555 / 108,924,715 (26.1%)
[Layer Freezing] Training last 4 transformer layers (layers 8-11)
[Layer Freezing] Trainable params: 28,384,555 / 108,924,715 (26.1%)
[Layer Freezing] Training last 4 transformer layers (layers 8-11)
[Layer Freezing] Trainable params: 28,384,555 / 108,924,715 (26.1%)
[Layer Freezing] Training last 4 transformer layers (layers 8-11)
[Layer Freezing] Trainable params: 28,384,555 / 108,924,715 (26.1%)
[Round 45] T=3.25  α_ce=0.85  α_kd=0.15
 Round 45 | F1 0.4808 | P 0.6022 | R 0.4002 | Time 39.1s | Comm N/A | Local Avg F1: 0.4055

=== Round 46/100 ===
[Round 46] KD=ON | policy=prev_global
[Layer Freezing] Training last 4 transformer layers (layers 8-11)
[Layer Freezing] Trainable params: 28,384,555 / 108,924,715 (26.1%)
[Layer Freezing] Training last 4 transformer layers (layers 8-11)
[Layer Freezing] Trainable params: 28,384,555 / 108,924,715 (26.1%)
[Layer Freezing] Training last 4 transformer layers (layers 8-11)
[Layer Freezing] Trainable params: 28,384,555 / 108,924,715 (26.1%)
[Layer Freezing] Training last 4 transformer layers (layers 8-11)
[Layer Freezing] Trainable params: 28,384,555 / 108,924,715 (26.1%)
[Layer Freezing] Training last 4 transformer layers (layers 8-11)
[Layer Freezing] Trainable params: 28,384,555 / 108,924,715 (26.1%)
[Layer Freezing] Training last 4 transformer layers (layers 8-11)
[Layer Freezing] Trainable params: 28,384,555 / 108,924,715 (26.1%)
[Layer Freezing] Training last 4 transformer layers (layers 8-11)
[Layer Freezing] Trainable params: 28,384,555 / 108,924,715 (26.1%)
[Layer Freezing] Training last 4 transformer layers (layers 8-11)
[Layer Freezing] Trainable params: 28,384,555 / 108,924,715 (26.1%)
[Layer Freezing] Training last 4 transformer layers (layers 8-11)
[Layer Freezing] Trainable params: 28,384,555 / 108,924,715 (26.1%)
[Layer Freezing] Training last 4 transformer layers (layers 8-11)
[Layer Freezing] Trainable params: 28,384,555 / 108,924,715 (26.1%)
[Round 46] T=3.25  α_ce=0.85  α_kd=0.15
 Round 46 | F1 0.4743 | P 0.6153 | R 0.3859 | Time 38.8s | Comm N/A | Local Avg F1: 0.4035

=== Round 47/100 ===
[Round 47] KD=ON | policy=prev_global
[Layer Freezing] Training last 4 transformer layers (layers 8-11)
[Layer Freezing] Trainable params: 28,384,555 / 108,924,715 (26.1%)
[Layer Freezing] Training last 4 transformer layers (layers 8-11)
[Layer Freezing] Trainable params: 28,384,555 / 108,924,715 (26.1%)
[Layer Freezing] Training last 4 transformer layers (layers 8-11)
[Layer Freezing] Trainable params: 28,384,555 / 108,924,715 (26.1%)
[Layer Freezing] Training last 4 transformer layers (layers 8-11)
[Layer Freezing] Trainable params: 28,384,555 / 108,924,715 (26.1%)
[Layer Freezing] Training last 4 transformer layers (layers 8-11)
[Layer Freezing] Trainable params: 28,384,555 / 108,924,715 (26.1%)
[Layer Freezing] Training last 4 transformer layers (layers 8-11)
[Layer Freezing] Trainable params: 28,384,555 / 108,924,715 (26.1%)
[Layer Freezing] Training last 4 transformer layers (layers 8-11)
[Layer Freezing] Trainable params: 28,384,555 / 108,924,715 (26.1%)
[Layer Freezing] Training last 4 transformer layers (layers 8-11)
[Layer Freezing] Trainable params: 28,384,555 / 108,924,715 (26.1%)
[Layer Freezing] Training last 4 transformer layers (layers 8-11)
[Layer Freezing] Trainable params: 28,384,555 / 108,924,715 (26.1%)
[Layer Freezing] Training last 4 transformer layers (layers 8-11)
[Layer Freezing] Trainable params: 28,384,555 / 108,924,715 (26.1%)
[Round 47] T=3.25  α_ce=0.85  α_kd=0.15
 Round 47 | F1 0.4821 | P 0.6046 | R 0.4009 | Time 39.0s | Comm N/A | Local Avg F1: 0.4087

=== Round 48/100 ===
[Round 48] KD=ON | policy=prev_global
[Layer Freezing] Training last 4 transformer layers (layers 8-11)
[Layer Freezing] Trainable params: 28,384,555 / 108,924,715 (26.1%)
[Layer Freezing] Training last 4 transformer layers (layers 8-11)
[Layer Freezing] Trainable params: 28,384,555 / 108,924,715 (26.1%)
[Layer Freezing] Training last 4 transformer layers (layers 8-11)
[Layer Freezing] Trainable params: 28,384,555 / 108,924,715 (26.1%)
[Layer Freezing] Training last 4 transformer layers (layers 8-11)
[Layer Freezing] Trainable params: 28,384,555 / 108,924,715 (26.1%)
[Layer Freezing] Training last 4 transformer layers (layers 8-11)
[Layer Freezing] Trainable params: 28,384,555 / 108,924,715 (26.1%)
[Layer Freezing] Training last 4 transformer layers (layers 8-11)
[Layer Freezing] Trainable params: 28,384,555 / 108,924,715 (26.1%)
[Layer Freezing] Training last 4 transformer layers (layers 8-11)
[Layer Freezing] Trainable params: 28,384,555 / 108,924,715 (26.1%)
[Layer Freezing] Training last 4 transformer layers (layers 8-11)
[Layer Freezing] Trainable params: 28,384,555 / 108,924,715 (26.1%)
[Layer Freezing] Training last 4 transformer layers (layers 8-11)
[Layer Freezing] Trainable params: 28,384,555 / 108,924,715 (26.1%)
[Layer Freezing] Training last 4 transformer layers (layers 8-11)
[Layer Freezing] Trainable params: 28,384,555 / 108,924,715 (26.1%)
[Round 48] T=3.25  α_ce=0.85  α_kd=0.15
 Round 48 | F1 0.4883 | P 0.5950 | R 0.4140 | Time 39.1s | Comm N/A | Local Avg F1: 0.4209

=== Round 49/100 ===
[Round 49] KD=ON | policy=prev_global
[Layer Freezing] Training last 4 transformer layers (layers 8-11)
[Layer Freezing] Trainable params: 28,384,555 / 108,924,715 (26.1%)
[Layer Freezing] Training last 4 transformer layers (layers 8-11)
[Layer Freezing] Trainable params: 28,384,555 / 108,924,715 (26.1%)
[Layer Freezing] Training last 4 transformer layers (layers 8-11)
[Layer Freezing] Trainable params: 28,384,555 / 108,924,715 (26.1%)
[Layer Freezing] Training last 4 transformer layers (layers 8-11)
[Layer Freezing] Trainable params: 28,384,555 / 108,924,715 (26.1%)
[Layer Freezing] Training last 4 transformer layers (layers 8-11)
[Layer Freezing] Trainable params: 28,384,555 / 108,924,715 (26.1%)
[Layer Freezing] Training last 4 transformer layers (layers 8-11)
[Layer Freezing] Trainable params: 28,384,555 / 108,924,715 (26.1%)
[Layer Freezing] Training last 4 transformer layers (layers 8-11)
[Layer Freezing] Trainable params: 28,384,555 / 108,924,715 (26.1%)
[Layer Freezing] Training last 4 transformer layers (layers 8-11)
[Layer Freezing] Trainable params: 28,384,555 / 108,924,715 (26.1%)
[Layer Freezing] Training last 4 transformer layers (layers 8-11)
[Layer Freezing] Trainable params: 28,384,555 / 108,924,715 (26.1%)
[Layer Freezing] Training last 4 transformer layers (layers 8-11)
[Layer Freezing] Trainable params: 28,384,555 / 108,924,715 (26.1%)
[Round 49] T=3.25  α_ce=0.85  α_kd=0.15
 Round 49 | F1 0.4847 | P 0.6068 | R 0.4036 | Time 39.1s | Comm N/A | Local Avg F1: 0.4169

=== Round 50/100 ===
[Round 50] KD=ON | policy=prev_global
[Layer Freezing] Training last 4 transformer layers (layers 8-11)
[Layer Freezing] Trainable params: 28,384,555 / 108,924,715 (26.1%)
[Layer Freezing] Training last 4 transformer layers (layers 8-11)
[Layer Freezing] Trainable params: 28,384,555 / 108,924,715 (26.1%)
[Layer Freezing] Training last 4 transformer layers (layers 8-11)
[Layer Freezing] Trainable params: 28,384,555 / 108,924,715 (26.1%)
[Layer Freezing] Training last 4 transformer layers (layers 8-11)
[Layer Freezing] Trainable params: 28,384,555 / 108,924,715 (26.1%)
[Layer Freezing] Training last 4 transformer layers (layers 8-11)
[Layer Freezing] Trainable params: 28,384,555 / 108,924,715 (26.1%)
[Layer Freezing] Training last 4 transformer layers (layers 8-11)
[Layer Freezing] Trainable params: 28,384,555 / 108,924,715 (26.1%)
[Layer Freezing] Training last 4 transformer layers (layers 8-11)
[Layer Freezing] Trainable params: 28,384,555 / 108,924,715 (26.1%)
[Layer Freezing] Training last 4 transformer layers (layers 8-11)
[Layer Freezing] Trainable params: 28,384,555 / 108,924,715 (26.1%)
[Layer Freezing] Training last 4 transformer layers (layers 8-11)
[Layer Freezing] Trainable params: 28,384,555 / 108,924,715 (26.1%)
[Layer Freezing] Training last 4 transformer layers (layers 8-11)
[Layer Freezing] Trainable params: 28,384,555 / 108,924,715 (26.1%)
[Round 50] T=3.25  α_ce=0.85  α_kd=0.15
 Round 50 | F1 0.4875 | P 0.6102 | R 0.4059 | Time 39.0s | Comm N/A | Local Avg F1: 0.4190

=== Round 51/100 ===
[Round 51] KD=ON | policy=prev_global
[Layer Freezing] Training last 4 transformer layers (layers 8-11)
[Layer Freezing] Trainable params: 28,384,555 / 108,924,715 (26.1%)
[Layer Freezing] Training last 4 transformer layers (layers 8-11)
[Layer Freezing] Trainable params: 28,384,555 / 108,924,715 (26.1%)
[Layer Freezing] Training last 4 transformer layers (layers 8-11)
[Layer Freezing] Trainable params: 28,384,555 / 108,924,715 (26.1%)
[Layer Freezing] Training last 4 transformer layers (layers 8-11)
[Layer Freezing] Trainable params: 28,384,555 / 108,924,715 (26.1%)
[Layer Freezing] Training last 4 transformer layers (layers 8-11)
[Layer Freezing] Trainable params: 28,384,555 / 108,924,715 (26.1%)
[Layer Freezing] Training last 4 transformer layers (layers 8-11)
[Layer Freezing] Trainable params: 28,384,555 / 108,924,715 (26.1%)
[Layer Freezing] Training last 4 transformer layers (layers 8-11)
[Layer Freezing] Trainable params: 28,384,555 / 108,924,715 (26.1%)
[Layer Freezing] Training last 4 transformer layers (layers 8-11)
[Layer Freezing] Trainable params: 28,384,555 / 108,924,715 (26.1%)
[Layer Freezing] Training last 4 transformer layers (layers 8-11)
[Layer Freezing] Trainable params: 28,384,555 / 108,924,715 (26.1%)
[Layer Freezing] Training last 4 transformer layers (layers 8-11)
[Layer Freezing] Trainable params: 28,384,555 / 108,924,715 (26.1%)
[Round 51] T=3.25  α_ce=0.85  α_kd=0.15
 Round 51 | F1 0.4823 | P 0.6134 | R 0.3974 | Time 38.8s | Comm N/A | Local Avg F1: 0.4176

=== Round 52/100 ===
[Round 52] KD=ON | policy=prev_global
[Layer Freezing] Training last 4 transformer layers (layers 8-11)
[Layer Freezing] Trainable params: 28,384,555 / 108,924,715 (26.1%)
[Layer Freezing] Training last 4 transformer layers (layers 8-11)
[Layer Freezing] Trainable params: 28,384,555 / 108,924,715 (26.1%)
[Layer Freezing] Training last 4 transformer layers (layers 8-11)
[Layer Freezing] Trainable params: 28,384,555 / 108,924,715 (26.1%)
[Layer Freezing] Training last 4 transformer layers (layers 8-11)
[Layer Freezing] Trainable params: 28,384,555 / 108,924,715 (26.1%)
[Layer Freezing] Training last 4 transformer layers (layers 8-11)
[Layer Freezing] Trainable params: 28,384,555 / 108,924,715 (26.1%)
[Layer Freezing] Training last 4 transformer layers (layers 8-11)
[Layer Freezing] Trainable params: 28,384,555 / 108,924,715 (26.1%)
[Layer Freezing] Training last 4 transformer layers (layers 8-11)
[Layer Freezing] Trainable params: 28,384,555 / 108,924,715 (26.1%)
[Layer Freezing] Training last 4 transformer layers (layers 8-11)
[Layer Freezing] Trainable params: 28,384,555 / 108,924,715 (26.1%)
[Layer Freezing] Training last 4 transformer layers (layers 8-11)
[Layer Freezing] Trainable params: 28,384,555 / 108,924,715 (26.1%)
[Layer Freezing] Training last 4 transformer layers (layers 8-11)
[Layer Freezing] Trainable params: 28,384,555 / 108,924,715 (26.1%)
[Round 52] T=3.25  α_ce=0.85  α_kd=0.15
 Round 52 | F1 0.4993 | P 0.6026 | R 0.4262 | Time 39.2s | Comm N/A | Local Avg F1: 0.4307

=== Round 53/100 ===
[Round 53] KD=ON | policy=prev_global
[Layer Freezing] Training last 4 transformer layers (layers 8-11)
[Layer Freezing] Trainable params: 28,384,555 / 108,924,715 (26.1%)
[Layer Freezing] Training last 4 transformer layers (layers 8-11)
[Layer Freezing] Trainable params: 28,384,555 / 108,924,715 (26.1%)
[Layer Freezing] Training last 4 transformer layers (layers 8-11)
[Layer Freezing] Trainable params: 28,384,555 / 108,924,715 (26.1%)
[Layer Freezing] Training last 4 transformer layers (layers 8-11)
[Layer Freezing] Trainable params: 28,384,555 / 108,924,715 (26.1%)
[Layer Freezing] Training last 4 transformer layers (layers 8-11)
[Layer Freezing] Trainable params: 28,384,555 / 108,924,715 (26.1%)
[Layer Freezing] Training last 4 transformer layers (layers 8-11)
[Layer Freezing] Trainable params: 28,384,555 / 108,924,715 (26.1%)
[Layer Freezing] Training last 4 transformer layers (layers 8-11)
[Layer Freezing] Trainable params: 28,384,555 / 108,924,715 (26.1%)
[Layer Freezing] Training last 4 transformer layers (layers 8-11)
[Layer Freezing] Trainable params: 28,384,555 / 108,924,715 (26.1%)
[Layer Freezing] Training last 4 transformer layers (layers 8-11)
[Layer Freezing] Trainable params: 28,384,555 / 108,924,715 (26.1%)
[Layer Freezing] Training last 4 transformer layers (layers 8-11)
[Layer Freezing] Trainable params: 28,384,555 / 108,924,715 (26.1%)
[Round 53] T=3.25  α_ce=0.85  α_kd=0.15
 Round 53 | F1 0.4908 | P 0.6187 | R 0.4067 | Time 39.5s | Comm N/A | Local Avg F1: 0.4239

=== Round 54/100 ===
[Round 54] KD=ON | policy=prev_global
[Layer Freezing] Training last 4 transformer layers (layers 8-11)
[Layer Freezing] Trainable params: 28,384,555 / 108,924,715 (26.1%)
[Layer Freezing] Training last 4 transformer layers (layers 8-11)
[Layer Freezing] Trainable params: 28,384,555 / 108,924,715 (26.1%)
[Layer Freezing] Training last 4 transformer layers (layers 8-11)
[Layer Freezing] Trainable params: 28,384,555 / 108,924,715 (26.1%)
[Layer Freezing] Training last 4 transformer layers (layers 8-11)
[Layer Freezing] Trainable params: 28,384,555 / 108,924,715 (26.1%)
[Layer Freezing] Training last 4 transformer layers (layers 8-11)
[Layer Freezing] Trainable params: 28,384,555 / 108,924,715 (26.1%)
[Layer Freezing] Training last 4 transformer layers (layers 8-11)
[Layer Freezing] Trainable params: 28,384,555 / 108,924,715 (26.1%)
[Layer Freezing] Training last 4 transformer layers (layers 8-11)
[Layer Freezing] Trainable params: 28,384,555 / 108,924,715 (26.1%)
[Layer Freezing] Training last 4 transformer layers (layers 8-11)
[Layer Freezing] Trainable params: 28,384,555 / 108,924,715 (26.1%)
[Layer Freezing] Training last 4 transformer layers (layers 8-11)
[Layer Freezing] Trainable params: 28,384,555 / 108,924,715 (26.1%)
[Layer Freezing] Training last 4 transformer layers (layers 8-11)
[Layer Freezing] Trainable params: 28,384,555 / 108,924,715 (26.1%)
[Round 54] T=3.25  α_ce=0.85  α_kd=0.15
 Round 54 | F1 0.4758 | P 0.6312 | R 0.3818 | Time 39.4s | Comm N/A | Local Avg F1: 0.4133

=== Round 55/100 ===
[Round 55] KD=ON | policy=prev_global
[Layer Freezing] Training last 4 transformer layers (layers 8-11)
[Layer Freezing] Trainable params: 28,384,555 / 108,924,715 (26.1%)
[Layer Freezing] Training last 4 transformer layers (layers 8-11)
[Layer Freezing] Trainable params: 28,384,555 / 108,924,715 (26.1%)
[Layer Freezing] Training last 4 transformer layers (layers 8-11)
[Layer Freezing] Trainable params: 28,384,555 / 108,924,715 (26.1%)
[Layer Freezing] Training last 4 transformer layers (layers 8-11)
[Layer Freezing] Trainable params: 28,384,555 / 108,924,715 (26.1%)
[Layer Freezing] Training last 4 transformer layers (layers 8-11)
[Layer Freezing] Trainable params: 28,384,555 / 108,924,715 (26.1%)
[Layer Freezing] Training last 4 transformer layers (layers 8-11)
[Layer Freezing] Trainable params: 28,384,555 / 108,924,715 (26.1%)
[Layer Freezing] Training last 4 transformer layers (layers 8-11)
[Layer Freezing] Trainable params: 28,384,555 / 108,924,715 (26.1%)
[Layer Freezing] Training last 4 transformer layers (layers 8-11)
[Layer Freezing] Trainable params: 28,384,555 / 108,924,715 (26.1%)
[Layer Freezing] Training last 4 transformer layers (layers 8-11)
[Layer Freezing] Trainable params: 28,384,555 / 108,924,715 (26.1%)
[Layer Freezing] Training last 4 transformer layers (layers 8-11)
[Layer Freezing] Trainable params: 28,384,555 / 108,924,715 (26.1%)
[Round 55] T=3.25  α_ce=0.85  α_kd=0.15
 Round 55 | F1 0.4994 | P 0.6039 | R 0.4258 | Time 39.5s | Comm N/A | Local Avg F1: 0.4314

=== Round 56/100 ===
[Round 56] KD=ON | policy=prev_global
[Layer Freezing] Training last 4 transformer layers (layers 8-11)
[Layer Freezing] Trainable params: 28,384,555 / 108,924,715 (26.1%)
[Layer Freezing] Training last 4 transformer layers (layers 8-11)
[Layer Freezing] Trainable params: 28,384,555 / 108,924,715 (26.1%)
[Layer Freezing] Training last 4 transformer layers (layers 8-11)
[Layer Freezing] Trainable params: 28,384,555 / 108,924,715 (26.1%)
[Layer Freezing] Training last 4 transformer layers (layers 8-11)
[Layer Freezing] Trainable params: 28,384,555 / 108,924,715 (26.1%)
[Layer Freezing] Training last 4 transformer layers (layers 8-11)
[Layer Freezing] Trainable params: 28,384,555 / 108,924,715 (26.1%)
[Layer Freezing] Training last 4 transformer layers (layers 8-11)
[Layer Freezing] Trainable params: 28,384,555 / 108,924,715 (26.1%)
[Layer Freezing] Training last 4 transformer layers (layers 8-11)
[Layer Freezing] Trainable params: 28,384,555 / 108,924,715 (26.1%)
[Layer Freezing] Training last 4 transformer layers (layers 8-11)
[Layer Freezing] Trainable params: 28,384,555 / 108,924,715 (26.1%)
[Layer Freezing] Training last 4 transformer layers (layers 8-11)
[Layer Freezing] Trainable params: 28,384,555 / 108,924,715 (26.1%)
[Layer Freezing] Training last 4 transformer layers (layers 8-11)
[Layer Freezing] Trainable params: 28,384,555 / 108,924,715 (26.1%)
[Round 56] T=3.25  α_ce=0.85  α_kd=0.15
 Round 56 | F1 0.5082 | P 0.6015 | R 0.4400 | Time 39.5s | Comm N/A | Local Avg F1: 0.4329

=== Round 57/100 ===
[Round 57] KD=ON | policy=prev_global
[Layer Freezing] Training last 4 transformer layers (layers 8-11)
[Layer Freezing] Trainable params: 28,384,555 / 108,924,715 (26.1%)
[Layer Freezing] Training last 4 transformer layers (layers 8-11)
[Layer Freezing] Trainable params: 28,384,555 / 108,924,715 (26.1%)
[Layer Freezing] Training last 4 transformer layers (layers 8-11)
[Layer Freezing] Trainable params: 28,384,555 / 108,924,715 (26.1%)
[Layer Freezing] Training last 4 transformer layers (layers 8-11)
[Layer Freezing] Trainable params: 28,384,555 / 108,924,715 (26.1%)
[Layer Freezing] Training last 4 transformer layers (layers 8-11)
[Layer Freezing] Trainable params: 28,384,555 / 108,924,715 (26.1%)
[Layer Freezing] Training last 4 transformer layers (layers 8-11)
[Layer Freezing] Trainable params: 28,384,555 / 108,924,715 (26.1%)
[Layer Freezing] Training last 4 transformer layers (layers 8-11)
[Layer Freezing] Trainable params: 28,384,555 / 108,924,715 (26.1%)
[Layer Freezing] Training last 4 transformer layers (layers 8-11)
[Layer Freezing] Trainable params: 28,384,555 / 108,924,715 (26.1%)
[Layer Freezing] Training last 4 transformer layers (layers 8-11)
[Layer Freezing] Trainable params: 28,384,555 / 108,924,715 (26.1%)
[Layer Freezing] Training last 4 transformer layers (layers 8-11)
[Layer Freezing] Trainable params: 28,384,555 / 108,924,715 (26.1%)
[Round 57] T=3.25  α_ce=0.85  α_kd=0.15
 Round 57 | F1 0.5030 | P 0.6137 | R 0.4262 | Time 39.5s | Comm N/A | Local Avg F1: 0.4283

=== Round 58/100 ===
[Round 58] KD=ON | policy=prev_global
[Layer Freezing] Training last 4 transformer layers (layers 8-11)
[Layer Freezing] Trainable params: 28,384,555 / 108,924,715 (26.1%)
[Layer Freezing] Training last 4 transformer layers (layers 8-11)
[Layer Freezing] Trainable params: 28,384,555 / 108,924,715 (26.1%)
[Layer Freezing] Training last 4 transformer layers (layers 8-11)
[Layer Freezing] Trainable params: 28,384,555 / 108,924,715 (26.1%)
[Layer Freezing] Training last 4 transformer layers (layers 8-11)
[Layer Freezing] Trainable params: 28,384,555 / 108,924,715 (26.1%)
[Layer Freezing] Training last 4 transformer layers (layers 8-11)
[Layer Freezing] Trainable params: 28,384,555 / 108,924,715 (26.1%)
[Layer Freezing] Training last 4 transformer layers (layers 8-11)
[Layer Freezing] Trainable params: 28,384,555 / 108,924,715 (26.1%)
[Layer Freezing] Training last 4 transformer layers (layers 8-11)
[Layer Freezing] Trainable params: 28,384,555 / 108,924,715 (26.1%)
[Layer Freezing] Training last 4 transformer layers (layers 8-11)
[Layer Freezing] Trainable params: 28,384,555 / 108,924,715 (26.1%)
[Layer Freezing] Training last 4 transformer layers (layers 8-11)
[Layer Freezing] Trainable params: 28,384,555 / 108,924,715 (26.1%)
[Layer Freezing] Training last 4 transformer layers (layers 8-11)
[Layer Freezing] Trainable params: 28,384,555 / 108,924,715 (26.1%)
[Round 58] T=3.25  α_ce=0.85  α_kd=0.15
 Round 58 | F1 0.4962 | P 0.6182 | R 0.4144 | Time 39.4s | Comm N/A | Local Avg F1: 0.4262

=== Round 59/100 ===
[Round 59] KD=ON | policy=prev_global
[Layer Freezing] Training last 4 transformer layers (layers 8-11)
[Layer Freezing] Trainable params: 28,384,555 / 108,924,715 (26.1%)
[Layer Freezing] Training last 4 transformer layers (layers 8-11)
[Layer Freezing] Trainable params: 28,384,555 / 108,924,715 (26.1%)
[Layer Freezing] Training last 4 transformer layers (layers 8-11)
[Layer Freezing] Trainable params: 28,384,555 / 108,924,715 (26.1%)
[Layer Freezing] Training last 4 transformer layers (layers 8-11)
[Layer Freezing] Trainable params: 28,384,555 / 108,924,715 (26.1%)
[Layer Freezing] Training last 4 transformer layers (layers 8-11)
[Layer Freezing] Trainable params: 28,384,555 / 108,924,715 (26.1%)
[Layer Freezing] Training last 4 transformer layers (layers 8-11)
[Layer Freezing] Trainable params: 28,384,555 / 108,924,715 (26.1%)
[Layer Freezing] Training last 4 transformer layers (layers 8-11)
[Layer Freezing] Trainable params: 28,384,555 / 108,924,715 (26.1%)
[Layer Freezing] Training last 4 transformer layers (layers 8-11)
[Layer Freezing] Trainable params: 28,384,555 / 108,924,715 (26.1%)
[Layer Freezing] Training last 4 transformer layers (layers 8-11)
[Layer Freezing] Trainable params: 28,384,555 / 108,924,715 (26.1%)
[Layer Freezing] Training last 4 transformer layers (layers 8-11)
[Layer Freezing] Trainable params: 28,384,555 / 108,924,715 (26.1%)
[Round 59] T=3.25  α_ce=0.85  α_kd=0.15
 Round 59 | F1 0.4997 | P 0.6144 | R 0.4210 | Time 39.5s | Comm N/A | Local Avg F1: 0.4300

=== Round 60/100 ===
[Round 60] KD=ON | policy=prev_global
[Layer Freezing] Training last 4 transformer layers (layers 8-11)
[Layer Freezing] Trainable params: 28,384,555 / 108,924,715 (26.1%)
[Layer Freezing] Training last 4 transformer layers (layers 8-11)
[Layer Freezing] Trainable params: 28,384,555 / 108,924,715 (26.1%)
[Layer Freezing] Training last 4 transformer layers (layers 8-11)
[Layer Freezing] Trainable params: 28,384,555 / 108,924,715 (26.1%)
[Layer Freezing] Training last 4 transformer layers (layers 8-11)
[Layer Freezing] Trainable params: 28,384,555 / 108,924,715 (26.1%)
[Layer Freezing] Training last 4 transformer layers (layers 8-11)
[Layer Freezing] Trainable params: 28,384,555 / 108,924,715 (26.1%)
[Layer Freezing] Training last 4 transformer layers (layers 8-11)
[Layer Freezing] Trainable params: 28,384,555 / 108,924,715 (26.1%)
[Layer Freezing] Training last 4 transformer layers (layers 8-11)
[Layer Freezing] Trainable params: 28,384,555 / 108,924,715 (26.1%)
[Layer Freezing] Training last 4 transformer layers (layers 8-11)
[Layer Freezing] Trainable params: 28,384,555 / 108,924,715 (26.1%)
[Layer Freezing] Training last 4 transformer layers (layers 8-11)
[Layer Freezing] Trainable params: 28,384,555 / 108,924,715 (26.1%)
[Layer Freezing] Training last 4 transformer layers (layers 8-11)
[Layer Freezing] Trainable params: 28,384,555 / 108,924,715 (26.1%)
[Round 60] T=3.25  α_ce=0.85  α_kd=0.15
 Round 60 | F1 0.4916 | P 0.6191 | R 0.4077 | Time 39.2s | Comm N/A | Local Avg F1: 0.4281

=== Round 61/100 ===
[Round 61] KD=ON | policy=prev_global
[Layer Freezing] Training last 4 transformer layers (layers 8-11)
[Layer Freezing] Trainable params: 28,384,555 / 108,924,715 (26.1%)
[Layer Freezing] Training last 4 transformer layers (layers 8-11)
[Layer Freezing] Trainable params: 28,384,555 / 108,924,715 (26.1%)
[Layer Freezing] Training last 4 transformer layers (layers 8-11)
[Layer Freezing] Trainable params: 28,384,555 / 108,924,715 (26.1%)
[Layer Freezing] Training last 4 transformer layers (layers 8-11)
[Layer Freezing] Trainable params: 28,384,555 / 108,924,715 (26.1%)
[Layer Freezing] Training last 4 transformer layers (layers 8-11)
[Layer Freezing] Trainable params: 28,384,555 / 108,924,715 (26.1%)
[Layer Freezing] Training last 4 transformer layers (layers 8-11)
[Layer Freezing] Trainable params: 28,384,555 / 108,924,715 (26.1%)
[Layer Freezing] Training last 4 transformer layers (layers 8-11)
[Layer Freezing] Trainable params: 28,384,555 / 108,924,715 (26.1%)
[Layer Freezing] Training last 4 transformer layers (layers 8-11)
[Layer Freezing] Trainable params: 28,384,555 / 108,924,715 (26.1%)
[Layer Freezing] Training last 4 transformer layers (layers 8-11)
[Layer Freezing] Trainable params: 28,384,555 / 108,924,715 (26.1%)
[Layer Freezing] Training last 4 transformer layers (layers 8-11)
[Layer Freezing] Trainable params: 28,384,555 / 108,924,715 (26.1%)
[Round 61] T=3.25  α_ce=0.85  α_kd=0.15
 Round 61 | F1 0.5071 | P 0.6109 | R 0.4335 | Time 39.7s | Comm N/A | Local Avg F1: 0.4353

=== Round 62/100 ===
[Round 62] KD=ON | policy=prev_global
[Layer Freezing] Training last 4 transformer layers (layers 8-11)
[Layer Freezing] Trainable params: 28,384,555 / 108,924,715 (26.1%)
[Layer Freezing] Training last 4 transformer layers (layers 8-11)
[Layer Freezing] Trainable params: 28,384,555 / 108,924,715 (26.1%)
[Layer Freezing] Training last 4 transformer layers (layers 8-11)
[Layer Freezing] Trainable params: 28,384,555 / 108,924,715 (26.1%)
[Layer Freezing] Training last 4 transformer layers (layers 8-11)
[Layer Freezing] Trainable params: 28,384,555 / 108,924,715 (26.1%)
[Layer Freezing] Training last 4 transformer layers (layers 8-11)
[Layer Freezing] Trainable params: 28,384,555 / 108,924,715 (26.1%)
[Layer Freezing] Training last 4 transformer layers (layers 8-11)
[Layer Freezing] Trainable params: 28,384,555 / 108,924,715 (26.1%)
[Layer Freezing] Training last 4 transformer layers (layers 8-11)
[Layer Freezing] Trainable params: 28,384,555 / 108,924,715 (26.1%)
[Layer Freezing] Training last 4 transformer layers (layers 8-11)
[Layer Freezing] Trainable params: 28,384,555 / 108,924,715 (26.1%)
[Layer Freezing] Training last 4 transformer layers (layers 8-11)
[Layer Freezing] Trainable params: 28,384,555 / 108,924,715 (26.1%)
[Layer Freezing] Training last 4 transformer layers (layers 8-11)
[Layer Freezing] Trainable params: 28,384,555 / 108,924,715 (26.1%)
[Round 62] T=3.25  α_ce=0.85  α_kd=0.15
 Round 62 | F1 0.5161 | P 0.6082 | R 0.4482 | Time 39.8s | Comm N/A | Local Avg F1: 0.4409

=== Round 63/100 ===
[Round 63] KD=ON | policy=prev_global
[Layer Freezing] Training last 4 transformer layers (layers 8-11)
[Layer Freezing] Trainable params: 28,384,555 / 108,924,715 (26.1%)
[Layer Freezing] Training last 4 transformer layers (layers 8-11)
[Layer Freezing] Trainable params: 28,384,555 / 108,924,715 (26.1%)
[Layer Freezing] Training last 4 transformer layers (layers 8-11)
[Layer Freezing] Trainable params: 28,384,555 / 108,924,715 (26.1%)
[Layer Freezing] Training last 4 transformer layers (layers 8-11)
[Layer Freezing] Trainable params: 28,384,555 / 108,924,715 (26.1%)
[Layer Freezing] Training last 4 transformer layers (layers 8-11)
[Layer Freezing] Trainable params: 28,384,555 / 108,924,715 (26.1%)
[Layer Freezing] Training last 4 transformer layers (layers 8-11)
[Layer Freezing] Trainable params: 28,384,555 / 108,924,715 (26.1%)
[Layer Freezing] Training last 4 transformer layers (layers 8-11)
[Layer Freezing] Trainable params: 28,384,555 / 108,924,715 (26.1%)
[Layer Freezing] Training last 4 transformer layers (layers 8-11)
[Layer Freezing] Trainable params: 28,384,555 / 108,924,715 (26.1%)
[Layer Freezing] Training last 4 transformer layers (layers 8-11)
[Layer Freezing] Trainable params: 28,384,555 / 108,924,715 (26.1%)
[Layer Freezing] Training last 4 transformer layers (layers 8-11)
[Layer Freezing] Trainable params: 28,384,555 / 108,924,715 (26.1%)
[Round 63] T=3.25  α_ce=0.85  α_kd=0.15
 Round 63 | F1 0.5069 | P 0.6138 | R 0.4317 | Time 39.9s | Comm N/A | Local Avg F1: 0.4360

=== Round 64/100 ===
[Round 64] KD=ON | policy=prev_global
[Layer Freezing] Training last 4 transformer layers (layers 8-11)
[Layer Freezing] Trainable params: 28,384,555 / 108,924,715 (26.1%)
[Layer Freezing] Training last 4 transformer layers (layers 8-11)
[Layer Freezing] Trainable params: 28,384,555 / 108,924,715 (26.1%)
[Layer Freezing] Training last 4 transformer layers (layers 8-11)
[Layer Freezing] Trainable params: 28,384,555 / 108,924,715 (26.1%)
[Layer Freezing] Training last 4 transformer layers (layers 8-11)
[Layer Freezing] Trainable params: 28,384,555 / 108,924,715 (26.1%)
[Layer Freezing] Training last 4 transformer layers (layers 8-11)
[Layer Freezing] Trainable params: 28,384,555 / 108,924,715 (26.1%)
[Layer Freezing] Training last 4 transformer layers (layers 8-11)
[Layer Freezing] Trainable params: 28,384,555 / 108,924,715 (26.1%)
[Layer Freezing] Training last 4 transformer layers (layers 8-11)
[Layer Freezing] Trainable params: 28,384,555 / 108,924,715 (26.1%)
[Layer Freezing] Training last 4 transformer layers (layers 8-11)
[Layer Freezing] Trainable params: 28,384,555 / 108,924,715 (26.1%)
[Layer Freezing] Training last 4 transformer layers (layers 8-11)
[Layer Freezing] Trainable params: 28,384,555 / 108,924,715 (26.1%)
[Layer Freezing] Training last 4 transformer layers (layers 8-11)
[Layer Freezing] Trainable params: 28,384,555 / 108,924,715 (26.1%)
[Round 64] T=3.25  α_ce=0.85  α_kd=0.15
 Round 64 | F1 0.5110 | P 0.6128 | R 0.4382 | Time 39.5s | Comm N/A | Local Avg F1: 0.4405

=== Round 65/100 ===
[Round 65] KD=ON | policy=prev_global
[Layer Freezing] Training last 4 transformer layers (layers 8-11)
[Layer Freezing] Trainable params: 28,384,555 / 108,924,715 (26.1%)
[Layer Freezing] Training last 4 transformer layers (layers 8-11)
[Layer Freezing] Trainable params: 28,384,555 / 108,924,715 (26.1%)
[Layer Freezing] Training last 4 transformer layers (layers 8-11)
[Layer Freezing] Trainable params: 28,384,555 / 108,924,715 (26.1%)
[Layer Freezing] Training last 4 transformer layers (layers 8-11)
[Layer Freezing] Trainable params: 28,384,555 / 108,924,715 (26.1%)
[Layer Freezing] Training last 4 transformer layers (layers 8-11)
[Layer Freezing] Trainable params: 28,384,555 / 108,924,715 (26.1%)
[Layer Freezing] Training last 4 transformer layers (layers 8-11)
[Layer Freezing] Trainable params: 28,384,555 / 108,924,715 (26.1%)
[Layer Freezing] Training last 4 transformer layers (layers 8-11)
[Layer Freezing] Trainable params: 28,384,555 / 108,924,715 (26.1%)
[Layer Freezing] Training last 4 transformer layers (layers 8-11)
[Layer Freezing] Trainable params: 28,384,555 / 108,924,715 (26.1%)
[Layer Freezing] Training last 4 transformer layers (layers 8-11)
[Layer Freezing] Trainable params: 28,384,555 / 108,924,715 (26.1%)
[Layer Freezing] Training last 4 transformer layers (layers 8-11)
[Layer Freezing] Trainable params: 28,384,555 / 108,924,715 (26.1%)
[Round 65] T=3.25  α_ce=0.85  α_kd=0.15
 Round 65 | F1 0.5078 | P 0.6129 | R 0.4335 | Time 39.0s | Comm N/A | Local Avg F1: 0.4409

=== Round 66/100 ===
[Round 66] KD=ON | policy=prev_global
[Layer Freezing] Training last 4 transformer layers (layers 8-11)
[Layer Freezing] Trainable params: 28,384,555 / 108,924,715 (26.1%)
[Layer Freezing] Training last 4 transformer layers (layers 8-11)
[Layer Freezing] Trainable params: 28,384,555 / 108,924,715 (26.1%)
[Layer Freezing] Training last 4 transformer layers (layers 8-11)
[Layer Freezing] Trainable params: 28,384,555 / 108,924,715 (26.1%)
[Layer Freezing] Training last 4 transformer layers (layers 8-11)
[Layer Freezing] Trainable params: 28,384,555 / 108,924,715 (26.1%)
[Layer Freezing] Training last 4 transformer layers (layers 8-11)
[Layer Freezing] Trainable params: 28,384,555 / 108,924,715 (26.1%)
[Layer Freezing] Training last 4 transformer layers (layers 8-11)
[Layer Freezing] Trainable params: 28,384,555 / 108,924,715 (26.1%)
[Layer Freezing] Training last 4 transformer layers (layers 8-11)
[Layer Freezing] Trainable params: 28,384,555 / 108,924,715 (26.1%)
[Layer Freezing] Training last 4 transformer layers (layers 8-11)
[Layer Freezing] Trainable params: 28,384,555 / 108,924,715 (26.1%)
[Layer Freezing] Training last 4 transformer layers (layers 8-11)
[Layer Freezing] Trainable params: 28,384,555 / 108,924,715 (26.1%)
[Layer Freezing] Training last 4 transformer layers (layers 8-11)
[Layer Freezing] Trainable params: 28,384,555 / 108,924,715 (26.1%)
[Round 66] T=3.25  α_ce=0.85  α_kd=0.15
 Round 66 | F1 0.5136 | P 0.6115 | R 0.4428 | Time 39.5s | Comm N/A | Local Avg F1: 0.4413

=== Round 67/100 ===
[Round 67] KD=ON | policy=prev_global
[Layer Freezing] Training last 4 transformer layers (layers 8-11)
[Layer Freezing] Trainable params: 28,384,555 / 108,924,715 (26.1%)
[Layer Freezing] Training last 4 transformer layers (layers 8-11)
[Layer Freezing] Trainable params: 28,384,555 / 108,924,715 (26.1%)
[Layer Freezing] Training last 4 transformer layers (layers 8-11)
[Layer Freezing] Trainable params: 28,384,555 / 108,924,715 (26.1%)
[Layer Freezing] Training last 4 transformer layers (layers 8-11)
[Layer Freezing] Trainable params: 28,384,555 / 108,924,715 (26.1%)
[Layer Freezing] Training last 4 transformer layers (layers 8-11)
[Layer Freezing] Trainable params: 28,384,555 / 108,924,715 (26.1%)
[Layer Freezing] Training last 4 transformer layers (layers 8-11)
[Layer Freezing] Trainable params: 28,384,555 / 108,924,715 (26.1%)
[Layer Freezing] Training last 4 transformer layers (layers 8-11)
[Layer Freezing] Trainable params: 28,384,555 / 108,924,715 (26.1%)
[Layer Freezing] Training last 4 transformer layers (layers 8-11)
[Layer Freezing] Trainable params: 28,384,555 / 108,924,715 (26.1%)
[Layer Freezing] Training last 4 transformer layers (layers 8-11)
[Layer Freezing] Trainable params: 28,384,555 / 108,924,715 (26.1%)
[Layer Freezing] Training last 4 transformer layers (layers 8-11)
[Layer Freezing] Trainable params: 28,384,555 / 108,924,715 (26.1%)
[Round 67] T=3.25  α_ce=0.85  α_kd=0.15
 Round 67 | F1 0.5167 | P 0.6156 | R 0.4452 | Time 39.1s | Comm N/A | Local Avg F1: 0.4456

=== Round 68/100 ===
[Round 68] KD=ON | policy=prev_global
[Layer Freezing] Training last 4 transformer layers (layers 8-11)
[Layer Freezing] Trainable params: 28,384,555 / 108,924,715 (26.1%)
[Layer Freezing] Training last 4 transformer layers (layers 8-11)
[Layer Freezing] Trainable params: 28,384,555 / 108,924,715 (26.1%)
[Layer Freezing] Training last 4 transformer layers (layers 8-11)
[Layer Freezing] Trainable params: 28,384,555 / 108,924,715 (26.1%)
[Layer Freezing] Training last 4 transformer layers (layers 8-11)
[Layer Freezing] Trainable params: 28,384,555 / 108,924,715 (26.1%)
[Layer Freezing] Training last 4 transformer layers (layers 8-11)
[Layer Freezing] Trainable params: 28,384,555 / 108,924,715 (26.1%)
[Layer Freezing] Training last 4 transformer layers (layers 8-11)
[Layer Freezing] Trainable params: 28,384,555 / 108,924,715 (26.1%)
[Layer Freezing] Training last 4 transformer layers (layers 8-11)
[Layer Freezing] Trainable params: 28,384,555 / 108,924,715 (26.1%)
[Layer Freezing] Training last 4 transformer layers (layers 8-11)
[Layer Freezing] Trainable params: 28,384,555 / 108,924,715 (26.1%)
[Layer Freezing] Training last 4 transformer layers (layers 8-11)
[Layer Freezing] Trainable params: 28,384,555 / 108,924,715 (26.1%)
[Layer Freezing] Training last 4 transformer layers (layers 8-11)
[Layer Freezing] Trainable params: 28,384,555 / 108,924,715 (26.1%)
[Round 68] T=3.25  α_ce=0.85  α_kd=0.15
 Round 68 | F1 0.5134 | P 0.6098 | R 0.4433 | Time 39.2s | Comm N/A | Local Avg F1: 0.4423

=== Round 69/100 ===
[Round 69] KD=ON | policy=prev_global
[Layer Freezing] Training last 4 transformer layers (layers 8-11)
[Layer Freezing] Trainable params: 28,384,555 / 108,924,715 (26.1%)
[Layer Freezing] Training last 4 transformer layers (layers 8-11)
[Layer Freezing] Trainable params: 28,384,555 / 108,924,715 (26.1%)
[Layer Freezing] Training last 4 transformer layers (layers 8-11)
[Layer Freezing] Trainable params: 28,384,555 / 108,924,715 (26.1%)
[Layer Freezing] Training last 4 transformer layers (layers 8-11)
[Layer Freezing] Trainable params: 28,384,555 / 108,924,715 (26.1%)
[Layer Freezing] Training last 4 transformer layers (layers 8-11)
[Layer Freezing] Trainable params: 28,384,555 / 108,924,715 (26.1%)
[Layer Freezing] Training last 4 transformer layers (layers 8-11)
[Layer Freezing] Trainable params: 28,384,555 / 108,924,715 (26.1%)
[Layer Freezing] Training last 4 transformer layers (layers 8-11)
[Layer Freezing] Trainable params: 28,384,555 / 108,924,715 (26.1%)
[Layer Freezing] Training last 4 transformer layers (layers 8-11)
[Layer Freezing] Trainable params: 28,384,555 / 108,924,715 (26.1%)
[Layer Freezing] Training last 4 transformer layers (layers 8-11)
[Layer Freezing] Trainable params: 28,384,555 / 108,924,715 (26.1%)
[Layer Freezing] Training last 4 transformer layers (layers 8-11)
[Layer Freezing] Trainable params: 28,384,555 / 108,924,715 (26.1%)
[Round 69] T=3.25  α_ce=0.85  α_kd=0.15
 Round 69 | F1 0.5230 | P 0.6024 | R 0.4621 | Time 38.9s | Comm N/A | Local Avg F1: 0.4459

=== Round 70/100 ===
[Round 70] KD=ON | policy=prev_global
[Layer Freezing] Training last 4 transformer layers (layers 8-11)
[Layer Freezing] Trainable params: 28,384,555 / 108,924,715 (26.1%)
[Layer Freezing] Training last 4 transformer layers (layers 8-11)
[Layer Freezing] Trainable params: 28,384,555 / 108,924,715 (26.1%)
[Layer Freezing] Training last 4 transformer layers (layers 8-11)
[Layer Freezing] Trainable params: 28,384,555 / 108,924,715 (26.1%)
[Layer Freezing] Training last 4 transformer layers (layers 8-11)
[Layer Freezing] Trainable params: 28,384,555 / 108,924,715 (26.1%)
[Layer Freezing] Training last 4 transformer layers (layers 8-11)
[Layer Freezing] Trainable params: 28,384,555 / 108,924,715 (26.1%)
[Layer Freezing] Training last 4 transformer layers (layers 8-11)
[Layer Freezing] Trainable params: 28,384,555 / 108,924,715 (26.1%)
[Layer Freezing] Training last 4 transformer layers (layers 8-11)
[Layer Freezing] Trainable params: 28,384,555 / 108,924,715 (26.1%)
[Layer Freezing] Training last 4 transformer layers (layers 8-11)
[Layer Freezing] Trainable params: 28,384,555 / 108,924,715 (26.1%)
[Layer Freezing] Training last 4 transformer layers (layers 8-11)
[Layer Freezing] Trainable params: 28,384,555 / 108,924,715 (26.1%)
[Layer Freezing] Training last 4 transformer layers (layers 8-11)
[Layer Freezing] Trainable params: 28,384,555 / 108,924,715 (26.1%)
[Round 70] T=3.25  α_ce=0.85  α_kd=0.15
 Round 70 | F1 0.5190 | P 0.6213 | R 0.4456 | Time 39.3s | Comm N/A | Local Avg F1: 0.4454

=== Round 71/100 ===
[Round 71] KD=ON | policy=prev_global
[Layer Freezing] Training last 4 transformer layers (layers 8-11)
[Layer Freezing] Trainable params: 28,384,555 / 108,924,715 (26.1%)
[Layer Freezing] Training last 4 transformer layers (layers 8-11)
[Layer Freezing] Trainable params: 28,384,555 / 108,924,715 (26.1%)
[Layer Freezing] Training last 4 transformer layers (layers 8-11)
[Layer Freezing] Trainable params: 28,384,555 / 108,924,715 (26.1%)
[Layer Freezing] Training last 4 transformer layers (layers 8-11)
[Layer Freezing] Trainable params: 28,384,555 / 108,924,715 (26.1%)
[Layer Freezing] Training last 4 transformer layers (layers 8-11)
[Layer Freezing] Trainable params: 28,384,555 / 108,924,715 (26.1%)
[Layer Freezing] Training last 4 transformer layers (layers 8-11)
[Layer Freezing] Trainable params: 28,384,555 / 108,924,715 (26.1%)
[Layer Freezing] Training last 4 transformer layers (layers 8-11)
[Layer Freezing] Trainable params: 28,384,555 / 108,924,715 (26.1%)
[Layer Freezing] Training last 4 transformer layers (layers 8-11)
[Layer Freezing] Trainable params: 28,384,555 / 108,924,715 (26.1%)
[Layer Freezing] Training last 4 transformer layers (layers 8-11)
[Layer Freezing] Trainable params: 28,384,555 / 108,924,715 (26.1%)
[Layer Freezing] Training last 4 transformer layers (layers 8-11)
[Layer Freezing] Trainable params: 28,384,555 / 108,924,715 (26.1%)
[Round 71] T=3.25  α_ce=0.85  α_kd=0.15
 Round 71 | F1 0.5227 | P 0.6156 | R 0.4542 | Time 39.3s | Comm N/A | Local Avg F1: 0.4467

=== Round 72/100 ===
[Round 72] KD=ON | policy=prev_global
[Layer Freezing] Training last 4 transformer layers (layers 8-11)
[Layer Freezing] Trainable params: 28,384,555 / 108,924,715 (26.1%)
[Layer Freezing] Training last 4 transformer layers (layers 8-11)
[Layer Freezing] Trainable params: 28,384,555 / 108,924,715 (26.1%)
[Layer Freezing] Training last 4 transformer layers (layers 8-11)
[Layer Freezing] Trainable params: 28,384,555 / 108,924,715 (26.1%)
[Layer Freezing] Training last 4 transformer layers (layers 8-11)
[Layer Freezing] Trainable params: 28,384,555 / 108,924,715 (26.1%)
[Layer Freezing] Training last 4 transformer layers (layers 8-11)
[Layer Freezing] Trainable params: 28,384,555 / 108,924,715 (26.1%)
[Layer Freezing] Training last 4 transformer layers (layers 8-11)
[Layer Freezing] Trainable params: 28,384,555 / 108,924,715 (26.1%)
[Layer Freezing] Training last 4 transformer layers (layers 8-11)
[Layer Freezing] Trainable params: 28,384,555 / 108,924,715 (26.1%)
[Layer Freezing] Training last 4 transformer layers (layers 8-11)
[Layer Freezing] Trainable params: 28,384,555 / 108,924,715 (26.1%)
[Layer Freezing] Training last 4 transformer layers (layers 8-11)
[Layer Freezing] Trainable params: 28,384,555 / 108,924,715 (26.1%)
[Layer Freezing] Training last 4 transformer layers (layers 8-11)
[Layer Freezing] Trainable params: 28,384,555 / 108,924,715 (26.1%)
[Round 72] T=3.25  α_ce=0.85  α_kd=0.15
 Round 72 | F1 0.5215 | P 0.6119 | R 0.4544 | Time 39.7s | Comm N/A | Local Avg F1: 0.4511

=== Round 73/100 ===
[Round 73] KD=ON | policy=prev_global
[Layer Freezing] Training last 4 transformer layers (layers 8-11)
[Layer Freezing] Trainable params: 28,384,555 / 108,924,715 (26.1%)
[Layer Freezing] Training last 4 transformer layers (layers 8-11)
[Layer Freezing] Trainable params: 28,384,555 / 108,924,715 (26.1%)
[Layer Freezing] Training last 4 transformer layers (layers 8-11)
[Layer Freezing] Trainable params: 28,384,555 / 108,924,715 (26.1%)
[Layer Freezing] Training last 4 transformer layers (layers 8-11)
[Layer Freezing] Trainable params: 28,384,555 / 108,924,715 (26.1%)
[Layer Freezing] Training last 4 transformer layers (layers 8-11)
[Layer Freezing] Trainable params: 28,384,555 / 108,924,715 (26.1%)
[Layer Freezing] Training last 4 transformer layers (layers 8-11)
[Layer Freezing] Trainable params: 28,384,555 / 108,924,715 (26.1%)
[Layer Freezing] Training last 4 transformer layers (layers 8-11)
[Layer Freezing] Trainable params: 28,384,555 / 108,924,715 (26.1%)
[Layer Freezing] Training last 4 transformer layers (layers 8-11)
[Layer Freezing] Trainable params: 28,384,555 / 108,924,715 (26.1%)
[Layer Freezing] Training last 4 transformer layers (layers 8-11)
[Layer Freezing] Trainable params: 28,384,555 / 108,924,715 (26.1%)
[Layer Freezing] Training last 4 transformer layers (layers 8-11)
[Layer Freezing] Trainable params: 28,384,555 / 108,924,715 (26.1%)
[Round 73] T=3.25  α_ce=0.85  α_kd=0.15
 Round 73 | F1 0.5217 | P 0.6132 | R 0.4540 | Time 39.5s | Comm N/A | Local Avg F1: 0.4532

=== Round 74/100 ===
[Round 74] KD=ON | policy=prev_global
[Layer Freezing] Training last 4 transformer layers (layers 8-11)
[Layer Freezing] Trainable params: 28,384,555 / 108,924,715 (26.1%)
[Layer Freezing] Training last 4 transformer layers (layers 8-11)
[Layer Freezing] Trainable params: 28,384,555 / 108,924,715 (26.1%)
[Layer Freezing] Training last 4 transformer layers (layers 8-11)
[Layer Freezing] Trainable params: 28,384,555 / 108,924,715 (26.1%)
[Layer Freezing] Training last 4 transformer layers (layers 8-11)
[Layer Freezing] Trainable params: 28,384,555 / 108,924,715 (26.1%)
[Layer Freezing] Training last 4 transformer layers (layers 8-11)
[Layer Freezing] Trainable params: 28,384,555 / 108,924,715 (26.1%)
[Layer Freezing] Training last 4 transformer layers (layers 8-11)
[Layer Freezing] Trainable params: 28,384,555 / 108,924,715 (26.1%)
[Layer Freezing] Training last 4 transformer layers (layers 8-11)
[Layer Freezing] Trainable params: 28,384,555 / 108,924,715 (26.1%)
[Layer Freezing] Training last 4 transformer layers (layers 8-11)
[Layer Freezing] Trainable params: 28,384,555 / 108,924,715 (26.1%)
[Layer Freezing] Training last 4 transformer layers (layers 8-11)
[Layer Freezing] Trainable params: 28,384,555 / 108,924,715 (26.1%)
[Layer Freezing] Training last 4 transformer layers (layers 8-11)
[Layer Freezing] Trainable params: 28,384,555 / 108,924,715 (26.1%)
[Round 74] T=3.25  α_ce=0.85  α_kd=0.15
 Round 74 | F1 0.5250 | P 0.6166 | R 0.4571 | Time 39.3s | Comm N/A | Local Avg F1: 0.4534

=== Round 75/100 ===
[Round 75] KD=ON | policy=prev_global
[Layer Freezing] Training last 4 transformer layers (layers 8-11)
[Layer Freezing] Trainable params: 28,384,555 / 108,924,715 (26.1%)
[Layer Freezing] Training last 4 transformer layers (layers 8-11)
[Layer Freezing] Trainable params: 28,384,555 / 108,924,715 (26.1%)
[Layer Freezing] Training last 4 transformer layers (layers 8-11)
[Layer Freezing] Trainable params: 28,384,555 / 108,924,715 (26.1%)
[Layer Freezing] Training last 4 transformer layers (layers 8-11)
[Layer Freezing] Trainable params: 28,384,555 / 108,924,715 (26.1%)
[Layer Freezing] Training last 4 transformer layers (layers 8-11)
[Layer Freezing] Trainable params: 28,384,555 / 108,924,715 (26.1%)
[Layer Freezing] Training last 4 transformer layers (layers 8-11)
[Layer Freezing] Trainable params: 28,384,555 / 108,924,715 (26.1%)
[Layer Freezing] Training last 4 transformer layers (layers 8-11)
[Layer Freezing] Trainable params: 28,384,555 / 108,924,715 (26.1%)
[Layer Freezing] Training last 4 transformer layers (layers 8-11)
[Layer Freezing] Trainable params: 28,384,555 / 108,924,715 (26.1%)
[Layer Freezing] Training last 4 transformer layers (layers 8-11)
[Layer Freezing] Trainable params: 28,384,555 / 108,924,715 (26.1%)
[Layer Freezing] Training last 4 transformer layers (layers 8-11)
[Layer Freezing] Trainable params: 28,384,555 / 108,924,715 (26.1%)
[Round 75] T=3.25  α_ce=0.85  α_kd=0.15
 Round 75 | F1 0.5155 | P 0.6246 | R 0.4388 | Time 39.7s | Comm N/A | Local Avg F1: 0.4467

=== Round 76/100 ===
[Round 76] KD=ON | policy=prev_global
[Layer Freezing] Training last 4 transformer layers (layers 8-11)
[Layer Freezing] Trainable params: 28,384,555 / 108,924,715 (26.1%)
[Layer Freezing] Training last 4 transformer layers (layers 8-11)
[Layer Freezing] Trainable params: 28,384,555 / 108,924,715 (26.1%)
[Layer Freezing] Training last 4 transformer layers (layers 8-11)
[Layer Freezing] Trainable params: 28,384,555 / 108,924,715 (26.1%)
[Layer Freezing] Training last 4 transformer layers (layers 8-11)
[Layer Freezing] Trainable params: 28,384,555 / 108,924,715 (26.1%)
[Layer Freezing] Training last 4 transformer layers (layers 8-11)
[Layer Freezing] Trainable params: 28,384,555 / 108,924,715 (26.1%)
[Layer Freezing] Training last 4 transformer layers (layers 8-11)
[Layer Freezing] Trainable params: 28,384,555 / 108,924,715 (26.1%)
[Layer Freezing] Training last 4 transformer layers (layers 8-11)
[Layer Freezing] Trainable params: 28,384,555 / 108,924,715 (26.1%)
[Layer Freezing] Training last 4 transformer layers (layers 8-11)
[Layer Freezing] Trainable params: 28,384,555 / 108,924,715 (26.1%)
[Layer Freezing] Training last 4 transformer layers (layers 8-11)
[Layer Freezing] Trainable params: 28,384,555 / 108,924,715 (26.1%)
[Layer Freezing] Training last 4 transformer layers (layers 8-11)
[Layer Freezing] Trainable params: 28,384,555 / 108,924,715 (26.1%)
[Round 76] T=3.25  α_ce=0.85  α_kd=0.15
 Round 76 | F1 0.5334 | P 0.6106 | R 0.4736 | Time 39.4s | Comm N/A | Local Avg F1: 0.4622

=== Round 77/100 ===
[Round 77] KD=ON | policy=prev_global
[Layer Freezing] Training last 4 transformer layers (layers 8-11)
[Layer Freezing] Trainable params: 28,384,555 / 108,924,715 (26.1%)
[Layer Freezing] Training last 4 transformer layers (layers 8-11)
[Layer Freezing] Trainable params: 28,384,555 / 108,924,715 (26.1%)
[Layer Freezing] Training last 4 transformer layers (layers 8-11)
[Layer Freezing] Trainable params: 28,384,555 / 108,924,715 (26.1%)
[Layer Freezing] Training last 4 transformer layers (layers 8-11)
[Layer Freezing] Trainable params: 28,384,555 / 108,924,715 (26.1%)
[Layer Freezing] Training last 4 transformer layers (layers 8-11)
[Layer Freezing] Trainable params: 28,384,555 / 108,924,715 (26.1%)
[Layer Freezing] Training last 4 transformer layers (layers 8-11)
[Layer Freezing] Trainable params: 28,384,555 / 108,924,715 (26.1%)
[Layer Freezing] Training last 4 transformer layers (layers 8-11)
[Layer Freezing] Trainable params: 28,384,555 / 108,924,715 (26.1%)
[Layer Freezing] Training last 4 transformer layers (layers 8-11)
[Layer Freezing] Trainable params: 28,384,555 / 108,924,715 (26.1%)
[Layer Freezing] Training last 4 transformer layers (layers 8-11)
[Layer Freezing] Trainable params: 28,384,555 / 108,924,715 (26.1%)
[Layer Freezing] Training last 4 transformer layers (layers 8-11)
[Layer Freezing] Trainable params: 28,384,555 / 108,924,715 (26.1%)
[Round 77] T=3.25  α_ce=0.85  α_kd=0.15
 Round 77 | F1 0.5225 | P 0.6196 | R 0.4518 | Time 39.6s | Comm N/A | Local Avg F1: 0.4534

=== Round 78/100 ===
[Round 78] KD=ON | policy=prev_global
[Layer Freezing] Training last 4 transformer layers (layers 8-11)
[Layer Freezing] Trainable params: 28,384,555 / 108,924,715 (26.1%)
[Layer Freezing] Training last 4 transformer layers (layers 8-11)
[Layer Freezing] Trainable params: 28,384,555 / 108,924,715 (26.1%)
[Layer Freezing] Training last 4 transformer layers (layers 8-11)
[Layer Freezing] Trainable params: 28,384,555 / 108,924,715 (26.1%)
[Layer Freezing] Training last 4 transformer layers (layers 8-11)
[Layer Freezing] Trainable params: 28,384,555 / 108,924,715 (26.1%)
[Layer Freezing] Training last 4 transformer layers (layers 8-11)
[Layer Freezing] Trainable params: 28,384,555 / 108,924,715 (26.1%)
[Layer Freezing] Training last 4 transformer layers (layers 8-11)
[Layer Freezing] Trainable params: 28,384,555 / 108,924,715 (26.1%)
[Layer Freezing] Training last 4 transformer layers (layers 8-11)
[Layer Freezing] Trainable params: 28,384,555 / 108,924,715 (26.1%)
[Layer Freezing] Training last 4 transformer layers (layers 8-11)
[Layer Freezing] Trainable params: 28,384,555 / 108,924,715 (26.1%)
[Layer Freezing] Training last 4 transformer layers (layers 8-11)
[Layer Freezing] Trainable params: 28,384,555 / 108,924,715 (26.1%)
[Layer Freezing] Training last 4 transformer layers (layers 8-11)
[Layer Freezing] Trainable params: 28,384,555 / 108,924,715 (26.1%)
[Round 78] T=3.25  α_ce=0.85  α_kd=0.15
 Round 78 | F1 0.5246 | P 0.6218 | R 0.4536 | Time 39.5s | Comm N/A | Local Avg F1: 0.4544

=== Round 79/100 ===
[Round 79] KD=ON | policy=prev_global
[Layer Freezing] Training last 4 transformer layers (layers 8-11)
[Layer Freezing] Trainable params: 28,384,555 / 108,924,715 (26.1%)
[Layer Freezing] Training last 4 transformer layers (layers 8-11)
[Layer Freezing] Trainable params: 28,384,555 / 108,924,715 (26.1%)
[Layer Freezing] Training last 4 transformer layers (layers 8-11)
[Layer Freezing] Trainable params: 28,384,555 / 108,924,715 (26.1%)
[Layer Freezing] Training last 4 transformer layers (layers 8-11)
[Layer Freezing] Trainable params: 28,384,555 / 108,924,715 (26.1%)
[Layer Freezing] Training last 4 transformer layers (layers 8-11)
[Layer Freezing] Trainable params: 28,384,555 / 108,924,715 (26.1%)
[Layer Freezing] Training last 4 transformer layers (layers 8-11)
[Layer Freezing] Trainable params: 28,384,555 / 108,924,715 (26.1%)
[Layer Freezing] Training last 4 transformer layers (layers 8-11)
[Layer Freezing] Trainable params: 28,384,555 / 108,924,715 (26.1%)
[Layer Freezing] Training last 4 transformer layers (layers 8-11)
[Layer Freezing] Trainable params: 28,384,555 / 108,924,715 (26.1%)
[Layer Freezing] Training last 4 transformer layers (layers 8-11)
[Layer Freezing] Trainable params: 28,384,555 / 108,924,715 (26.1%)
[Layer Freezing] Training last 4 transformer layers (layers 8-11)
[Layer Freezing] Trainable params: 28,384,555 / 108,924,715 (26.1%)
[Round 79] T=3.25  α_ce=0.85  α_kd=0.15
 Round 79 | F1 0.5258 | P 0.6261 | R 0.4532 | Time 39.3s | Comm N/A | Local Avg F1: 0.4540

=== Round 80/100 ===
[Round 80] KD=ON | policy=prev_global
[Layer Freezing] Training last 4 transformer layers (layers 8-11)
[Layer Freezing] Trainable params: 28,384,555 / 108,924,715 (26.1%)
[Layer Freezing] Training last 4 transformer layers (layers 8-11)
[Layer Freezing] Trainable params: 28,384,555 / 108,924,715 (26.1%)
[Layer Freezing] Training last 4 transformer layers (layers 8-11)
[Layer Freezing] Trainable params: 28,384,555 / 108,924,715 (26.1%)
[Layer Freezing] Training last 4 transformer layers (layers 8-11)
[Layer Freezing] Trainable params: 28,384,555 / 108,924,715 (26.1%)
[Layer Freezing] Training last 4 transformer layers (layers 8-11)
[Layer Freezing] Trainable params: 28,384,555 / 108,924,715 (26.1%)
[Layer Freezing] Training last 4 transformer layers (layers 8-11)
[Layer Freezing] Trainable params: 28,384,555 / 108,924,715 (26.1%)
[Layer Freezing] Training last 4 transformer layers (layers 8-11)
[Layer Freezing] Trainable params: 28,384,555 / 108,924,715 (26.1%)
[Layer Freezing] Training last 4 transformer layers (layers 8-11)
[Layer Freezing] Trainable params: 28,384,555 / 108,924,715 (26.1%)
[Layer Freezing] Training last 4 transformer layers (layers 8-11)
[Layer Freezing] Trainable params: 28,384,555 / 108,924,715 (26.1%)
[Layer Freezing] Training last 4 transformer layers (layers 8-11)
[Layer Freezing] Trainable params: 28,384,555 / 108,924,715 (26.1%)
[Round 80] T=3.25  α_ce=0.85  α_kd=0.15
 Round 80 | F1 0.5302 | P 0.6215 | R 0.4623 | Time 39.7s | Comm N/A | Local Avg F1: 0.4565

=== Round 81/100 ===
[Round 81] KD=ON | policy=prev_global
[Layer Freezing] Training last 4 transformer layers (layers 8-11)
[Layer Freezing] Trainable params: 28,384,555 / 108,924,715 (26.1%)
[Layer Freezing] Training last 4 transformer layers (layers 8-11)
[Layer Freezing] Trainable params: 28,384,555 / 108,924,715 (26.1%)
[Layer Freezing] Training last 4 transformer layers (layers 8-11)
[Layer Freezing] Trainable params: 28,384,555 / 108,924,715 (26.1%)
[Layer Freezing] Training last 4 transformer layers (layers 8-11)
[Layer Freezing] Trainable params: 28,384,555 / 108,924,715 (26.1%)
[Layer Freezing] Training last 4 transformer layers (layers 8-11)
[Layer Freezing] Trainable params: 28,384,555 / 108,924,715 (26.1%)
[Layer Freezing] Training last 4 transformer layers (layers 8-11)
[Layer Freezing] Trainable params: 28,384,555 / 108,924,715 (26.1%)
[Layer Freezing] Training last 4 transformer layers (layers 8-11)
[Layer Freezing] Trainable params: 28,384,555 / 108,924,715 (26.1%)
[Layer Freezing] Training last 4 transformer layers (layers 8-11)
[Layer Freezing] Trainable params: 28,384,555 / 108,924,715 (26.1%)
[Layer Freezing] Training last 4 transformer layers (layers 8-11)
[Layer Freezing] Trainable params: 28,384,555 / 108,924,715 (26.1%)
[Layer Freezing] Training last 4 transformer layers (layers 8-11)
[Layer Freezing] Trainable params: 28,384,555 / 108,924,715 (26.1%)
[Round 81] T=3.25  α_ce=0.85  α_kd=0.15
 Round 81 | F1 0.5223 | P 0.6239 | R 0.4491 | Time 40.2s | Comm N/A | Local Avg F1: 0.4538

=== Round 82/100 ===
[Round 82] KD=ON | policy=prev_global
[Layer Freezing] Training last 4 transformer layers (layers 8-11)
[Layer Freezing] Trainable params: 28,384,555 / 108,924,715 (26.1%)
[Layer Freezing] Training last 4 transformer layers (layers 8-11)
[Layer Freezing] Trainable params: 28,384,555 / 108,924,715 (26.1%)
[Layer Freezing] Training last 4 transformer layers (layers 8-11)
[Layer Freezing] Trainable params: 28,384,555 / 108,924,715 (26.1%)
[Layer Freezing] Training last 4 transformer layers (layers 8-11)
[Layer Freezing] Trainable params: 28,384,555 / 108,924,715 (26.1%)
[Layer Freezing] Training last 4 transformer layers (layers 8-11)
[Layer Freezing] Trainable params: 28,384,555 / 108,924,715 (26.1%)
[Layer Freezing] Training last 4 transformer layers (layers 8-11)
[Layer Freezing] Trainable params: 28,384,555 / 108,924,715 (26.1%)
[Layer Freezing] Training last 4 transformer layers (layers 8-11)
[Layer Freezing] Trainable params: 28,384,555 / 108,924,715 (26.1%)
[Layer Freezing] Training last 4 transformer layers (layers 8-11)
[Layer Freezing] Trainable params: 28,384,555 / 108,924,715 (26.1%)
[Layer Freezing] Training last 4 transformer layers (layers 8-11)
[Layer Freezing] Trainable params: 28,384,555 / 108,924,715 (26.1%)
[Layer Freezing] Training last 4 transformer layers (layers 8-11)
[Layer Freezing] Trainable params: 28,384,555 / 108,924,715 (26.1%)
[Round 82] T=3.25  α_ce=0.85  α_kd=0.15
 Round 82 | F1 0.5259 | P 0.6196 | R 0.4568 | Time 39.1s | Comm N/A | Local Avg F1: 0.4559

=== Round 83/100 ===
[Round 83] KD=ON | policy=prev_global
[Layer Freezing] Training last 4 transformer layers (layers 8-11)
[Layer Freezing] Trainable params: 28,384,555 / 108,924,715 (26.1%)
[Layer Freezing] Training last 4 transformer layers (layers 8-11)
[Layer Freezing] Trainable params: 28,384,555 / 108,924,715 (26.1%)
[Layer Freezing] Training last 4 transformer layers (layers 8-11)
[Layer Freezing] Trainable params: 28,384,555 / 108,924,715 (26.1%)
[Layer Freezing] Training last 4 transformer layers (layers 8-11)
[Layer Freezing] Trainable params: 28,384,555 / 108,924,715 (26.1%)
[Layer Freezing] Training last 4 transformer layers (layers 8-11)
[Layer Freezing] Trainable params: 28,384,555 / 108,924,715 (26.1%)
[Layer Freezing] Training last 4 transformer layers (layers 8-11)
[Layer Freezing] Trainable params: 28,384,555 / 108,924,715 (26.1%)
[Layer Freezing] Training last 4 transformer layers (layers 8-11)
[Layer Freezing] Trainable params: 28,384,555 / 108,924,715 (26.1%)
[Layer Freezing] Training last 4 transformer layers (layers 8-11)
[Layer Freezing] Trainable params: 28,384,555 / 108,924,715 (26.1%)
[Layer Freezing] Training last 4 transformer layers (layers 8-11)
[Layer Freezing] Trainable params: 28,384,555 / 108,924,715 (26.1%)
[Layer Freezing] Training last 4 transformer layers (layers 8-11)
[Layer Freezing] Trainable params: 28,384,555 / 108,924,715 (26.1%)
[Round 83] T=3.25  α_ce=0.85  α_kd=0.15
 Round 83 | F1 0.5328 | P 0.6125 | R 0.4715 | Time 39.2s | Comm N/A | Local Avg F1: 0.4600

=== Round 84/100 ===
[Round 84] KD=ON | policy=prev_global
[Layer Freezing] Training last 4 transformer layers (layers 8-11)
[Layer Freezing] Trainable params: 28,384,555 / 108,924,715 (26.1%)
[Layer Freezing] Training last 4 transformer layers (layers 8-11)
[Layer Freezing] Trainable params: 28,384,555 / 108,924,715 (26.1%)
[Layer Freezing] Training last 4 transformer layers (layers 8-11)
[Layer Freezing] Trainable params: 28,384,555 / 108,924,715 (26.1%)
[Layer Freezing] Training last 4 transformer layers (layers 8-11)
[Layer Freezing] Trainable params: 28,384,555 / 108,924,715 (26.1%)
[Layer Freezing] Training last 4 transformer layers (layers 8-11)
[Layer Freezing] Trainable params: 28,384,555 / 108,924,715 (26.1%)
[Layer Freezing] Training last 4 transformer layers (layers 8-11)
[Layer Freezing] Trainable params: 28,384,555 / 108,924,715 (26.1%)
[Layer Freezing] Training last 4 transformer layers (layers 8-11)
[Layer Freezing] Trainable params: 28,384,555 / 108,924,715 (26.1%)
[Layer Freezing] Training last 4 transformer layers (layers 8-11)
[Layer Freezing] Trainable params: 28,384,555 / 108,924,715 (26.1%)
[Layer Freezing] Training last 4 transformer layers (layers 8-11)
[Layer Freezing] Trainable params: 28,384,555 / 108,924,715 (26.1%)
[Layer Freezing] Training last 4 transformer layers (layers 8-11)
[Layer Freezing] Trainable params: 28,384,555 / 108,924,715 (26.1%)
[Round 84] T=3.25  α_ce=0.85  α_kd=0.15
 Round 84 | F1 0.5399 | P 0.6134 | R 0.4821 | Time 39.5s | Comm N/A | Local Avg F1: 0.4611

=== Round 85/100 ===
[Round 85] KD=ON | policy=prev_global
[Layer Freezing] Training last 4 transformer layers (layers 8-11)
[Layer Freezing] Trainable params: 28,384,555 / 108,924,715 (26.1%)
[Layer Freezing] Training last 4 transformer layers (layers 8-11)
[Layer Freezing] Trainable params: 28,384,555 / 108,924,715 (26.1%)
[Layer Freezing] Training last 4 transformer layers (layers 8-11)
[Layer Freezing] Trainable params: 28,384,555 / 108,924,715 (26.1%)
[Layer Freezing] Training last 4 transformer layers (layers 8-11)
[Layer Freezing] Trainable params: 28,384,555 / 108,924,715 (26.1%)
[Layer Freezing] Training last 4 transformer layers (layers 8-11)
[Layer Freezing] Trainable params: 28,384,555 / 108,924,715 (26.1%)
[Layer Freezing] Training last 4 transformer layers (layers 8-11)
[Layer Freezing] Trainable params: 28,384,555 / 108,924,715 (26.1%)
[Layer Freezing] Training last 4 transformer layers (layers 8-11)
[Layer Freezing] Trainable params: 28,384,555 / 108,924,715 (26.1%)
[Layer Freezing] Training last 4 transformer layers (layers 8-11)
[Layer Freezing] Trainable params: 28,384,555 / 108,924,715 (26.1%)
[Layer Freezing] Training last 4 transformer layers (layers 8-11)
[Layer Freezing] Trainable params: 28,384,555 / 108,924,715 (26.1%)
[Layer Freezing] Training last 4 transformer layers (layers 8-11)
[Layer Freezing] Trainable params: 28,384,555 / 108,924,715 (26.1%)
[Round 85] T=3.25  α_ce=0.85  α_kd=0.15
 Round 85 | F1 0.5194 | P 0.6335 | R 0.4402 | Time 39.7s | Comm N/A | Local Avg F1: 0.4465

=== Round 86/100 ===
[Round 86] KD=ON | policy=prev_global
[Layer Freezing] Training last 4 transformer layers (layers 8-11)
[Layer Freezing] Trainable params: 28,384,555 / 108,924,715 (26.1%)
[Layer Freezing] Training last 4 transformer layers (layers 8-11)
[Layer Freezing] Trainable params: 28,384,555 / 108,924,715 (26.1%)
[Layer Freezing] Training last 4 transformer layers (layers 8-11)
[Layer Freezing] Trainable params: 28,384,555 / 108,924,715 (26.1%)
[Layer Freezing] Training last 4 transformer layers (layers 8-11)
[Layer Freezing] Trainable params: 28,384,555 / 108,924,715 (26.1%)
[Layer Freezing] Training last 4 transformer layers (layers 8-11)
[Layer Freezing] Trainable params: 28,384,555 / 108,924,715 (26.1%)
[Layer Freezing] Training last 4 transformer layers (layers 8-11)
[Layer Freezing] Trainable params: 28,384,555 / 108,924,715 (26.1%)
[Layer Freezing] Training last 4 transformer layers (layers 8-11)
[Layer Freezing] Trainable params: 28,384,555 / 108,924,715 (26.1%)
[Layer Freezing] Training last 4 transformer layers (layers 8-11)
[Layer Freezing] Trainable params: 28,384,555 / 108,924,715 (26.1%)
[Layer Freezing] Training last 4 transformer layers (layers 8-11)
[Layer Freezing] Trainable params: 28,384,555 / 108,924,715 (26.1%)
[Layer Freezing] Training last 4 transformer layers (layers 8-11)
[Layer Freezing] Trainable params: 28,384,555 / 108,924,715 (26.1%)
[Round 86] T=3.25  α_ce=0.85  α_kd=0.15
 Round 86 | F1 0.5349 | P 0.6207 | R 0.4700 | Time 39.8s | Comm N/A | Local Avg F1: 0.4591

=== Round 87/100 ===
[Round 87] KD=ON | policy=prev_global
[Layer Freezing] Training last 4 transformer layers (layers 8-11)
[Layer Freezing] Trainable params: 28,384,555 / 108,924,715 (26.1%)
[Layer Freezing] Training last 4 transformer layers (layers 8-11)
[Layer Freezing] Trainable params: 28,384,555 / 108,924,715 (26.1%)
[Layer Freezing] Training last 4 transformer layers (layers 8-11)
[Layer Freezing] Trainable params: 28,384,555 / 108,924,715 (26.1%)
[Layer Freezing] Training last 4 transformer layers (layers 8-11)
[Layer Freezing] Trainable params: 28,384,555 / 108,924,715 (26.1%)
[Layer Freezing] Training last 4 transformer layers (layers 8-11)
[Layer Freezing] Trainable params: 28,384,555 / 108,924,715 (26.1%)
[Layer Freezing] Training last 4 transformer layers (layers 8-11)
[Layer Freezing] Trainable params: 28,384,555 / 108,924,715 (26.1%)
[Layer Freezing] Training last 4 transformer layers (layers 8-11)
[Layer Freezing] Trainable params: 28,384,555 / 108,924,715 (26.1%)
[Layer Freezing] Training last 4 transformer layers (layers 8-11)
[Layer Freezing] Trainable params: 28,384,555 / 108,924,715 (26.1%)
[Layer Freezing] Training last 4 transformer layers (layers 8-11)
[Layer Freezing] Trainable params: 28,384,555 / 108,924,715 (26.1%)
[Layer Freezing] Training last 4 transformer layers (layers 8-11)
[Layer Freezing] Trainable params: 28,384,555 / 108,924,715 (26.1%)
[Round 87] T=3.25  α_ce=0.85  α_kd=0.15
 Round 87 | F1 0.5374 | P 0.6081 | R 0.4815 | Time 39.6s | Comm N/A | Local Avg F1: 0.4631

=== Round 88/100 ===
[Round 88] KD=ON | policy=prev_global
[Layer Freezing] Training last 4 transformer layers (layers 8-11)
[Layer Freezing] Trainable params: 28,384,555 / 108,924,715 (26.1%)
[Layer Freezing] Training last 4 transformer layers (layers 8-11)
[Layer Freezing] Trainable params: 28,384,555 / 108,924,715 (26.1%)
[Layer Freezing] Training last 4 transformer layers (layers 8-11)
[Layer Freezing] Trainable params: 28,384,555 / 108,924,715 (26.1%)
[Layer Freezing] Training last 4 transformer layers (layers 8-11)
[Layer Freezing] Trainable params: 28,384,555 / 108,924,715 (26.1%)
[Layer Freezing] Training last 4 transformer layers (layers 8-11)
[Layer Freezing] Trainable params: 28,384,555 / 108,924,715 (26.1%)
[Layer Freezing] Training last 4 transformer layers (layers 8-11)
[Layer Freezing] Trainable params: 28,384,555 / 108,924,715 (26.1%)
[Layer Freezing] Training last 4 transformer layers (layers 8-11)
[Layer Freezing] Trainable params: 28,384,555 / 108,924,715 (26.1%)
[Layer Freezing] Training last 4 transformer layers (layers 8-11)
[Layer Freezing] Trainable params: 28,384,555 / 108,924,715 (26.1%)
[Layer Freezing] Training last 4 transformer layers (layers 8-11)
[Layer Freezing] Trainable params: 28,384,555 / 108,924,715 (26.1%)
[Layer Freezing] Training last 4 transformer layers (layers 8-11)
[Layer Freezing] Trainable params: 28,384,555 / 108,924,715 (26.1%)
[Round 88] T=3.25  α_ce=0.85  α_kd=0.15
 Round 88 | F1 0.5325 | P 0.6152 | R 0.4694 | Time 39.4s | Comm N/A | Local Avg F1: 0.4610

=== Round 89/100 ===
[Round 89] KD=ON | policy=prev_global
[Layer Freezing] Training last 4 transformer layers (layers 8-11)
[Layer Freezing] Trainable params: 28,384,555 / 108,924,715 (26.1%)
[Layer Freezing] Training last 4 transformer layers (layers 8-11)
[Layer Freezing] Trainable params: 28,384,555 / 108,924,715 (26.1%)
[Layer Freezing] Training last 4 transformer layers (layers 8-11)
[Layer Freezing] Trainable params: 28,384,555 / 108,924,715 (26.1%)
[Layer Freezing] Training last 4 transformer layers (layers 8-11)
[Layer Freezing] Trainable params: 28,384,555 / 108,924,715 (26.1%)
[Layer Freezing] Training last 4 transformer layers (layers 8-11)
[Layer Freezing] Trainable params: 28,384,555 / 108,924,715 (26.1%)
[Layer Freezing] Training last 4 transformer layers (layers 8-11)
[Layer Freezing] Trainable params: 28,384,555 / 108,924,715 (26.1%)
[Layer Freezing] Training last 4 transformer layers (layers 8-11)
[Layer Freezing] Trainable params: 28,384,555 / 108,924,715 (26.1%)
[Layer Freezing] Training last 4 transformer layers (layers 8-11)
[Layer Freezing] Trainable params: 28,384,555 / 108,924,715 (26.1%)
[Layer Freezing] Training last 4 transformer layers (layers 8-11)
[Layer Freezing] Trainable params: 28,384,555 / 108,924,715 (26.1%)
[Layer Freezing] Training last 4 transformer layers (layers 8-11)
[Layer Freezing] Trainable params: 28,384,555 / 108,924,715 (26.1%)
[Round 89] T=3.25  α_ce=0.85  α_kd=0.15
 Round 89 | F1 0.5336 | P 0.6164 | R 0.4704 | Time 39.1s | Comm N/A | Local Avg F1: 0.4571

=== Round 90/100 ===
[Round 90] KD=ON | policy=prev_global
[Layer Freezing] Training last 4 transformer layers (layers 8-11)
[Layer Freezing] Trainable params: 28,384,555 / 108,924,715 (26.1%)
[Layer Freezing] Training last 4 transformer layers (layers 8-11)
[Layer Freezing] Trainable params: 28,384,555 / 108,924,715 (26.1%)
[Layer Freezing] Training last 4 transformer layers (layers 8-11)
[Layer Freezing] Trainable params: 28,384,555 / 108,924,715 (26.1%)
[Layer Freezing] Training last 4 transformer layers (layers 8-11)
[Layer Freezing] Trainable params: 28,384,555 / 108,924,715 (26.1%)
[Layer Freezing] Training last 4 transformer layers (layers 8-11)
[Layer Freezing] Trainable params: 28,384,555 / 108,924,715 (26.1%)
[Layer Freezing] Training last 4 transformer layers (layers 8-11)
[Layer Freezing] Trainable params: 28,384,555 / 108,924,715 (26.1%)
[Layer Freezing] Training last 4 transformer layers (layers 8-11)
[Layer Freezing] Trainable params: 28,384,555 / 108,924,715 (26.1%)
[Layer Freezing] Training last 4 transformer layers (layers 8-11)
[Layer Freezing] Trainable params: 28,384,555 / 108,924,715 (26.1%)
[Layer Freezing] Training last 4 transformer layers (layers 8-11)
[Layer Freezing] Trainable params: 28,384,555 / 108,924,715 (26.1%)
[Layer Freezing] Training last 4 transformer layers (layers 8-11)
[Layer Freezing] Trainable params: 28,384,555 / 108,924,715 (26.1%)
[Round 90] T=3.25  α_ce=0.85  α_kd=0.15
 Round 90 | F1 0.5313 | P 0.6265 | R 0.4612 | Time 39.3s | Comm N/A | Local Avg F1: 0.4596

=== Round 91/100 ===
[Round 91] KD=ON | policy=prev_global
[Layer Freezing] Training last 4 transformer layers (layers 8-11)
[Layer Freezing] Trainable params: 28,384,555 / 108,924,715 (26.1%)
[Layer Freezing] Training last 4 transformer layers (layers 8-11)
[Layer Freezing] Trainable params: 28,384,555 / 108,924,715 (26.1%)
[Layer Freezing] Training last 4 transformer layers (layers 8-11)
[Layer Freezing] Trainable params: 28,384,555 / 108,924,715 (26.1%)
[Layer Freezing] Training last 4 transformer layers (layers 8-11)
[Layer Freezing] Trainable params: 28,384,555 / 108,924,715 (26.1%)
[Layer Freezing] Training last 4 transformer layers (layers 8-11)
[Layer Freezing] Trainable params: 28,384,555 / 108,924,715 (26.1%)
[Layer Freezing] Training last 4 transformer layers (layers 8-11)
[Layer Freezing] Trainable params: 28,384,555 / 108,924,715 (26.1%)
[Layer Freezing] Training last 4 transformer layers (layers 8-11)
[Layer Freezing] Trainable params: 28,384,555 / 108,924,715 (26.1%)
[Layer Freezing] Training last 4 transformer layers (layers 8-11)
[Layer Freezing] Trainable params: 28,384,555 / 108,924,715 (26.1%)
[Layer Freezing] Training last 4 transformer layers (layers 8-11)
[Layer Freezing] Trainable params: 28,384,555 / 108,924,715 (26.1%)
[Layer Freezing] Training last 4 transformer layers (layers 8-11)
[Layer Freezing] Trainable params: 28,384,555 / 108,924,715 (26.1%)
[Round 91] T=3.25  α_ce=0.85  α_kd=0.15
 Round 91 | F1 0.5278 | P 0.6292 | R 0.4545 | Time 40.0s | Comm N/A | Local Avg F1: 0.4561

=== Round 92/100 ===
[Round 92] KD=ON | policy=prev_global
[Layer Freezing] Training last 4 transformer layers (layers 8-11)
[Layer Freezing] Trainable params: 28,384,555 / 108,924,715 (26.1%)
[Layer Freezing] Training last 4 transformer layers (layers 8-11)
[Layer Freezing] Trainable params: 28,384,555 / 108,924,715 (26.1%)
[Layer Freezing] Training last 4 transformer layers (layers 8-11)
[Layer Freezing] Trainable params: 28,384,555 / 108,924,715 (26.1%)
[Layer Freezing] Training last 4 transformer layers (layers 8-11)
[Layer Freezing] Trainable params: 28,384,555 / 108,924,715 (26.1%)
[Layer Freezing] Training last 4 transformer layers (layers 8-11)
[Layer Freezing] Trainable params: 28,384,555 / 108,924,715 (26.1%)
[Layer Freezing] Training last 4 transformer layers (layers 8-11)
[Layer Freezing] Trainable params: 28,384,555 / 108,924,715 (26.1%)
[Layer Freezing] Training last 4 transformer layers (layers 8-11)
[Layer Freezing] Trainable params: 28,384,555 / 108,924,715 (26.1%)
[Layer Freezing] Training last 4 transformer layers (layers 8-11)
[Layer Freezing] Trainable params: 28,384,555 / 108,924,715 (26.1%)
[Layer Freezing] Training last 4 transformer layers (layers 8-11)
[Layer Freezing] Trainable params: 28,384,555 / 108,924,715 (26.1%)
[Layer Freezing] Training last 4 transformer layers (layers 8-11)
[Layer Freezing] Trainable params: 28,384,555 / 108,924,715 (26.1%)
[Round 92] T=3.25  α_ce=0.85  α_kd=0.15
 Round 92 | F1 0.5375 | P 0.6171 | R 0.4761 | Time 39.7s | Comm N/A | Local Avg F1: 0.4614

=== Round 93/100 ===
[Round 93] KD=ON | policy=prev_global
[Layer Freezing] Training last 4 transformer layers (layers 8-11)
[Layer Freezing] Trainable params: 28,384,555 / 108,924,715 (26.1%)
[Layer Freezing] Training last 4 transformer layers (layers 8-11)
[Layer Freezing] Trainable params: 28,384,555 / 108,924,715 (26.1%)
[Layer Freezing] Training last 4 transformer layers (layers 8-11)
[Layer Freezing] Trainable params: 28,384,555 / 108,924,715 (26.1%)
[Layer Freezing] Training last 4 transformer layers (layers 8-11)
[Layer Freezing] Trainable params: 28,384,555 / 108,924,715 (26.1%)
[Layer Freezing] Training last 4 transformer layers (layers 8-11)
[Layer Freezing] Trainable params: 28,384,555 / 108,924,715 (26.1%)
[Layer Freezing] Training last 4 transformer layers (layers 8-11)
[Layer Freezing] Trainable params: 28,384,555 / 108,924,715 (26.1%)
[Layer Freezing] Training last 4 transformer layers (layers 8-11)
[Layer Freezing] Trainable params: 28,384,555 / 108,924,715 (26.1%)
[Layer Freezing] Training last 4 transformer layers (layers 8-11)
[Layer Freezing] Trainable params: 28,384,555 / 108,924,715 (26.1%)
[Layer Freezing] Training last 4 transformer layers (layers 8-11)
[Layer Freezing] Trainable params: 28,384,555 / 108,924,715 (26.1%)
[Layer Freezing] Training last 4 transformer layers (layers 8-11)
[Layer Freezing] Trainable params: 28,384,555 / 108,924,715 (26.1%)
[Round 93] T=3.25  α_ce=0.85  α_kd=0.15
 Round 93 | F1 0.5357 | P 0.6110 | R 0.4769 | Time 39.5s | Comm N/A | Local Avg F1: 0.4643

=== Round 94/100 ===
[Round 94] KD=ON | policy=prev_global
[Layer Freezing] Training last 4 transformer layers (layers 8-11)
[Layer Freezing] Trainable params: 28,384,555 / 108,924,715 (26.1%)
[Layer Freezing] Training last 4 transformer layers (layers 8-11)
[Layer Freezing] Trainable params: 28,384,555 / 108,924,715 (26.1%)
[Layer Freezing] Training last 4 transformer layers (layers 8-11)
[Layer Freezing] Trainable params: 28,384,555 / 108,924,715 (26.1%)
[Layer Freezing] Training last 4 transformer layers (layers 8-11)
[Layer Freezing] Trainable params: 28,384,555 / 108,924,715 (26.1%)
[Layer Freezing] Training last 4 transformer layers (layers 8-11)
[Layer Freezing] Trainable params: 28,384,555 / 108,924,715 (26.1%)
[Layer Freezing] Training last 4 transformer layers (layers 8-11)
[Layer Freezing] Trainable params: 28,384,555 / 108,924,715 (26.1%)
[Layer Freezing] Training last 4 transformer layers (layers 8-11)
[Layer Freezing] Trainable params: 28,384,555 / 108,924,715 (26.1%)
[Layer Freezing] Training last 4 transformer layers (layers 8-11)
[Layer Freezing] Trainable params: 28,384,555 / 108,924,715 (26.1%)
[Layer Freezing] Training last 4 transformer layers (layers 8-11)
[Layer Freezing] Trainable params: 28,384,555 / 108,924,715 (26.1%)
[Layer Freezing] Training last 4 transformer layers (layers 8-11)
[Layer Freezing] Trainable params: 28,384,555 / 108,924,715 (26.1%)
[Round 94] T=3.25  α_ce=0.85  α_kd=0.15
 Round 94 | F1 0.5339 | P 0.6179 | R 0.4700 | Time 39.1s | Comm N/A | Local Avg F1: 0.4588

=== Round 95/100 ===
[Round 95] KD=ON | policy=prev_global
[Layer Freezing] Training last 4 transformer layers (layers 8-11)
[Layer Freezing] Trainable params: 28,384,555 / 108,924,715 (26.1%)
[Layer Freezing] Training last 4 transformer layers (layers 8-11)
[Layer Freezing] Trainable params: 28,384,555 / 108,924,715 (26.1%)
[Layer Freezing] Training last 4 transformer layers (layers 8-11)
[Layer Freezing] Trainable params: 28,384,555 / 108,924,715 (26.1%)
[Layer Freezing] Training last 4 transformer layers (layers 8-11)
[Layer Freezing] Trainable params: 28,384,555 / 108,924,715 (26.1%)
[Layer Freezing] Training last 4 transformer layers (layers 8-11)
[Layer Freezing] Trainable params: 28,384,555 / 108,924,715 (26.1%)
[Layer Freezing] Training last 4 transformer layers (layers 8-11)
[Layer Freezing] Trainable params: 28,384,555 / 108,924,715 (26.1%)
[Layer Freezing] Training last 4 transformer layers (layers 8-11)
[Layer Freezing] Trainable params: 28,384,555 / 108,924,715 (26.1%)
[Layer Freezing] Training last 4 transformer layers (layers 8-11)
[Layer Freezing] Trainable params: 28,384,555 / 108,924,715 (26.1%)
[Layer Freezing] Training last 4 transformer layers (layers 8-11)
[Layer Freezing] Trainable params: 28,384,555 / 108,924,715 (26.1%)
[Layer Freezing] Training last 4 transformer layers (layers 8-11)
[Layer Freezing] Trainable params: 28,384,555 / 108,924,715 (26.1%)
[Round 95] T=3.25  α_ce=0.85  α_kd=0.15
 Round 95 | F1 0.5361 | P 0.6134 | R 0.4761 | Time 39.3s | Comm N/A | Local Avg F1: 0.4634

=== Round 96/100 ===
[Round 96] KD=ON | policy=prev_global
[Layer Freezing] Training last 4 transformer layers (layers 8-11)
[Layer Freezing] Trainable params: 28,384,555 / 108,924,715 (26.1%)
[Layer Freezing] Training last 4 transformer layers (layers 8-11)
[Layer Freezing] Trainable params: 28,384,555 / 108,924,715 (26.1%)
[Layer Freezing] Training last 4 transformer layers (layers 8-11)
[Layer Freezing] Trainable params: 28,384,555 / 108,924,715 (26.1%)
[Layer Freezing] Training last 4 transformer layers (layers 8-11)
[Layer Freezing] Trainable params: 28,384,555 / 108,924,715 (26.1%)
[Layer Freezing] Training last 4 transformer layers (layers 8-11)
[Layer Freezing] Trainable params: 28,384,555 / 108,924,715 (26.1%)
[Layer Freezing] Training last 4 transformer layers (layers 8-11)
[Layer Freezing] Trainable params: 28,384,555 / 108,924,715 (26.1%)
[Layer Freezing] Training last 4 transformer layers (layers 8-11)
[Layer Freezing] Trainable params: 28,384,555 / 108,924,715 (26.1%)
[Layer Freezing] Training last 4 transformer layers (layers 8-11)
[Layer Freezing] Trainable params: 28,384,555 / 108,924,715 (26.1%)
[Layer Freezing] Training last 4 transformer layers (layers 8-11)
[Layer Freezing] Trainable params: 28,384,555 / 108,924,715 (26.1%)
[Layer Freezing] Training last 4 transformer layers (layers 8-11)
[Layer Freezing] Trainable params: 28,384,555 / 108,924,715 (26.1%)
[Round 96] T=3.25  α_ce=0.85  α_kd=0.15
 Round 96 | F1 0.5297 | P 0.6319 | R 0.4560 | Time 39.3s | Comm N/A | Local Avg F1: 0.4573

=== Round 97/100 ===
[Round 97] KD=ON | policy=prev_global
[Layer Freezing] Training last 4 transformer layers (layers 8-11)
[Layer Freezing] Trainable params: 28,384,555 / 108,924,715 (26.1%)
[Layer Freezing] Training last 4 transformer layers (layers 8-11)
[Layer Freezing] Trainable params: 28,384,555 / 108,924,715 (26.1%)
[Layer Freezing] Training last 4 transformer layers (layers 8-11)
[Layer Freezing] Trainable params: 28,384,555 / 108,924,715 (26.1%)
[Layer Freezing] Training last 4 transformer layers (layers 8-11)
[Layer Freezing] Trainable params: 28,384,555 / 108,924,715 (26.1%)
[Layer Freezing] Training last 4 transformer layers (layers 8-11)
[Layer Freezing] Trainable params: 28,384,555 / 108,924,715 (26.1%)
[Layer Freezing] Training last 4 transformer layers (layers 8-11)
[Layer Freezing] Trainable params: 28,384,555 / 108,924,715 (26.1%)
[Layer Freezing] Training last 4 transformer layers (layers 8-11)
[Layer Freezing] Trainable params: 28,384,555 / 108,924,715 (26.1%)
[Layer Freezing] Training last 4 transformer layers (layers 8-11)
[Layer Freezing] Trainable params: 28,384,555 / 108,924,715 (26.1%)
[Layer Freezing] Training last 4 transformer layers (layers 8-11)
[Layer Freezing] Trainable params: 28,384,555 / 108,924,715 (26.1%)
[Layer Freezing] Training last 4 transformer layers (layers 8-11)
[Layer Freezing] Trainable params: 28,384,555 / 108,924,715 (26.1%)
[Round 97] T=3.25  α_ce=0.85  α_kd=0.15
 Round 97 | F1 0.5405 | P 0.6220 | R 0.4779 | Time 39.1s | Comm N/A | Local Avg F1: 0.4644

=== Round 98/100 ===
[Round 98] KD=ON | policy=prev_global
[Layer Freezing] Training last 4 transformer layers (layers 8-11)
[Layer Freezing] Trainable params: 28,384,555 / 108,924,715 (26.1%)
[Layer Freezing] Training last 4 transformer layers (layers 8-11)
[Layer Freezing] Trainable params: 28,384,555 / 108,924,715 (26.1%)
[Layer Freezing] Training last 4 transformer layers (layers 8-11)
[Layer Freezing] Trainable params: 28,384,555 / 108,924,715 (26.1%)
[Layer Freezing] Training last 4 transformer layers (layers 8-11)
[Layer Freezing] Trainable params: 28,384,555 / 108,924,715 (26.1%)
[Layer Freezing] Training last 4 transformer layers (layers 8-11)
[Layer Freezing] Trainable params: 28,384,555 / 108,924,715 (26.1%)
[Layer Freezing] Training last 4 transformer layers (layers 8-11)
[Layer Freezing] Trainable params: 28,384,555 / 108,924,715 (26.1%)
[Layer Freezing] Training last 4 transformer layers (layers 8-11)
[Layer Freezing] Trainable params: 28,384,555 / 108,924,715 (26.1%)
[Layer Freezing] Training last 4 transformer layers (layers 8-11)
[Layer Freezing] Trainable params: 28,384,555 / 108,924,715 (26.1%)
[Layer Freezing] Training last 4 transformer layers (layers 8-11)
[Layer Freezing] Trainable params: 28,384,555 / 108,924,715 (26.1%)
[Layer Freezing] Training last 4 transformer layers (layers 8-11)
[Layer Freezing] Trainable params: 28,384,555 / 108,924,715 (26.1%)
[Round 98] T=3.25  α_ce=0.85  α_kd=0.15
 Round 98 | F1 0.5424 | P 0.6160 | R 0.4845 | Time 39.0s | Comm N/A | Local Avg F1: 0.4647

=== Round 99/100 ===
[Round 99] KD=ON | policy=prev_global
[Layer Freezing] Training last 4 transformer layers (layers 8-11)
[Layer Freezing] Trainable params: 28,384,555 / 108,924,715 (26.1%)
[Layer Freezing] Training last 4 transformer layers (layers 8-11)
[Layer Freezing] Trainable params: 28,384,555 / 108,924,715 (26.1%)
[Layer Freezing] Training last 4 transformer layers (layers 8-11)
[Layer Freezing] Trainable params: 28,384,555 / 108,924,715 (26.1%)
[Layer Freezing] Training last 4 transformer layers (layers 8-11)
[Layer Freezing] Trainable params: 28,384,555 / 108,924,715 (26.1%)
[Layer Freezing] Training last 4 transformer layers (layers 8-11)
[Layer Freezing] Trainable params: 28,384,555 / 108,924,715 (26.1%)
[Layer Freezing] Training last 4 transformer layers (layers 8-11)
[Layer Freezing] Trainable params: 28,384,555 / 108,924,715 (26.1%)
[Layer Freezing] Training last 4 transformer layers (layers 8-11)
[Layer Freezing] Trainable params: 28,384,555 / 108,924,715 (26.1%)
[Layer Freezing] Training last 4 transformer layers (layers 8-11)
[Layer Freezing] Trainable params: 28,384,555 / 108,924,715 (26.1%)
[Layer Freezing] Training last 4 transformer layers (layers 8-11)
[Layer Freezing] Trainable params: 28,384,555 / 108,924,715 (26.1%)
[Layer Freezing] Training last 4 transformer layers (layers 8-11)
[Layer Freezing] Trainable params: 28,384,555 / 108,924,715 (26.1%)
[Round 99] T=3.25  α_ce=0.85  α_kd=0.15
 Round 99 | F1 0.5383 | P 0.6263 | R 0.4720 | Time 39.7s | Comm N/A | Local Avg F1: 0.4649

=== Round 100/100 ===
[Round 100] KD=ON | policy=prev_global
[Layer Freezing] Training last 4 transformer layers (layers 8-11)
[Layer Freezing] Trainable params: 28,384,555 / 108,924,715 (26.1%)
[Layer Freezing] Training last 4 transformer layers (layers 8-11)
[Layer Freezing] Trainable params: 28,384,555 / 108,924,715 (26.1%)
[Layer Freezing] Training last 4 transformer layers (layers 8-11)
[Layer Freezing] Trainable params: 28,384,555 / 108,924,715 (26.1%)
[Layer Freezing] Training last 4 transformer layers (layers 8-11)
[Layer Freezing] Trainable params: 28,384,555 / 108,924,715 (26.1%)
[Layer Freezing] Training last 4 transformer layers (layers 8-11)
[Layer Freezing] Trainable params: 28,384,555 / 108,924,715 (26.1%)
[Layer Freezing] Training last 4 transformer layers (layers 8-11)
[Layer Freezing] Trainable params: 28,384,555 / 108,924,715 (26.1%)
[Layer Freezing] Training last 4 transformer layers (layers 8-11)
[Layer Freezing] Trainable params: 28,384,555 / 108,924,715 (26.1%)
[Layer Freezing] Training last 4 transformer layers (layers 8-11)
[Layer Freezing] Trainable params: 28,384,555 / 108,924,715 (26.1%)
[Layer Freezing] Training last 4 transformer layers (layers 8-11)
[Layer Freezing] Trainable params: 28,384,555 / 108,924,715 (26.1%)
[Layer Freezing] Training last 4 transformer layers (layers 8-11)
[Layer Freezing] Trainable params: 28,384,555 / 108,924,715 (26.1%)
[Round 100] T=3.25  α_ce=0.85  α_kd=0.15
 Round 100 | F1 0.5423 | P 0.6185 | R 0.4828 | Time 39.4s | Comm N/A | Local Avg F1: 0.4669
[save_json] Saved: results/FedSAD_20250824_234650/fed_results.json
[save_json] Backup: results/FedSAD_20250824_234650/fed_results_20250825_005220.json
== FedSAD 0.01==
📁 从本地加载模型: /root/autodl-tmp/fedner/models/microsoft_BiomedNLP-PubMedBERT-base-uncased-abstract
Some weights of BertForTokenClassification were not initialized from the model checkpoint at /root/autodl-tmp/fedner/models/microsoft_BiomedNLP-PubMedBERT-base-uncased-abstract and are newly initialized because the shapes did not match:
- classifier.bias: found shape torch.Size([2]) in the checkpoint and torch.Size([43]) in the model instantiated
- classifier.weight: found shape torch.Size([2, 768]) in the checkpoint and torch.Size([43, 768]) in the model instantiated
You should probably TRAIN this model on a down-stream task to be able to use it for predictions and inference.
Using device: cuda
📁 从本地加载模型: /root/autodl-tmp/fedner/models/microsoft_BiomedNLP-PubMedBERT-base-uncased-abstract
Some weights of BertForTokenClassification were not initialized from the model checkpoint at /root/autodl-tmp/fedner/models/microsoft_BiomedNLP-PubMedBERT-base-uncased-abstract and are newly initialized because the shapes did not match:
- classifier.bias: found shape torch.Size([2]) in the checkpoint and torch.Size([43]) in the model instantiated
- classifier.weight: found shape torch.Size([2, 768]) in the checkpoint and torch.Size([43, 768]) in the model instantiated
You should probably TRAIN this model on a down-stream task to be able to use it for predictions and inference.

============================================================
EXPERIMENT CONFIGURATION
============================================================
Algorithm: FedSAD | Clients: 10 (100% per round) | Rounds: 100, Local epochs: 2 | Training: Last 4 layers | Sampling: 200 samples per client (random) | Data: Non-IID (α=0.01)
------------------------------------------------------------
Algorithm-specific parameters for FedSAD:
  - use_distillation: True
  - kd_start_round: 2
  - teacher_policy: ema_first
  - temperature_start: 5.0, temperature_end: 1.5
  - alpha_ce_start: 1.0, alpha_ce_end: 0.7
  - alpha_kd_start: 0.0, alpha_kd_end: 0.3
  - hidden_distill: False, alpha_hidden: 0.0
  - o_downweight: 1.0
============================================================

Model initialized: 108,924,715/108,924,715 trainable params (100.0%)

=== Round 1/100 ===
[Round 1] KD=OFF | policy=ema_first
[Layer Freezing] Training last 4 transformer layers (layers 8-11)
[Layer Freezing] Trainable params: 28,384,555 / 108,924,715 (26.1%)
[Layer Freezing] Training last 4 transformer layers (layers 8-11)
[Layer Freezing] Trainable params: 28,384,555 / 108,924,715 (26.1%)
[Layer Freezing] Training last 4 transformer layers (layers 8-11)
[Layer Freezing] Trainable params: 28,384,555 / 108,924,715 (26.1%)
[Layer Freezing] Training last 4 transformer layers (layers 8-11)
[Layer Freezing] Trainable params: 28,384,555 / 108,924,715 (26.1%)
[Layer Freezing] Training last 4 transformer layers (layers 8-11)
[Layer Freezing] Trainable params: 28,384,555 / 108,924,715 (26.1%)
[Layer Freezing] Training last 4 transformer layers (layers 8-11)
[Layer Freezing] Trainable params: 28,384,555 / 108,924,715 (26.1%)
[Layer Freezing] Training last 4 transformer layers (layers 8-11)
[Layer Freezing] Trainable params: 28,384,555 / 108,924,715 (26.1%)
[Layer Freezing] Training last 4 transformer layers (layers 8-11)
[Layer Freezing] Trainable params: 28,384,555 / 108,924,715 (26.1%)
[Layer Freezing] Training last 4 transformer layers (layers 8-11)
[Layer Freezing] Trainable params: 28,384,555 / 108,924,715 (26.1%)
[Layer Freezing] Training last 4 transformer layers (layers 8-11)
[Layer Freezing] Trainable params: 28,384,555 / 108,924,715 (26.1%)
[Round 1] T=5.00  α_ce=1.00  α_kd=0.00
/root/miniconda3/lib/python3.12/site-packages/seqeval/metrics/v1.py:57: UndefinedMetricWarning: Precision is ill-defined and being set to 0.0 due to no predicted samples. Use `zero_division` parameter to control this behavior.
  _warn_prf(average, modifier, msg_start, len(result))
/root/miniconda3/lib/python3.12/site-packages/seqeval/metrics/v1.py:159: UndefinedMetricWarning: F-score is ill-defined and being set to 0.0 due to no true nor predicted samples. Use `zero_division` parameter to control this behavior.
  _warn_prf(
/root/miniconda3/lib/python3.12/site-packages/seqeval/metrics/v1.py:57: UndefinedMetricWarning: Recall is ill-defined and being set to 0.0 due to no true samples. Use `zero_division` parameter to control this behavior.
  _warn_prf(average, modifier, msg_start, len(result))
 Round 1 | F1 0.0000 | P 0.0000 | R 0.0000 | Time 36.1s | Comm N/A | Local Avg F1: 0.0000

=== Round 2/100 ===
[Round 2] KD=ON | policy=ema_first
[Layer Freezing] Training last 4 transformer layers (layers 8-11)
[Layer Freezing] Trainable params: 28,384,555 / 108,924,715 (26.1%)
[Layer Freezing] Training last 4 transformer layers (layers 8-11)
[Layer Freezing] Trainable params: 28,384,555 / 108,924,715 (26.1%)
[Layer Freezing] Training last 4 transformer layers (layers 8-11)
[Layer Freezing] Trainable params: 28,384,555 / 108,924,715 (26.1%)
[Layer Freezing] Training last 4 transformer layers (layers 8-11)
[Layer Freezing] Trainable params: 28,384,555 / 108,924,715 (26.1%)
[Layer Freezing] Training last 4 transformer layers (layers 8-11)
[Layer Freezing] Trainable params: 28,384,555 / 108,924,715 (26.1%)
[Layer Freezing] Training last 4 transformer layers (layers 8-11)
[Layer Freezing] Trainable params: 28,384,555 / 108,924,715 (26.1%)
[Layer Freezing] Training last 4 transformer layers (layers 8-11)
[Layer Freezing] Trainable params: 28,384,555 / 108,924,715 (26.1%)
[Layer Freezing] Training last 4 transformer layers (layers 8-11)
[Layer Freezing] Trainable params: 28,384,555 / 108,924,715 (26.1%)
[Layer Freezing] Training last 4 transformer layers (layers 8-11)
[Layer Freezing] Trainable params: 28,384,555 / 108,924,715 (26.1%)
[Layer Freezing] Training last 4 transformer layers (layers 8-11)
[Layer Freezing] Trainable params: 28,384,555 / 108,924,715 (26.1%)
[Round 2] T=5.00  α_ce=1.00  α_kd=0.00
 Round 2 | F1 0.0000 | P 0.0000 | R 0.0000 | Time 39.4s | Comm N/A | Local Avg F1: 0.0000

=== Round 3/100 ===
[Round 3] KD=ON | policy=ema_first
[Layer Freezing] Training last 4 transformer layers (layers 8-11)
[Layer Freezing] Trainable params: 28,384,555 / 108,924,715 (26.1%)
[Layer Freezing] Training last 4 transformer layers (layers 8-11)
[Layer Freezing] Trainable params: 28,384,555 / 108,924,715 (26.1%)
[Layer Freezing] Training last 4 transformer layers (layers 8-11)
[Layer Freezing] Trainable params: 28,384,555 / 108,924,715 (26.1%)
[Layer Freezing] Training last 4 transformer layers (layers 8-11)
[Layer Freezing] Trainable params: 28,384,555 / 108,924,715 (26.1%)
[Layer Freezing] Training last 4 transformer layers (layers 8-11)
[Layer Freezing] Trainable params: 28,384,555 / 108,924,715 (26.1%)
[Layer Freezing] Training last 4 transformer layers (layers 8-11)
[Layer Freezing] Trainable params: 28,384,555 / 108,924,715 (26.1%)
[Layer Freezing] Training last 4 transformer layers (layers 8-11)
[Layer Freezing] Trainable params: 28,384,555 / 108,924,715 (26.1%)
[Layer Freezing] Training last 4 transformer layers (layers 8-11)
[Layer Freezing] Trainable params: 28,384,555 / 108,924,715 (26.1%)
[Layer Freezing] Training last 4 transformer layers (layers 8-11)
[Layer Freezing] Trainable params: 28,384,555 / 108,924,715 (26.1%)
[Layer Freezing] Training last 4 transformer layers (layers 8-11)
[Layer Freezing] Trainable params: 28,384,555 / 108,924,715 (26.1%)
[Round 3] T=4.96  α_ce=1.00  α_kd=0.00
 Round 3 | F1 0.0000 | P 0.0000 | R 0.0000 | Time 39.5s | Comm N/A | Local Avg F1: 0.0000

=== Round 4/100 ===
[Round 4] KD=ON | policy=ema_first
[Layer Freezing] Training last 4 transformer layers (layers 8-11)
[Layer Freezing] Trainable params: 28,384,555 / 108,924,715 (26.1%)
[Layer Freezing] Training last 4 transformer layers (layers 8-11)
[Layer Freezing] Trainable params: 28,384,555 / 108,924,715 (26.1%)
[Layer Freezing] Training last 4 transformer layers (layers 8-11)
[Layer Freezing] Trainable params: 28,384,555 / 108,924,715 (26.1%)
[Layer Freezing] Training last 4 transformer layers (layers 8-11)
[Layer Freezing] Trainable params: 28,384,555 / 108,924,715 (26.1%)
[Layer Freezing] Training last 4 transformer layers (layers 8-11)
[Layer Freezing] Trainable params: 28,384,555 / 108,924,715 (26.1%)
[Layer Freezing] Training last 4 transformer layers (layers 8-11)
[Layer Freezing] Trainable params: 28,384,555 / 108,924,715 (26.1%)
[Layer Freezing] Training last 4 transformer layers (layers 8-11)
[Layer Freezing] Trainable params: 28,384,555 / 108,924,715 (26.1%)
[Layer Freezing] Training last 4 transformer layers (layers 8-11)
[Layer Freezing] Trainable params: 28,384,555 / 108,924,715 (26.1%)
[Layer Freezing] Training last 4 transformer layers (layers 8-11)
[Layer Freezing] Trainable params: 28,384,555 / 108,924,715 (26.1%)
[Layer Freezing] Training last 4 transformer layers (layers 8-11)
[Layer Freezing] Trainable params: 28,384,555 / 108,924,715 (26.1%)
[Round 4] T=4.93  α_ce=0.99  α_kd=0.01
 Round 4 | F1 0.0042 | P 0.7600 | R 0.0021 | Time 39.2s | Comm N/A | Local Avg F1: 0.0038

=== Round 5/100 ===
[Round 5] KD=ON | policy=ema_first
[Layer Freezing] Training last 4 transformer layers (layers 8-11)
[Layer Freezing] Trainable params: 28,384,555 / 108,924,715 (26.1%)
[Layer Freezing] Training last 4 transformer layers (layers 8-11)
[Layer Freezing] Trainable params: 28,384,555 / 108,924,715 (26.1%)
[Layer Freezing] Training last 4 transformer layers (layers 8-11)
[Layer Freezing] Trainable params: 28,384,555 / 108,924,715 (26.1%)
[Layer Freezing] Training last 4 transformer layers (layers 8-11)
[Layer Freezing] Trainable params: 28,384,555 / 108,924,715 (26.1%)
[Layer Freezing] Training last 4 transformer layers (layers 8-11)
[Layer Freezing] Trainable params: 28,384,555 / 108,924,715 (26.1%)
[Layer Freezing] Training last 4 transformer layers (layers 8-11)
[Layer Freezing] Trainable params: 28,384,555 / 108,924,715 (26.1%)
[Layer Freezing] Training last 4 transformer layers (layers 8-11)
[Layer Freezing] Trainable params: 28,384,555 / 108,924,715 (26.1%)
[Layer Freezing] Training last 4 transformer layers (layers 8-11)
[Layer Freezing] Trainable params: 28,384,555 / 108,924,715 (26.1%)
[Layer Freezing] Training last 4 transformer layers (layers 8-11)
[Layer Freezing] Trainable params: 28,384,555 / 108,924,715 (26.1%)
[Layer Freezing] Training last 4 transformer layers (layers 8-11)
[Layer Freezing] Trainable params: 28,384,555 / 108,924,715 (26.1%)
[Round 5] T=4.89  α_ce=0.99  α_kd=0.01
 Round 5 | F1 0.0261 | P 0.7129 | R 0.0133 | Time 39.4s | Comm N/A | Local Avg F1: 0.0221

=== Round 6/100 ===
[Round 6] KD=ON | policy=ema_first
[Layer Freezing] Training last 4 transformer layers (layers 8-11)
[Layer Freezing] Trainable params: 28,384,555 / 108,924,715 (26.1%)
[Layer Freezing] Training last 4 transformer layers (layers 8-11)
[Layer Freezing] Trainable params: 28,384,555 / 108,924,715 (26.1%)
[Layer Freezing] Training last 4 transformer layers (layers 8-11)
[Layer Freezing] Trainable params: 28,384,555 / 108,924,715 (26.1%)
[Layer Freezing] Training last 4 transformer layers (layers 8-11)
[Layer Freezing] Trainable params: 28,384,555 / 108,924,715 (26.1%)
[Layer Freezing] Training last 4 transformer layers (layers 8-11)
[Layer Freezing] Trainable params: 28,384,555 / 108,924,715 (26.1%)
[Layer Freezing] Training last 4 transformer layers (layers 8-11)
[Layer Freezing] Trainable params: 28,384,555 / 108,924,715 (26.1%)
[Layer Freezing] Training last 4 transformer layers (layers 8-11)
[Layer Freezing] Trainable params: 28,384,555 / 108,924,715 (26.1%)
[Layer Freezing] Training last 4 transformer layers (layers 8-11)
[Layer Freezing] Trainable params: 28,384,555 / 108,924,715 (26.1%)
[Layer Freezing] Training last 4 transformer layers (layers 8-11)
[Layer Freezing] Trainable params: 28,384,555 / 108,924,715 (26.1%)
[Layer Freezing] Training last 4 transformer layers (layers 8-11)
[Layer Freezing] Trainable params: 28,384,555 / 108,924,715 (26.1%)
[Round 6] T=4.86  α_ce=0.99  α_kd=0.01
 Round 6 | F1 0.0961 | P 0.6444 | R 0.0519 | Time 39.3s | Comm N/A | Local Avg F1: 0.0652

=== Round 7/100 ===
[Round 7] KD=ON | policy=ema_first
[Layer Freezing] Training last 4 transformer layers (layers 8-11)
[Layer Freezing] Trainable params: 28,384,555 / 108,924,715 (26.1%)
[Layer Freezing] Training last 4 transformer layers (layers 8-11)
[Layer Freezing] Trainable params: 28,384,555 / 108,924,715 (26.1%)
[Layer Freezing] Training last 4 transformer layers (layers 8-11)
[Layer Freezing] Trainable params: 28,384,555 / 108,924,715 (26.1%)
[Layer Freezing] Training last 4 transformer layers (layers 8-11)
[Layer Freezing] Trainable params: 28,384,555 / 108,924,715 (26.1%)
[Layer Freezing] Training last 4 transformer layers (layers 8-11)
[Layer Freezing] Trainable params: 28,384,555 / 108,924,715 (26.1%)
[Layer Freezing] Training last 4 transformer layers (layers 8-11)
[Layer Freezing] Trainable params: 28,384,555 / 108,924,715 (26.1%)
[Layer Freezing] Training last 4 transformer layers (layers 8-11)
[Layer Freezing] Trainable params: 28,384,555 / 108,924,715 (26.1%)
[Layer Freezing] Training last 4 transformer layers (layers 8-11)
[Layer Freezing] Trainable params: 28,384,555 / 108,924,715 (26.1%)
[Layer Freezing] Training last 4 transformer layers (layers 8-11)
[Layer Freezing] Trainable params: 28,384,555 / 108,924,715 (26.1%)
[Layer Freezing] Training last 4 transformer layers (layers 8-11)
[Layer Freezing] Trainable params: 28,384,555 / 108,924,715 (26.1%)
[Round 7] T=4.82  α_ce=0.98  α_kd=0.02
 Round 7 | F1 0.0944 | P 0.6471 | R 0.0509 | Time 39.1s | Comm N/A | Local Avg F1: 0.0655

=== Round 8/100 ===
[Round 8] KD=ON | policy=ema_first
[Layer Freezing] Training last 4 transformer layers (layers 8-11)
[Layer Freezing] Trainable params: 28,384,555 / 108,924,715 (26.1%)
[Layer Freezing] Training last 4 transformer layers (layers 8-11)
[Layer Freezing] Trainable params: 28,384,555 / 108,924,715 (26.1%)
[Layer Freezing] Training last 4 transformer layers (layers 8-11)
[Layer Freezing] Trainable params: 28,384,555 / 108,924,715 (26.1%)
[Layer Freezing] Training last 4 transformer layers (layers 8-11)
[Layer Freezing] Trainable params: 28,384,555 / 108,924,715 (26.1%)
[Layer Freezing] Training last 4 transformer layers (layers 8-11)
[Layer Freezing] Trainable params: 28,384,555 / 108,924,715 (26.1%)
[Layer Freezing] Training last 4 transformer layers (layers 8-11)
[Layer Freezing] Trainable params: 28,384,555 / 108,924,715 (26.1%)
[Layer Freezing] Training last 4 transformer layers (layers 8-11)
[Layer Freezing] Trainable params: 28,384,555 / 108,924,715 (26.1%)
[Layer Freezing] Training last 4 transformer layers (layers 8-11)
[Layer Freezing] Trainable params: 28,384,555 / 108,924,715 (26.1%)
[Layer Freezing] Training last 4 transformer layers (layers 8-11)
[Layer Freezing] Trainable params: 28,384,555 / 108,924,715 (26.1%)
[Layer Freezing] Training last 4 transformer layers (layers 8-11)
[Layer Freezing] Trainable params: 28,384,555 / 108,924,715 (26.1%)
[Round 8] T=4.79  α_ce=0.98  α_kd=0.02
 Round 8 | F1 0.1296 | P 0.5997 | R 0.0727 | Time 38.7s | Comm N/A | Local Avg F1: 0.0852

=== Round 9/100 ===
[Round 9] KD=ON | policy=ema_first
[Layer Freezing] Training last 4 transformer layers (layers 8-11)
[Layer Freezing] Trainable params: 28,384,555 / 108,924,715 (26.1%)
[Layer Freezing] Training last 4 transformer layers (layers 8-11)
[Layer Freezing] Trainable params: 28,384,555 / 108,924,715 (26.1%)
[Layer Freezing] Training last 4 transformer layers (layers 8-11)
[Layer Freezing] Trainable params: 28,384,555 / 108,924,715 (26.1%)
[Layer Freezing] Training last 4 transformer layers (layers 8-11)
[Layer Freezing] Trainable params: 28,384,555 / 108,924,715 (26.1%)
[Layer Freezing] Training last 4 transformer layers (layers 8-11)
[Layer Freezing] Trainable params: 28,384,555 / 108,924,715 (26.1%)
[Layer Freezing] Training last 4 transformer layers (layers 8-11)
[Layer Freezing] Trainable params: 28,384,555 / 108,924,715 (26.1%)
[Layer Freezing] Training last 4 transformer layers (layers 8-11)
[Layer Freezing] Trainable params: 28,384,555 / 108,924,715 (26.1%)
[Layer Freezing] Training last 4 transformer layers (layers 8-11)
[Layer Freezing] Trainable params: 28,384,555 / 108,924,715 (26.1%)
[Layer Freezing] Training last 4 transformer layers (layers 8-11)
[Layer Freezing] Trainable params: 28,384,555 / 108,924,715 (26.1%)
[Layer Freezing] Training last 4 transformer layers (layers 8-11)
[Layer Freezing] Trainable params: 28,384,555 / 108,924,715 (26.1%)
[Round 9] T=4.75  α_ce=0.98  α_kd=0.02
 Round 9 | F1 0.1668 | P 0.5562 | R 0.0981 | Time 39.3s | Comm N/A | Local Avg F1: 0.1096

=== Round 10/100 ===
[Round 10] KD=ON | policy=ema_first
[Layer Freezing] Training last 4 transformer layers (layers 8-11)
[Layer Freezing] Trainable params: 28,384,555 / 108,924,715 (26.1%)
[Layer Freezing] Training last 4 transformer layers (layers 8-11)
[Layer Freezing] Trainable params: 28,384,555 / 108,924,715 (26.1%)
[Layer Freezing] Training last 4 transformer layers (layers 8-11)
[Layer Freezing] Trainable params: 28,384,555 / 108,924,715 (26.1%)
[Layer Freezing] Training last 4 transformer layers (layers 8-11)
[Layer Freezing] Trainable params: 28,384,555 / 108,924,715 (26.1%)
[Layer Freezing] Training last 4 transformer layers (layers 8-11)
[Layer Freezing] Trainable params: 28,384,555 / 108,924,715 (26.1%)
[Layer Freezing] Training last 4 transformer layers (layers 8-11)
[Layer Freezing] Trainable params: 28,384,555 / 108,924,715 (26.1%)
[Layer Freezing] Training last 4 transformer layers (layers 8-11)
[Layer Freezing] Trainable params: 28,384,555 / 108,924,715 (26.1%)
[Layer Freezing] Training last 4 transformer layers (layers 8-11)
[Layer Freezing] Trainable params: 28,384,555 / 108,924,715 (26.1%)
[Layer Freezing] Training last 4 transformer layers (layers 8-11)
[Layer Freezing] Trainable params: 28,384,555 / 108,924,715 (26.1%)
[Layer Freezing] Training last 4 transformer layers (layers 8-11)
[Layer Freezing] Trainable params: 28,384,555 / 108,924,715 (26.1%)
[Round 10] T=4.71  α_ce=0.98  α_kd=0.02
 Round 10 | F1 0.1539 | P 0.5784 | R 0.0887 | Time 39.3s | Comm N/A | Local Avg F1: 0.1117

=== Round 11/100 ===
[Round 11] KD=ON | policy=ema_first
[Layer Freezing] Training last 4 transformer layers (layers 8-11)
[Layer Freezing] Trainable params: 28,384,555 / 108,924,715 (26.1%)
[Layer Freezing] Training last 4 transformer layers (layers 8-11)
[Layer Freezing] Trainable params: 28,384,555 / 108,924,715 (26.1%)
[Layer Freezing] Training last 4 transformer layers (layers 8-11)
[Layer Freezing] Trainable params: 28,384,555 / 108,924,715 (26.1%)
[Layer Freezing] Training last 4 transformer layers (layers 8-11)
[Layer Freezing] Trainable params: 28,384,555 / 108,924,715 (26.1%)
[Layer Freezing] Training last 4 transformer layers (layers 8-11)
[Layer Freezing] Trainable params: 28,384,555 / 108,924,715 (26.1%)
[Layer Freezing] Training last 4 transformer layers (layers 8-11)
[Layer Freezing] Trainable params: 28,384,555 / 108,924,715 (26.1%)
[Layer Freezing] Training last 4 transformer layers (layers 8-11)
[Layer Freezing] Trainable params: 28,384,555 / 108,924,715 (26.1%)
[Layer Freezing] Training last 4 transformer layers (layers 8-11)
[Layer Freezing] Trainable params: 28,384,555 / 108,924,715 (26.1%)
[Layer Freezing] Training last 4 transformer layers (layers 8-11)
[Layer Freezing] Trainable params: 28,384,555 / 108,924,715 (26.1%)
[Layer Freezing] Training last 4 transformer layers (layers 8-11)
[Layer Freezing] Trainable params: 28,384,555 / 108,924,715 (26.1%)
[Round 11] T=4.68  α_ce=0.97  α_kd=0.03
 Round 11 | F1 0.1823 | P 0.5571 | R 0.1090 | Time 39.1s | Comm N/A | Local Avg F1: 0.1366

=== Round 12/100 ===
[Round 12] KD=ON | policy=ema_first
[Layer Freezing] Training last 4 transformer layers (layers 8-11)
[Layer Freezing] Trainable params: 28,384,555 / 108,924,715 (26.1%)
[Layer Freezing] Training last 4 transformer layers (layers 8-11)
[Layer Freezing] Trainable params: 28,384,555 / 108,924,715 (26.1%)
[Layer Freezing] Training last 4 transformer layers (layers 8-11)
[Layer Freezing] Trainable params: 28,384,555 / 108,924,715 (26.1%)
[Layer Freezing] Training last 4 transformer layers (layers 8-11)
[Layer Freezing] Trainable params: 28,384,555 / 108,924,715 (26.1%)
[Layer Freezing] Training last 4 transformer layers (layers 8-11)
[Layer Freezing] Trainable params: 28,384,555 / 108,924,715 (26.1%)
[Layer Freezing] Training last 4 transformer layers (layers 8-11)
[Layer Freezing] Trainable params: 28,384,555 / 108,924,715 (26.1%)
[Layer Freezing] Training last 4 transformer layers (layers 8-11)
[Layer Freezing] Trainable params: 28,384,555 / 108,924,715 (26.1%)
[Layer Freezing] Training last 4 transformer layers (layers 8-11)
[Layer Freezing] Trainable params: 28,384,555 / 108,924,715 (26.1%)
[Layer Freezing] Training last 4 transformer layers (layers 8-11)
[Layer Freezing] Trainable params: 28,384,555 / 108,924,715 (26.1%)
[Layer Freezing] Training last 4 transformer layers (layers 8-11)
[Layer Freezing] Trainable params: 28,384,555 / 108,924,715 (26.1%)
[Round 12] T=4.64  α_ce=0.97  α_kd=0.03
 Round 12 | F1 0.2071 | P 0.5457 | R 0.1278 | Time 39.1s | Comm N/A | Local Avg F1: 0.1621

=== Round 13/100 ===
[Round 13] KD=ON | policy=ema_first
[Layer Freezing] Training last 4 transformer layers (layers 8-11)
[Layer Freezing] Trainable params: 28,384,555 / 108,924,715 (26.1%)
[Layer Freezing] Training last 4 transformer layers (layers 8-11)
[Layer Freezing] Trainable params: 28,384,555 / 108,924,715 (26.1%)
[Layer Freezing] Training last 4 transformer layers (layers 8-11)
[Layer Freezing] Trainable params: 28,384,555 / 108,924,715 (26.1%)
[Layer Freezing] Training last 4 transformer layers (layers 8-11)
[Layer Freezing] Trainable params: 28,384,555 / 108,924,715 (26.1%)
[Layer Freezing] Training last 4 transformer layers (layers 8-11)
[Layer Freezing] Trainable params: 28,384,555 / 108,924,715 (26.1%)
[Layer Freezing] Training last 4 transformer layers (layers 8-11)
[Layer Freezing] Trainable params: 28,384,555 / 108,924,715 (26.1%)
[Layer Freezing] Training last 4 transformer layers (layers 8-11)
[Layer Freezing] Trainable params: 28,384,555 / 108,924,715 (26.1%)
[Layer Freezing] Training last 4 transformer layers (layers 8-11)
[Layer Freezing] Trainable params: 28,384,555 / 108,924,715 (26.1%)
[Layer Freezing] Training last 4 transformer layers (layers 8-11)
[Layer Freezing] Trainable params: 28,384,555 / 108,924,715 (26.1%)
[Layer Freezing] Training last 4 transformer layers (layers 8-11)
[Layer Freezing] Trainable params: 28,384,555 / 108,924,715 (26.1%)
[Round 13] T=4.61  α_ce=0.97  α_kd=0.03
 Round 13 | F1 0.2011 | P 0.5726 | R 0.1219 | Time 39.7s | Comm N/A | Local Avg F1: 0.1574

=== Round 14/100 ===
[Round 14] KD=ON | policy=ema_first
[Layer Freezing] Training last 4 transformer layers (layers 8-11)
[Layer Freezing] Trainable params: 28,384,555 / 108,924,715 (26.1%)
[Layer Freezing] Training last 4 transformer layers (layers 8-11)
[Layer Freezing] Trainable params: 28,384,555 / 108,924,715 (26.1%)
[Layer Freezing] Training last 4 transformer layers (layers 8-11)
[Layer Freezing] Trainable params: 28,384,555 / 108,924,715 (26.1%)
[Layer Freezing] Training last 4 transformer layers (layers 8-11)
[Layer Freezing] Trainable params: 28,384,555 / 108,924,715 (26.1%)
[Layer Freezing] Training last 4 transformer layers (layers 8-11)
[Layer Freezing] Trainable params: 28,384,555 / 108,924,715 (26.1%)
[Layer Freezing] Training last 4 transformer layers (layers 8-11)
[Layer Freezing] Trainable params: 28,384,555 / 108,924,715 (26.1%)
[Layer Freezing] Training last 4 transformer layers (layers 8-11)
[Layer Freezing] Trainable params: 28,384,555 / 108,924,715 (26.1%)
[Layer Freezing] Training last 4 transformer layers (layers 8-11)
[Layer Freezing] Trainable params: 28,384,555 / 108,924,715 (26.1%)
[Layer Freezing] Training last 4 transformer layers (layers 8-11)
[Layer Freezing] Trainable params: 28,384,555 / 108,924,715 (26.1%)
[Layer Freezing] Training last 4 transformer layers (layers 8-11)
[Layer Freezing] Trainable params: 28,384,555 / 108,924,715 (26.1%)
[Round 14] T=4.57  α_ce=0.96  α_kd=0.04
 Round 14 | F1 0.2448 | P 0.5576 | R 0.1568 | Time 39.5s | Comm N/A | Local Avg F1: 0.1919

=== Round 15/100 ===
[Round 15] KD=ON | policy=ema_first
[Layer Freezing] Training last 4 transformer layers (layers 8-11)
[Layer Freezing] Trainable params: 28,384,555 / 108,924,715 (26.1%)
[Layer Freezing] Training last 4 transformer layers (layers 8-11)
[Layer Freezing] Trainable params: 28,384,555 / 108,924,715 (26.1%)
[Layer Freezing] Training last 4 transformer layers (layers 8-11)
[Layer Freezing] Trainable params: 28,384,555 / 108,924,715 (26.1%)
[Layer Freezing] Training last 4 transformer layers (layers 8-11)
[Layer Freezing] Trainable params: 28,384,555 / 108,924,715 (26.1%)
[Layer Freezing] Training last 4 transformer layers (layers 8-11)
[Layer Freezing] Trainable params: 28,384,555 / 108,924,715 (26.1%)
[Layer Freezing] Training last 4 transformer layers (layers 8-11)
[Layer Freezing] Trainable params: 28,384,555 / 108,924,715 (26.1%)
[Layer Freezing] Training last 4 transformer layers (layers 8-11)
[Layer Freezing] Trainable params: 28,384,555 / 108,924,715 (26.1%)
[Layer Freezing] Training last 4 transformer layers (layers 8-11)
[Layer Freezing] Trainable params: 28,384,555 / 108,924,715 (26.1%)
[Layer Freezing] Training last 4 transformer layers (layers 8-11)
[Layer Freezing] Trainable params: 28,384,555 / 108,924,715 (26.1%)
[Layer Freezing] Training last 4 transformer layers (layers 8-11)
[Layer Freezing] Trainable params: 28,384,555 / 108,924,715 (26.1%)
[Round 15] T=4.54  α_ce=0.96  α_kd=0.04
 Round 15 | F1 0.2400 | P 0.5687 | R 0.1521 | Time 39.1s | Comm N/A | Local Avg F1: 0.1809

=== Round 16/100 ===
[Round 16] KD=ON | policy=ema_first
[Layer Freezing] Training last 4 transformer layers (layers 8-11)
[Layer Freezing] Trainable params: 28,384,555 / 108,924,715 (26.1%)
[Layer Freezing] Training last 4 transformer layers (layers 8-11)
[Layer Freezing] Trainable params: 28,384,555 / 108,924,715 (26.1%)
[Layer Freezing] Training last 4 transformer layers (layers 8-11)
[Layer Freezing] Trainable params: 28,384,555 / 108,924,715 (26.1%)
[Layer Freezing] Training last 4 transformer layers (layers 8-11)
[Layer Freezing] Trainable params: 28,384,555 / 108,924,715 (26.1%)
[Layer Freezing] Training last 4 transformer layers (layers 8-11)
[Layer Freezing] Trainable params: 28,384,555 / 108,924,715 (26.1%)
[Layer Freezing] Training last 4 transformer layers (layers 8-11)
[Layer Freezing] Trainable params: 28,384,555 / 108,924,715 (26.1%)
[Layer Freezing] Training last 4 transformer layers (layers 8-11)
[Layer Freezing] Trainable params: 28,384,555 / 108,924,715 (26.1%)
[Layer Freezing] Training last 4 transformer layers (layers 8-11)
[Layer Freezing] Trainable params: 28,384,555 / 108,924,715 (26.1%)
[Layer Freezing] Training last 4 transformer layers (layers 8-11)
[Layer Freezing] Trainable params: 28,384,555 / 108,924,715 (26.1%)
[Layer Freezing] Training last 4 transformer layers (layers 8-11)
[Layer Freezing] Trainable params: 28,384,555 / 108,924,715 (26.1%)
[Round 16] T=4.50  α_ce=0.96  α_kd=0.04
 Round 16 | F1 0.2779 | P 0.5636 | R 0.1844 | Time 39.1s | Comm N/A | Local Avg F1: 0.2183

=== Round 17/100 ===
[Round 17] KD=ON | policy=ema_first
[Layer Freezing] Training last 4 transformer layers (layers 8-11)
[Layer Freezing] Trainable params: 28,384,555 / 108,924,715 (26.1%)
[Layer Freezing] Training last 4 transformer layers (layers 8-11)
[Layer Freezing] Trainable params: 28,384,555 / 108,924,715 (26.1%)
[Layer Freezing] Training last 4 transformer layers (layers 8-11)
[Layer Freezing] Trainable params: 28,384,555 / 108,924,715 (26.1%)
[Layer Freezing] Training last 4 transformer layers (layers 8-11)
[Layer Freezing] Trainable params: 28,384,555 / 108,924,715 (26.1%)
[Layer Freezing] Training last 4 transformer layers (layers 8-11)
[Layer Freezing] Trainable params: 28,384,555 / 108,924,715 (26.1%)
[Layer Freezing] Training last 4 transformer layers (layers 8-11)
[Layer Freezing] Trainable params: 28,384,555 / 108,924,715 (26.1%)
[Layer Freezing] Training last 4 transformer layers (layers 8-11)
[Layer Freezing] Trainable params: 28,384,555 / 108,924,715 (26.1%)
[Layer Freezing] Training last 4 transformer layers (layers 8-11)
[Layer Freezing] Trainable params: 28,384,555 / 108,924,715 (26.1%)
[Layer Freezing] Training last 4 transformer layers (layers 8-11)
[Layer Freezing] Trainable params: 28,384,555 / 108,924,715 (26.1%)
[Layer Freezing] Training last 4 transformer layers (layers 8-11)
[Layer Freezing] Trainable params: 28,384,555 / 108,924,715 (26.1%)
[Round 17] T=4.46  α_ce=0.95  α_kd=0.05
 Round 17 | F1 0.2905 | P 0.5730 | R 0.1945 | Time 39.4s | Comm N/A | Local Avg F1: 0.2253

=== Round 18/100 ===
[Round 18] KD=ON | policy=ema_first
[Layer Freezing] Training last 4 transformer layers (layers 8-11)
[Layer Freezing] Trainable params: 28,384,555 / 108,924,715 (26.1%)
[Layer Freezing] Training last 4 transformer layers (layers 8-11)
[Layer Freezing] Trainable params: 28,384,555 / 108,924,715 (26.1%)
[Layer Freezing] Training last 4 transformer layers (layers 8-11)
[Layer Freezing] Trainable params: 28,384,555 / 108,924,715 (26.1%)
[Layer Freezing] Training last 4 transformer layers (layers 8-11)
[Layer Freezing] Trainable params: 28,384,555 / 108,924,715 (26.1%)
[Layer Freezing] Training last 4 transformer layers (layers 8-11)
[Layer Freezing] Trainable params: 28,384,555 / 108,924,715 (26.1%)
[Layer Freezing] Training last 4 transformer layers (layers 8-11)
[Layer Freezing] Trainable params: 28,384,555 / 108,924,715 (26.1%)
[Layer Freezing] Training last 4 transformer layers (layers 8-11)
[Layer Freezing] Trainable params: 28,384,555 / 108,924,715 (26.1%)
[Layer Freezing] Training last 4 transformer layers (layers 8-11)
[Layer Freezing] Trainable params: 28,384,555 / 108,924,715 (26.1%)
[Layer Freezing] Training last 4 transformer layers (layers 8-11)
[Layer Freezing] Trainable params: 28,384,555 / 108,924,715 (26.1%)
[Layer Freezing] Training last 4 transformer layers (layers 8-11)
[Layer Freezing] Trainable params: 28,384,555 / 108,924,715 (26.1%)
[Round 18] T=4.43  α_ce=0.95  α_kd=0.05
 Round 18 | F1 0.3152 | P 0.5805 | R 0.2163 | Time 39.7s | Comm N/A | Local Avg F1: 0.2500

=== Round 19/100 ===
[Round 19] KD=ON | policy=ema_first
[Layer Freezing] Training last 4 transformer layers (layers 8-11)
[Layer Freezing] Trainable params: 28,384,555 / 108,924,715 (26.1%)
[Layer Freezing] Training last 4 transformer layers (layers 8-11)
[Layer Freezing] Trainable params: 28,384,555 / 108,924,715 (26.1%)
[Layer Freezing] Training last 4 transformer layers (layers 8-11)
[Layer Freezing] Trainable params: 28,384,555 / 108,924,715 (26.1%)
[Layer Freezing] Training last 4 transformer layers (layers 8-11)
[Layer Freezing] Trainable params: 28,384,555 / 108,924,715 (26.1%)
[Layer Freezing] Training last 4 transformer layers (layers 8-11)
[Layer Freezing] Trainable params: 28,384,555 / 108,924,715 (26.1%)
[Layer Freezing] Training last 4 transformer layers (layers 8-11)
[Layer Freezing] Trainable params: 28,384,555 / 108,924,715 (26.1%)
[Layer Freezing] Training last 4 transformer layers (layers 8-11)
[Layer Freezing] Trainable params: 28,384,555 / 108,924,715 (26.1%)
[Layer Freezing] Training last 4 transformer layers (layers 8-11)
[Layer Freezing] Trainable params: 28,384,555 / 108,924,715 (26.1%)
[Layer Freezing] Training last 4 transformer layers (layers 8-11)
[Layer Freezing] Trainable params: 28,384,555 / 108,924,715 (26.1%)
[Layer Freezing] Training last 4 transformer layers (layers 8-11)
[Layer Freezing] Trainable params: 28,384,555 / 108,924,715 (26.1%)
[Round 19] T=4.39  α_ce=0.95  α_kd=0.05
 Round 19 | F1 0.2982 | P 0.5919 | R 0.1993 | Time 39.5s | Comm N/A | Local Avg F1: 0.2421

=== Round 20/100 ===
[Round 20] KD=ON | policy=ema_first
[Layer Freezing] Training last 4 transformer layers (layers 8-11)
[Layer Freezing] Trainable params: 28,384,555 / 108,924,715 (26.1%)
[Layer Freezing] Training last 4 transformer layers (layers 8-11)
[Layer Freezing] Trainable params: 28,384,555 / 108,924,715 (26.1%)
[Layer Freezing] Training last 4 transformer layers (layers 8-11)
[Layer Freezing] Trainable params: 28,384,555 / 108,924,715 (26.1%)
[Layer Freezing] Training last 4 transformer layers (layers 8-11)
[Layer Freezing] Trainable params: 28,384,555 / 108,924,715 (26.1%)
[Layer Freezing] Training last 4 transformer layers (layers 8-11)
[Layer Freezing] Trainable params: 28,384,555 / 108,924,715 (26.1%)
[Layer Freezing] Training last 4 transformer layers (layers 8-11)
[Layer Freezing] Trainable params: 28,384,555 / 108,924,715 (26.1%)
[Layer Freezing] Training last 4 transformer layers (layers 8-11)
[Layer Freezing] Trainable params: 28,384,555 / 108,924,715 (26.1%)
[Layer Freezing] Training last 4 transformer layers (layers 8-11)
[Layer Freezing] Trainable params: 28,384,555 / 108,924,715 (26.1%)
[Layer Freezing] Training last 4 transformer layers (layers 8-11)
[Layer Freezing] Trainable params: 28,384,555 / 108,924,715 (26.1%)
[Layer Freezing] Training last 4 transformer layers (layers 8-11)
[Layer Freezing] Trainable params: 28,384,555 / 108,924,715 (26.1%)
[Round 20] T=4.36  α_ce=0.94  α_kd=0.06
 Round 20 | F1 0.3350 | P 0.5704 | R 0.2371 | Time 39.1s | Comm N/A | Local Avg F1: 0.2720

=== Round 21/100 ===
[Round 21] KD=ON | policy=ema_first
[Layer Freezing] Training last 4 transformer layers (layers 8-11)
[Layer Freezing] Trainable params: 28,384,555 / 108,924,715 (26.1%)
[Layer Freezing] Training last 4 transformer layers (layers 8-11)
[Layer Freezing] Trainable params: 28,384,555 / 108,924,715 (26.1%)
[Layer Freezing] Training last 4 transformer layers (layers 8-11)
[Layer Freezing] Trainable params: 28,384,555 / 108,924,715 (26.1%)
[Layer Freezing] Training last 4 transformer layers (layers 8-11)
[Layer Freezing] Trainable params: 28,384,555 / 108,924,715 (26.1%)
[Layer Freezing] Training last 4 transformer layers (layers 8-11)
[Layer Freezing] Trainable params: 28,384,555 / 108,924,715 (26.1%)
[Layer Freezing] Training last 4 transformer layers (layers 8-11)
[Layer Freezing] Trainable params: 28,384,555 / 108,924,715 (26.1%)
[Layer Freezing] Training last 4 transformer layers (layers 8-11)
[Layer Freezing] Trainable params: 28,384,555 / 108,924,715 (26.1%)
[Layer Freezing] Training last 4 transformer layers (layers 8-11)
[Layer Freezing] Trainable params: 28,384,555 / 108,924,715 (26.1%)
[Layer Freezing] Training last 4 transformer layers (layers 8-11)
[Layer Freezing] Trainable params: 28,384,555 / 108,924,715 (26.1%)
[Layer Freezing] Training last 4 transformer layers (layers 8-11)
[Layer Freezing] Trainable params: 28,384,555 / 108,924,715 (26.1%)
[Round 21] T=4.32  α_ce=0.94  α_kd=0.06
 Round 21 | F1 0.3447 | P 0.5854 | R 0.2443 | Time 39.5s | Comm N/A | Local Avg F1: 0.2756

=== Round 22/100 ===
[Round 22] KD=ON | policy=ema_first
[Layer Freezing] Training last 4 transformer layers (layers 8-11)
[Layer Freezing] Trainable params: 28,384,555 / 108,924,715 (26.1%)
[Layer Freezing] Training last 4 transformer layers (layers 8-11)
[Layer Freezing] Trainable params: 28,384,555 / 108,924,715 (26.1%)
[Layer Freezing] Training last 4 transformer layers (layers 8-11)
[Layer Freezing] Trainable params: 28,384,555 / 108,924,715 (26.1%)
[Layer Freezing] Training last 4 transformer layers (layers 8-11)
[Layer Freezing] Trainable params: 28,384,555 / 108,924,715 (26.1%)
[Layer Freezing] Training last 4 transformer layers (layers 8-11)
[Layer Freezing] Trainable params: 28,384,555 / 108,924,715 (26.1%)
[Layer Freezing] Training last 4 transformer layers (layers 8-11)
[Layer Freezing] Trainable params: 28,384,555 / 108,924,715 (26.1%)
[Layer Freezing] Training last 4 transformer layers (layers 8-11)
[Layer Freezing] Trainable params: 28,384,555 / 108,924,715 (26.1%)
[Layer Freezing] Training last 4 transformer layers (layers 8-11)
[Layer Freezing] Trainable params: 28,384,555 / 108,924,715 (26.1%)
[Layer Freezing] Training last 4 transformer layers (layers 8-11)
[Layer Freezing] Trainable params: 28,384,555 / 108,924,715 (26.1%)
[Layer Freezing] Training last 4 transformer layers (layers 8-11)
[Layer Freezing] Trainable params: 28,384,555 / 108,924,715 (26.1%)
[Round 22] T=4.29  α_ce=0.94  α_kd=0.06
 Round 22 | F1 0.3756 | P 0.5684 | R 0.2804 | Time 39.5s | Comm N/A | Local Avg F1: 0.3047

=== Round 23/100 ===
[Round 23] KD=ON | policy=ema_first
[Layer Freezing] Training last 4 transformer layers (layers 8-11)
[Layer Freezing] Trainable params: 28,384,555 / 108,924,715 (26.1%)
[Layer Freezing] Training last 4 transformer layers (layers 8-11)
[Layer Freezing] Trainable params: 28,384,555 / 108,924,715 (26.1%)
[Layer Freezing] Training last 4 transformer layers (layers 8-11)
[Layer Freezing] Trainable params: 28,384,555 / 108,924,715 (26.1%)
[Layer Freezing] Training last 4 transformer layers (layers 8-11)
[Layer Freezing] Trainable params: 28,384,555 / 108,924,715 (26.1%)
[Layer Freezing] Training last 4 transformer layers (layers 8-11)
[Layer Freezing] Trainable params: 28,384,555 / 108,924,715 (26.1%)
[Layer Freezing] Training last 4 transformer layers (layers 8-11)
[Layer Freezing] Trainable params: 28,384,555 / 108,924,715 (26.1%)
[Layer Freezing] Training last 4 transformer layers (layers 8-11)
[Layer Freezing] Trainable params: 28,384,555 / 108,924,715 (26.1%)
[Layer Freezing] Training last 4 transformer layers (layers 8-11)
[Layer Freezing] Trainable params: 28,384,555 / 108,924,715 (26.1%)
[Layer Freezing] Training last 4 transformer layers (layers 8-11)
[Layer Freezing] Trainable params: 28,384,555 / 108,924,715 (26.1%)
[Layer Freezing] Training last 4 transformer layers (layers 8-11)
[Layer Freezing] Trainable params: 28,384,555 / 108,924,715 (26.1%)
[Round 23] T=4.25  α_ce=0.94  α_kd=0.06
 Round 23 | F1 0.3757 | P 0.5701 | R 0.2802 | Time 39.4s | Comm N/A | Local Avg F1: 0.3134

=== Round 24/100 ===
[Round 24] KD=ON | policy=ema_first
[Layer Freezing] Training last 4 transformer layers (layers 8-11)
[Layer Freezing] Trainable params: 28,384,555 / 108,924,715 (26.1%)
[Layer Freezing] Training last 4 transformer layers (layers 8-11)
[Layer Freezing] Trainable params: 28,384,555 / 108,924,715 (26.1%)
[Layer Freezing] Training last 4 transformer layers (layers 8-11)
[Layer Freezing] Trainable params: 28,384,555 / 108,924,715 (26.1%)
[Layer Freezing] Training last 4 transformer layers (layers 8-11)
[Layer Freezing] Trainable params: 28,384,555 / 108,924,715 (26.1%)
[Layer Freezing] Training last 4 transformer layers (layers 8-11)
[Layer Freezing] Trainable params: 28,384,555 / 108,924,715 (26.1%)
[Layer Freezing] Training last 4 transformer layers (layers 8-11)
[Layer Freezing] Trainable params: 28,384,555 / 108,924,715 (26.1%)
[Layer Freezing] Training last 4 transformer layers (layers 8-11)
[Layer Freezing] Trainable params: 28,384,555 / 108,924,715 (26.1%)
[Layer Freezing] Training last 4 transformer layers (layers 8-11)
[Layer Freezing] Trainable params: 28,384,555 / 108,924,715 (26.1%)
[Layer Freezing] Training last 4 transformer layers (layers 8-11)
[Layer Freezing] Trainable params: 28,384,555 / 108,924,715 (26.1%)
[Layer Freezing] Training last 4 transformer layers (layers 8-11)
[Layer Freezing] Trainable params: 28,384,555 / 108,924,715 (26.1%)
[Round 24] T=4.21  α_ce=0.93  α_kd=0.07
 Round 24 | F1 0.3735 | P 0.5761 | R 0.2763 | Time 39.2s | Comm N/A | Local Avg F1: 0.3110

=== Round 25/100 ===
[Round 25] KD=ON | policy=ema_first
[Layer Freezing] Training last 4 transformer layers (layers 8-11)
[Layer Freezing] Trainable params: 28,384,555 / 108,924,715 (26.1%)
[Layer Freezing] Training last 4 transformer layers (layers 8-11)
[Layer Freezing] Trainable params: 28,384,555 / 108,924,715 (26.1%)
[Layer Freezing] Training last 4 transformer layers (layers 8-11)
[Layer Freezing] Trainable params: 28,384,555 / 108,924,715 (26.1%)
[Layer Freezing] Training last 4 transformer layers (layers 8-11)
[Layer Freezing] Trainable params: 28,384,555 / 108,924,715 (26.1%)
[Layer Freezing] Training last 4 transformer layers (layers 8-11)
[Layer Freezing] Trainable params: 28,384,555 / 108,924,715 (26.1%)
[Layer Freezing] Training last 4 transformer layers (layers 8-11)
[Layer Freezing] Trainable params: 28,384,555 / 108,924,715 (26.1%)
[Layer Freezing] Training last 4 transformer layers (layers 8-11)
[Layer Freezing] Trainable params: 28,384,555 / 108,924,715 (26.1%)
[Layer Freezing] Training last 4 transformer layers (layers 8-11)
[Layer Freezing] Trainable params: 28,384,555 / 108,924,715 (26.1%)
[Layer Freezing] Training last 4 transformer layers (layers 8-11)
[Layer Freezing] Trainable params: 28,384,555 / 108,924,715 (26.1%)
[Layer Freezing] Training last 4 transformer layers (layers 8-11)
[Layer Freezing] Trainable params: 28,384,555 / 108,924,715 (26.1%)
[Round 25] T=4.18  α_ce=0.93  α_kd=0.07
 Round 25 | F1 0.3910 | P 0.5694 | R 0.2977 | Time 39.6s | Comm N/A | Local Avg F1: 0.3296

=== Round 26/100 ===
[Round 26] KD=ON | policy=ema_first
[Layer Freezing] Training last 4 transformer layers (layers 8-11)
[Layer Freezing] Trainable params: 28,384,555 / 108,924,715 (26.1%)
[Layer Freezing] Training last 4 transformer layers (layers 8-11)
[Layer Freezing] Trainable params: 28,384,555 / 108,924,715 (26.1%)
[Layer Freezing] Training last 4 transformer layers (layers 8-11)
[Layer Freezing] Trainable params: 28,384,555 / 108,924,715 (26.1%)
[Layer Freezing] Training last 4 transformer layers (layers 8-11)
[Layer Freezing] Trainable params: 28,384,555 / 108,924,715 (26.1%)
[Layer Freezing] Training last 4 transformer layers (layers 8-11)
[Layer Freezing] Trainable params: 28,384,555 / 108,924,715 (26.1%)
[Layer Freezing] Training last 4 transformer layers (layers 8-11)
[Layer Freezing] Trainable params: 28,384,555 / 108,924,715 (26.1%)
[Layer Freezing] Training last 4 transformer layers (layers 8-11)
[Layer Freezing] Trainable params: 28,384,555 / 108,924,715 (26.1%)
[Layer Freezing] Training last 4 transformer layers (layers 8-11)
[Layer Freezing] Trainable params: 28,384,555 / 108,924,715 (26.1%)
[Layer Freezing] Training last 4 transformer layers (layers 8-11)
[Layer Freezing] Trainable params: 28,384,555 / 108,924,715 (26.1%)
[Layer Freezing] Training last 4 transformer layers (layers 8-11)
[Layer Freezing] Trainable params: 28,384,555 / 108,924,715 (26.1%)
[Round 26] T=4.14  α_ce=0.93  α_kd=0.07
 Round 26 | F1 0.3804 | P 0.5896 | R 0.2807 | Time 39.3s | Comm N/A | Local Avg F1: 0.3310

=== Round 27/100 ===
[Round 27] KD=ON | policy=ema_first
[Layer Freezing] Training last 4 transformer layers (layers 8-11)
[Layer Freezing] Trainable params: 28,384,555 / 108,924,715 (26.1%)
[Layer Freezing] Training last 4 transformer layers (layers 8-11)
[Layer Freezing] Trainable params: 28,384,555 / 108,924,715 (26.1%)
[Layer Freezing] Training last 4 transformer layers (layers 8-11)
[Layer Freezing] Trainable params: 28,384,555 / 108,924,715 (26.1%)
[Layer Freezing] Training last 4 transformer layers (layers 8-11)
[Layer Freezing] Trainable params: 28,384,555 / 108,924,715 (26.1%)
[Layer Freezing] Training last 4 transformer layers (layers 8-11)
[Layer Freezing] Trainable params: 28,384,555 / 108,924,715 (26.1%)
[Layer Freezing] Training last 4 transformer layers (layers 8-11)
[Layer Freezing] Trainable params: 28,384,555 / 108,924,715 (26.1%)
[Layer Freezing] Training last 4 transformer layers (layers 8-11)
[Layer Freezing] Trainable params: 28,384,555 / 108,924,715 (26.1%)
[Layer Freezing] Training last 4 transformer layers (layers 8-11)
[Layer Freezing] Trainable params: 28,384,555 / 108,924,715 (26.1%)
[Layer Freezing] Training last 4 transformer layers (layers 8-11)
[Layer Freezing] Trainable params: 28,384,555 / 108,924,715 (26.1%)
[Layer Freezing] Training last 4 transformer layers (layers 8-11)
[Layer Freezing] Trainable params: 28,384,555 / 108,924,715 (26.1%)
[Round 27] T=4.11  α_ce=0.92  α_kd=0.08
 Round 27 | F1 0.4054 | P 0.5791 | R 0.3118 | Time 39.5s | Comm N/A | Local Avg F1: 0.3414

=== Round 28/100 ===
[Round 28] KD=ON | policy=ema_first
[Layer Freezing] Training last 4 transformer layers (layers 8-11)
[Layer Freezing] Trainable params: 28,384,555 / 108,924,715 (26.1%)
[Layer Freezing] Training last 4 transformer layers (layers 8-11)
[Layer Freezing] Trainable params: 28,384,555 / 108,924,715 (26.1%)
[Layer Freezing] Training last 4 transformer layers (layers 8-11)
[Layer Freezing] Trainable params: 28,384,555 / 108,924,715 (26.1%)
[Layer Freezing] Training last 4 transformer layers (layers 8-11)
[Layer Freezing] Trainable params: 28,384,555 / 108,924,715 (26.1%)
[Layer Freezing] Training last 4 transformer layers (layers 8-11)
[Layer Freezing] Trainable params: 28,384,555 / 108,924,715 (26.1%)
[Layer Freezing] Training last 4 transformer layers (layers 8-11)
[Layer Freezing] Trainable params: 28,384,555 / 108,924,715 (26.1%)
[Layer Freezing] Training last 4 transformer layers (layers 8-11)
[Layer Freezing] Trainable params: 28,384,555 / 108,924,715 (26.1%)
[Layer Freezing] Training last 4 transformer layers (layers 8-11)
[Layer Freezing] Trainable params: 28,384,555 / 108,924,715 (26.1%)
[Layer Freezing] Training last 4 transformer layers (layers 8-11)
[Layer Freezing] Trainable params: 28,384,555 / 108,924,715 (26.1%)
[Layer Freezing] Training last 4 transformer layers (layers 8-11)
[Layer Freezing] Trainable params: 28,384,555 / 108,924,715 (26.1%)
[Round 28] T=4.07  α_ce=0.92  α_kd=0.08
 Round 28 | F1 0.3839 | P 0.5991 | R 0.2824 | Time 39.2s | Comm N/A | Local Avg F1: 0.3345

=== Round 29/100 ===
[Round 29] KD=ON | policy=ema_first
[Layer Freezing] Training last 4 transformer layers (layers 8-11)
[Layer Freezing] Trainable params: 28,384,555 / 108,924,715 (26.1%)
[Layer Freezing] Training last 4 transformer layers (layers 8-11)
[Layer Freezing] Trainable params: 28,384,555 / 108,924,715 (26.1%)
[Layer Freezing] Training last 4 transformer layers (layers 8-11)
[Layer Freezing] Trainable params: 28,384,555 / 108,924,715 (26.1%)
[Layer Freezing] Training last 4 transformer layers (layers 8-11)
[Layer Freezing] Trainable params: 28,384,555 / 108,924,715 (26.1%)
[Layer Freezing] Training last 4 transformer layers (layers 8-11)
[Layer Freezing] Trainable params: 28,384,555 / 108,924,715 (26.1%)
[Layer Freezing] Training last 4 transformer layers (layers 8-11)
[Layer Freezing] Trainable params: 28,384,555 / 108,924,715 (26.1%)
[Layer Freezing] Training last 4 transformer layers (layers 8-11)
[Layer Freezing] Trainable params: 28,384,555 / 108,924,715 (26.1%)
[Layer Freezing] Training last 4 transformer layers (layers 8-11)
[Layer Freezing] Trainable params: 28,384,555 / 108,924,715 (26.1%)
[Layer Freezing] Training last 4 transformer layers (layers 8-11)
[Layer Freezing] Trainable params: 28,384,555 / 108,924,715 (26.1%)
[Layer Freezing] Training last 4 transformer layers (layers 8-11)
[Layer Freezing] Trainable params: 28,384,555 / 108,924,715 (26.1%)
[Round 29] T=4.04  α_ce=0.92  α_kd=0.08
 Round 29 | F1 0.4229 | P 0.5822 | R 0.3320 | Time 39.5s | Comm N/A | Local Avg F1: 0.3543

=== Round 30/100 ===
[Round 30] KD=ON | policy=ema_first
[Layer Freezing] Training last 4 transformer layers (layers 8-11)
[Layer Freezing] Trainable params: 28,384,555 / 108,924,715 (26.1%)
[Layer Freezing] Training last 4 transformer layers (layers 8-11)
[Layer Freezing] Trainable params: 28,384,555 / 108,924,715 (26.1%)
[Layer Freezing] Training last 4 transformer layers (layers 8-11)
[Layer Freezing] Trainable params: 28,384,555 / 108,924,715 (26.1%)
[Layer Freezing] Training last 4 transformer layers (layers 8-11)
[Layer Freezing] Trainable params: 28,384,555 / 108,924,715 (26.1%)
[Layer Freezing] Training last 4 transformer layers (layers 8-11)
[Layer Freezing] Trainable params: 28,384,555 / 108,924,715 (26.1%)
[Layer Freezing] Training last 4 transformer layers (layers 8-11)
[Layer Freezing] Trainable params: 28,384,555 / 108,924,715 (26.1%)
[Layer Freezing] Training last 4 transformer layers (layers 8-11)
[Layer Freezing] Trainable params: 28,384,555 / 108,924,715 (26.1%)
[Layer Freezing] Training last 4 transformer layers (layers 8-11)
[Layer Freezing] Trainable params: 28,384,555 / 108,924,715 (26.1%)
[Layer Freezing] Training last 4 transformer layers (layers 8-11)
[Layer Freezing] Trainable params: 28,384,555 / 108,924,715 (26.1%)
[Layer Freezing] Training last 4 transformer layers (layers 8-11)
[Layer Freezing] Trainable params: 28,384,555 / 108,924,715 (26.1%)
[Round 30] T=4.00  α_ce=0.91  α_kd=0.09
 Round 30 | F1 0.4268 | P 0.5849 | R 0.3360 | Time 39.6s | Comm N/A | Local Avg F1: 0.3580

=== Round 31/100 ===
[Round 31] KD=ON | policy=ema_first
[Layer Freezing] Training last 4 transformer layers (layers 8-11)
[Layer Freezing] Trainable params: 28,384,555 / 108,924,715 (26.1%)
[Layer Freezing] Training last 4 transformer layers (layers 8-11)
[Layer Freezing] Trainable params: 28,384,555 / 108,924,715 (26.1%)
[Layer Freezing] Training last 4 transformer layers (layers 8-11)
[Layer Freezing] Trainable params: 28,384,555 / 108,924,715 (26.1%)
[Layer Freezing] Training last 4 transformer layers (layers 8-11)
[Layer Freezing] Trainable params: 28,384,555 / 108,924,715 (26.1%)
[Layer Freezing] Training last 4 transformer layers (layers 8-11)
[Layer Freezing] Trainable params: 28,384,555 / 108,924,715 (26.1%)
[Layer Freezing] Training last 4 transformer layers (layers 8-11)
[Layer Freezing] Trainable params: 28,384,555 / 108,924,715 (26.1%)
[Layer Freezing] Training last 4 transformer layers (layers 8-11)
[Layer Freezing] Trainable params: 28,384,555 / 108,924,715 (26.1%)
[Layer Freezing] Training last 4 transformer layers (layers 8-11)
[Layer Freezing] Trainable params: 28,384,555 / 108,924,715 (26.1%)
[Layer Freezing] Training last 4 transformer layers (layers 8-11)
[Layer Freezing] Trainable params: 28,384,555 / 108,924,715 (26.1%)
[Layer Freezing] Training last 4 transformer layers (layers 8-11)
[Layer Freezing] Trainable params: 28,384,555 / 108,924,715 (26.1%)
[Round 31] T=3.96  α_ce=0.91  α_kd=0.09
 Round 31 | F1 0.4285 | P 0.5867 | R 0.3375 | Time 39.6s | Comm N/A | Local Avg F1: 0.3661

=== Round 32/100 ===
[Round 32] KD=ON | policy=ema_first
[Layer Freezing] Training last 4 transformer layers (layers 8-11)
[Layer Freezing] Trainable params: 28,384,555 / 108,924,715 (26.1%)
[Layer Freezing] Training last 4 transformer layers (layers 8-11)
[Layer Freezing] Trainable params: 28,384,555 / 108,924,715 (26.1%)
[Layer Freezing] Training last 4 transformer layers (layers 8-11)
[Layer Freezing] Trainable params: 28,384,555 / 108,924,715 (26.1%)
[Layer Freezing] Training last 4 transformer layers (layers 8-11)
[Layer Freezing] Trainable params: 28,384,555 / 108,924,715 (26.1%)
[Layer Freezing] Training last 4 transformer layers (layers 8-11)
[Layer Freezing] Trainable params: 28,384,555 / 108,924,715 (26.1%)
[Layer Freezing] Training last 4 transformer layers (layers 8-11)
[Layer Freezing] Trainable params: 28,384,555 / 108,924,715 (26.1%)
[Layer Freezing] Training last 4 transformer layers (layers 8-11)
[Layer Freezing] Trainable params: 28,384,555 / 108,924,715 (26.1%)
[Layer Freezing] Training last 4 transformer layers (layers 8-11)
[Layer Freezing] Trainable params: 28,384,555 / 108,924,715 (26.1%)
[Layer Freezing] Training last 4 transformer layers (layers 8-11)
[Layer Freezing] Trainable params: 28,384,555 / 108,924,715 (26.1%)
[Layer Freezing] Training last 4 transformer layers (layers 8-11)
[Layer Freezing] Trainable params: 28,384,555 / 108,924,715 (26.1%)
[Round 32] T=3.93  α_ce=0.91  α_kd=0.09
 Round 32 | F1 0.4346 | P 0.5903 | R 0.3438 | Time 39.2s | Comm N/A | Local Avg F1: 0.3620

=== Round 33/100 ===
[Round 33] KD=ON | policy=ema_first
[Layer Freezing] Training last 4 transformer layers (layers 8-11)
[Layer Freezing] Trainable params: 28,384,555 / 108,924,715 (26.1%)
[Layer Freezing] Training last 4 transformer layers (layers 8-11)
[Layer Freezing] Trainable params: 28,384,555 / 108,924,715 (26.1%)
[Layer Freezing] Training last 4 transformer layers (layers 8-11)
[Layer Freezing] Trainable params: 28,384,555 / 108,924,715 (26.1%)
[Layer Freezing] Training last 4 transformer layers (layers 8-11)
[Layer Freezing] Trainable params: 28,384,555 / 108,924,715 (26.1%)
[Layer Freezing] Training last 4 transformer layers (layers 8-11)
[Layer Freezing] Trainable params: 28,384,555 / 108,924,715 (26.1%)
[Layer Freezing] Training last 4 transformer layers (layers 8-11)
[Layer Freezing] Trainable params: 28,384,555 / 108,924,715 (26.1%)
[Layer Freezing] Training last 4 transformer layers (layers 8-11)
[Layer Freezing] Trainable params: 28,384,555 / 108,924,715 (26.1%)
[Layer Freezing] Training last 4 transformer layers (layers 8-11)
[Layer Freezing] Trainable params: 28,384,555 / 108,924,715 (26.1%)
[Layer Freezing] Training last 4 transformer layers (layers 8-11)
[Layer Freezing] Trainable params: 28,384,555 / 108,924,715 (26.1%)
[Layer Freezing] Training last 4 transformer layers (layers 8-11)
[Layer Freezing] Trainable params: 28,384,555 / 108,924,715 (26.1%)
[Round 33] T=3.89  α_ce=0.91  α_kd=0.09
 Round 33 | F1 0.4348 | P 0.5889 | R 0.3446 | Time 39.2s | Comm N/A | Local Avg F1: 0.3693

=== Round 34/100 ===
[Round 34] KD=ON | policy=ema_first
[Layer Freezing] Training last 4 transformer layers (layers 8-11)
[Layer Freezing] Trainable params: 28,384,555 / 108,924,715 (26.1%)
[Layer Freezing] Training last 4 transformer layers (layers 8-11)
[Layer Freezing] Trainable params: 28,384,555 / 108,924,715 (26.1%)
[Layer Freezing] Training last 4 transformer layers (layers 8-11)
[Layer Freezing] Trainable params: 28,384,555 / 108,924,715 (26.1%)
[Layer Freezing] Training last 4 transformer layers (layers 8-11)
[Layer Freezing] Trainable params: 28,384,555 / 108,924,715 (26.1%)
[Layer Freezing] Training last 4 transformer layers (layers 8-11)
[Layer Freezing] Trainable params: 28,384,555 / 108,924,715 (26.1%)
[Layer Freezing] Training last 4 transformer layers (layers 8-11)
[Layer Freezing] Trainable params: 28,384,555 / 108,924,715 (26.1%)
[Layer Freezing] Training last 4 transformer layers (layers 8-11)
[Layer Freezing] Trainable params: 28,384,555 / 108,924,715 (26.1%)
[Layer Freezing] Training last 4 transformer layers (layers 8-11)
[Layer Freezing] Trainable params: 28,384,555 / 108,924,715 (26.1%)
[Layer Freezing] Training last 4 transformer layers (layers 8-11)
[Layer Freezing] Trainable params: 28,384,555 / 108,924,715 (26.1%)
[Layer Freezing] Training last 4 transformer layers (layers 8-11)
[Layer Freezing] Trainable params: 28,384,555 / 108,924,715 (26.1%)
[Round 34] T=3.86  α_ce=0.90  α_kd=0.10
 Round 34 | F1 0.4525 | P 0.5827 | R 0.3699 | Time 39.7s | Comm N/A | Local Avg F1: 0.3805

=== Round 35/100 ===
[Round 35] KD=ON | policy=ema_first
[Layer Freezing] Training last 4 transformer layers (layers 8-11)
[Layer Freezing] Trainable params: 28,384,555 / 108,924,715 (26.1%)
[Layer Freezing] Training last 4 transformer layers (layers 8-11)
[Layer Freezing] Trainable params: 28,384,555 / 108,924,715 (26.1%)
[Layer Freezing] Training last 4 transformer layers (layers 8-11)
[Layer Freezing] Trainable params: 28,384,555 / 108,924,715 (26.1%)
[Layer Freezing] Training last 4 transformer layers (layers 8-11)
[Layer Freezing] Trainable params: 28,384,555 / 108,924,715 (26.1%)
[Layer Freezing] Training last 4 transformer layers (layers 8-11)
[Layer Freezing] Trainable params: 28,384,555 / 108,924,715 (26.1%)
[Layer Freezing] Training last 4 transformer layers (layers 8-11)
[Layer Freezing] Trainable params: 28,384,555 / 108,924,715 (26.1%)
[Layer Freezing] Training last 4 transformer layers (layers 8-11)
[Layer Freezing] Trainable params: 28,384,555 / 108,924,715 (26.1%)
[Layer Freezing] Training last 4 transformer layers (layers 8-11)
[Layer Freezing] Trainable params: 28,384,555 / 108,924,715 (26.1%)
[Layer Freezing] Training last 4 transformer layers (layers 8-11)
[Layer Freezing] Trainable params: 28,384,555 / 108,924,715 (26.1%)
[Layer Freezing] Training last 4 transformer layers (layers 8-11)
[Layer Freezing] Trainable params: 28,384,555 / 108,924,715 (26.1%)
[Round 35] T=3.82  α_ce=0.90  α_kd=0.10
 Round 35 | F1 0.4524 | P 0.5905 | R 0.3667 | Time 39.7s | Comm N/A | Local Avg F1: 0.3831

=== Round 36/100 ===
[Round 36] KD=ON | policy=ema_first
[Layer Freezing] Training last 4 transformer layers (layers 8-11)
[Layer Freezing] Trainable params: 28,384,555 / 108,924,715 (26.1%)
[Layer Freezing] Training last 4 transformer layers (layers 8-11)
[Layer Freezing] Trainable params: 28,384,555 / 108,924,715 (26.1%)
[Layer Freezing] Training last 4 transformer layers (layers 8-11)
[Layer Freezing] Trainable params: 28,384,555 / 108,924,715 (26.1%)
[Layer Freezing] Training last 4 transformer layers (layers 8-11)
[Layer Freezing] Trainable params: 28,384,555 / 108,924,715 (26.1%)
[Layer Freezing] Training last 4 transformer layers (layers 8-11)
[Layer Freezing] Trainable params: 28,384,555 / 108,924,715 (26.1%)
[Layer Freezing] Training last 4 transformer layers (layers 8-11)
[Layer Freezing] Trainable params: 28,384,555 / 108,924,715 (26.1%)
[Layer Freezing] Training last 4 transformer layers (layers 8-11)
[Layer Freezing] Trainable params: 28,384,555 / 108,924,715 (26.1%)
[Layer Freezing] Training last 4 transformer layers (layers 8-11)
[Layer Freezing] Trainable params: 28,384,555 / 108,924,715 (26.1%)
[Layer Freezing] Training last 4 transformer layers (layers 8-11)
[Layer Freezing] Trainable params: 28,384,555 / 108,924,715 (26.1%)
[Layer Freezing] Training last 4 transformer layers (layers 8-11)
[Layer Freezing] Trainable params: 28,384,555 / 108,924,715 (26.1%)
[Round 36] T=3.79  α_ce=0.90  α_kd=0.10
 Round 36 | F1 0.4650 | P 0.5825 | R 0.3870 | Time 39.6s | Comm N/A | Local Avg F1: 0.3949

=== Round 37/100 ===
[Round 37] KD=ON | policy=ema_first
[Layer Freezing] Training last 4 transformer layers (layers 8-11)
[Layer Freezing] Trainable params: 28,384,555 / 108,924,715 (26.1%)
[Layer Freezing] Training last 4 transformer layers (layers 8-11)
[Layer Freezing] Trainable params: 28,384,555 / 108,924,715 (26.1%)
[Layer Freezing] Training last 4 transformer layers (layers 8-11)
[Layer Freezing] Trainable params: 28,384,555 / 108,924,715 (26.1%)
[Layer Freezing] Training last 4 transformer layers (layers 8-11)
[Layer Freezing] Trainable params: 28,384,555 / 108,924,715 (26.1%)
[Layer Freezing] Training last 4 transformer layers (layers 8-11)
[Layer Freezing] Trainable params: 28,384,555 / 108,924,715 (26.1%)
[Layer Freezing] Training last 4 transformer layers (layers 8-11)
[Layer Freezing] Trainable params: 28,384,555 / 108,924,715 (26.1%)
[Layer Freezing] Training last 4 transformer layers (layers 8-11)
[Layer Freezing] Trainable params: 28,384,555 / 108,924,715 (26.1%)
[Layer Freezing] Training last 4 transformer layers (layers 8-11)
[Layer Freezing] Trainable params: 28,384,555 / 108,924,715 (26.1%)
[Layer Freezing] Training last 4 transformer layers (layers 8-11)
[Layer Freezing] Trainable params: 28,384,555 / 108,924,715 (26.1%)
[Layer Freezing] Training last 4 transformer layers (layers 8-11)
[Layer Freezing] Trainable params: 28,384,555 / 108,924,715 (26.1%)
[Round 37] T=3.75  α_ce=0.89  α_kd=0.11
 Round 37 | F1 0.4589 | P 0.5916 | R 0.3748 | Time 39.4s | Comm N/A | Local Avg F1: 0.3924

=== Round 38/100 ===
[Round 38] KD=ON | policy=ema_first
[Layer Freezing] Training last 4 transformer layers (layers 8-11)
[Layer Freezing] Trainable params: 28,384,555 / 108,924,715 (26.1%)
[Layer Freezing] Training last 4 transformer layers (layers 8-11)
[Layer Freezing] Trainable params: 28,384,555 / 108,924,715 (26.1%)
[Layer Freezing] Training last 4 transformer layers (layers 8-11)
[Layer Freezing] Trainable params: 28,384,555 / 108,924,715 (26.1%)
[Layer Freezing] Training last 4 transformer layers (layers 8-11)
[Layer Freezing] Trainable params: 28,384,555 / 108,924,715 (26.1%)
[Layer Freezing] Training last 4 transformer layers (layers 8-11)
[Layer Freezing] Trainable params: 28,384,555 / 108,924,715 (26.1%)
[Layer Freezing] Training last 4 transformer layers (layers 8-11)
[Layer Freezing] Trainable params: 28,384,555 / 108,924,715 (26.1%)
[Layer Freezing] Training last 4 transformer layers (layers 8-11)
[Layer Freezing] Trainable params: 28,384,555 / 108,924,715 (26.1%)
[Layer Freezing] Training last 4 transformer layers (layers 8-11)
[Layer Freezing] Trainable params: 28,384,555 / 108,924,715 (26.1%)
[Layer Freezing] Training last 4 transformer layers (layers 8-11)
[Layer Freezing] Trainable params: 28,384,555 / 108,924,715 (26.1%)
[Layer Freezing] Training last 4 transformer layers (layers 8-11)
[Layer Freezing] Trainable params: 28,384,555 / 108,924,715 (26.1%)
[Round 38] T=3.71  α_ce=0.89  α_kd=0.11
 Round 38 | F1 0.4574 | P 0.5937 | R 0.3720 | Time 39.5s | Comm N/A | Local Avg F1: 0.3920

=== Round 39/100 ===
[Round 39] KD=ON | policy=ema_first
[Layer Freezing] Training last 4 transformer layers (layers 8-11)
[Layer Freezing] Trainable params: 28,384,555 / 108,924,715 (26.1%)
[Layer Freezing] Training last 4 transformer layers (layers 8-11)
[Layer Freezing] Trainable params: 28,384,555 / 108,924,715 (26.1%)
[Layer Freezing] Training last 4 transformer layers (layers 8-11)
[Layer Freezing] Trainable params: 28,384,555 / 108,924,715 (26.1%)
[Layer Freezing] Training last 4 transformer layers (layers 8-11)
[Layer Freezing] Trainable params: 28,384,555 / 108,924,715 (26.1%)
[Layer Freezing] Training last 4 transformer layers (layers 8-11)
[Layer Freezing] Trainable params: 28,384,555 / 108,924,715 (26.1%)
[Layer Freezing] Training last 4 transformer layers (layers 8-11)
[Layer Freezing] Trainable params: 28,384,555 / 108,924,715 (26.1%)
[Layer Freezing] Training last 4 transformer layers (layers 8-11)
[Layer Freezing] Trainable params: 28,384,555 / 108,924,715 (26.1%)
[Layer Freezing] Training last 4 transformer layers (layers 8-11)
[Layer Freezing] Trainable params: 28,384,555 / 108,924,715 (26.1%)
[Layer Freezing] Training last 4 transformer layers (layers 8-11)
[Layer Freezing] Trainable params: 28,384,555 / 108,924,715 (26.1%)
[Layer Freezing] Training last 4 transformer layers (layers 8-11)
[Layer Freezing] Trainable params: 28,384,555 / 108,924,715 (26.1%)
[Round 39] T=3.68  α_ce=0.89  α_kd=0.11
 Round 39 | F1 0.4726 | P 0.5913 | R 0.3936 | Time 39.3s | Comm N/A | Local Avg F1: 0.4054

=== Round 40/100 ===
[Round 40] KD=ON | policy=ema_first
[Layer Freezing] Training last 4 transformer layers (layers 8-11)
[Layer Freezing] Trainable params: 28,384,555 / 108,924,715 (26.1%)
[Layer Freezing] Training last 4 transformer layers (layers 8-11)
[Layer Freezing] Trainable params: 28,384,555 / 108,924,715 (26.1%)
[Layer Freezing] Training last 4 transformer layers (layers 8-11)
[Layer Freezing] Trainable params: 28,384,555 / 108,924,715 (26.1%)
[Layer Freezing] Training last 4 transformer layers (layers 8-11)
[Layer Freezing] Trainable params: 28,384,555 / 108,924,715 (26.1%)
[Layer Freezing] Training last 4 transformer layers (layers 8-11)
[Layer Freezing] Trainable params: 28,384,555 / 108,924,715 (26.1%)
[Layer Freezing] Training last 4 transformer layers (layers 8-11)
[Layer Freezing] Trainable params: 28,384,555 / 108,924,715 (26.1%)
[Layer Freezing] Training last 4 transformer layers (layers 8-11)
[Layer Freezing] Trainable params: 28,384,555 / 108,924,715 (26.1%)
[Layer Freezing] Training last 4 transformer layers (layers 8-11)
[Layer Freezing] Trainable params: 28,384,555 / 108,924,715 (26.1%)
[Layer Freezing] Training last 4 transformer layers (layers 8-11)
[Layer Freezing] Trainable params: 28,384,555 / 108,924,715 (26.1%)
[Layer Freezing] Training last 4 transformer layers (layers 8-11)
[Layer Freezing] Trainable params: 28,384,555 / 108,924,715 (26.1%)
[Round 40] T=3.64  α_ce=0.88  α_kd=0.12
 Round 40 | F1 0.4731 | P 0.5988 | R 0.3910 | Time 39.5s | Comm N/A | Local Avg F1: 0.4058

=== Round 41/100 ===
[Round 41] KD=ON | policy=ema_first
[Layer Freezing] Training last 4 transformer layers (layers 8-11)
[Layer Freezing] Trainable params: 28,384,555 / 108,924,715 (26.1%)
[Layer Freezing] Training last 4 transformer layers (layers 8-11)
[Layer Freezing] Trainable params: 28,384,555 / 108,924,715 (26.1%)
[Layer Freezing] Training last 4 transformer layers (layers 8-11)
[Layer Freezing] Trainable params: 28,384,555 / 108,924,715 (26.1%)
[Layer Freezing] Training last 4 transformer layers (layers 8-11)
[Layer Freezing] Trainable params: 28,384,555 / 108,924,715 (26.1%)
[Layer Freezing] Training last 4 transformer layers (layers 8-11)
[Layer Freezing] Trainable params: 28,384,555 / 108,924,715 (26.1%)
[Layer Freezing] Training last 4 transformer layers (layers 8-11)
[Layer Freezing] Trainable params: 28,384,555 / 108,924,715 (26.1%)
[Layer Freezing] Training last 4 transformer layers (layers 8-11)
[Layer Freezing] Trainable params: 28,384,555 / 108,924,715 (26.1%)
[Layer Freezing] Training last 4 transformer layers (layers 8-11)
[Layer Freezing] Trainable params: 28,384,555 / 108,924,715 (26.1%)
[Layer Freezing] Training last 4 transformer layers (layers 8-11)
[Layer Freezing] Trainable params: 28,384,555 / 108,924,715 (26.1%)
[Layer Freezing] Training last 4 transformer layers (layers 8-11)
[Layer Freezing] Trainable params: 28,384,555 / 108,924,715 (26.1%)
[Round 41] T=3.61  α_ce=0.88  α_kd=0.12
 Round 41 | F1 0.4714 | P 0.5935 | R 0.3910 | Time 39.3s | Comm N/A | Local Avg F1: 0.4028

=== Round 42/100 ===
[Round 42] KD=ON | policy=ema_first
[Layer Freezing] Training last 4 transformer layers (layers 8-11)
[Layer Freezing] Trainable params: 28,384,555 / 108,924,715 (26.1%)
[Layer Freezing] Training last 4 transformer layers (layers 8-11)
[Layer Freezing] Trainable params: 28,384,555 / 108,924,715 (26.1%)
[Layer Freezing] Training last 4 transformer layers (layers 8-11)
[Layer Freezing] Trainable params: 28,384,555 / 108,924,715 (26.1%)
[Layer Freezing] Training last 4 transformer layers (layers 8-11)
[Layer Freezing] Trainable params: 28,384,555 / 108,924,715 (26.1%)
[Layer Freezing] Training last 4 transformer layers (layers 8-11)
[Layer Freezing] Trainable params: 28,384,555 / 108,924,715 (26.1%)
[Layer Freezing] Training last 4 transformer layers (layers 8-11)
[Layer Freezing] Trainable params: 28,384,555 / 108,924,715 (26.1%)
[Layer Freezing] Training last 4 transformer layers (layers 8-11)
[Layer Freezing] Trainable params: 28,384,555 / 108,924,715 (26.1%)
[Layer Freezing] Training last 4 transformer layers (layers 8-11)
[Layer Freezing] Trainable params: 28,384,555 / 108,924,715 (26.1%)
[Layer Freezing] Training last 4 transformer layers (layers 8-11)
[Layer Freezing] Trainable params: 28,384,555 / 108,924,715 (26.1%)
[Layer Freezing] Training last 4 transformer layers (layers 8-11)
[Layer Freezing] Trainable params: 28,384,555 / 108,924,715 (26.1%)
[Round 42] T=3.57  α_ce=0.88  α_kd=0.12
 Round 42 | F1 0.4851 | P 0.5928 | R 0.4105 | Time 39.4s | Comm N/A | Local Avg F1: 0.4118

=== Round 43/100 ===
[Round 43] KD=ON | policy=ema_first
[Layer Freezing] Training last 4 transformer layers (layers 8-11)
[Layer Freezing] Trainable params: 28,384,555 / 108,924,715 (26.1%)
[Layer Freezing] Training last 4 transformer layers (layers 8-11)
[Layer Freezing] Trainable params: 28,384,555 / 108,924,715 (26.1%)
[Layer Freezing] Training last 4 transformer layers (layers 8-11)
[Layer Freezing] Trainable params: 28,384,555 / 108,924,715 (26.1%)
[Layer Freezing] Training last 4 transformer layers (layers 8-11)
[Layer Freezing] Trainable params: 28,384,555 / 108,924,715 (26.1%)
[Layer Freezing] Training last 4 transformer layers (layers 8-11)
[Layer Freezing] Trainable params: 28,384,555 / 108,924,715 (26.1%)
[Layer Freezing] Training last 4 transformer layers (layers 8-11)
[Layer Freezing] Trainable params: 28,384,555 / 108,924,715 (26.1%)
[Layer Freezing] Training last 4 transformer layers (layers 8-11)
[Layer Freezing] Trainable params: 28,384,555 / 108,924,715 (26.1%)
[Layer Freezing] Training last 4 transformer layers (layers 8-11)
[Layer Freezing] Trainable params: 28,384,555 / 108,924,715 (26.1%)
[Layer Freezing] Training last 4 transformer layers (layers 8-11)
[Layer Freezing] Trainable params: 28,384,555 / 108,924,715 (26.1%)
[Layer Freezing] Training last 4 transformer layers (layers 8-11)
[Layer Freezing] Trainable params: 28,384,555 / 108,924,715 (26.1%)
[Round 43] T=3.54  α_ce=0.87  α_kd=0.13
 Round 43 | F1 0.4792 | P 0.6050 | R 0.3967 | Time 39.5s | Comm N/A | Local Avg F1: 0.4033

=== Round 44/100 ===
[Round 44] KD=ON | policy=ema_first
[Layer Freezing] Training last 4 transformer layers (layers 8-11)
[Layer Freezing] Trainable params: 28,384,555 / 108,924,715 (26.1%)
[Layer Freezing] Training last 4 transformer layers (layers 8-11)
[Layer Freezing] Trainable params: 28,384,555 / 108,924,715 (26.1%)
[Layer Freezing] Training last 4 transformer layers (layers 8-11)
[Layer Freezing] Trainable params: 28,384,555 / 108,924,715 (26.1%)
[Layer Freezing] Training last 4 transformer layers (layers 8-11)
[Layer Freezing] Trainable params: 28,384,555 / 108,924,715 (26.1%)
[Layer Freezing] Training last 4 transformer layers (layers 8-11)
[Layer Freezing] Trainable params: 28,384,555 / 108,924,715 (26.1%)
[Layer Freezing] Training last 4 transformer layers (layers 8-11)
[Layer Freezing] Trainable params: 28,384,555 / 108,924,715 (26.1%)
[Layer Freezing] Training last 4 transformer layers (layers 8-11)
[Layer Freezing] Trainable params: 28,384,555 / 108,924,715 (26.1%)
[Layer Freezing] Training last 4 transformer layers (layers 8-11)
[Layer Freezing] Trainable params: 28,384,555 / 108,924,715 (26.1%)
[Layer Freezing] Training last 4 transformer layers (layers 8-11)
[Layer Freezing] Trainable params: 28,384,555 / 108,924,715 (26.1%)
[Layer Freezing] Training last 4 transformer layers (layers 8-11)
[Layer Freezing] Trainable params: 28,384,555 / 108,924,715 (26.1%)
[Round 44] T=3.50  α_ce=0.87  α_kd=0.13
 Round 44 | F1 0.4819 | P 0.5971 | R 0.4039 | Time 39.7s | Comm N/A | Local Avg F1: 0.4127

=== Round 45/100 ===
[Round 45] KD=ON | policy=ema_first
[Layer Freezing] Training last 4 transformer layers (layers 8-11)
[Layer Freezing] Trainable params: 28,384,555 / 108,924,715 (26.1%)
[Layer Freezing] Training last 4 transformer layers (layers 8-11)
[Layer Freezing] Trainable params: 28,384,555 / 108,924,715 (26.1%)
[Layer Freezing] Training last 4 transformer layers (layers 8-11)
[Layer Freezing] Trainable params: 28,384,555 / 108,924,715 (26.1%)
[Layer Freezing] Training last 4 transformer layers (layers 8-11)
[Layer Freezing] Trainable params: 28,384,555 / 108,924,715 (26.1%)
[Layer Freezing] Training last 4 transformer layers (layers 8-11)
[Layer Freezing] Trainable params: 28,384,555 / 108,924,715 (26.1%)
[Layer Freezing] Training last 4 transformer layers (layers 8-11)
[Layer Freezing] Trainable params: 28,384,555 / 108,924,715 (26.1%)
[Layer Freezing] Training last 4 transformer layers (layers 8-11)
[Layer Freezing] Trainable params: 28,384,555 / 108,924,715 (26.1%)
[Layer Freezing] Training last 4 transformer layers (layers 8-11)
[Layer Freezing] Trainable params: 28,384,555 / 108,924,715 (26.1%)
[Layer Freezing] Training last 4 transformer layers (layers 8-11)
[Layer Freezing] Trainable params: 28,384,555 / 108,924,715 (26.1%)
[Layer Freezing] Training last 4 transformer layers (layers 8-11)
[Layer Freezing] Trainable params: 28,384,555 / 108,924,715 (26.1%)
[Round 45] T=3.46  α_ce=0.87  α_kd=0.13
 Round 45 | F1 0.4894 | P 0.5942 | R 0.4160 | Time 39.3s | Comm N/A | Local Avg F1: 0.4174

=== Round 46/100 ===
[Round 46] KD=ON | policy=ema_first
[Layer Freezing] Training last 4 transformer layers (layers 8-11)
[Layer Freezing] Trainable params: 28,384,555 / 108,924,715 (26.1%)
[Layer Freezing] Training last 4 transformer layers (layers 8-11)
[Layer Freezing] Trainable params: 28,384,555 / 108,924,715 (26.1%)
[Layer Freezing] Training last 4 transformer layers (layers 8-11)
[Layer Freezing] Trainable params: 28,384,555 / 108,924,715 (26.1%)
[Layer Freezing] Training last 4 transformer layers (layers 8-11)
[Layer Freezing] Trainable params: 28,384,555 / 108,924,715 (26.1%)
[Layer Freezing] Training last 4 transformer layers (layers 8-11)
[Layer Freezing] Trainable params: 28,384,555 / 108,924,715 (26.1%)
[Layer Freezing] Training last 4 transformer layers (layers 8-11)
[Layer Freezing] Trainable params: 28,384,555 / 108,924,715 (26.1%)
[Layer Freezing] Training last 4 transformer layers (layers 8-11)
[Layer Freezing] Trainable params: 28,384,555 / 108,924,715 (26.1%)
[Layer Freezing] Training last 4 transformer layers (layers 8-11)
[Layer Freezing] Trainable params: 28,384,555 / 108,924,715 (26.1%)
[Layer Freezing] Training last 4 transformer layers (layers 8-11)
[Layer Freezing] Trainable params: 28,384,555 / 108,924,715 (26.1%)
[Layer Freezing] Training last 4 transformer layers (layers 8-11)
[Layer Freezing] Trainable params: 28,384,555 / 108,924,715 (26.1%)
[Round 46] T=3.43  α_ce=0.87  α_kd=0.13
 Round 46 | F1 0.4842 | P 0.6072 | R 0.4026 | Time 39.6s | Comm N/A | Local Avg F1: 0.4124

=== Round 47/100 ===
[Round 47] KD=ON | policy=ema_first
[Layer Freezing] Training last 4 transformer layers (layers 8-11)
[Layer Freezing] Trainable params: 28,384,555 / 108,924,715 (26.1%)
[Layer Freezing] Training last 4 transformer layers (layers 8-11)
[Layer Freezing] Trainable params: 28,384,555 / 108,924,715 (26.1%)
[Layer Freezing] Training last 4 transformer layers (layers 8-11)
[Layer Freezing] Trainable params: 28,384,555 / 108,924,715 (26.1%)
[Layer Freezing] Training last 4 transformer layers (layers 8-11)
[Layer Freezing] Trainable params: 28,384,555 / 108,924,715 (26.1%)
[Layer Freezing] Training last 4 transformer layers (layers 8-11)
[Layer Freezing] Trainable params: 28,384,555 / 108,924,715 (26.1%)
[Layer Freezing] Training last 4 transformer layers (layers 8-11)
[Layer Freezing] Trainable params: 28,384,555 / 108,924,715 (26.1%)
[Layer Freezing] Training last 4 transformer layers (layers 8-11)
[Layer Freezing] Trainable params: 28,384,555 / 108,924,715 (26.1%)
[Layer Freezing] Training last 4 transformer layers (layers 8-11)
[Layer Freezing] Trainable params: 28,384,555 / 108,924,715 (26.1%)
[Layer Freezing] Training last 4 transformer layers (layers 8-11)
[Layer Freezing] Trainable params: 28,384,555 / 108,924,715 (26.1%)
[Layer Freezing] Training last 4 transformer layers (layers 8-11)
[Layer Freezing] Trainable params: 28,384,555 / 108,924,715 (26.1%)
[Round 47] T=3.39  α_ce=0.86  α_kd=0.14
 Round 47 | F1 0.4925 | P 0.5943 | R 0.4205 | Time 39.8s | Comm N/A | Local Avg F1: 0.4205

=== Round 48/100 ===
[Round 48] KD=ON | policy=ema_first
[Layer Freezing] Training last 4 transformer layers (layers 8-11)
[Layer Freezing] Trainable params: 28,384,555 / 108,924,715 (26.1%)
[Layer Freezing] Training last 4 transformer layers (layers 8-11)
[Layer Freezing] Trainable params: 28,384,555 / 108,924,715 (26.1%)
[Layer Freezing] Training last 4 transformer layers (layers 8-11)
[Layer Freezing] Trainable params: 28,384,555 / 108,924,715 (26.1%)
[Layer Freezing] Training last 4 transformer layers (layers 8-11)
[Layer Freezing] Trainable params: 28,384,555 / 108,924,715 (26.1%)
[Layer Freezing] Training last 4 transformer layers (layers 8-11)
[Layer Freezing] Trainable params: 28,384,555 / 108,924,715 (26.1%)
[Layer Freezing] Training last 4 transformer layers (layers 8-11)
[Layer Freezing] Trainable params: 28,384,555 / 108,924,715 (26.1%)
[Layer Freezing] Training last 4 transformer layers (layers 8-11)
[Layer Freezing] Trainable params: 28,384,555 / 108,924,715 (26.1%)
[Layer Freezing] Training last 4 transformer layers (layers 8-11)
[Layer Freezing] Trainable params: 28,384,555 / 108,924,715 (26.1%)
[Layer Freezing] Training last 4 transformer layers (layers 8-11)
[Layer Freezing] Trainable params: 28,384,555 / 108,924,715 (26.1%)
[Layer Freezing] Training last 4 transformer layers (layers 8-11)
[Layer Freezing] Trainable params: 28,384,555 / 108,924,715 (26.1%)
[Round 48] T=3.36  α_ce=0.86  α_kd=0.14
 Round 48 | F1 0.4956 | P 0.5908 | R 0.4269 | Time 39.5s | Comm N/A | Local Avg F1: 0.4274

=== Round 49/100 ===
[Round 49] KD=ON | policy=ema_first
[Layer Freezing] Training last 4 transformer layers (layers 8-11)
[Layer Freezing] Trainable params: 28,384,555 / 108,924,715 (26.1%)
[Layer Freezing] Training last 4 transformer layers (layers 8-11)
[Layer Freezing] Trainable params: 28,384,555 / 108,924,715 (26.1%)
[Layer Freezing] Training last 4 transformer layers (layers 8-11)
[Layer Freezing] Trainable params: 28,384,555 / 108,924,715 (26.1%)
[Layer Freezing] Training last 4 transformer layers (layers 8-11)
[Layer Freezing] Trainable params: 28,384,555 / 108,924,715 (26.1%)
[Layer Freezing] Training last 4 transformer layers (layers 8-11)
[Layer Freezing] Trainable params: 28,384,555 / 108,924,715 (26.1%)
[Layer Freezing] Training last 4 transformer layers (layers 8-11)
[Layer Freezing] Trainable params: 28,384,555 / 108,924,715 (26.1%)
[Layer Freezing] Training last 4 transformer layers (layers 8-11)
[Layer Freezing] Trainable params: 28,384,555 / 108,924,715 (26.1%)
[Layer Freezing] Training last 4 transformer layers (layers 8-11)
[Layer Freezing] Trainable params: 28,384,555 / 108,924,715 (26.1%)
[Layer Freezing] Training last 4 transformer layers (layers 8-11)
[Layer Freezing] Trainable params: 28,384,555 / 108,924,715 (26.1%)
[Layer Freezing] Training last 4 transformer layers (layers 8-11)
[Layer Freezing] Trainable params: 28,384,555 / 108,924,715 (26.1%)
[Round 49] T=3.32  α_ce=0.86  α_kd=0.14
 Round 49 | F1 0.4912 | P 0.6058 | R 0.4130 | Time 39.2s | Comm N/A | Local Avg F1: 0.4219

=== Round 50/100 ===
[Round 50] KD=ON | policy=ema_first
[Layer Freezing] Training last 4 transformer layers (layers 8-11)
[Layer Freezing] Trainable params: 28,384,555 / 108,924,715 (26.1%)
[Layer Freezing] Training last 4 transformer layers (layers 8-11)
[Layer Freezing] Trainable params: 28,384,555 / 108,924,715 (26.1%)
[Layer Freezing] Training last 4 transformer layers (layers 8-11)
[Layer Freezing] Trainable params: 28,384,555 / 108,924,715 (26.1%)
[Layer Freezing] Training last 4 transformer layers (layers 8-11)
[Layer Freezing] Trainable params: 28,384,555 / 108,924,715 (26.1%)
[Layer Freezing] Training last 4 transformer layers (layers 8-11)
[Layer Freezing] Trainable params: 28,384,555 / 108,924,715 (26.1%)
[Layer Freezing] Training last 4 transformer layers (layers 8-11)
[Layer Freezing] Trainable params: 28,384,555 / 108,924,715 (26.1%)
[Layer Freezing] Training last 4 transformer layers (layers 8-11)
[Layer Freezing] Trainable params: 28,384,555 / 108,924,715 (26.1%)
[Layer Freezing] Training last 4 transformer layers (layers 8-11)
[Layer Freezing] Trainable params: 28,384,555 / 108,924,715 (26.1%)
[Layer Freezing] Training last 4 transformer layers (layers 8-11)
[Layer Freezing] Trainable params: 28,384,555 / 108,924,715 (26.1%)
[Layer Freezing] Training last 4 transformer layers (layers 8-11)
[Layer Freezing] Trainable params: 28,384,555 / 108,924,715 (26.1%)
[Round 50] T=3.29  α_ce=0.85  α_kd=0.15
 Round 50 | F1 0.4963 | P 0.6029 | R 0.4217 | Time 39.9s | Comm N/A | Local Avg F1: 0.4269

=== Round 51/100 ===
[Round 51] KD=ON | policy=ema_first
[Layer Freezing] Training last 4 transformer layers (layers 8-11)
[Layer Freezing] Trainable params: 28,384,555 / 108,924,715 (26.1%)
[Layer Freezing] Training last 4 transformer layers (layers 8-11)
[Layer Freezing] Trainable params: 28,384,555 / 108,924,715 (26.1%)
[Layer Freezing] Training last 4 transformer layers (layers 8-11)
[Layer Freezing] Trainable params: 28,384,555 / 108,924,715 (26.1%)
[Layer Freezing] Training last 4 transformer layers (layers 8-11)
[Layer Freezing] Trainable params: 28,384,555 / 108,924,715 (26.1%)
[Layer Freezing] Training last 4 transformer layers (layers 8-11)
[Layer Freezing] Trainable params: 28,384,555 / 108,924,715 (26.1%)
[Layer Freezing] Training last 4 transformer layers (layers 8-11)
[Layer Freezing] Trainable params: 28,384,555 / 108,924,715 (26.1%)
[Layer Freezing] Training last 4 transformer layers (layers 8-11)
[Layer Freezing] Trainable params: 28,384,555 / 108,924,715 (26.1%)
[Layer Freezing] Training last 4 transformer layers (layers 8-11)
[Layer Freezing] Trainable params: 28,384,555 / 108,924,715 (26.1%)
[Layer Freezing] Training last 4 transformer layers (layers 8-11)
[Layer Freezing] Trainable params: 28,384,555 / 108,924,715 (26.1%)
[Layer Freezing] Training last 4 transformer layers (layers 8-11)
[Layer Freezing] Trainable params: 28,384,555 / 108,924,715 (26.1%)
[Round 51] T=3.25  α_ce=0.85  α_kd=0.15
 Round 51 | F1 0.4910 | P 0.6106 | R 0.4107 | Time 39.4s | Comm N/A | Local Avg F1: 0.4230

=== Round 52/100 ===
[Round 52] KD=ON | policy=ema_first
[Layer Freezing] Training last 4 transformer layers (layers 8-11)
[Layer Freezing] Trainable params: 28,384,555 / 108,924,715 (26.1%)
[Layer Freezing] Training last 4 transformer layers (layers 8-11)
[Layer Freezing] Trainable params: 28,384,555 / 108,924,715 (26.1%)
[Layer Freezing] Training last 4 transformer layers (layers 8-11)
[Layer Freezing] Trainable params: 28,384,555 / 108,924,715 (26.1%)
[Layer Freezing] Training last 4 transformer layers (layers 8-11)
[Layer Freezing] Trainable params: 28,384,555 / 108,924,715 (26.1%)
[Layer Freezing] Training last 4 transformer layers (layers 8-11)
[Layer Freezing] Trainable params: 28,384,555 / 108,924,715 (26.1%)
[Layer Freezing] Training last 4 transformer layers (layers 8-11)
[Layer Freezing] Trainable params: 28,384,555 / 108,924,715 (26.1%)
[Layer Freezing] Training last 4 transformer layers (layers 8-11)
[Layer Freezing] Trainable params: 28,384,555 / 108,924,715 (26.1%)
[Layer Freezing] Training last 4 transformer layers (layers 8-11)
[Layer Freezing] Trainable params: 28,384,555 / 108,924,715 (26.1%)
[Layer Freezing] Training last 4 transformer layers (layers 8-11)
[Layer Freezing] Trainable params: 28,384,555 / 108,924,715 (26.1%)
[Layer Freezing] Training last 4 transformer layers (layers 8-11)
[Layer Freezing] Trainable params: 28,384,555 / 108,924,715 (26.1%)
[Round 52] T=3.21  α_ce=0.85  α_kd=0.15
 Round 52 | F1 0.5065 | P 0.5987 | R 0.4389 | Time 39.6s | Comm N/A | Local Avg F1: 0.4349

=== Round 53/100 ===
[Round 53] KD=ON | policy=ema_first
[Layer Freezing] Training last 4 transformer layers (layers 8-11)
[Layer Freezing] Trainable params: 28,384,555 / 108,924,715 (26.1%)
[Layer Freezing] Training last 4 transformer layers (layers 8-11)
[Layer Freezing] Trainable params: 28,384,555 / 108,924,715 (26.1%)
[Layer Freezing] Training last 4 transformer layers (layers 8-11)
[Layer Freezing] Trainable params: 28,384,555 / 108,924,715 (26.1%)
[Layer Freezing] Training last 4 transformer layers (layers 8-11)
[Layer Freezing] Trainable params: 28,384,555 / 108,924,715 (26.1%)
[Layer Freezing] Training last 4 transformer layers (layers 8-11)
[Layer Freezing] Trainable params: 28,384,555 / 108,924,715 (26.1%)
[Layer Freezing] Training last 4 transformer layers (layers 8-11)
[Layer Freezing] Trainable params: 28,384,555 / 108,924,715 (26.1%)
[Layer Freezing] Training last 4 transformer layers (layers 8-11)
[Layer Freezing] Trainable params: 28,384,555 / 108,924,715 (26.1%)
[Layer Freezing] Training last 4 transformer layers (layers 8-11)
[Layer Freezing] Trainable params: 28,384,555 / 108,924,715 (26.1%)
[Layer Freezing] Training last 4 transformer layers (layers 8-11)
[Layer Freezing] Trainable params: 28,384,555 / 108,924,715 (26.1%)
[Layer Freezing] Training last 4 transformer layers (layers 8-11)
[Layer Freezing] Trainable params: 28,384,555 / 108,924,715 (26.1%)
[Round 53] T=3.18  α_ce=0.84  α_kd=0.16
 Round 53 | F1 0.4946 | P 0.6166 | R 0.4128 | Time 39.1s | Comm N/A | Local Avg F1: 0.4279

=== Round 54/100 ===
[Round 54] KD=ON | policy=ema_first
[Layer Freezing] Training last 4 transformer layers (layers 8-11)
[Layer Freezing] Trainable params: 28,384,555 / 108,924,715 (26.1%)
[Layer Freezing] Training last 4 transformer layers (layers 8-11)
[Layer Freezing] Trainable params: 28,384,555 / 108,924,715 (26.1%)
[Layer Freezing] Training last 4 transformer layers (layers 8-11)
[Layer Freezing] Trainable params: 28,384,555 / 108,924,715 (26.1%)
[Layer Freezing] Training last 4 transformer layers (layers 8-11)
[Layer Freezing] Trainable params: 28,384,555 / 108,924,715 (26.1%)
[Layer Freezing] Training last 4 transformer layers (layers 8-11)
[Layer Freezing] Trainable params: 28,384,555 / 108,924,715 (26.1%)
[Layer Freezing] Training last 4 transformer layers (layers 8-11)
[Layer Freezing] Trainable params: 28,384,555 / 108,924,715 (26.1%)
[Layer Freezing] Training last 4 transformer layers (layers 8-11)
[Layer Freezing] Trainable params: 28,384,555 / 108,924,715 (26.1%)
[Layer Freezing] Training last 4 transformer layers (layers 8-11)
[Layer Freezing] Trainable params: 28,384,555 / 108,924,715 (26.1%)
[Layer Freezing] Training last 4 transformer layers (layers 8-11)
[Layer Freezing] Trainable params: 28,384,555 / 108,924,715 (26.1%)
[Layer Freezing] Training last 4 transformer layers (layers 8-11)
[Layer Freezing] Trainable params: 28,384,555 / 108,924,715 (26.1%)
[Round 54] T=3.14  α_ce=0.84  α_kd=0.16
 Round 54 | F1 0.4857 | P 0.6264 | R 0.3967 | Time 39.6s | Comm N/A | Local Avg F1: 0.4207

=== Round 55/100 ===
[Round 55] KD=ON | policy=ema_first
[Layer Freezing] Training last 4 transformer layers (layers 8-11)
[Layer Freezing] Trainable params: 28,384,555 / 108,924,715 (26.1%)
[Layer Freezing] Training last 4 transformer layers (layers 8-11)
[Layer Freezing] Trainable params: 28,384,555 / 108,924,715 (26.1%)
[Layer Freezing] Training last 4 transformer layers (layers 8-11)
[Layer Freezing] Trainable params: 28,384,555 / 108,924,715 (26.1%)
[Layer Freezing] Training last 4 transformer layers (layers 8-11)
[Layer Freezing] Trainable params: 28,384,555 / 108,924,715 (26.1%)
[Layer Freezing] Training last 4 transformer layers (layers 8-11)
[Layer Freezing] Trainable params: 28,384,555 / 108,924,715 (26.1%)
[Layer Freezing] Training last 4 transformer layers (layers 8-11)
[Layer Freezing] Trainable params: 28,384,555 / 108,924,715 (26.1%)
[Layer Freezing] Training last 4 transformer layers (layers 8-11)
[Layer Freezing] Trainable params: 28,384,555 / 108,924,715 (26.1%)
[Layer Freezing] Training last 4 transformer layers (layers 8-11)
[Layer Freezing] Trainable params: 28,384,555 / 108,924,715 (26.1%)
[Layer Freezing] Training last 4 transformer layers (layers 8-11)
[Layer Freezing] Trainable params: 28,384,555 / 108,924,715 (26.1%)
[Layer Freezing] Training last 4 transformer layers (layers 8-11)
[Layer Freezing] Trainable params: 28,384,555 / 108,924,715 (26.1%)
[Round 55] T=3.11  α_ce=0.84  α_kd=0.16
 Round 55 | F1 0.5053 | P 0.6019 | R 0.4355 | Time 39.5s | Comm N/A | Local Avg F1: 0.4355

=== Round 56/100 ===
[Round 56] KD=ON | policy=ema_first
[Layer Freezing] Training last 4 transformer layers (layers 8-11)
[Layer Freezing] Trainable params: 28,384,555 / 108,924,715 (26.1%)
[Layer Freezing] Training last 4 transformer layers (layers 8-11)
[Layer Freezing] Trainable params: 28,384,555 / 108,924,715 (26.1%)
[Layer Freezing] Training last 4 transformer layers (layers 8-11)
[Layer Freezing] Trainable params: 28,384,555 / 108,924,715 (26.1%)
[Layer Freezing] Training last 4 transformer layers (layers 8-11)
[Layer Freezing] Trainable params: 28,384,555 / 108,924,715 (26.1%)
[Layer Freezing] Training last 4 transformer layers (layers 8-11)
[Layer Freezing] Trainable params: 28,384,555 / 108,924,715 (26.1%)
[Layer Freezing] Training last 4 transformer layers (layers 8-11)
[Layer Freezing] Trainable params: 28,384,555 / 108,924,715 (26.1%)
[Layer Freezing] Training last 4 transformer layers (layers 8-11)
[Layer Freezing] Trainable params: 28,384,555 / 108,924,715 (26.1%)
[Layer Freezing] Training last 4 transformer layers (layers 8-11)
[Layer Freezing] Trainable params: 28,384,555 / 108,924,715 (26.1%)
[Layer Freezing] Training last 4 transformer layers (layers 8-11)
[Layer Freezing] Trainable params: 28,384,555 / 108,924,715 (26.1%)
[Layer Freezing] Training last 4 transformer layers (layers 8-11)
[Layer Freezing] Trainable params: 28,384,555 / 108,924,715 (26.1%)
[Round 56] T=3.07  α_ce=0.83  α_kd=0.17
 Round 56 | F1 0.5110 | P 0.6011 | R 0.4444 | Time 39.6s | Comm N/A | Local Avg F1: 0.4365

=== Round 57/100 ===
[Round 57] KD=ON | policy=ema_first
[Layer Freezing] Training last 4 transformer layers (layers 8-11)
[Layer Freezing] Trainable params: 28,384,555 / 108,924,715 (26.1%)
[Layer Freezing] Training last 4 transformer layers (layers 8-11)
[Layer Freezing] Trainable params: 28,384,555 / 108,924,715 (26.1%)
[Layer Freezing] Training last 4 transformer layers (layers 8-11)
[Layer Freezing] Trainable params: 28,384,555 / 108,924,715 (26.1%)
[Layer Freezing] Training last 4 transformer layers (layers 8-11)
[Layer Freezing] Trainable params: 28,384,555 / 108,924,715 (26.1%)
[Layer Freezing] Training last 4 transformer layers (layers 8-11)
[Layer Freezing] Trainable params: 28,384,555 / 108,924,715 (26.1%)
[Layer Freezing] Training last 4 transformer layers (layers 8-11)
[Layer Freezing] Trainable params: 28,384,555 / 108,924,715 (26.1%)
[Layer Freezing] Training last 4 transformer layers (layers 8-11)
[Layer Freezing] Trainable params: 28,384,555 / 108,924,715 (26.1%)
[Layer Freezing] Training last 4 transformer layers (layers 8-11)
[Layer Freezing] Trainable params: 28,384,555 / 108,924,715 (26.1%)
[Layer Freezing] Training last 4 transformer layers (layers 8-11)
[Layer Freezing] Trainable params: 28,384,555 / 108,924,715 (26.1%)
[Layer Freezing] Training last 4 transformer layers (layers 8-11)
[Layer Freezing] Trainable params: 28,384,555 / 108,924,715 (26.1%)
[Round 57] T=3.04  α_ce=0.83  α_kd=0.17
 Round 57 | F1 0.5055 | P 0.6082 | R 0.4326 | Time 39.7s | Comm N/A | Local Avg F1: 0.4347

=== Round 58/100 ===
[Round 58] KD=ON | policy=ema_first
[Layer Freezing] Training last 4 transformer layers (layers 8-11)
[Layer Freezing] Trainable params: 28,384,555 / 108,924,715 (26.1%)
[Layer Freezing] Training last 4 transformer layers (layers 8-11)
[Layer Freezing] Trainable params: 28,384,555 / 108,924,715 (26.1%)
[Layer Freezing] Training last 4 transformer layers (layers 8-11)
[Layer Freezing] Trainable params: 28,384,555 / 108,924,715 (26.1%)
[Layer Freezing] Training last 4 transformer layers (layers 8-11)
[Layer Freezing] Trainable params: 28,384,555 / 108,924,715 (26.1%)
[Layer Freezing] Training last 4 transformer layers (layers 8-11)
[Layer Freezing] Trainable params: 28,384,555 / 108,924,715 (26.1%)
[Layer Freezing] Training last 4 transformer layers (layers 8-11)
[Layer Freezing] Trainable params: 28,384,555 / 108,924,715 (26.1%)
[Layer Freezing] Training last 4 transformer layers (layers 8-11)
[Layer Freezing] Trainable params: 28,384,555 / 108,924,715 (26.1%)
[Layer Freezing] Training last 4 transformer layers (layers 8-11)
[Layer Freezing] Trainable params: 28,384,555 / 108,924,715 (26.1%)
[Layer Freezing] Training last 4 transformer layers (layers 8-11)
[Layer Freezing] Trainable params: 28,384,555 / 108,924,715 (26.1%)
[Layer Freezing] Training last 4 transformer layers (layers 8-11)
[Layer Freezing] Trainable params: 28,384,555 / 108,924,715 (26.1%)
[Round 58] T=3.00  α_ce=0.83  α_kd=0.17
 Round 58 | F1 0.5016 | P 0.6146 | R 0.4238 | Time 39.2s | Comm N/A | Local Avg F1: 0.4316

=== Round 59/100 ===
[Round 59] KD=ON | policy=ema_first
[Layer Freezing] Training last 4 transformer layers (layers 8-11)
[Layer Freezing] Trainable params: 28,384,555 / 108,924,715 (26.1%)
[Layer Freezing] Training last 4 transformer layers (layers 8-11)
[Layer Freezing] Trainable params: 28,384,555 / 108,924,715 (26.1%)
[Layer Freezing] Training last 4 transformer layers (layers 8-11)
[Layer Freezing] Trainable params: 28,384,555 / 108,924,715 (26.1%)
[Layer Freezing] Training last 4 transformer layers (layers 8-11)
[Layer Freezing] Trainable params: 28,384,555 / 108,924,715 (26.1%)
[Layer Freezing] Training last 4 transformer layers (layers 8-11)
[Layer Freezing] Trainable params: 28,384,555 / 108,924,715 (26.1%)
[Layer Freezing] Training last 4 transformer layers (layers 8-11)
[Layer Freezing] Trainable params: 28,384,555 / 108,924,715 (26.1%)
[Layer Freezing] Training last 4 transformer layers (layers 8-11)
[Layer Freezing] Trainable params: 28,384,555 / 108,924,715 (26.1%)
[Layer Freezing] Training last 4 transformer layers (layers 8-11)
[Layer Freezing] Trainable params: 28,384,555 / 108,924,715 (26.1%)
[Layer Freezing] Training last 4 transformer layers (layers 8-11)
[Layer Freezing] Trainable params: 28,384,555 / 108,924,715 (26.1%)
[Layer Freezing] Training last 4 transformer layers (layers 8-11)
[Layer Freezing] Trainable params: 28,384,555 / 108,924,715 (26.1%)
[Round 59] T=2.96  α_ce=0.83  α_kd=0.17
 Round 59 | F1 0.5063 | P 0.6120 | R 0.4317 | Time 39.4s | Comm N/A | Local Avg F1: 0.4350

=== Round 60/100 ===
[Round 60] KD=ON | policy=ema_first
[Layer Freezing] Training last 4 transformer layers (layers 8-11)
[Layer Freezing] Trainable params: 28,384,555 / 108,924,715 (26.1%)
[Layer Freezing] Training last 4 transformer layers (layers 8-11)
[Layer Freezing] Trainable params: 28,384,555 / 108,924,715 (26.1%)
[Layer Freezing] Training last 4 transformer layers (layers 8-11)
[Layer Freezing] Trainable params: 28,384,555 / 108,924,715 (26.1%)
[Layer Freezing] Training last 4 transformer layers (layers 8-11)
[Layer Freezing] Trainable params: 28,384,555 / 108,924,715 (26.1%)
[Layer Freezing] Training last 4 transformer layers (layers 8-11)
[Layer Freezing] Trainable params: 28,384,555 / 108,924,715 (26.1%)
[Layer Freezing] Training last 4 transformer layers (layers 8-11)
[Layer Freezing] Trainable params: 28,384,555 / 108,924,715 (26.1%)
[Layer Freezing] Training last 4 transformer layers (layers 8-11)
[Layer Freezing] Trainable params: 28,384,555 / 108,924,715 (26.1%)
[Layer Freezing] Training last 4 transformer layers (layers 8-11)
[Layer Freezing] Trainable params: 28,384,555 / 108,924,715 (26.1%)
[Layer Freezing] Training last 4 transformer layers (layers 8-11)
[Layer Freezing] Trainable params: 28,384,555 / 108,924,715 (26.1%)
[Layer Freezing] Training last 4 transformer layers (layers 8-11)
[Layer Freezing] Trainable params: 28,384,555 / 108,924,715 (26.1%)
[Round 60] T=2.93  α_ce=0.82  α_kd=0.18
 Round 60 | F1 0.4981 | P 0.6155 | R 0.4184 | Time 39.6s | Comm N/A | Local Avg F1: 0.4323

=== Round 61/100 ===
[Round 61] KD=ON | policy=ema_first
[Layer Freezing] Training last 4 transformer layers (layers 8-11)
[Layer Freezing] Trainable params: 28,384,555 / 108,924,715 (26.1%)
[Layer Freezing] Training last 4 transformer layers (layers 8-11)
[Layer Freezing] Trainable params: 28,384,555 / 108,924,715 (26.1%)
[Layer Freezing] Training last 4 transformer layers (layers 8-11)
[Layer Freezing] Trainable params: 28,384,555 / 108,924,715 (26.1%)
[Layer Freezing] Training last 4 transformer layers (layers 8-11)
[Layer Freezing] Trainable params: 28,384,555 / 108,924,715 (26.1%)
[Layer Freezing] Training last 4 transformer layers (layers 8-11)
[Layer Freezing] Trainable params: 28,384,555 / 108,924,715 (26.1%)
[Layer Freezing] Training last 4 transformer layers (layers 8-11)
[Layer Freezing] Trainable params: 28,384,555 / 108,924,715 (26.1%)
[Layer Freezing] Training last 4 transformer layers (layers 8-11)
[Layer Freezing] Trainable params: 28,384,555 / 108,924,715 (26.1%)
[Layer Freezing] Training last 4 transformer layers (layers 8-11)
[Layer Freezing] Trainable params: 28,384,555 / 108,924,715 (26.1%)
[Layer Freezing] Training last 4 transformer layers (layers 8-11)
[Layer Freezing] Trainable params: 28,384,555 / 108,924,715 (26.1%)
[Layer Freezing] Training last 4 transformer layers (layers 8-11)
[Layer Freezing] Trainable params: 28,384,555 / 108,924,715 (26.1%)
[Round 61] T=2.89  α_ce=0.82  α_kd=0.18
 Round 61 | F1 0.5100 | P 0.6082 | R 0.4390 | Time 39.5s | Comm N/A | Local Avg F1: 0.4360

=== Round 62/100 ===
[Round 62] KD=ON | policy=ema_first
[Layer Freezing] Training last 4 transformer layers (layers 8-11)
[Layer Freezing] Trainable params: 28,384,555 / 108,924,715 (26.1%)
[Layer Freezing] Training last 4 transformer layers (layers 8-11)
[Layer Freezing] Trainable params: 28,384,555 / 108,924,715 (26.1%)
[Layer Freezing] Training last 4 transformer layers (layers 8-11)
[Layer Freezing] Trainable params: 28,384,555 / 108,924,715 (26.1%)
[Layer Freezing] Training last 4 transformer layers (layers 8-11)
[Layer Freezing] Trainable params: 28,384,555 / 108,924,715 (26.1%)
[Layer Freezing] Training last 4 transformer layers (layers 8-11)
[Layer Freezing] Trainable params: 28,384,555 / 108,924,715 (26.1%)
[Layer Freezing] Training last 4 transformer layers (layers 8-11)
[Layer Freezing] Trainable params: 28,384,555 / 108,924,715 (26.1%)
[Layer Freezing] Training last 4 transformer layers (layers 8-11)
[Layer Freezing] Trainable params: 28,384,555 / 108,924,715 (26.1%)
[Layer Freezing] Training last 4 transformer layers (layers 8-11)
[Layer Freezing] Trainable params: 28,384,555 / 108,924,715 (26.1%)
[Layer Freezing] Training last 4 transformer layers (layers 8-11)
[Layer Freezing] Trainable params: 28,384,555 / 108,924,715 (26.1%)
[Layer Freezing] Training last 4 transformer layers (layers 8-11)
[Layer Freezing] Trainable params: 28,384,555 / 108,924,715 (26.1%)
[Round 62] T=2.86  α_ce=0.82  α_kd=0.18
 Round 62 | F1 0.5179 | P 0.6046 | R 0.4529 | Time 39.5s | Comm N/A | Local Avg F1: 0.4444

=== Round 63/100 ===
[Round 63] KD=ON | policy=ema_first
[Layer Freezing] Training last 4 transformer layers (layers 8-11)
[Layer Freezing] Trainable params: 28,384,555 / 108,924,715 (26.1%)
[Layer Freezing] Training last 4 transformer layers (layers 8-11)
[Layer Freezing] Trainable params: 28,384,555 / 108,924,715 (26.1%)
[Layer Freezing] Training last 4 transformer layers (layers 8-11)
[Layer Freezing] Trainable params: 28,384,555 / 108,924,715 (26.1%)
[Layer Freezing] Training last 4 transformer layers (layers 8-11)
[Layer Freezing] Trainable params: 28,384,555 / 108,924,715 (26.1%)
[Layer Freezing] Training last 4 transformer layers (layers 8-11)
[Layer Freezing] Trainable params: 28,384,555 / 108,924,715 (26.1%)
[Layer Freezing] Training last 4 transformer layers (layers 8-11)
[Layer Freezing] Trainable params: 28,384,555 / 108,924,715 (26.1%)
[Layer Freezing] Training last 4 transformer layers (layers 8-11)
[Layer Freezing] Trainable params: 28,384,555 / 108,924,715 (26.1%)
[Layer Freezing] Training last 4 transformer layers (layers 8-11)
[Layer Freezing] Trainable params: 28,384,555 / 108,924,715 (26.1%)
[Layer Freezing] Training last 4 transformer layers (layers 8-11)
[Layer Freezing] Trainable params: 28,384,555 / 108,924,715 (26.1%)
[Layer Freezing] Training last 4 transformer layers (layers 8-11)
[Layer Freezing] Trainable params: 28,384,555 / 108,924,715 (26.1%)
[Round 63] T=2.82  α_ce=0.81  α_kd=0.19
 Round 63 | F1 0.5094 | P 0.6115 | R 0.4365 | Time 40.0s | Comm N/A | Local Avg F1: 0.4381

=== Round 64/100 ===
[Round 64] KD=ON | policy=ema_first
[Layer Freezing] Training last 4 transformer layers (layers 8-11)
[Layer Freezing] Trainable params: 28,384,555 / 108,924,715 (26.1%)
[Layer Freezing] Training last 4 transformer layers (layers 8-11)
[Layer Freezing] Trainable params: 28,384,555 / 108,924,715 (26.1%)
[Layer Freezing] Training last 4 transformer layers (layers 8-11)
[Layer Freezing] Trainable params: 28,384,555 / 108,924,715 (26.1%)
[Layer Freezing] Training last 4 transformer layers (layers 8-11)
[Layer Freezing] Trainable params: 28,384,555 / 108,924,715 (26.1%)
[Layer Freezing] Training last 4 transformer layers (layers 8-11)
[Layer Freezing] Trainable params: 28,384,555 / 108,924,715 (26.1%)
[Layer Freezing] Training last 4 transformer layers (layers 8-11)
[Layer Freezing] Trainable params: 28,384,555 / 108,924,715 (26.1%)
[Layer Freezing] Training last 4 transformer layers (layers 8-11)
[Layer Freezing] Trainable params: 28,384,555 / 108,924,715 (26.1%)
[Layer Freezing] Training last 4 transformer layers (layers 8-11)
[Layer Freezing] Trainable params: 28,384,555 / 108,924,715 (26.1%)
[Layer Freezing] Training last 4 transformer layers (layers 8-11)
[Layer Freezing] Trainable params: 28,384,555 / 108,924,715 (26.1%)
[Layer Freezing] Training last 4 transformer layers (layers 8-11)
[Layer Freezing] Trainable params: 28,384,555 / 108,924,715 (26.1%)
[Round 64] T=2.79  α_ce=0.81  α_kd=0.19
 Round 64 | F1 0.5149 | P 0.6089 | R 0.4460 | Time 39.5s | Comm N/A | Local Avg F1: 0.4440

=== Round 65/100 ===
[Round 65] KD=ON | policy=ema_first
[Layer Freezing] Training last 4 transformer layers (layers 8-11)
[Layer Freezing] Trainable params: 28,384,555 / 108,924,715 (26.1%)
[Layer Freezing] Training last 4 transformer layers (layers 8-11)
[Layer Freezing] Trainable params: 28,384,555 / 108,924,715 (26.1%)
[Layer Freezing] Training last 4 transformer layers (layers 8-11)
[Layer Freezing] Trainable params: 28,384,555 / 108,924,715 (26.1%)
[Layer Freezing] Training last 4 transformer layers (layers 8-11)
[Layer Freezing] Trainable params: 28,384,555 / 108,924,715 (26.1%)
[Layer Freezing] Training last 4 transformer layers (layers 8-11)
[Layer Freezing] Trainable params: 28,384,555 / 108,924,715 (26.1%)
[Layer Freezing] Training last 4 transformer layers (layers 8-11)
[Layer Freezing] Trainable params: 28,384,555 / 108,924,715 (26.1%)
[Layer Freezing] Training last 4 transformer layers (layers 8-11)
[Layer Freezing] Trainable params: 28,384,555 / 108,924,715 (26.1%)
[Layer Freezing] Training last 4 transformer layers (layers 8-11)
[Layer Freezing] Trainable params: 28,384,555 / 108,924,715 (26.1%)
[Layer Freezing] Training last 4 transformer layers (layers 8-11)
[Layer Freezing] Trainable params: 28,384,555 / 108,924,715 (26.1%)
[Layer Freezing] Training last 4 transformer layers (layers 8-11)
[Layer Freezing] Trainable params: 28,384,555 / 108,924,715 (26.1%)
[Round 65] T=2.75  α_ce=0.81  α_kd=0.19
 Round 65 | F1 0.5113 | P 0.6124 | R 0.4388 | Time 39.6s | Comm N/A | Local Avg F1: 0.4409

=== Round 66/100 ===
[Round 66] KD=ON | policy=ema_first
[Layer Freezing] Training last 4 transformer layers (layers 8-11)
[Layer Freezing] Trainable params: 28,384,555 / 108,924,715 (26.1%)
[Layer Freezing] Training last 4 transformer layers (layers 8-11)
[Layer Freezing] Trainable params: 28,384,555 / 108,924,715 (26.1%)
[Layer Freezing] Training last 4 transformer layers (layers 8-11)
[Layer Freezing] Trainable params: 28,384,555 / 108,924,715 (26.1%)
[Layer Freezing] Training last 4 transformer layers (layers 8-11)
[Layer Freezing] Trainable params: 28,384,555 / 108,924,715 (26.1%)
[Layer Freezing] Training last 4 transformer layers (layers 8-11)
[Layer Freezing] Trainable params: 28,384,555 / 108,924,715 (26.1%)
[Layer Freezing] Training last 4 transformer layers (layers 8-11)
[Layer Freezing] Trainable params: 28,384,555 / 108,924,715 (26.1%)
[Layer Freezing] Training last 4 transformer layers (layers 8-11)
[Layer Freezing] Trainable params: 28,384,555 / 108,924,715 (26.1%)
[Layer Freezing] Training last 4 transformer layers (layers 8-11)
[Layer Freezing] Trainable params: 28,384,555 / 108,924,715 (26.1%)
[Layer Freezing] Training last 4 transformer layers (layers 8-11)
[Layer Freezing] Trainable params: 28,384,555 / 108,924,715 (26.1%)
[Layer Freezing] Training last 4 transformer layers (layers 8-11)
[Layer Freezing] Trainable params: 28,384,555 / 108,924,715 (26.1%)
[Round 66] T=2.71  α_ce=0.80  α_kd=0.20
 Round 66 | F1 0.5161 | P 0.6083 | R 0.4482 | Time 39.0s | Comm N/A | Local Avg F1: 0.4454

=== Round 67/100 ===
[Round 67] KD=ON | policy=ema_first
[Layer Freezing] Training last 4 transformer layers (layers 8-11)
[Layer Freezing] Trainable params: 28,384,555 / 108,924,715 (26.1%)
[Layer Freezing] Training last 4 transformer layers (layers 8-11)
[Layer Freezing] Trainable params: 28,384,555 / 108,924,715 (26.1%)
[Layer Freezing] Training last 4 transformer layers (layers 8-11)
[Layer Freezing] Trainable params: 28,384,555 / 108,924,715 (26.1%)
[Layer Freezing] Training last 4 transformer layers (layers 8-11)
[Layer Freezing] Trainable params: 28,384,555 / 108,924,715 (26.1%)
[Layer Freezing] Training last 4 transformer layers (layers 8-11)
[Layer Freezing] Trainable params: 28,384,555 / 108,924,715 (26.1%)
[Layer Freezing] Training last 4 transformer layers (layers 8-11)
[Layer Freezing] Trainable params: 28,384,555 / 108,924,715 (26.1%)
[Layer Freezing] Training last 4 transformer layers (layers 8-11)
[Layer Freezing] Trainable params: 28,384,555 / 108,924,715 (26.1%)
[Layer Freezing] Training last 4 transformer layers (layers 8-11)
[Layer Freezing] Trainable params: 28,384,555 / 108,924,715 (26.1%)
[Layer Freezing] Training last 4 transformer layers (layers 8-11)
[Layer Freezing] Trainable params: 28,384,555 / 108,924,715 (26.1%)
[Layer Freezing] Training last 4 transformer layers (layers 8-11)
[Layer Freezing] Trainable params: 28,384,555 / 108,924,715 (26.1%)
[Round 67] T=2.68  α_ce=0.80  α_kd=0.20
 Round 67 | F1 0.5190 | P 0.6106 | R 0.4513 | Time 39.4s | Comm N/A | Local Avg F1: 0.4471

=== Round 68/100 ===
[Round 68] KD=ON | policy=ema_first
[Layer Freezing] Training last 4 transformer layers (layers 8-11)
[Layer Freezing] Trainable params: 28,384,555 / 108,924,715 (26.1%)
[Layer Freezing] Training last 4 transformer layers (layers 8-11)
[Layer Freezing] Trainable params: 28,384,555 / 108,924,715 (26.1%)
[Layer Freezing] Training last 4 transformer layers (layers 8-11)
[Layer Freezing] Trainable params: 28,384,555 / 108,924,715 (26.1%)
[Layer Freezing] Training last 4 transformer layers (layers 8-11)
[Layer Freezing] Trainable params: 28,384,555 / 108,924,715 (26.1%)
[Layer Freezing] Training last 4 transformer layers (layers 8-11)
[Layer Freezing] Trainable params: 28,384,555 / 108,924,715 (26.1%)
[Layer Freezing] Training last 4 transformer layers (layers 8-11)
[Layer Freezing] Trainable params: 28,384,555 / 108,924,715 (26.1%)
[Layer Freezing] Training last 4 transformer layers (layers 8-11)
[Layer Freezing] Trainable params: 28,384,555 / 108,924,715 (26.1%)
[Layer Freezing] Training last 4 transformer layers (layers 8-11)
[Layer Freezing] Trainable params: 28,384,555 / 108,924,715 (26.1%)
[Layer Freezing] Training last 4 transformer layers (layers 8-11)
[Layer Freezing] Trainable params: 28,384,555 / 108,924,715 (26.1%)
[Layer Freezing] Training last 4 transformer layers (layers 8-11)
[Layer Freezing] Trainable params: 28,384,555 / 108,924,715 (26.1%)
[Round 68] T=2.64  α_ce=0.80  α_kd=0.20
 Round 68 | F1 0.5181 | P 0.6058 | R 0.4525 | Time 39.5s | Comm N/A | Local Avg F1: 0.4439

=== Round 69/100 ===
[Round 69] KD=ON | policy=ema_first
[Layer Freezing] Training last 4 transformer layers (layers 8-11)
[Layer Freezing] Trainable params: 28,384,555 / 108,924,715 (26.1%)
[Layer Freezing] Training last 4 transformer layers (layers 8-11)
[Layer Freezing] Trainable params: 28,384,555 / 108,924,715 (26.1%)
[Layer Freezing] Training last 4 transformer layers (layers 8-11)
[Layer Freezing] Trainable params: 28,384,555 / 108,924,715 (26.1%)
[Layer Freezing] Training last 4 transformer layers (layers 8-11)
[Layer Freezing] Trainable params: 28,384,555 / 108,924,715 (26.1%)
[Layer Freezing] Training last 4 transformer layers (layers 8-11)
[Layer Freezing] Trainable params: 28,384,555 / 108,924,715 (26.1%)
[Layer Freezing] Training last 4 transformer layers (layers 8-11)
[Layer Freezing] Trainable params: 28,384,555 / 108,924,715 (26.1%)
[Layer Freezing] Training last 4 transformer layers (layers 8-11)
[Layer Freezing] Trainable params: 28,384,555 / 108,924,715 (26.1%)
[Layer Freezing] Training last 4 transformer layers (layers 8-11)
[Layer Freezing] Trainable params: 28,384,555 / 108,924,715 (26.1%)
[Layer Freezing] Training last 4 transformer layers (layers 8-11)
[Layer Freezing] Trainable params: 28,384,555 / 108,924,715 (26.1%)
[Layer Freezing] Training last 4 transformer layers (layers 8-11)
[Layer Freezing] Trainable params: 28,384,555 / 108,924,715 (26.1%)
[Round 69] T=2.61  α_ce=0.79  α_kd=0.21
 Round 69 | F1 0.5250 | P 0.6008 | R 0.4662 | Time 39.6s | Comm N/A | Local Avg F1: 0.4467

=== Round 70/100 ===
[Round 70] KD=ON | policy=ema_first
[Layer Freezing] Training last 4 transformer layers (layers 8-11)
[Layer Freezing] Trainable params: 28,384,555 / 108,924,715 (26.1%)
[Layer Freezing] Training last 4 transformer layers (layers 8-11)
[Layer Freezing] Trainable params: 28,384,555 / 108,924,715 (26.1%)
[Layer Freezing] Training last 4 transformer layers (layers 8-11)
[Layer Freezing] Trainable params: 28,384,555 / 108,924,715 (26.1%)
[Layer Freezing] Training last 4 transformer layers (layers 8-11)
[Layer Freezing] Trainable params: 28,384,555 / 108,924,715 (26.1%)
[Layer Freezing] Training last 4 transformer layers (layers 8-11)
[Layer Freezing] Trainable params: 28,384,555 / 108,924,715 (26.1%)
[Layer Freezing] Training last 4 transformer layers (layers 8-11)
[Layer Freezing] Trainable params: 28,384,555 / 108,924,715 (26.1%)
[Layer Freezing] Training last 4 transformer layers (layers 8-11)
[Layer Freezing] Trainable params: 28,384,555 / 108,924,715 (26.1%)
[Layer Freezing] Training last 4 transformer layers (layers 8-11)
[Layer Freezing] Trainable params: 28,384,555 / 108,924,715 (26.1%)
[Layer Freezing] Training last 4 transformer layers (layers 8-11)
[Layer Freezing] Trainable params: 28,384,555 / 108,924,715 (26.1%)
[Layer Freezing] Training last 4 transformer layers (layers 8-11)
[Layer Freezing] Trainable params: 28,384,555 / 108,924,715 (26.1%)
[Round 70] T=2.57  α_ce=0.79  α_kd=0.21
 Round 70 | F1 0.5219 | P 0.6176 | R 0.4519 | Time 39.3s | Comm N/A | Local Avg F1: 0.4481

=== Round 71/100 ===
[Round 71] KD=ON | policy=ema_first
[Layer Freezing] Training last 4 transformer layers (layers 8-11)
[Layer Freezing] Trainable params: 28,384,555 / 108,924,715 (26.1%)
[Layer Freezing] Training last 4 transformer layers (layers 8-11)
[Layer Freezing] Trainable params: 28,384,555 / 108,924,715 (26.1%)
[Layer Freezing] Training last 4 transformer layers (layers 8-11)
[Layer Freezing] Trainable params: 28,384,555 / 108,924,715 (26.1%)
[Layer Freezing] Training last 4 transformer layers (layers 8-11)
[Layer Freezing] Trainable params: 28,384,555 / 108,924,715 (26.1%)
[Layer Freezing] Training last 4 transformer layers (layers 8-11)
[Layer Freezing] Trainable params: 28,384,555 / 108,924,715 (26.1%)
[Layer Freezing] Training last 4 transformer layers (layers 8-11)
[Layer Freezing] Trainable params: 28,384,555 / 108,924,715 (26.1%)
[Layer Freezing] Training last 4 transformer layers (layers 8-11)
[Layer Freezing] Trainable params: 28,384,555 / 108,924,715 (26.1%)
[Layer Freezing] Training last 4 transformer layers (layers 8-11)
[Layer Freezing] Trainable params: 28,384,555 / 108,924,715 (26.1%)
[Layer Freezing] Training last 4 transformer layers (layers 8-11)
[Layer Freezing] Trainable params: 28,384,555 / 108,924,715 (26.1%)
[Layer Freezing] Training last 4 transformer layers (layers 8-11)
[Layer Freezing] Trainable params: 28,384,555 / 108,924,715 (26.1%)
[Round 71] T=2.54  α_ce=0.79  α_kd=0.21
 Round 71 | F1 0.5241 | P 0.6086 | R 0.4601 | Time 39.6s | Comm N/A | Local Avg F1: 0.4495

=== Round 72/100 ===
[Round 72] KD=ON | policy=ema_first
[Layer Freezing] Training last 4 transformer layers (layers 8-11)
[Layer Freezing] Trainable params: 28,384,555 / 108,924,715 (26.1%)
[Layer Freezing] Training last 4 transformer layers (layers 8-11)
[Layer Freezing] Trainable params: 28,384,555 / 108,924,715 (26.1%)
[Layer Freezing] Training last 4 transformer layers (layers 8-11)
[Layer Freezing] Trainable params: 28,384,555 / 108,924,715 (26.1%)
[Layer Freezing] Training last 4 transformer layers (layers 8-11)
[Layer Freezing] Trainable params: 28,384,555 / 108,924,715 (26.1%)
[Layer Freezing] Training last 4 transformer layers (layers 8-11)
[Layer Freezing] Trainable params: 28,384,555 / 108,924,715 (26.1%)
[Layer Freezing] Training last 4 transformer layers (layers 8-11)
[Layer Freezing] Trainable params: 28,384,555 / 108,924,715 (26.1%)
[Layer Freezing] Training last 4 transformer layers (layers 8-11)
[Layer Freezing] Trainable params: 28,384,555 / 108,924,715 (26.1%)
[Layer Freezing] Training last 4 transformer layers (layers 8-11)
[Layer Freezing] Trainable params: 28,384,555 / 108,924,715 (26.1%)
[Layer Freezing] Training last 4 transformer layers (layers 8-11)
[Layer Freezing] Trainable params: 28,384,555 / 108,924,715 (26.1%)
[Layer Freezing] Training last 4 transformer layers (layers 8-11)
[Layer Freezing] Trainable params: 28,384,555 / 108,924,715 (26.1%)
[Round 72] T=2.50  α_ce=0.79  α_kd=0.21
 Round 72 | F1 0.5247 | P 0.6085 | R 0.4612 | Time 39.6s | Comm N/A | Local Avg F1: 0.4518

=== Round 73/100 ===
[Round 73] KD=ON | policy=ema_first
[Layer Freezing] Training last 4 transformer layers (layers 8-11)
[Layer Freezing] Trainable params: 28,384,555 / 108,924,715 (26.1%)
[Layer Freezing] Training last 4 transformer layers (layers 8-11)
[Layer Freezing] Trainable params: 28,384,555 / 108,924,715 (26.1%)
[Layer Freezing] Training last 4 transformer layers (layers 8-11)
[Layer Freezing] Trainable params: 28,384,555 / 108,924,715 (26.1%)
[Layer Freezing] Training last 4 transformer layers (layers 8-11)
[Layer Freezing] Trainable params: 28,384,555 / 108,924,715 (26.1%)
[Layer Freezing] Training last 4 transformer layers (layers 8-11)
[Layer Freezing] Trainable params: 28,384,555 / 108,924,715 (26.1%)
[Layer Freezing] Training last 4 transformer layers (layers 8-11)
[Layer Freezing] Trainable params: 28,384,555 / 108,924,715 (26.1%)
[Layer Freezing] Training last 4 transformer layers (layers 8-11)
[Layer Freezing] Trainable params: 28,384,555 / 108,924,715 (26.1%)
[Layer Freezing] Training last 4 transformer layers (layers 8-11)
[Layer Freezing] Trainable params: 28,384,555 / 108,924,715 (26.1%)
[Layer Freezing] Training last 4 transformer layers (layers 8-11)
[Layer Freezing] Trainable params: 28,384,555 / 108,924,715 (26.1%)
[Layer Freezing] Training last 4 transformer layers (layers 8-11)
[Layer Freezing] Trainable params: 28,384,555 / 108,924,715 (26.1%)
[Round 73] T=2.46  α_ce=0.78  α_kd=0.22
 Round 73 | F1 0.5251 | P 0.6058 | R 0.4633 | Time 39.5s | Comm N/A | Local Avg F1: 0.4542

=== Round 74/100 ===
[Round 74] KD=ON | policy=ema_first
[Layer Freezing] Training last 4 transformer layers (layers 8-11)
[Layer Freezing] Trainable params: 28,384,555 / 108,924,715 (26.1%)
[Layer Freezing] Training last 4 transformer layers (layers 8-11)
[Layer Freezing] Trainable params: 28,384,555 / 108,924,715 (26.1%)
[Layer Freezing] Training last 4 transformer layers (layers 8-11)
[Layer Freezing] Trainable params: 28,384,555 / 108,924,715 (26.1%)
[Layer Freezing] Training last 4 transformer layers (layers 8-11)
[Layer Freezing] Trainable params: 28,384,555 / 108,924,715 (26.1%)
[Layer Freezing] Training last 4 transformer layers (layers 8-11)
[Layer Freezing] Trainable params: 28,384,555 / 108,924,715 (26.1%)
[Layer Freezing] Training last 4 transformer layers (layers 8-11)
[Layer Freezing] Trainable params: 28,384,555 / 108,924,715 (26.1%)
[Layer Freezing] Training last 4 transformer layers (layers 8-11)
[Layer Freezing] Trainable params: 28,384,555 / 108,924,715 (26.1%)
[Layer Freezing] Training last 4 transformer layers (layers 8-11)
[Layer Freezing] Trainable params: 28,384,555 / 108,924,715 (26.1%)
[Layer Freezing] Training last 4 transformer layers (layers 8-11)
[Layer Freezing] Trainable params: 28,384,555 / 108,924,715 (26.1%)
[Layer Freezing] Training last 4 transformer layers (layers 8-11)
[Layer Freezing] Trainable params: 28,384,555 / 108,924,715 (26.1%)
[Round 74] T=2.43  α_ce=0.78  α_kd=0.22
 Round 74 | F1 0.5274 | P 0.6108 | R 0.4641 | Time 39.0s | Comm N/A | Local Avg F1: 0.4533

=== Round 75/100 ===
[Round 75] KD=ON | policy=ema_first
[Layer Freezing] Training last 4 transformer layers (layers 8-11)
[Layer Freezing] Trainable params: 28,384,555 / 108,924,715 (26.1%)
[Layer Freezing] Training last 4 transformer layers (layers 8-11)
[Layer Freezing] Trainable params: 28,384,555 / 108,924,715 (26.1%)
[Layer Freezing] Training last 4 transformer layers (layers 8-11)
[Layer Freezing] Trainable params: 28,384,555 / 108,924,715 (26.1%)
[Layer Freezing] Training last 4 transformer layers (layers 8-11)
[Layer Freezing] Trainable params: 28,384,555 / 108,924,715 (26.1%)
[Layer Freezing] Training last 4 transformer layers (layers 8-11)
[Layer Freezing] Trainable params: 28,384,555 / 108,924,715 (26.1%)
[Layer Freezing] Training last 4 transformer layers (layers 8-11)
[Layer Freezing] Trainable params: 28,384,555 / 108,924,715 (26.1%)
[Layer Freezing] Training last 4 transformer layers (layers 8-11)
[Layer Freezing] Trainable params: 28,384,555 / 108,924,715 (26.1%)
[Layer Freezing] Training last 4 transformer layers (layers 8-11)
[Layer Freezing] Trainable params: 28,384,555 / 108,924,715 (26.1%)
[Layer Freezing] Training last 4 transformer layers (layers 8-11)
[Layer Freezing] Trainable params: 28,384,555 / 108,924,715 (26.1%)
[Layer Freezing] Training last 4 transformer layers (layers 8-11)
[Layer Freezing] Trainable params: 28,384,555 / 108,924,715 (26.1%)
[Round 75] T=2.39  α_ce=0.78  α_kd=0.22
 Round 75 | F1 0.5212 | P 0.6179 | R 0.4507 | Time 39.6s | Comm N/A | Local Avg F1: 0.4511

=== Round 76/100 ===
[Round 76] KD=ON | policy=ema_first
[Layer Freezing] Training last 4 transformer layers (layers 8-11)
[Layer Freezing] Trainable params: 28,384,555 / 108,924,715 (26.1%)
[Layer Freezing] Training last 4 transformer layers (layers 8-11)
[Layer Freezing] Trainable params: 28,384,555 / 108,924,715 (26.1%)
[Layer Freezing] Training last 4 transformer layers (layers 8-11)
[Layer Freezing] Trainable params: 28,384,555 / 108,924,715 (26.1%)
[Layer Freezing] Training last 4 transformer layers (layers 8-11)
[Layer Freezing] Trainable params: 28,384,555 / 108,924,715 (26.1%)
[Layer Freezing] Training last 4 transformer layers (layers 8-11)
[Layer Freezing] Trainable params: 28,384,555 / 108,924,715 (26.1%)
[Layer Freezing] Training last 4 transformer layers (layers 8-11)
[Layer Freezing] Trainable params: 28,384,555 / 108,924,715 (26.1%)
[Layer Freezing] Training last 4 transformer layers (layers 8-11)
[Layer Freezing] Trainable params: 28,384,555 / 108,924,715 (26.1%)
[Layer Freezing] Training last 4 transformer layers (layers 8-11)
[Layer Freezing] Trainable params: 28,384,555 / 108,924,715 (26.1%)
[Layer Freezing] Training last 4 transformer layers (layers 8-11)
[Layer Freezing] Trainable params: 28,384,555 / 108,924,715 (26.1%)
[Layer Freezing] Training last 4 transformer layers (layers 8-11)
[Layer Freezing] Trainable params: 28,384,555 / 108,924,715 (26.1%)
[Round 76] T=2.36  α_ce=0.77  α_kd=0.23
 Round 76 | F1 0.5363 | P 0.6045 | R 0.4820 | Time 39.6s | Comm N/A | Local Avg F1: 0.4613

=== Round 77/100 ===
[Round 77] KD=ON | policy=ema_first
[Layer Freezing] Training last 4 transformer layers (layers 8-11)
[Layer Freezing] Trainable params: 28,384,555 / 108,924,715 (26.1%)
[Layer Freezing] Training last 4 transformer layers (layers 8-11)
[Layer Freezing] Trainable params: 28,384,555 / 108,924,715 (26.1%)
[Layer Freezing] Training last 4 transformer layers (layers 8-11)
[Layer Freezing] Trainable params: 28,384,555 / 108,924,715 (26.1%)
[Layer Freezing] Training last 4 transformer layers (layers 8-11)
[Layer Freezing] Trainable params: 28,384,555 / 108,924,715 (26.1%)
[Layer Freezing] Training last 4 transformer layers (layers 8-11)
[Layer Freezing] Trainable params: 28,384,555 / 108,924,715 (26.1%)
[Layer Freezing] Training last 4 transformer layers (layers 8-11)
[Layer Freezing] Trainable params: 28,384,555 / 108,924,715 (26.1%)
[Layer Freezing] Training last 4 transformer layers (layers 8-11)
[Layer Freezing] Trainable params: 28,384,555 / 108,924,715 (26.1%)
[Layer Freezing] Training last 4 transformer layers (layers 8-11)
[Layer Freezing] Trainable params: 28,384,555 / 108,924,715 (26.1%)
[Layer Freezing] Training last 4 transformer layers (layers 8-11)
[Layer Freezing] Trainable params: 28,384,555 / 108,924,715 (26.1%)
[Layer Freezing] Training last 4 transformer layers (layers 8-11)
[Layer Freezing] Trainable params: 28,384,555 / 108,924,715 (26.1%)
[Round 77] T=2.32  α_ce=0.77  α_kd=0.23
 Round 77 | F1 0.5284 | P 0.6168 | R 0.4621 | Time 39.5s | Comm N/A | Local Avg F1: 0.4548

=== Round 78/100 ===
[Round 78] KD=ON | policy=ema_first
[Layer Freezing] Training last 4 transformer layers (layers 8-11)
[Layer Freezing] Trainable params: 28,384,555 / 108,924,715 (26.1%)
[Layer Freezing] Training last 4 transformer layers (layers 8-11)
[Layer Freezing] Trainable params: 28,384,555 / 108,924,715 (26.1%)
[Layer Freezing] Training last 4 transformer layers (layers 8-11)
[Layer Freezing] Trainable params: 28,384,555 / 108,924,715 (26.1%)
[Layer Freezing] Training last 4 transformer layers (layers 8-11)
[Layer Freezing] Trainable params: 28,384,555 / 108,924,715 (26.1%)
[Layer Freezing] Training last 4 transformer layers (layers 8-11)
[Layer Freezing] Trainable params: 28,384,555 / 108,924,715 (26.1%)
[Layer Freezing] Training last 4 transformer layers (layers 8-11)
[Layer Freezing] Trainable params: 28,384,555 / 108,924,715 (26.1%)
[Layer Freezing] Training last 4 transformer layers (layers 8-11)
[Layer Freezing] Trainable params: 28,384,555 / 108,924,715 (26.1%)
[Layer Freezing] Training last 4 transformer layers (layers 8-11)
[Layer Freezing] Trainable params: 28,384,555 / 108,924,715 (26.1%)
[Layer Freezing] Training last 4 transformer layers (layers 8-11)
[Layer Freezing] Trainable params: 28,384,555 / 108,924,715 (26.1%)
[Layer Freezing] Training last 4 transformer layers (layers 8-11)
[Layer Freezing] Trainable params: 28,384,555 / 108,924,715 (26.1%)
[Round 78] T=2.29  α_ce=0.77  α_kd=0.23
 Round 78 | F1 0.5286 | P 0.6171 | R 0.4623 | Time 39.3s | Comm N/A | Local Avg F1: 0.4565

=== Round 79/100 ===
[Round 79] KD=ON | policy=ema_first
[Layer Freezing] Training last 4 transformer layers (layers 8-11)
[Layer Freezing] Trainable params: 28,384,555 / 108,924,715 (26.1%)
[Layer Freezing] Training last 4 transformer layers (layers 8-11)
[Layer Freezing] Trainable params: 28,384,555 / 108,924,715 (26.1%)
[Layer Freezing] Training last 4 transformer layers (layers 8-11)
[Layer Freezing] Trainable params: 28,384,555 / 108,924,715 (26.1%)
[Layer Freezing] Training last 4 transformer layers (layers 8-11)
[Layer Freezing] Trainable params: 28,384,555 / 108,924,715 (26.1%)
[Layer Freezing] Training last 4 transformer layers (layers 8-11)
[Layer Freezing] Trainable params: 28,384,555 / 108,924,715 (26.1%)
[Layer Freezing] Training last 4 transformer layers (layers 8-11)
[Layer Freezing] Trainable params: 28,384,555 / 108,924,715 (26.1%)
[Layer Freezing] Training last 4 transformer layers (layers 8-11)
[Layer Freezing] Trainable params: 28,384,555 / 108,924,715 (26.1%)
[Layer Freezing] Training last 4 transformer layers (layers 8-11)
[Layer Freezing] Trainable params: 28,384,555 / 108,924,715 (26.1%)
[Layer Freezing] Training last 4 transformer layers (layers 8-11)
[Layer Freezing] Trainable params: 28,384,555 / 108,924,715 (26.1%)
[Layer Freezing] Training last 4 transformer layers (layers 8-11)
[Layer Freezing] Trainable params: 28,384,555 / 108,924,715 (26.1%)
[Round 79] T=2.25  α_ce=0.76  α_kd=0.24
 Round 79 | F1 0.5283 | P 0.6207 | R 0.4599 | Time 39.6s | Comm N/A | Local Avg F1: 0.4554

=== Round 80/100 ===
[Round 80] KD=ON | policy=ema_first
[Layer Freezing] Training last 4 transformer layers (layers 8-11)
[Layer Freezing] Trainable params: 28,384,555 / 108,924,715 (26.1%)
[Layer Freezing] Training last 4 transformer layers (layers 8-11)
[Layer Freezing] Trainable params: 28,384,555 / 108,924,715 (26.1%)
[Layer Freezing] Training last 4 transformer layers (layers 8-11)
[Layer Freezing] Trainable params: 28,384,555 / 108,924,715 (26.1%)
[Layer Freezing] Training last 4 transformer layers (layers 8-11)
[Layer Freezing] Trainable params: 28,384,555 / 108,924,715 (26.1%)
[Layer Freezing] Training last 4 transformer layers (layers 8-11)
[Layer Freezing] Trainable params: 28,384,555 / 108,924,715 (26.1%)
[Layer Freezing] Training last 4 transformer layers (layers 8-11)
[Layer Freezing] Trainable params: 28,384,555 / 108,924,715 (26.1%)
[Layer Freezing] Training last 4 transformer layers (layers 8-11)
[Layer Freezing] Trainable params: 28,384,555 / 108,924,715 (26.1%)
[Layer Freezing] Training last 4 transformer layers (layers 8-11)
[Layer Freezing] Trainable params: 28,384,555 / 108,924,715 (26.1%)
[Layer Freezing] Training last 4 transformer layers (layers 8-11)
[Layer Freezing] Trainable params: 28,384,555 / 108,924,715 (26.1%)
[Layer Freezing] Training last 4 transformer layers (layers 8-11)
[Layer Freezing] Trainable params: 28,384,555 / 108,924,715 (26.1%)
[Round 80] T=2.21  α_ce=0.76  α_kd=0.24
 Round 80 | F1 0.5342 | P 0.6154 | R 0.4720 | Time 39.6s | Comm N/A | Local Avg F1: 0.4600

=== Round 81/100 ===
[Round 81] KD=ON | policy=ema_first
[Layer Freezing] Training last 4 transformer layers (layers 8-11)
[Layer Freezing] Trainable params: 28,384,555 / 108,924,715 (26.1%)
[Layer Freezing] Training last 4 transformer layers (layers 8-11)
[Layer Freezing] Trainable params: 28,384,555 / 108,924,715 (26.1%)
[Layer Freezing] Training last 4 transformer layers (layers 8-11)
[Layer Freezing] Trainable params: 28,384,555 / 108,924,715 (26.1%)
[Layer Freezing] Training last 4 transformer layers (layers 8-11)
[Layer Freezing] Trainable params: 28,384,555 / 108,924,715 (26.1%)
[Layer Freezing] Training last 4 transformer layers (layers 8-11)
[Layer Freezing] Trainable params: 28,384,555 / 108,924,715 (26.1%)
[Layer Freezing] Training last 4 transformer layers (layers 8-11)
[Layer Freezing] Trainable params: 28,384,555 / 108,924,715 (26.1%)
[Layer Freezing] Training last 4 transformer layers (layers 8-11)
[Layer Freezing] Trainable params: 28,384,555 / 108,924,715 (26.1%)
[Layer Freezing] Training last 4 transformer layers (layers 8-11)
[Layer Freezing] Trainable params: 28,384,555 / 108,924,715 (26.1%)
[Layer Freezing] Training last 4 transformer layers (layers 8-11)
[Layer Freezing] Trainable params: 28,384,555 / 108,924,715 (26.1%)
[Layer Freezing] Training last 4 transformer layers (layers 8-11)
[Layer Freezing] Trainable params: 28,384,555 / 108,924,715 (26.1%)
[Round 81] T=2.18  α_ce=0.76  α_kd=0.24
 Round 81 | F1 0.5272 | P 0.6179 | R 0.4597 | Time 39.8s | Comm N/A | Local Avg F1: 0.4573

=== Round 82/100 ===
[Round 82] KD=ON | policy=ema_first
[Layer Freezing] Training last 4 transformer layers (layers 8-11)
[Layer Freezing] Trainable params: 28,384,555 / 108,924,715 (26.1%)
[Layer Freezing] Training last 4 transformer layers (layers 8-11)
[Layer Freezing] Trainable params: 28,384,555 / 108,924,715 (26.1%)
[Layer Freezing] Training last 4 transformer layers (layers 8-11)
[Layer Freezing] Trainable params: 28,384,555 / 108,924,715 (26.1%)
[Layer Freezing] Training last 4 transformer layers (layers 8-11)
[Layer Freezing] Trainable params: 28,384,555 / 108,924,715 (26.1%)
[Layer Freezing] Training last 4 transformer layers (layers 8-11)
[Layer Freezing] Trainable params: 28,384,555 / 108,924,715 (26.1%)
[Layer Freezing] Training last 4 transformer layers (layers 8-11)
[Layer Freezing] Trainable params: 28,384,555 / 108,924,715 (26.1%)
[Layer Freezing] Training last 4 transformer layers (layers 8-11)
[Layer Freezing] Trainable params: 28,384,555 / 108,924,715 (26.1%)
[Layer Freezing] Training last 4 transformer layers (layers 8-11)
[Layer Freezing] Trainable params: 28,384,555 / 108,924,715 (26.1%)
[Layer Freezing] Training last 4 transformer layers (layers 8-11)
[Layer Freezing] Trainable params: 28,384,555 / 108,924,715 (26.1%)
[Layer Freezing] Training last 4 transformer layers (layers 8-11)
[Layer Freezing] Trainable params: 28,384,555 / 108,924,715 (26.1%)
[Round 82] T=2.14  α_ce=0.76  α_kd=0.24
 Round 82 | F1 0.5299 | P 0.6126 | R 0.4668 | Time 39.5s | Comm N/A | Local Avg F1: 0.4602

=== Round 83/100 ===
[Round 83] KD=ON | policy=ema_first
[Layer Freezing] Training last 4 transformer layers (layers 8-11)
[Layer Freezing] Trainable params: 28,384,555 / 108,924,715 (26.1%)
[Layer Freezing] Training last 4 transformer layers (layers 8-11)
[Layer Freezing] Trainable params: 28,384,555 / 108,924,715 (26.1%)
[Layer Freezing] Training last 4 transformer layers (layers 8-11)
[Layer Freezing] Trainable params: 28,384,555 / 108,924,715 (26.1%)
[Layer Freezing] Training last 4 transformer layers (layers 8-11)
[Layer Freezing] Trainable params: 28,384,555 / 108,924,715 (26.1%)
[Layer Freezing] Training last 4 transformer layers (layers 8-11)
[Layer Freezing] Trainable params: 28,384,555 / 108,924,715 (26.1%)
[Layer Freezing] Training last 4 transformer layers (layers 8-11)
[Layer Freezing] Trainable params: 28,384,555 / 108,924,715 (26.1%)
[Layer Freezing] Training last 4 transformer layers (layers 8-11)
[Layer Freezing] Trainable params: 28,384,555 / 108,924,715 (26.1%)
[Layer Freezing] Training last 4 transformer layers (layers 8-11)
[Layer Freezing] Trainable params: 28,384,555 / 108,924,715 (26.1%)
[Layer Freezing] Training last 4 transformer layers (layers 8-11)
[Layer Freezing] Trainable params: 28,384,555 / 108,924,715 (26.1%)
[Layer Freezing] Training last 4 transformer layers (layers 8-11)
[Layer Freezing] Trainable params: 28,384,555 / 108,924,715 (26.1%)
[Round 83] T=2.11  α_ce=0.75  α_kd=0.25
 Round 83 | F1 0.5349 | P 0.6095 | R 0.4765 | Time 39.9s | Comm N/A | Local Avg F1: 0.4600

=== Round 84/100 ===
[Round 84] KD=ON | policy=ema_first
[Layer Freezing] Training last 4 transformer layers (layers 8-11)
[Layer Freezing] Trainable params: 28,384,555 / 108,924,715 (26.1%)
[Layer Freezing] Training last 4 transformer layers (layers 8-11)
[Layer Freezing] Trainable params: 28,384,555 / 108,924,715 (26.1%)
[Layer Freezing] Training last 4 transformer layers (layers 8-11)
[Layer Freezing] Trainable params: 28,384,555 / 108,924,715 (26.1%)
[Layer Freezing] Training last 4 transformer layers (layers 8-11)
[Layer Freezing] Trainable params: 28,384,555 / 108,924,715 (26.1%)
[Layer Freezing] Training last 4 transformer layers (layers 8-11)
[Layer Freezing] Trainable params: 28,384,555 / 108,924,715 (26.1%)
[Layer Freezing] Training last 4 transformer layers (layers 8-11)
[Layer Freezing] Trainable params: 28,384,555 / 108,924,715 (26.1%)
[Layer Freezing] Training last 4 transformer layers (layers 8-11)
[Layer Freezing] Trainable params: 28,384,555 / 108,924,715 (26.1%)
[Layer Freezing] Training last 4 transformer layers (layers 8-11)
[Layer Freezing] Trainable params: 28,384,555 / 108,924,715 (26.1%)
[Layer Freezing] Training last 4 transformer layers (layers 8-11)
[Layer Freezing] Trainable params: 28,384,555 / 108,924,715 (26.1%)
[Layer Freezing] Training last 4 transformer layers (layers 8-11)
[Layer Freezing] Trainable params: 28,384,555 / 108,924,715 (26.1%)
[Round 84] T=2.07  α_ce=0.75  α_kd=0.25
 Round 84 | F1 0.5455 | P 0.6084 | R 0.4944 | Time 39.4s | Comm N/A | Local Avg F1: 0.4638

=== Round 85/100 ===
[Round 85] KD=ON | policy=ema_first
[Layer Freezing] Training last 4 transformer layers (layers 8-11)
[Layer Freezing] Trainable params: 28,384,555 / 108,924,715 (26.1%)
[Layer Freezing] Training last 4 transformer layers (layers 8-11)
[Layer Freezing] Trainable params: 28,384,555 / 108,924,715 (26.1%)
[Layer Freezing] Training last 4 transformer layers (layers 8-11)
[Layer Freezing] Trainable params: 28,384,555 / 108,924,715 (26.1%)
[Layer Freezing] Training last 4 transformer layers (layers 8-11)
[Layer Freezing] Trainable params: 28,384,555 / 108,924,715 (26.1%)
[Layer Freezing] Training last 4 transformer layers (layers 8-11)
[Layer Freezing] Trainable params: 28,384,555 / 108,924,715 (26.1%)
[Layer Freezing] Training last 4 transformer layers (layers 8-11)
[Layer Freezing] Trainable params: 28,384,555 / 108,924,715 (26.1%)
[Layer Freezing] Training last 4 transformer layers (layers 8-11)
[Layer Freezing] Trainable params: 28,384,555 / 108,924,715 (26.1%)
[Layer Freezing] Training last 4 transformer layers (layers 8-11)
[Layer Freezing] Trainable params: 28,384,555 / 108,924,715 (26.1%)
[Layer Freezing] Training last 4 transformer layers (layers 8-11)
[Layer Freezing] Trainable params: 28,384,555 / 108,924,715 (26.1%)
[Layer Freezing] Training last 4 transformer layers (layers 8-11)
[Layer Freezing] Trainable params: 28,384,555 / 108,924,715 (26.1%)
[Round 85] T=2.04  α_ce=0.75  α_kd=0.25
 Round 85 | F1 0.5299 | P 0.6236 | R 0.4607 | Time 39.7s | Comm N/A | Local Avg F1: 0.4545

=== Round 86/100 ===
[Round 86] KD=ON | policy=ema_first
[Layer Freezing] Training last 4 transformer layers (layers 8-11)
[Layer Freezing] Trainable params: 28,384,555 / 108,924,715 (26.1%)
[Layer Freezing] Training last 4 transformer layers (layers 8-11)
[Layer Freezing] Trainable params: 28,384,555 / 108,924,715 (26.1%)
[Layer Freezing] Training last 4 transformer layers (layers 8-11)
[Layer Freezing] Trainable params: 28,384,555 / 108,924,715 (26.1%)
[Layer Freezing] Training last 4 transformer layers (layers 8-11)
[Layer Freezing] Trainable params: 28,384,555 / 108,924,715 (26.1%)
[Layer Freezing] Training last 4 transformer layers (layers 8-11)
[Layer Freezing] Trainable params: 28,384,555 / 108,924,715 (26.1%)
[Layer Freezing] Training last 4 transformer layers (layers 8-11)
[Layer Freezing] Trainable params: 28,384,555 / 108,924,715 (26.1%)
[Layer Freezing] Training last 4 transformer layers (layers 8-11)
[Layer Freezing] Trainable params: 28,384,555 / 108,924,715 (26.1%)
[Layer Freezing] Training last 4 transformer layers (layers 8-11)
[Layer Freezing] Trainable params: 28,384,555 / 108,924,715 (26.1%)
[Layer Freezing] Training last 4 transformer layers (layers 8-11)
[Layer Freezing] Trainable params: 28,384,555 / 108,924,715 (26.1%)
[Layer Freezing] Training last 4 transformer layers (layers 8-11)
[Layer Freezing] Trainable params: 28,384,555 / 108,924,715 (26.1%)
[Round 86] T=2.00  α_ce=0.74  α_kd=0.26
 Round 86 | F1 0.5381 | P 0.6131 | R 0.4794 | Time 39.2s | Comm N/A | Local Avg F1: 0.4590

=== Round 87/100 ===
[Round 87] KD=ON | policy=ema_first
[Layer Freezing] Training last 4 transformer layers (layers 8-11)
[Layer Freezing] Trainable params: 28,384,555 / 108,924,715 (26.1%)
[Layer Freezing] Training last 4 transformer layers (layers 8-11)
[Layer Freezing] Trainable params: 28,384,555 / 108,924,715 (26.1%)
[Layer Freezing] Training last 4 transformer layers (layers 8-11)
[Layer Freezing] Trainable params: 28,384,555 / 108,924,715 (26.1%)
[Layer Freezing] Training last 4 transformer layers (layers 8-11)
[Layer Freezing] Trainable params: 28,384,555 / 108,924,715 (26.1%)
[Layer Freezing] Training last 4 transformer layers (layers 8-11)
[Layer Freezing] Trainable params: 28,384,555 / 108,924,715 (26.1%)
[Layer Freezing] Training last 4 transformer layers (layers 8-11)
[Layer Freezing] Trainable params: 28,384,555 / 108,924,715 (26.1%)
[Layer Freezing] Training last 4 transformer layers (layers 8-11)
[Layer Freezing] Trainable params: 28,384,555 / 108,924,715 (26.1%)
[Layer Freezing] Training last 4 transformer layers (layers 8-11)
[Layer Freezing] Trainable params: 28,384,555 / 108,924,715 (26.1%)
[Layer Freezing] Training last 4 transformer layers (layers 8-11)
[Layer Freezing] Trainable params: 28,384,555 / 108,924,715 (26.1%)
[Layer Freezing] Training last 4 transformer layers (layers 8-11)
[Layer Freezing] Trainable params: 28,384,555 / 108,924,715 (26.1%)
[Round 87] T=1.96  α_ce=0.74  α_kd=0.26
 Round 87 | F1 0.5414 | P 0.6069 | R 0.4887 | Time 39.7s | Comm N/A | Local Avg F1: 0.4622

=== Round 88/100 ===
[Round 88] KD=ON | policy=ema_first
[Layer Freezing] Training last 4 transformer layers (layers 8-11)
[Layer Freezing] Trainable params: 28,384,555 / 108,924,715 (26.1%)
[Layer Freezing] Training last 4 transformer layers (layers 8-11)
[Layer Freezing] Trainable params: 28,384,555 / 108,924,715 (26.1%)
[Layer Freezing] Training last 4 transformer layers (layers 8-11)
[Layer Freezing] Trainable params: 28,384,555 / 108,924,715 (26.1%)
[Layer Freezing] Training last 4 transformer layers (layers 8-11)
[Layer Freezing] Trainable params: 28,384,555 / 108,924,715 (26.1%)
[Layer Freezing] Training last 4 transformer layers (layers 8-11)
[Layer Freezing] Trainable params: 28,384,555 / 108,924,715 (26.1%)
[Layer Freezing] Training last 4 transformer layers (layers 8-11)
[Layer Freezing] Trainable params: 28,384,555 / 108,924,715 (26.1%)
[Layer Freezing] Training last 4 transformer layers (layers 8-11)
[Layer Freezing] Trainable params: 28,384,555 / 108,924,715 (26.1%)
[Layer Freezing] Training last 4 transformer layers (layers 8-11)
[Layer Freezing] Trainable params: 28,384,555 / 108,924,715 (26.1%)
[Layer Freezing] Training last 4 transformer layers (layers 8-11)
[Layer Freezing] Trainable params: 28,384,555 / 108,924,715 (26.1%)
[Layer Freezing] Training last 4 transformer layers (layers 8-11)
[Layer Freezing] Trainable params: 28,384,555 / 108,924,715 (26.1%)
[Round 88] T=1.93  α_ce=0.74  α_kd=0.26
 Round 88 | F1 0.5377 | P 0.6108 | R 0.4802 | Time 39.6s | Comm N/A | Local Avg F1: 0.4614

=== Round 89/100 ===
[Round 89] KD=ON | policy=ema_first
[Layer Freezing] Training last 4 transformer layers (layers 8-11)
[Layer Freezing] Trainable params: 28,384,555 / 108,924,715 (26.1%)
[Layer Freezing] Training last 4 transformer layers (layers 8-11)
[Layer Freezing] Trainable params: 28,384,555 / 108,924,715 (26.1%)
[Layer Freezing] Training last 4 transformer layers (layers 8-11)
[Layer Freezing] Trainable params: 28,384,555 / 108,924,715 (26.1%)
[Layer Freezing] Training last 4 transformer layers (layers 8-11)
[Layer Freezing] Trainable params: 28,384,555 / 108,924,715 (26.1%)
[Layer Freezing] Training last 4 transformer layers (layers 8-11)
[Layer Freezing] Trainable params: 28,384,555 / 108,924,715 (26.1%)
[Layer Freezing] Training last 4 transformer layers (layers 8-11)
[Layer Freezing] Trainable params: 28,384,555 / 108,924,715 (26.1%)
[Layer Freezing] Training last 4 transformer layers (layers 8-11)
[Layer Freezing] Trainable params: 28,384,555 / 108,924,715 (26.1%)
[Layer Freezing] Training last 4 transformer layers (layers 8-11)
[Layer Freezing] Trainable params: 28,384,555 / 108,924,715 (26.1%)
[Layer Freezing] Training last 4 transformer layers (layers 8-11)
[Layer Freezing] Trainable params: 28,384,555 / 108,924,715 (26.1%)
[Layer Freezing] Training last 4 transformer layers (layers 8-11)
[Layer Freezing] Trainable params: 28,384,555 / 108,924,715 (26.1%)
[Round 89] T=1.89  α_ce=0.73  α_kd=0.27
 Round 89 | F1 0.5378 | P 0.6072 | R 0.4825 | Time 39.6s | Comm N/A | Local Avg F1: 0.4620

=== Round 90/100 ===
[Round 90] KD=ON | policy=ema_first
[Layer Freezing] Training last 4 transformer layers (layers 8-11)
[Layer Freezing] Trainable params: 28,384,555 / 108,924,715 (26.1%)
[Layer Freezing] Training last 4 transformer layers (layers 8-11)
[Layer Freezing] Trainable params: 28,384,555 / 108,924,715 (26.1%)
[Layer Freezing] Training last 4 transformer layers (layers 8-11)
[Layer Freezing] Trainable params: 28,384,555 / 108,924,715 (26.1%)
[Layer Freezing] Training last 4 transformer layers (layers 8-11)
[Layer Freezing] Trainable params: 28,384,555 / 108,924,715 (26.1%)
[Layer Freezing] Training last 4 transformer layers (layers 8-11)
[Layer Freezing] Trainable params: 28,384,555 / 108,924,715 (26.1%)
[Layer Freezing] Training last 4 transformer layers (layers 8-11)
[Layer Freezing] Trainable params: 28,384,555 / 108,924,715 (26.1%)
[Layer Freezing] Training last 4 transformer layers (layers 8-11)
[Layer Freezing] Trainable params: 28,384,555 / 108,924,715 (26.1%)
[Layer Freezing] Training last 4 transformer layers (layers 8-11)
[Layer Freezing] Trainable params: 28,384,555 / 108,924,715 (26.1%)
[Layer Freezing] Training last 4 transformer layers (layers 8-11)
[Layer Freezing] Trainable params: 28,384,555 / 108,924,715 (26.1%)
[Layer Freezing] Training last 4 transformer layers (layers 8-11)
[Layer Freezing] Trainable params: 28,384,555 / 108,924,715 (26.1%)
[Round 90] T=1.86  α_ce=0.73  α_kd=0.27
 Round 90 | F1 0.5345 | P 0.6219 | R 0.4686 | Time 39.2s | Comm N/A | Local Avg F1: 0.4632

=== Round 91/100 ===
[Round 91] KD=ON | policy=ema_first
[Layer Freezing] Training last 4 transformer layers (layers 8-11)
[Layer Freezing] Trainable params: 28,384,555 / 108,924,715 (26.1%)
[Layer Freezing] Training last 4 transformer layers (layers 8-11)
[Layer Freezing] Trainable params: 28,384,555 / 108,924,715 (26.1%)
[Layer Freezing] Training last 4 transformer layers (layers 8-11)
[Layer Freezing] Trainable params: 28,384,555 / 108,924,715 (26.1%)
[Layer Freezing] Training last 4 transformer layers (layers 8-11)
[Layer Freezing] Trainable params: 28,384,555 / 108,924,715 (26.1%)
[Layer Freezing] Training last 4 transformer layers (layers 8-11)
[Layer Freezing] Trainable params: 28,384,555 / 108,924,715 (26.1%)
[Layer Freezing] Training last 4 transformer layers (layers 8-11)
[Layer Freezing] Trainable params: 28,384,555 / 108,924,715 (26.1%)
[Layer Freezing] Training last 4 transformer layers (layers 8-11)
[Layer Freezing] Trainable params: 28,384,555 / 108,924,715 (26.1%)
[Layer Freezing] Training last 4 transformer layers (layers 8-11)
[Layer Freezing] Trainable params: 28,384,555 / 108,924,715 (26.1%)
[Layer Freezing] Training last 4 transformer layers (layers 8-11)
[Layer Freezing] Trainable params: 28,384,555 / 108,924,715 (26.1%)
[Layer Freezing] Training last 4 transformer layers (layers 8-11)
[Layer Freezing] Trainable params: 28,384,555 / 108,924,715 (26.1%)
[Round 91] T=1.82  α_ce=0.73  α_kd=0.27
 Round 91 | F1 0.5341 | P 0.6215 | R 0.4682 | Time 38.8s | Comm N/A | Local Avg F1: 0.4602

=== Round 92/100 ===
[Round 92] KD=ON | policy=ema_first
[Layer Freezing] Training last 4 transformer layers (layers 8-11)
[Layer Freezing] Trainable params: 28,384,555 / 108,924,715 (26.1%)
[Layer Freezing] Training last 4 transformer layers (layers 8-11)
[Layer Freezing] Trainable params: 28,384,555 / 108,924,715 (26.1%)
[Layer Freezing] Training last 4 transformer layers (layers 8-11)
[Layer Freezing] Trainable params: 28,384,555 / 108,924,715 (26.1%)
[Layer Freezing] Training last 4 transformer layers (layers 8-11)
[Layer Freezing] Trainable params: 28,384,555 / 108,924,715 (26.1%)
[Layer Freezing] Training last 4 transformer layers (layers 8-11)
[Layer Freezing] Trainable params: 28,384,555 / 108,924,715 (26.1%)
[Layer Freezing] Training last 4 transformer layers (layers 8-11)
[Layer Freezing] Trainable params: 28,384,555 / 108,924,715 (26.1%)
[Layer Freezing] Training last 4 transformer layers (layers 8-11)
[Layer Freezing] Trainable params: 28,384,555 / 108,924,715 (26.1%)
[Layer Freezing] Training last 4 transformer layers (layers 8-11)
[Layer Freezing] Trainable params: 28,384,555 / 108,924,715 (26.1%)
[Layer Freezing] Training last 4 transformer layers (layers 8-11)
[Layer Freezing] Trainable params: 28,384,555 / 108,924,715 (26.1%)
[Layer Freezing] Training last 4 transformer layers (layers 8-11)
[Layer Freezing] Trainable params: 28,384,555 / 108,924,715 (26.1%)
[Round 92] T=1.79  α_ce=0.72  α_kd=0.28
 Round 92 | F1 0.5438 | P 0.6137 | R 0.4882 | Time 39.9s | Comm N/A | Local Avg F1: 0.4642

=== Round 93/100 ===
[Round 93] KD=ON | policy=ema_first
[Layer Freezing] Training last 4 transformer layers (layers 8-11)
[Layer Freezing] Trainable params: 28,384,555 / 108,924,715 (26.1%)
[Layer Freezing] Training last 4 transformer layers (layers 8-11)
[Layer Freezing] Trainable params: 28,384,555 / 108,924,715 (26.1%)
[Layer Freezing] Training last 4 transformer layers (layers 8-11)
[Layer Freezing] Trainable params: 28,384,555 / 108,924,715 (26.1%)
[Layer Freezing] Training last 4 transformer layers (layers 8-11)
[Layer Freezing] Trainable params: 28,384,555 / 108,924,715 (26.1%)
[Layer Freezing] Training last 4 transformer layers (layers 8-11)
[Layer Freezing] Trainable params: 28,384,555 / 108,924,715 (26.1%)
[Layer Freezing] Training last 4 transformer layers (layers 8-11)
[Layer Freezing] Trainable params: 28,384,555 / 108,924,715 (26.1%)
[Layer Freezing] Training last 4 transformer layers (layers 8-11)
[Layer Freezing] Trainable params: 28,384,555 / 108,924,715 (26.1%)
[Layer Freezing] Training last 4 transformer layers (layers 8-11)
[Layer Freezing] Trainable params: 28,384,555 / 108,924,715 (26.1%)
[Layer Freezing] Training last 4 transformer layers (layers 8-11)
[Layer Freezing] Trainable params: 28,384,555 / 108,924,715 (26.1%)
[Layer Freezing] Training last 4 transformer layers (layers 8-11)
[Layer Freezing] Trainable params: 28,384,555 / 108,924,715 (26.1%)
[Round 93] T=1.75  α_ce=0.72  α_kd=0.28
 Round 93 | F1 0.5414 | P 0.6092 | R 0.4873 | Time 39.3s | Comm N/A | Local Avg F1: 0.4677

=== Round 94/100 ===
[Round 94] KD=ON | policy=ema_first
[Layer Freezing] Training last 4 transformer layers (layers 8-11)
[Layer Freezing] Trainable params: 28,384,555 / 108,924,715 (26.1%)
[Layer Freezing] Training last 4 transformer layers (layers 8-11)
[Layer Freezing] Trainable params: 28,384,555 / 108,924,715 (26.1%)
[Layer Freezing] Training last 4 transformer layers (layers 8-11)
[Layer Freezing] Trainable params: 28,384,555 / 108,924,715 (26.1%)
[Layer Freezing] Training last 4 transformer layers (layers 8-11)
[Layer Freezing] Trainable params: 28,384,555 / 108,924,715 (26.1%)
[Layer Freezing] Training last 4 transformer layers (layers 8-11)
[Layer Freezing] Trainable params: 28,384,555 / 108,924,715 (26.1%)
[Layer Freezing] Training last 4 transformer layers (layers 8-11)
[Layer Freezing] Trainable params: 28,384,555 / 108,924,715 (26.1%)
[Layer Freezing] Training last 4 transformer layers (layers 8-11)
[Layer Freezing] Trainable params: 28,384,555 / 108,924,715 (26.1%)
[Layer Freezing] Training last 4 transformer layers (layers 8-11)
[Layer Freezing] Trainable params: 28,384,555 / 108,924,715 (26.1%)
[Layer Freezing] Training last 4 transformer layers (layers 8-11)
[Layer Freezing] Trainable params: 28,384,555 / 108,924,715 (26.1%)
[Layer Freezing] Training last 4 transformer layers (layers 8-11)
[Layer Freezing] Trainable params: 28,384,555 / 108,924,715 (26.1%)
[Round 94] T=1.71  α_ce=0.72  α_kd=0.28
 Round 94 | F1 0.5402 | P 0.6087 | R 0.4856 | Time 39.2s | Comm N/A | Local Avg F1: 0.4650

=== Round 95/100 ===
[Round 95] KD=ON | policy=ema_first
[Layer Freezing] Training last 4 transformer layers (layers 8-11)
[Layer Freezing] Trainable params: 28,384,555 / 108,924,715 (26.1%)
[Layer Freezing] Training last 4 transformer layers (layers 8-11)
[Layer Freezing] Trainable params: 28,384,555 / 108,924,715 (26.1%)
[Layer Freezing] Training last 4 transformer layers (layers 8-11)
[Layer Freezing] Trainable params: 28,384,555 / 108,924,715 (26.1%)
[Layer Freezing] Training last 4 transformer layers (layers 8-11)
[Layer Freezing] Trainable params: 28,384,555 / 108,924,715 (26.1%)
[Layer Freezing] Training last 4 transformer layers (layers 8-11)
[Layer Freezing] Trainable params: 28,384,555 / 108,924,715 (26.1%)
[Layer Freezing] Training last 4 transformer layers (layers 8-11)
[Layer Freezing] Trainable params: 28,384,555 / 108,924,715 (26.1%)
[Layer Freezing] Training last 4 transformer layers (layers 8-11)
[Layer Freezing] Trainable params: 28,384,555 / 108,924,715 (26.1%)
[Layer Freezing] Training last 4 transformer layers (layers 8-11)
[Layer Freezing] Trainable params: 28,384,555 / 108,924,715 (26.1%)
[Layer Freezing] Training last 4 transformer layers (layers 8-11)
[Layer Freezing] Trainable params: 28,384,555 / 108,924,715 (26.1%)
[Layer Freezing] Training last 4 transformer layers (layers 8-11)
[Layer Freezing] Trainable params: 28,384,555 / 108,924,715 (26.1%)
[Round 95] T=1.68  α_ce=0.72  α_kd=0.28
 Round 95 | F1 0.5397 | P 0.6074 | R 0.4855 | Time 38.9s | Comm N/A | Local Avg F1: 0.4665

=== Round 96/100 ===
[Round 96] KD=ON | policy=ema_first
[Layer Freezing] Training last 4 transformer layers (layers 8-11)
[Layer Freezing] Trainable params: 28,384,555 / 108,924,715 (26.1%)
[Layer Freezing] Training last 4 transformer layers (layers 8-11)
[Layer Freezing] Trainable params: 28,384,555 / 108,924,715 (26.1%)
[Layer Freezing] Training last 4 transformer layers (layers 8-11)
[Layer Freezing] Trainable params: 28,384,555 / 108,924,715 (26.1%)
[Layer Freezing] Training last 4 transformer layers (layers 8-11)
[Layer Freezing] Trainable params: 28,384,555 / 108,924,715 (26.1%)
[Layer Freezing] Training last 4 transformer layers (layers 8-11)
[Layer Freezing] Trainable params: 28,384,555 / 108,924,715 (26.1%)
[Layer Freezing] Training last 4 transformer layers (layers 8-11)
[Layer Freezing] Trainable params: 28,384,555 / 108,924,715 (26.1%)
[Layer Freezing] Training last 4 transformer layers (layers 8-11)
[Layer Freezing] Trainable params: 28,384,555 / 108,924,715 (26.1%)
[Layer Freezing] Training last 4 transformer layers (layers 8-11)
[Layer Freezing] Trainable params: 28,384,555 / 108,924,715 (26.1%)
[Layer Freezing] Training last 4 transformer layers (layers 8-11)
[Layer Freezing] Trainable params: 28,384,555 / 108,924,715 (26.1%)
[Layer Freezing] Training last 4 transformer layers (layers 8-11)
[Layer Freezing] Trainable params: 28,384,555 / 108,924,715 (26.1%)
[Round 96] T=1.64  α_ce=0.71  α_kd=0.29
 Round 96 | F1 0.5361 | P 0.6240 | R 0.4699 | Time 39.4s | Comm N/A | Local Avg F1: 0.4641

=== Round 97/100 ===
[Round 97] KD=ON | policy=ema_first
[Layer Freezing] Training last 4 transformer layers (layers 8-11)
[Layer Freezing] Trainable params: 28,384,555 / 108,924,715 (26.1%)
[Layer Freezing] Training last 4 transformer layers (layers 8-11)
[Layer Freezing] Trainable params: 28,384,555 / 108,924,715 (26.1%)
[Layer Freezing] Training last 4 transformer layers (layers 8-11)
[Layer Freezing] Trainable params: 28,384,555 / 108,924,715 (26.1%)
[Layer Freezing] Training last 4 transformer layers (layers 8-11)
[Layer Freezing] Trainable params: 28,384,555 / 108,924,715 (26.1%)
[Layer Freezing] Training last 4 transformer layers (layers 8-11)
[Layer Freezing] Trainable params: 28,384,555 / 108,924,715 (26.1%)
[Layer Freezing] Training last 4 transformer layers (layers 8-11)
[Layer Freezing] Trainable params: 28,384,555 / 108,924,715 (26.1%)
[Layer Freezing] Training last 4 transformer layers (layers 8-11)
[Layer Freezing] Trainable params: 28,384,555 / 108,924,715 (26.1%)
[Layer Freezing] Training last 4 transformer layers (layers 8-11)
[Layer Freezing] Trainable params: 28,384,555 / 108,924,715 (26.1%)
[Layer Freezing] Training last 4 transformer layers (layers 8-11)
[Layer Freezing] Trainable params: 28,384,555 / 108,924,715 (26.1%)
[Layer Freezing] Training last 4 transformer layers (layers 8-11)
[Layer Freezing] Trainable params: 28,384,555 / 108,924,715 (26.1%)
[Round 97] T=1.61  α_ce=0.71  α_kd=0.29
 Round 97 | F1 0.5442 | P 0.6180 | R 0.4862 | Time 39.7s | Comm N/A | Local Avg F1: 0.4667

=== Round 98/100 ===
[Round 98] KD=ON | policy=ema_first
[Layer Freezing] Training last 4 transformer layers (layers 8-11)
[Layer Freezing] Trainable params: 28,384,555 / 108,924,715 (26.1%)
[Layer Freezing] Training last 4 transformer layers (layers 8-11)
[Layer Freezing] Trainable params: 28,384,555 / 108,924,715 (26.1%)
[Layer Freezing] Training last 4 transformer layers (layers 8-11)
[Layer Freezing] Trainable params: 28,384,555 / 108,924,715 (26.1%)
[Layer Freezing] Training last 4 transformer layers (layers 8-11)
[Layer Freezing] Trainable params: 28,384,555 / 108,924,715 (26.1%)
[Layer Freezing] Training last 4 transformer layers (layers 8-11)
[Layer Freezing] Trainable params: 28,384,555 / 108,924,715 (26.1%)
[Layer Freezing] Training last 4 transformer layers (layers 8-11)
[Layer Freezing] Trainable params: 28,384,555 / 108,924,715 (26.1%)
[Layer Freezing] Training last 4 transformer layers (layers 8-11)
[Layer Freezing] Trainable params: 28,384,555 / 108,924,715 (26.1%)
[Layer Freezing] Training last 4 transformer layers (layers 8-11)
[Layer Freezing] Trainable params: 28,384,555 / 108,924,715 (26.1%)
[Layer Freezing] Training last 4 transformer layers (layers 8-11)
[Layer Freezing] Trainable params: 28,384,555 / 108,924,715 (26.1%)
[Layer Freezing] Training last 4 transformer layers (layers 8-11)
[Layer Freezing] Trainable params: 28,384,555 / 108,924,715 (26.1%)
[Round 98] T=1.57  α_ce=0.71  α_kd=0.29
 Round 98 | F1 0.5462 | P 0.6136 | R 0.4922 | Time 39.5s | Comm N/A | Local Avg F1: 0.4679

=== Round 99/100 ===
[Round 99] KD=ON | policy=ema_first
[Layer Freezing] Training last 4 transformer layers (layers 8-11)
[Layer Freezing] Trainable params: 28,384,555 / 108,924,715 (26.1%)
[Layer Freezing] Training last 4 transformer layers (layers 8-11)
[Layer Freezing] Trainable params: 28,384,555 / 108,924,715 (26.1%)
[Layer Freezing] Training last 4 transformer layers (layers 8-11)
[Layer Freezing] Trainable params: 28,384,555 / 108,924,715 (26.1%)
[Layer Freezing] Training last 4 transformer layers (layers 8-11)
[Layer Freezing] Trainable params: 28,384,555 / 108,924,715 (26.1%)
[Layer Freezing] Training last 4 transformer layers (layers 8-11)
[Layer Freezing] Trainable params: 28,384,555 / 108,924,715 (26.1%)
[Layer Freezing] Training last 4 transformer layers (layers 8-11)
[Layer Freezing] Trainable params: 28,384,555 / 108,924,715 (26.1%)
[Layer Freezing] Training last 4 transformer layers (layers 8-11)
[Layer Freezing] Trainable params: 28,384,555 / 108,924,715 (26.1%)
[Layer Freezing] Training last 4 transformer layers (layers 8-11)
[Layer Freezing] Trainable params: 28,384,555 / 108,924,715 (26.1%)
[Layer Freezing] Training last 4 transformer layers (layers 8-11)
[Layer Freezing] Trainable params: 28,384,555 / 108,924,715 (26.1%)
[Layer Freezing] Training last 4 transformer layers (layers 8-11)
[Layer Freezing] Trainable params: 28,384,555 / 108,924,715 (26.1%)
[Round 99] T=1.54  α_ce=0.70  α_kd=0.30
 Round 99 | F1 0.5453 | P 0.6201 | R 0.4866 | Time 39.3s | Comm N/A | Local Avg F1: 0.4695

=== Round 100/100 ===
[Round 100] KD=ON | policy=ema_first
[Layer Freezing] Training last 4 transformer layers (layers 8-11)
[Layer Freezing] Trainable params: 28,384,555 / 108,924,715 (26.1%)
[Layer Freezing] Training last 4 transformer layers (layers 8-11)
[Layer Freezing] Trainable params: 28,384,555 / 108,924,715 (26.1%)
[Layer Freezing] Training last 4 transformer layers (layers 8-11)
[Layer Freezing] Trainable params: 28,384,555 / 108,924,715 (26.1%)
[Layer Freezing] Training last 4 transformer layers (layers 8-11)
[Layer Freezing] Trainable params: 28,384,555 / 108,924,715 (26.1%)
[Layer Freezing] Training last 4 transformer layers (layers 8-11)
[Layer Freezing] Trainable params: 28,384,555 / 108,924,715 (26.1%)
[Layer Freezing] Training last 4 transformer layers (layers 8-11)
[Layer Freezing] Trainable params: 28,384,555 / 108,924,715 (26.1%)
[Layer Freezing] Training last 4 transformer layers (layers 8-11)
[Layer Freezing] Trainable params: 28,384,555 / 108,924,715 (26.1%)
[Layer Freezing] Training last 4 transformer layers (layers 8-11)
[Layer Freezing] Trainable params: 28,384,555 / 108,924,715 (26.1%)
[Layer Freezing] Training last 4 transformer layers (layers 8-11)
[Layer Freezing] Trainable params: 28,384,555 / 108,924,715 (26.1%)
[Layer Freezing] Training last 4 transformer layers (layers 8-11)
[Layer Freezing] Trainable params: 28,384,555 / 108,924,715 (26.1%)
[Round 100] T=1.50  α_ce=0.70  α_kd=0.30
 Round 100 | F1 0.5484 | P 0.6137 | R 0.4956 | Time 39.5s | Comm N/A | Local Avg F1: 0.4699
[save_json] Saved: results/FedSAD_20250825_005238/fed_results.json
[save_json] Backup: results/FedSAD_20250825_005238/fed_results_20250825_015819.json
== FedSAD 0.01==
📁 从本地加载模型: /root/autodl-tmp/fedner/models/microsoft_BiomedNLP-PubMedBERT-base-uncased-abstract
Some weights of BertForTokenClassification were not initialized from the model checkpoint at /root/autodl-tmp/fedner/models/microsoft_BiomedNLP-PubMedBERT-base-uncased-abstract and are newly initialized because the shapes did not match:
- classifier.bias: found shape torch.Size([2]) in the checkpoint and torch.Size([43]) in the model instantiated
- classifier.weight: found shape torch.Size([2, 768]) in the checkpoint and torch.Size([43, 768]) in the model instantiated
You should probably TRAIN this model on a down-stream task to be able to use it for predictions and inference.
Using device: cuda
📁 从本地加载模型: /root/autodl-tmp/fedner/models/microsoft_BiomedNLP-PubMedBERT-base-uncased-abstract
Some weights of BertForTokenClassification were not initialized from the model checkpoint at /root/autodl-tmp/fedner/models/microsoft_BiomedNLP-PubMedBERT-base-uncased-abstract and are newly initialized because the shapes did not match:
- classifier.bias: found shape torch.Size([2]) in the checkpoint and torch.Size([43]) in the model instantiated
- classifier.weight: found shape torch.Size([2, 768]) in the checkpoint and torch.Size([43, 768]) in the model instantiated
You should probably TRAIN this model on a down-stream task to be able to use it for predictions and inference.

============================================================
EXPERIMENT CONFIGURATION
============================================================
Algorithm: FedSAD | Clients: 10 (100% per round) | Rounds: 50, Local epochs: 2 | Training: Last 4 layers | Sampling: 200 samples per client (random) | Data: Non-IID (α=0.01)
------------------------------------------------------------
Algorithm-specific parameters for FedSAD:
  - use_distillation: True
  - kd_start_round: 2
  - teacher_policy: ema_first
  - temperature_start: 3.25, temperature_end: 3.25
  - alpha_ce_start: 0.85, alpha_ce_end: 0.85
  - alpha_kd_start: 0.15, alpha_kd_end: 0.15
  - hidden_distill: False, alpha_hidden: 0.0
  - o_downweight: 1.0
============================================================

Model initialized: 108,924,715/108,924,715 trainable params (100.0%)

=== Round 1/50 ===
[Round 1] KD=OFF | policy=ema_first
[Layer Freezing] Training last 4 transformer layers (layers 8-11)
[Layer Freezing] Trainable params: 28,384,555 / 108,924,715 (26.1%)
[Layer Freezing] Training last 4 transformer layers (layers 8-11)
[Layer Freezing] Trainable params: 28,384,555 / 108,924,715 (26.1%)
[Layer Freezing] Training last 4 transformer layers (layers 8-11)
[Layer Freezing] Trainable params: 28,384,555 / 108,924,715 (26.1%)
[Layer Freezing] Training last 4 transformer layers (layers 8-11)
[Layer Freezing] Trainable params: 28,384,555 / 108,924,715 (26.1%)
[Layer Freezing] Training last 4 transformer layers (layers 8-11)
[Layer Freezing] Trainable params: 28,384,555 / 108,924,715 (26.1%)
[Layer Freezing] Training last 4 transformer layers (layers 8-11)
[Layer Freezing] Trainable params: 28,384,555 / 108,924,715 (26.1%)
[Layer Freezing] Training last 4 transformer layers (layers 8-11)
[Layer Freezing] Trainable params: 28,384,555 / 108,924,715 (26.1%)
[Layer Freezing] Training last 4 transformer layers (layers 8-11)
[Layer Freezing] Trainable params: 28,384,555 / 108,924,715 (26.1%)
[Layer Freezing] Training last 4 transformer layers (layers 8-11)
[Layer Freezing] Trainable params: 28,384,555 / 108,924,715 (26.1%)
[Layer Freezing] Training last 4 transformer layers (layers 8-11)
[Layer Freezing] Trainable params: 28,384,555 / 108,924,715 (26.1%)
[Round 1] T=3.25  α_ce=0.85  α_kd=0.00
/root/miniconda3/lib/python3.12/site-packages/seqeval/metrics/v1.py:57: UndefinedMetricWarning: Precision is ill-defined and being set to 0.0 due to no predicted samples. Use `zero_division` parameter to control this behavior.
  _warn_prf(average, modifier, msg_start, len(result))
/root/miniconda3/lib/python3.12/site-packages/seqeval/metrics/v1.py:159: UndefinedMetricWarning: F-score is ill-defined and being set to 0.0 due to no true nor predicted samples. Use `zero_division` parameter to control this behavior.
  _warn_prf(
/root/miniconda3/lib/python3.12/site-packages/seqeval/metrics/v1.py:57: UndefinedMetricWarning: Recall is ill-defined and being set to 0.0 due to no true samples. Use `zero_division` parameter to control this behavior.
  _warn_prf(average, modifier, msg_start, len(result))
 Round 1 | F1 0.0000 | P 0.0000 | R 0.0000 | Time 36.2s | Comm N/A | Local Avg F1: 0.0000

=== Round 2/50 ===
[Round 2] KD=ON | policy=ema_first
[Layer Freezing] Training last 4 transformer layers (layers 8-11)
[Layer Freezing] Trainable params: 28,384,555 / 108,924,715 (26.1%)
[Layer Freezing] Training last 4 transformer layers (layers 8-11)
[Layer Freezing] Trainable params: 28,384,555 / 108,924,715 (26.1%)
[Layer Freezing] Training last 4 transformer layers (layers 8-11)
[Layer Freezing] Trainable params: 28,384,555 / 108,924,715 (26.1%)
[Layer Freezing] Training last 4 transformer layers (layers 8-11)
[Layer Freezing] Trainable params: 28,384,555 / 108,924,715 (26.1%)
[Layer Freezing] Training last 4 transformer layers (layers 8-11)
[Layer Freezing] Trainable params: 28,384,555 / 108,924,715 (26.1%)
[Layer Freezing] Training last 4 transformer layers (layers 8-11)
[Layer Freezing] Trainable params: 28,384,555 / 108,924,715 (26.1%)
[Layer Freezing] Training last 4 transformer layers (layers 8-11)
[Layer Freezing] Trainable params: 28,384,555 / 108,924,715 (26.1%)
[Layer Freezing] Training last 4 transformer layers (layers 8-11)
[Layer Freezing] Trainable params: 28,384,555 / 108,924,715 (26.1%)
[Layer Freezing] Training last 4 transformer layers (layers 8-11)
[Layer Freezing] Trainable params: 28,384,555 / 108,924,715 (26.1%)
[Layer Freezing] Training last 4 transformer layers (layers 8-11)
[Layer Freezing] Trainable params: 28,384,555 / 108,924,715 (26.1%)
[Round 2] T=3.25  α_ce=0.85  α_kd=0.15
 Round 2 | F1 0.0000 | P 0.0000 | R 0.0000 | Time 39.4s | Comm N/A | Local Avg F1: 0.0000

=== Round 3/50 ===
[Round 3] KD=ON | policy=ema_first
[Layer Freezing] Training last 4 transformer layers (layers 8-11)
[Layer Freezing] Trainable params: 28,384,555 / 108,924,715 (26.1%)
[Layer Freezing] Training last 4 transformer layers (layers 8-11)
[Layer Freezing] Trainable params: 28,384,555 / 108,924,715 (26.1%)
[Layer Freezing] Training last 4 transformer layers (layers 8-11)
[Layer Freezing] Trainable params: 28,384,555 / 108,924,715 (26.1%)
[Layer Freezing] Training last 4 transformer layers (layers 8-11)
[Layer Freezing] Trainable params: 28,384,555 / 108,924,715 (26.1%)
[Layer Freezing] Training last 4 transformer layers (layers 8-11)
[Layer Freezing] Trainable params: 28,384,555 / 108,924,715 (26.1%)
[Layer Freezing] Training last 4 transformer layers (layers 8-11)
[Layer Freezing] Trainable params: 28,384,555 / 108,924,715 (26.1%)
[Layer Freezing] Training last 4 transformer layers (layers 8-11)
[Layer Freezing] Trainable params: 28,384,555 / 108,924,715 (26.1%)
[Layer Freezing] Training last 4 transformer layers (layers 8-11)
[Layer Freezing] Trainable params: 28,384,555 / 108,924,715 (26.1%)
[Layer Freezing] Training last 4 transformer layers (layers 8-11)
[Layer Freezing] Trainable params: 28,384,555 / 108,924,715 (26.1%)
[Layer Freezing] Training last 4 transformer layers (layers 8-11)
[Layer Freezing] Trainable params: 28,384,555 / 108,924,715 (26.1%)
[Round 3] T=3.25  α_ce=0.85  α_kd=0.15
 Round 3 | F1 0.0001 | P 0.6667 | R 0.0000 | Time 39.5s | Comm N/A | Local Avg F1: 0.0004

=== Round 4/50 ===
[Round 4] KD=ON | policy=ema_first
[Layer Freezing] Training last 4 transformer layers (layers 8-11)
[Layer Freezing] Trainable params: 28,384,555 / 108,924,715 (26.1%)
[Layer Freezing] Training last 4 transformer layers (layers 8-11)
[Layer Freezing] Trainable params: 28,384,555 / 108,924,715 (26.1%)
[Layer Freezing] Training last 4 transformer layers (layers 8-11)
[Layer Freezing] Trainable params: 28,384,555 / 108,924,715 (26.1%)
[Layer Freezing] Training last 4 transformer layers (layers 8-11)
[Layer Freezing] Trainable params: 28,384,555 / 108,924,715 (26.1%)
[Layer Freezing] Training last 4 transformer layers (layers 8-11)
[Layer Freezing] Trainable params: 28,384,555 / 108,924,715 (26.1%)
[Layer Freezing] Training last 4 transformer layers (layers 8-11)
[Layer Freezing] Trainable params: 28,384,555 / 108,924,715 (26.1%)
[Layer Freezing] Training last 4 transformer layers (layers 8-11)
[Layer Freezing] Trainable params: 28,384,555 / 108,924,715 (26.1%)
[Layer Freezing] Training last 4 transformer layers (layers 8-11)
[Layer Freezing] Trainable params: 28,384,555 / 108,924,715 (26.1%)
[Layer Freezing] Training last 4 transformer layers (layers 8-11)
[Layer Freezing] Trainable params: 28,384,555 / 108,924,715 (26.1%)
[Layer Freezing] Training last 4 transformer layers (layers 8-11)
[Layer Freezing] Trainable params: 28,384,555 / 108,924,715 (26.1%)
[Round 4] T=3.25  α_ce=0.85  α_kd=0.15
 Round 4 | F1 0.0173 | P 0.6701 | R 0.0088 | Time 39.2s | Comm N/A | Local Avg F1: 0.0144

=== Round 5/50 ===
[Round 5] KD=ON | policy=ema_first
[Layer Freezing] Training last 4 transformer layers (layers 8-11)
[Layer Freezing] Trainable params: 28,384,555 / 108,924,715 (26.1%)
[Layer Freezing] Training last 4 transformer layers (layers 8-11)
[Layer Freezing] Trainable params: 28,384,555 / 108,924,715 (26.1%)
[Layer Freezing] Training last 4 transformer layers (layers 8-11)
[Layer Freezing] Trainable params: 28,384,555 / 108,924,715 (26.1%)
[Layer Freezing] Training last 4 transformer layers (layers 8-11)
[Layer Freezing] Trainable params: 28,384,555 / 108,924,715 (26.1%)
[Layer Freezing] Training last 4 transformer layers (layers 8-11)
[Layer Freezing] Trainable params: 28,384,555 / 108,924,715 (26.1%)
[Layer Freezing] Training last 4 transformer layers (layers 8-11)
[Layer Freezing] Trainable params: 28,384,555 / 108,924,715 (26.1%)
[Layer Freezing] Training last 4 transformer layers (layers 8-11)
[Layer Freezing] Trainable params: 28,384,555 / 108,924,715 (26.1%)
[Layer Freezing] Training last 4 transformer layers (layers 8-11)
[Layer Freezing] Trainable params: 28,384,555 / 108,924,715 (26.1%)
[Layer Freezing] Training last 4 transformer layers (layers 8-11)
[Layer Freezing] Trainable params: 28,384,555 / 108,924,715 (26.1%)
[Layer Freezing] Training last 4 transformer layers (layers 8-11)
[Layer Freezing] Trainable params: 28,384,555 / 108,924,715 (26.1%)
[Round 5] T=3.25  α_ce=0.85  α_kd=0.15
 Round 5 | F1 0.0580 | P 0.6646 | R 0.0303 | Time 39.4s | Comm N/A | Local Avg F1: 0.0459

=== Round 6/50 ===
[Round 6] KD=ON | policy=ema_first
[Layer Freezing] Training last 4 transformer layers (layers 8-11)
[Layer Freezing] Trainable params: 28,384,555 / 108,924,715 (26.1%)
[Layer Freezing] Training last 4 transformer layers (layers 8-11)
[Layer Freezing] Trainable params: 28,384,555 / 108,924,715 (26.1%)
[Layer Freezing] Training last 4 transformer layers (layers 8-11)
[Layer Freezing] Trainable params: 28,384,555 / 108,924,715 (26.1%)
[Layer Freezing] Training last 4 transformer layers (layers 8-11)
[Layer Freezing] Trainable params: 28,384,555 / 108,924,715 (26.1%)
[Layer Freezing] Training last 4 transformer layers (layers 8-11)
[Layer Freezing] Trainable params: 28,384,555 / 108,924,715 (26.1%)
[Layer Freezing] Training last 4 transformer layers (layers 8-11)
[Layer Freezing] Trainable params: 28,384,555 / 108,924,715 (26.1%)
[Layer Freezing] Training last 4 transformer layers (layers 8-11)
[Layer Freezing] Trainable params: 28,384,555 / 108,924,715 (26.1%)
[Layer Freezing] Training last 4 transformer layers (layers 8-11)
[Layer Freezing] Trainable params: 28,384,555 / 108,924,715 (26.1%)
[Layer Freezing] Training last 4 transformer layers (layers 8-11)
[Layer Freezing] Trainable params: 28,384,555 / 108,924,715 (26.1%)
[Layer Freezing] Training last 4 transformer layers (layers 8-11)
[Layer Freezing] Trainable params: 28,384,555 / 108,924,715 (26.1%)
[Round 6] T=3.25  α_ce=0.85  α_kd=0.15
 Round 6 | F1 0.1292 | P 0.6054 | R 0.0723 | Time 39.4s | Comm N/A | Local Avg F1: 0.0830

=== Round 7/50 ===
[Round 7] KD=ON | policy=ema_first
[Layer Freezing] Training last 4 transformer layers (layers 8-11)
[Layer Freezing] Trainable params: 28,384,555 / 108,924,715 (26.1%)
[Layer Freezing] Training last 4 transformer layers (layers 8-11)
[Layer Freezing] Trainable params: 28,384,555 / 108,924,715 (26.1%)
[Layer Freezing] Training last 4 transformer layers (layers 8-11)
[Layer Freezing] Trainable params: 28,384,555 / 108,924,715 (26.1%)
[Layer Freezing] Training last 4 transformer layers (layers 8-11)
[Layer Freezing] Trainable params: 28,384,555 / 108,924,715 (26.1%)
[Layer Freezing] Training last 4 transformer layers (layers 8-11)
[Layer Freezing] Trainable params: 28,384,555 / 108,924,715 (26.1%)
[Layer Freezing] Training last 4 transformer layers (layers 8-11)
[Layer Freezing] Trainable params: 28,384,555 / 108,924,715 (26.1%)
[Layer Freezing] Training last 4 transformer layers (layers 8-11)
[Layer Freezing] Trainable params: 28,384,555 / 108,924,715 (26.1%)
[Layer Freezing] Training last 4 transformer layers (layers 8-11)
[Layer Freezing] Trainable params: 28,384,555 / 108,924,715 (26.1%)
[Layer Freezing] Training last 4 transformer layers (layers 8-11)
[Layer Freezing] Trainable params: 28,384,555 / 108,924,715 (26.1%)
[Layer Freezing] Training last 4 transformer layers (layers 8-11)
[Layer Freezing] Trainable params: 28,384,555 / 108,924,715 (26.1%)
[Round 7] T=3.25  α_ce=0.85  α_kd=0.15
 Round 7 | F1 0.1306 | P 0.5920 | R 0.0734 | Time 39.4s | Comm N/A | Local Avg F1: 0.0878

=== Round 8/50 ===
[Round 8] KD=ON | policy=ema_first
[Layer Freezing] Training last 4 transformer layers (layers 8-11)
[Layer Freezing] Trainable params: 28,384,555 / 108,924,715 (26.1%)
[Layer Freezing] Training last 4 transformer layers (layers 8-11)
[Layer Freezing] Trainable params: 28,384,555 / 108,924,715 (26.1%)
[Layer Freezing] Training last 4 transformer layers (layers 8-11)
[Layer Freezing] Trainable params: 28,384,555 / 108,924,715 (26.1%)
[Layer Freezing] Training last 4 transformer layers (layers 8-11)
[Layer Freezing] Trainable params: 28,384,555 / 108,924,715 (26.1%)
[Layer Freezing] Training last 4 transformer layers (layers 8-11)
[Layer Freezing] Trainable params: 28,384,555 / 108,924,715 (26.1%)
[Layer Freezing] Training last 4 transformer layers (layers 8-11)
[Layer Freezing] Trainable params: 28,384,555 / 108,924,715 (26.1%)
[Layer Freezing] Training last 4 transformer layers (layers 8-11)
[Layer Freezing] Trainable params: 28,384,555 / 108,924,715 (26.1%)
[Layer Freezing] Training last 4 transformer layers (layers 8-11)
[Layer Freezing] Trainable params: 28,384,555 / 108,924,715 (26.1%)
[Layer Freezing] Training last 4 transformer layers (layers 8-11)
[Layer Freezing] Trainable params: 28,384,555 / 108,924,715 (26.1%)
[Layer Freezing] Training last 4 transformer layers (layers 8-11)
[Layer Freezing] Trainable params: 28,384,555 / 108,924,715 (26.1%)
[Round 8] T=3.25  α_ce=0.85  α_kd=0.15
 Round 8 | F1 0.1532 | P 0.5739 | R 0.0884 | Time 39.1s | Comm N/A | Local Avg F1: 0.1026

=== Round 9/50 ===
[Round 9] KD=ON | policy=ema_first
[Layer Freezing] Training last 4 transformer layers (layers 8-11)
[Layer Freezing] Trainable params: 28,384,555 / 108,924,715 (26.1%)
[Layer Freezing] Training last 4 transformer layers (layers 8-11)
[Layer Freezing] Trainable params: 28,384,555 / 108,924,715 (26.1%)
[Layer Freezing] Training last 4 transformer layers (layers 8-11)
[Layer Freezing] Trainable params: 28,384,555 / 108,924,715 (26.1%)
[Layer Freezing] Training last 4 transformer layers (layers 8-11)
[Layer Freezing] Trainable params: 28,384,555 / 108,924,715 (26.1%)
[Layer Freezing] Training last 4 transformer layers (layers 8-11)
[Layer Freezing] Trainable params: 28,384,555 / 108,924,715 (26.1%)
[Layer Freezing] Training last 4 transformer layers (layers 8-11)
[Layer Freezing] Trainable params: 28,384,555 / 108,924,715 (26.1%)
[Layer Freezing] Training last 4 transformer layers (layers 8-11)
[Layer Freezing] Trainable params: 28,384,555 / 108,924,715 (26.1%)
[Layer Freezing] Training last 4 transformer layers (layers 8-11)
[Layer Freezing] Trainable params: 28,384,555 / 108,924,715 (26.1%)
[Layer Freezing] Training last 4 transformer layers (layers 8-11)
[Layer Freezing] Trainable params: 28,384,555 / 108,924,715 (26.1%)
[Layer Freezing] Training last 4 transformer layers (layers 8-11)
[Layer Freezing] Trainable params: 28,384,555 / 108,924,715 (26.1%)
[Round 9] T=3.25  α_ce=0.85  α_kd=0.15
 Round 9 | F1 0.2017 | P 0.5177 | R 0.1252 | Time 39.3s | Comm N/A | Local Avg F1: 0.1368

=== Round 10/50 ===
[Round 10] KD=ON | policy=ema_first
[Layer Freezing] Training last 4 transformer layers (layers 8-11)
[Layer Freezing] Trainable params: 28,384,555 / 108,924,715 (26.1%)
[Layer Freezing] Training last 4 transformer layers (layers 8-11)
[Layer Freezing] Trainable params: 28,384,555 / 108,924,715 (26.1%)
[Layer Freezing] Training last 4 transformer layers (layers 8-11)
[Layer Freezing] Trainable params: 28,384,555 / 108,924,715 (26.1%)
[Layer Freezing] Training last 4 transformer layers (layers 8-11)
[Layer Freezing] Trainable params: 28,384,555 / 108,924,715 (26.1%)
[Layer Freezing] Training last 4 transformer layers (layers 8-11)
[Layer Freezing] Trainable params: 28,384,555 / 108,924,715 (26.1%)
[Layer Freezing] Training last 4 transformer layers (layers 8-11)
[Layer Freezing] Trainable params: 28,384,555 / 108,924,715 (26.1%)
[Layer Freezing] Training last 4 transformer layers (layers 8-11)
[Layer Freezing] Trainable params: 28,384,555 / 108,924,715 (26.1%)
[Layer Freezing] Training last 4 transformer layers (layers 8-11)
[Layer Freezing] Trainable params: 28,384,555 / 108,924,715 (26.1%)
[Layer Freezing] Training last 4 transformer layers (layers 8-11)
[Layer Freezing] Trainable params: 28,384,555 / 108,924,715 (26.1%)
[Layer Freezing] Training last 4 transformer layers (layers 8-11)
[Layer Freezing] Trainable params: 28,384,555 / 108,924,715 (26.1%)
[Round 10] T=3.25  α_ce=0.85  α_kd=0.15
 Round 10 | F1 0.1914 | P 0.5514 | R 0.1158 | Time 39.5s | Comm N/A | Local Avg F1: 0.1417

=== Round 11/50 ===
[Round 11] KD=ON | policy=ema_first
[Layer Freezing] Training last 4 transformer layers (layers 8-11)
[Layer Freezing] Trainable params: 28,384,555 / 108,924,715 (26.1%)
[Layer Freezing] Training last 4 transformer layers (layers 8-11)
[Layer Freezing] Trainable params: 28,384,555 / 108,924,715 (26.1%)
[Layer Freezing] Training last 4 transformer layers (layers 8-11)
[Layer Freezing] Trainable params: 28,384,555 / 108,924,715 (26.1%)
[Layer Freezing] Training last 4 transformer layers (layers 8-11)
[Layer Freezing] Trainable params: 28,384,555 / 108,924,715 (26.1%)
[Layer Freezing] Training last 4 transformer layers (layers 8-11)
[Layer Freezing] Trainable params: 28,384,555 / 108,924,715 (26.1%)
[Layer Freezing] Training last 4 transformer layers (layers 8-11)
[Layer Freezing] Trainable params: 28,384,555 / 108,924,715 (26.1%)
[Layer Freezing] Training last 4 transformer layers (layers 8-11)
[Layer Freezing] Trainable params: 28,384,555 / 108,924,715 (26.1%)
[Layer Freezing] Training last 4 transformer layers (layers 8-11)
[Layer Freezing] Trainable params: 28,384,555 / 108,924,715 (26.1%)
[Layer Freezing] Training last 4 transformer layers (layers 8-11)
[Layer Freezing] Trainable params: 28,384,555 / 108,924,715 (26.1%)
[Layer Freezing] Training last 4 transformer layers (layers 8-11)
[Layer Freezing] Trainable params: 28,384,555 / 108,924,715 (26.1%)
[Round 11] T=3.25  α_ce=0.85  α_kd=0.15
 Round 11 | F1 0.2163 | P 0.5390 | R 0.1353 | Time 39.4s | Comm N/A | Local Avg F1: 0.1644

=== Round 12/50 ===
[Round 12] KD=ON | policy=ema_first
[Layer Freezing] Training last 4 transformer layers (layers 8-11)
[Layer Freezing] Trainable params: 28,384,555 / 108,924,715 (26.1%)
[Layer Freezing] Training last 4 transformer layers (layers 8-11)
[Layer Freezing] Trainable params: 28,384,555 / 108,924,715 (26.1%)
[Layer Freezing] Training last 4 transformer layers (layers 8-11)
[Layer Freezing] Trainable params: 28,384,555 / 108,924,715 (26.1%)
[Layer Freezing] Training last 4 transformer layers (layers 8-11)
[Layer Freezing] Trainable params: 28,384,555 / 108,924,715 (26.1%)
[Layer Freezing] Training last 4 transformer layers (layers 8-11)
[Layer Freezing] Trainable params: 28,384,555 / 108,924,715 (26.1%)
[Layer Freezing] Training last 4 transformer layers (layers 8-11)
[Layer Freezing] Trainable params: 28,384,555 / 108,924,715 (26.1%)
[Layer Freezing] Training last 4 transformer layers (layers 8-11)
[Layer Freezing] Trainable params: 28,384,555 / 108,924,715 (26.1%)
[Layer Freezing] Training last 4 transformer layers (layers 8-11)
[Layer Freezing] Trainable params: 28,384,555 / 108,924,715 (26.1%)
[Layer Freezing] Training last 4 transformer layers (layers 8-11)
[Layer Freezing] Trainable params: 28,384,555 / 108,924,715 (26.1%)
[Layer Freezing] Training last 4 transformer layers (layers 8-11)
[Layer Freezing] Trainable params: 28,384,555 / 108,924,715 (26.1%)
[Round 12] T=3.25  α_ce=0.85  α_kd=0.15
 Round 12 | F1 0.2538 | P 0.5225 | R 0.1676 | Time 39.2s | Comm N/A | Local Avg F1: 0.1999

=== Round 13/50 ===
[Round 13] KD=ON | policy=ema_first
[Layer Freezing] Training last 4 transformer layers (layers 8-11)
[Layer Freezing] Trainable params: 28,384,555 / 108,924,715 (26.1%)
[Layer Freezing] Training last 4 transformer layers (layers 8-11)
[Layer Freezing] Trainable params: 28,384,555 / 108,924,715 (26.1%)
[Layer Freezing] Training last 4 transformer layers (layers 8-11)
[Layer Freezing] Trainable params: 28,384,555 / 108,924,715 (26.1%)
[Layer Freezing] Training last 4 transformer layers (layers 8-11)
[Layer Freezing] Trainable params: 28,384,555 / 108,924,715 (26.1%)
[Layer Freezing] Training last 4 transformer layers (layers 8-11)
[Layer Freezing] Trainable params: 28,384,555 / 108,924,715 (26.1%)
[Layer Freezing] Training last 4 transformer layers (layers 8-11)
[Layer Freezing] Trainable params: 28,384,555 / 108,924,715 (26.1%)
[Layer Freezing] Training last 4 transformer layers (layers 8-11)
[Layer Freezing] Trainable params: 28,384,555 / 108,924,715 (26.1%)
[Layer Freezing] Training last 4 transformer layers (layers 8-11)
[Layer Freezing] Trainable params: 28,384,555 / 108,924,715 (26.1%)
[Layer Freezing] Training last 4 transformer layers (layers 8-11)
[Layer Freezing] Trainable params: 28,384,555 / 108,924,715 (26.1%)
[Layer Freezing] Training last 4 transformer layers (layers 8-11)
[Layer Freezing] Trainable params: 28,384,555 / 108,924,715 (26.1%)
[Round 13] T=3.25  α_ce=0.85  α_kd=0.15
 Round 13 | F1 0.2297 | P 0.5606 | R 0.1444 | Time 39.6s | Comm N/A | Local Avg F1: 0.1822

=== Round 14/50 ===
[Round 14] KD=ON | policy=ema_first
[Layer Freezing] Training last 4 transformer layers (layers 8-11)
[Layer Freezing] Trainable params: 28,384,555 / 108,924,715 (26.1%)
[Layer Freezing] Training last 4 transformer layers (layers 8-11)
[Layer Freezing] Trainable params: 28,384,555 / 108,924,715 (26.1%)
[Layer Freezing] Training last 4 transformer layers (layers 8-11)
[Layer Freezing] Trainable params: 28,384,555 / 108,924,715 (26.1%)
[Layer Freezing] Training last 4 transformer layers (layers 8-11)
[Layer Freezing] Trainable params: 28,384,555 / 108,924,715 (26.1%)
[Layer Freezing] Training last 4 transformer layers (layers 8-11)
[Layer Freezing] Trainable params: 28,384,555 / 108,924,715 (26.1%)
[Layer Freezing] Training last 4 transformer layers (layers 8-11)
[Layer Freezing] Trainable params: 28,384,555 / 108,924,715 (26.1%)
[Layer Freezing] Training last 4 transformer layers (layers 8-11)
[Layer Freezing] Trainable params: 28,384,555 / 108,924,715 (26.1%)
[Layer Freezing] Training last 4 transformer layers (layers 8-11)
[Layer Freezing] Trainable params: 28,384,555 / 108,924,715 (26.1%)
[Layer Freezing] Training last 4 transformer layers (layers 8-11)
[Layer Freezing] Trainable params: 28,384,555 / 108,924,715 (26.1%)
[Layer Freezing] Training last 4 transformer layers (layers 8-11)
[Layer Freezing] Trainable params: 28,384,555 / 108,924,715 (26.1%)
[Round 14] T=3.25  α_ce=0.85  α_kd=0.15
 Round 14 | F1 0.3004 | P 0.5263 | R 0.2102 | Time 39.4s | Comm N/A | Local Avg F1: 0.2375

=== Round 15/50 ===
[Round 15] KD=ON | policy=ema_first
[Layer Freezing] Training last 4 transformer layers (layers 8-11)
[Layer Freezing] Trainable params: 28,384,555 / 108,924,715 (26.1%)
[Layer Freezing] Training last 4 transformer layers (layers 8-11)
[Layer Freezing] Trainable params: 28,384,555 / 108,924,715 (26.1%)
[Layer Freezing] Training last 4 transformer layers (layers 8-11)
[Layer Freezing] Trainable params: 28,384,555 / 108,924,715 (26.1%)
[Layer Freezing] Training last 4 transformer layers (layers 8-11)
[Layer Freezing] Trainable params: 28,384,555 / 108,924,715 (26.1%)
[Layer Freezing] Training last 4 transformer layers (layers 8-11)
[Layer Freezing] Trainable params: 28,384,555 / 108,924,715 (26.1%)
[Layer Freezing] Training last 4 transformer layers (layers 8-11)
[Layer Freezing] Trainable params: 28,384,555 / 108,924,715 (26.1%)
[Layer Freezing] Training last 4 transformer layers (layers 8-11)
[Layer Freezing] Trainable params: 28,384,555 / 108,924,715 (26.1%)
[Layer Freezing] Training last 4 transformer layers (layers 8-11)
[Layer Freezing] Trainable params: 28,384,555 / 108,924,715 (26.1%)
[Layer Freezing] Training last 4 transformer layers (layers 8-11)
[Layer Freezing] Trainable params: 28,384,555 / 108,924,715 (26.1%)
[Layer Freezing] Training last 4 transformer layers (layers 8-11)
[Layer Freezing] Trainable params: 28,384,555 / 108,924,715 (26.1%)
[Round 15] T=3.25  α_ce=0.85  α_kd=0.15
 Round 15 | F1 0.2782 | P 0.5498 | R 0.1862 | Time 39.5s | Comm N/A | Local Avg F1: 0.2159

=== Round 16/50 ===
[Round 16] KD=ON | policy=ema_first
[Layer Freezing] Training last 4 transformer layers (layers 8-11)
[Layer Freezing] Trainable params: 28,384,555 / 108,924,715 (26.1%)
[Layer Freezing] Training last 4 transformer layers (layers 8-11)
[Layer Freezing] Trainable params: 28,384,555 / 108,924,715 (26.1%)
[Layer Freezing] Training last 4 transformer layers (layers 8-11)
[Layer Freezing] Trainable params: 28,384,555 / 108,924,715 (26.1%)
[Layer Freezing] Training last 4 transformer layers (layers 8-11)
[Layer Freezing] Trainable params: 28,384,555 / 108,924,715 (26.1%)
[Layer Freezing] Training last 4 transformer layers (layers 8-11)
[Layer Freezing] Trainable params: 28,384,555 / 108,924,715 (26.1%)
[Layer Freezing] Training last 4 transformer layers (layers 8-11)
[Layer Freezing] Trainable params: 28,384,555 / 108,924,715 (26.1%)
[Layer Freezing] Training last 4 transformer layers (layers 8-11)
[Layer Freezing] Trainable params: 28,384,555 / 108,924,715 (26.1%)
[Layer Freezing] Training last 4 transformer layers (layers 8-11)
[Layer Freezing] Trainable params: 28,384,555 / 108,924,715 (26.1%)
[Layer Freezing] Training last 4 transformer layers (layers 8-11)
[Layer Freezing] Trainable params: 28,384,555 / 108,924,715 (26.1%)
[Layer Freezing] Training last 4 transformer layers (layers 8-11)
[Layer Freezing] Trainable params: 28,384,555 / 108,924,715 (26.1%)
[Round 16] T=3.25  α_ce=0.85  α_kd=0.15
 Round 16 | F1 0.3327 | P 0.5286 | R 0.2427 | Time 39.6s | Comm N/A | Local Avg F1: 0.2654

=== Round 17/50 ===
[Round 17] KD=ON | policy=ema_first
[Layer Freezing] Training last 4 transformer layers (layers 8-11)
[Layer Freezing] Trainable params: 28,384,555 / 108,924,715 (26.1%)
[Layer Freezing] Training last 4 transformer layers (layers 8-11)
[Layer Freezing] Trainable params: 28,384,555 / 108,924,715 (26.1%)
[Layer Freezing] Training last 4 transformer layers (layers 8-11)
[Layer Freezing] Trainable params: 28,384,555 / 108,924,715 (26.1%)
[Layer Freezing] Training last 4 transformer layers (layers 8-11)
[Layer Freezing] Trainable params: 28,384,555 / 108,924,715 (26.1%)
[Layer Freezing] Training last 4 transformer layers (layers 8-11)
[Layer Freezing] Trainable params: 28,384,555 / 108,924,715 (26.1%)
[Layer Freezing] Training last 4 transformer layers (layers 8-11)
[Layer Freezing] Trainable params: 28,384,555 / 108,924,715 (26.1%)
[Layer Freezing] Training last 4 transformer layers (layers 8-11)
[Layer Freezing] Trainable params: 28,384,555 / 108,924,715 (26.1%)
[Layer Freezing] Training last 4 transformer layers (layers 8-11)
[Layer Freezing] Trainable params: 28,384,555 / 108,924,715 (26.1%)
[Layer Freezing] Training last 4 transformer layers (layers 8-11)
[Layer Freezing] Trainable params: 28,384,555 / 108,924,715 (26.1%)
[Layer Freezing] Training last 4 transformer layers (layers 8-11)
[Layer Freezing] Trainable params: 28,384,555 / 108,924,715 (26.1%)
[Round 17] T=3.25  α_ce=0.85  α_kd=0.15
 Round 17 | F1 0.3284 | P 0.5539 | R 0.2334 | Time 39.4s | Comm N/A | Local Avg F1: 0.2545

=== Round 18/50 ===
[Round 18] KD=ON | policy=ema_first
[Layer Freezing] Training last 4 transformer layers (layers 8-11)
[Layer Freezing] Trainable params: 28,384,555 / 108,924,715 (26.1%)
[Layer Freezing] Training last 4 transformer layers (layers 8-11)
[Layer Freezing] Trainable params: 28,384,555 / 108,924,715 (26.1%)
[Layer Freezing] Training last 4 transformer layers (layers 8-11)
[Layer Freezing] Trainable params: 28,384,555 / 108,924,715 (26.1%)
[Layer Freezing] Training last 4 transformer layers (layers 8-11)
[Layer Freezing] Trainable params: 28,384,555 / 108,924,715 (26.1%)
[Layer Freezing] Training last 4 transformer layers (layers 8-11)
[Layer Freezing] Trainable params: 28,384,555 / 108,924,715 (26.1%)
[Layer Freezing] Training last 4 transformer layers (layers 8-11)
[Layer Freezing] Trainable params: 28,384,555 / 108,924,715 (26.1%)
[Layer Freezing] Training last 4 transformer layers (layers 8-11)
[Layer Freezing] Trainable params: 28,384,555 / 108,924,715 (26.1%)
[Layer Freezing] Training last 4 transformer layers (layers 8-11)
[Layer Freezing] Trainable params: 28,384,555 / 108,924,715 (26.1%)
[Layer Freezing] Training last 4 transformer layers (layers 8-11)
[Layer Freezing] Trainable params: 28,384,555 / 108,924,715 (26.1%)
[Layer Freezing] Training last 4 transformer layers (layers 8-11)
[Layer Freezing] Trainable params: 28,384,555 / 108,924,715 (26.1%)
[Round 18] T=3.25  α_ce=0.85  α_kd=0.15
 Round 18 | F1 0.3457 | P 0.5598 | R 0.2501 | Time 39.5s | Comm N/A | Local Avg F1: 0.2785

=== Round 19/50 ===
[Round 19] KD=ON | policy=ema_first
[Layer Freezing] Training last 4 transformer layers (layers 8-11)
[Layer Freezing] Trainable params: 28,384,555 / 108,924,715 (26.1%)
[Layer Freezing] Training last 4 transformer layers (layers 8-11)
[Layer Freezing] Trainable params: 28,384,555 / 108,924,715 (26.1%)
[Layer Freezing] Training last 4 transformer layers (layers 8-11)
[Layer Freezing] Trainable params: 28,384,555 / 108,924,715 (26.1%)
[Layer Freezing] Training last 4 transformer layers (layers 8-11)
[Layer Freezing] Trainable params: 28,384,555 / 108,924,715 (26.1%)
[Layer Freezing] Training last 4 transformer layers (layers 8-11)
[Layer Freezing] Trainable params: 28,384,555 / 108,924,715 (26.1%)
[Layer Freezing] Training last 4 transformer layers (layers 8-11)
[Layer Freezing] Trainable params: 28,384,555 / 108,924,715 (26.1%)
[Layer Freezing] Training last 4 transformer layers (layers 8-11)
[Layer Freezing] Trainable params: 28,384,555 / 108,924,715 (26.1%)
[Layer Freezing] Training last 4 transformer layers (layers 8-11)
[Layer Freezing] Trainable params: 28,384,555 / 108,924,715 (26.1%)
[Layer Freezing] Training last 4 transformer layers (layers 8-11)
[Layer Freezing] Trainable params: 28,384,555 / 108,924,715 (26.1%)
[Layer Freezing] Training last 4 transformer layers (layers 8-11)
[Layer Freezing] Trainable params: 28,384,555 / 108,924,715 (26.1%)
[Round 19] T=3.25  α_ce=0.85  α_kd=0.15
 Round 19 | F1 0.3414 | P 0.5659 | R 0.2445 | Time 39.3s | Comm N/A | Local Avg F1: 0.2769

=== Round 20/50 ===
[Round 20] KD=ON | policy=ema_first
[Layer Freezing] Training last 4 transformer layers (layers 8-11)
[Layer Freezing] Trainable params: 28,384,555 / 108,924,715 (26.1%)
[Layer Freezing] Training last 4 transformer layers (layers 8-11)
[Layer Freezing] Trainable params: 28,384,555 / 108,924,715 (26.1%)
[Layer Freezing] Training last 4 transformer layers (layers 8-11)
[Layer Freezing] Trainable params: 28,384,555 / 108,924,715 (26.1%)
[Layer Freezing] Training last 4 transformer layers (layers 8-11)
[Layer Freezing] Trainable params: 28,384,555 / 108,924,715 (26.1%)
[Layer Freezing] Training last 4 transformer layers (layers 8-11)
[Layer Freezing] Trainable params: 28,384,555 / 108,924,715 (26.1%)
[Layer Freezing] Training last 4 transformer layers (layers 8-11)
[Layer Freezing] Trainable params: 28,384,555 / 108,924,715 (26.1%)
[Layer Freezing] Training last 4 transformer layers (layers 8-11)
[Layer Freezing] Trainable params: 28,384,555 / 108,924,715 (26.1%)
[Layer Freezing] Training last 4 transformer layers (layers 8-11)
[Layer Freezing] Trainable params: 28,384,555 / 108,924,715 (26.1%)
[Layer Freezing] Training last 4 transformer layers (layers 8-11)
[Layer Freezing] Trainable params: 28,384,555 / 108,924,715 (26.1%)
[Layer Freezing] Training last 4 transformer layers (layers 8-11)
[Layer Freezing] Trainable params: 28,384,555 / 108,924,715 (26.1%)
[Round 20] T=3.25  α_ce=0.85  α_kd=0.15
 Round 20 | F1 0.3757 | P 0.5466 | R 0.2862 | Time 39.5s | Comm N/A | Local Avg F1: 0.3071

=== Round 21/50 ===
[Round 21] KD=ON | policy=ema_first
[Layer Freezing] Training last 4 transformer layers (layers 8-11)
[Layer Freezing] Trainable params: 28,384,555 / 108,924,715 (26.1%)
[Layer Freezing] Training last 4 transformer layers (layers 8-11)
[Layer Freezing] Trainable params: 28,384,555 / 108,924,715 (26.1%)
[Layer Freezing] Training last 4 transformer layers (layers 8-11)
[Layer Freezing] Trainable params: 28,384,555 / 108,924,715 (26.1%)
[Layer Freezing] Training last 4 transformer layers (layers 8-11)
[Layer Freezing] Trainable params: 28,384,555 / 108,924,715 (26.1%)
[Layer Freezing] Training last 4 transformer layers (layers 8-11)
[Layer Freezing] Trainable params: 28,384,555 / 108,924,715 (26.1%)
[Layer Freezing] Training last 4 transformer layers (layers 8-11)
[Layer Freezing] Trainable params: 28,384,555 / 108,924,715 (26.1%)
[Layer Freezing] Training last 4 transformer layers (layers 8-11)
[Layer Freezing] Trainable params: 28,384,555 / 108,924,715 (26.1%)
[Layer Freezing] Training last 4 transformer layers (layers 8-11)
[Layer Freezing] Trainable params: 28,384,555 / 108,924,715 (26.1%)
[Layer Freezing] Training last 4 transformer layers (layers 8-11)
[Layer Freezing] Trainable params: 28,384,555 / 108,924,715 (26.1%)
[Layer Freezing] Training last 4 transformer layers (layers 8-11)
[Layer Freezing] Trainable params: 28,384,555 / 108,924,715 (26.1%)
[Round 21] T=3.25  α_ce=0.85  α_kd=0.15
 Round 21 | F1 0.3724 | P 0.5682 | R 0.2770 | Time 39.3s | Comm N/A | Local Avg F1: 0.3035

=== Round 22/50 ===
[Round 22] KD=ON | policy=ema_first
[Layer Freezing] Training last 4 transformer layers (layers 8-11)
[Layer Freezing] Trainable params: 28,384,555 / 108,924,715 (26.1%)
[Layer Freezing] Training last 4 transformer layers (layers 8-11)
[Layer Freezing] Trainable params: 28,384,555 / 108,924,715 (26.1%)
[Layer Freezing] Training last 4 transformer layers (layers 8-11)
[Layer Freezing] Trainable params: 28,384,555 / 108,924,715 (26.1%)
[Layer Freezing] Training last 4 transformer layers (layers 8-11)
[Layer Freezing] Trainable params: 28,384,555 / 108,924,715 (26.1%)
[Layer Freezing] Training last 4 transformer layers (layers 8-11)
[Layer Freezing] Trainable params: 28,384,555 / 108,924,715 (26.1%)
[Layer Freezing] Training last 4 transformer layers (layers 8-11)
[Layer Freezing] Trainable params: 28,384,555 / 108,924,715 (26.1%)
[Layer Freezing] Training last 4 transformer layers (layers 8-11)
[Layer Freezing] Trainable params: 28,384,555 / 108,924,715 (26.1%)
[Layer Freezing] Training last 4 transformer layers (layers 8-11)
[Layer Freezing] Trainable params: 28,384,555 / 108,924,715 (26.1%)
[Layer Freezing] Training last 4 transformer layers (layers 8-11)
[Layer Freezing] Trainable params: 28,384,555 / 108,924,715 (26.1%)
[Layer Freezing] Training last 4 transformer layers (layers 8-11)
[Layer Freezing] Trainable params: 28,384,555 / 108,924,715 (26.1%)
[Round 22] T=3.25  α_ce=0.85  α_kd=0.15
 Round 22 | F1 0.4047 | P 0.5422 | R 0.3228 | Time 39.7s | Comm N/A | Local Avg F1: 0.3298

=== Round 23/50 ===
[Round 23] KD=ON | policy=ema_first
[Layer Freezing] Training last 4 transformer layers (layers 8-11)
[Layer Freezing] Trainable params: 28,384,555 / 108,924,715 (26.1%)
[Layer Freezing] Training last 4 transformer layers (layers 8-11)
[Layer Freezing] Trainable params: 28,384,555 / 108,924,715 (26.1%)
[Layer Freezing] Training last 4 transformer layers (layers 8-11)
[Layer Freezing] Trainable params: 28,384,555 / 108,924,715 (26.1%)
[Layer Freezing] Training last 4 transformer layers (layers 8-11)
[Layer Freezing] Trainable params: 28,384,555 / 108,924,715 (26.1%)
[Layer Freezing] Training last 4 transformer layers (layers 8-11)
[Layer Freezing] Trainable params: 28,384,555 / 108,924,715 (26.1%)
[Layer Freezing] Training last 4 transformer layers (layers 8-11)
[Layer Freezing] Trainable params: 28,384,555 / 108,924,715 (26.1%)
[Layer Freezing] Training last 4 transformer layers (layers 8-11)
[Layer Freezing] Trainable params: 28,384,555 / 108,924,715 (26.1%)
[Layer Freezing] Training last 4 transformer layers (layers 8-11)
[Layer Freezing] Trainable params: 28,384,555 / 108,924,715 (26.1%)
[Layer Freezing] Training last 4 transformer layers (layers 8-11)
[Layer Freezing] Trainable params: 28,384,555 / 108,924,715 (26.1%)
[Layer Freezing] Training last 4 transformer layers (layers 8-11)
[Layer Freezing] Trainable params: 28,384,555 / 108,924,715 (26.1%)
[Round 23] T=3.25  α_ce=0.85  α_kd=0.15
 Round 23 | F1 0.3861 | P 0.5690 | R 0.2922 | Time 39.5s | Comm N/A | Local Avg F1: 0.3238

=== Round 24/50 ===
[Round 24] KD=ON | policy=ema_first
[Layer Freezing] Training last 4 transformer layers (layers 8-11)
[Layer Freezing] Trainable params: 28,384,555 / 108,924,715 (26.1%)
[Layer Freezing] Training last 4 transformer layers (layers 8-11)
[Layer Freezing] Trainable params: 28,384,555 / 108,924,715 (26.1%)
[Layer Freezing] Training last 4 transformer layers (layers 8-11)
[Layer Freezing] Trainable params: 28,384,555 / 108,924,715 (26.1%)
[Layer Freezing] Training last 4 transformer layers (layers 8-11)
[Layer Freezing] Trainable params: 28,384,555 / 108,924,715 (26.1%)
[Layer Freezing] Training last 4 transformer layers (layers 8-11)
[Layer Freezing] Trainable params: 28,384,555 / 108,924,715 (26.1%)
[Layer Freezing] Training last 4 transformer layers (layers 8-11)
[Layer Freezing] Trainable params: 28,384,555 / 108,924,715 (26.1%)
[Layer Freezing] Training last 4 transformer layers (layers 8-11)
[Layer Freezing] Trainable params: 28,384,555 / 108,924,715 (26.1%)
[Layer Freezing] Training last 4 transformer layers (layers 8-11)
[Layer Freezing] Trainable params: 28,384,555 / 108,924,715 (26.1%)
[Layer Freezing] Training last 4 transformer layers (layers 8-11)
[Layer Freezing] Trainable params: 28,384,555 / 108,924,715 (26.1%)
[Layer Freezing] Training last 4 transformer layers (layers 8-11)
[Layer Freezing] Trainable params: 28,384,555 / 108,924,715 (26.1%)
[Round 24] T=3.25  α_ce=0.85  α_kd=0.15
 Round 24 | F1 0.4082 | P 0.5565 | R 0.3223 | Time 39.8s | Comm N/A | Local Avg F1: 0.3361

=== Round 25/50 ===
[Round 25] KD=ON | policy=ema_first
[Layer Freezing] Training last 4 transformer layers (layers 8-11)
[Layer Freezing] Trainable params: 28,384,555 / 108,924,715 (26.1%)
[Layer Freezing] Training last 4 transformer layers (layers 8-11)
[Layer Freezing] Trainable params: 28,384,555 / 108,924,715 (26.1%)
[Layer Freezing] Training last 4 transformer layers (layers 8-11)
[Layer Freezing] Trainable params: 28,384,555 / 108,924,715 (26.1%)
[Layer Freezing] Training last 4 transformer layers (layers 8-11)
[Layer Freezing] Trainable params: 28,384,555 / 108,924,715 (26.1%)
[Layer Freezing] Training last 4 transformer layers (layers 8-11)
[Layer Freezing] Trainable params: 28,384,555 / 108,924,715 (26.1%)
[Layer Freezing] Training last 4 transformer layers (layers 8-11)
[Layer Freezing] Trainable params: 28,384,555 / 108,924,715 (26.1%)
[Layer Freezing] Training last 4 transformer layers (layers 8-11)
[Layer Freezing] Trainable params: 28,384,555 / 108,924,715 (26.1%)
[Layer Freezing] Training last 4 transformer layers (layers 8-11)
[Layer Freezing] Trainable params: 28,384,555 / 108,924,715 (26.1%)
[Layer Freezing] Training last 4 transformer layers (layers 8-11)
[Layer Freezing] Trainable params: 28,384,555 / 108,924,715 (26.1%)
[Layer Freezing] Training last 4 transformer layers (layers 8-11)
[Layer Freezing] Trainable params: 28,384,555 / 108,924,715 (26.1%)
[Round 25] T=3.25  α_ce=0.85  α_kd=0.15
 Round 25 | F1 0.4155 | P 0.5510 | R 0.3335 | Time 39.4s | Comm N/A | Local Avg F1: 0.3491

=== Round 26/50 ===
[Round 26] KD=ON | policy=ema_first
[Layer Freezing] Training last 4 transformer layers (layers 8-11)
[Layer Freezing] Trainable params: 28,384,555 / 108,924,715 (26.1%)
[Layer Freezing] Training last 4 transformer layers (layers 8-11)
[Layer Freezing] Trainable params: 28,384,555 / 108,924,715 (26.1%)
[Layer Freezing] Training last 4 transformer layers (layers 8-11)
[Layer Freezing] Trainable params: 28,384,555 / 108,924,715 (26.1%)
[Layer Freezing] Training last 4 transformer layers (layers 8-11)
[Layer Freezing] Trainable params: 28,384,555 / 108,924,715 (26.1%)
[Layer Freezing] Training last 4 transformer layers (layers 8-11)
[Layer Freezing] Trainable params: 28,384,555 / 108,924,715 (26.1%)
[Layer Freezing] Training last 4 transformer layers (layers 8-11)
[Layer Freezing] Trainable params: 28,384,555 / 108,924,715 (26.1%)
[Layer Freezing] Training last 4 transformer layers (layers 8-11)
[Layer Freezing] Trainable params: 28,384,555 / 108,924,715 (26.1%)
[Layer Freezing] Training last 4 transformer layers (layers 8-11)
[Layer Freezing] Trainable params: 28,384,555 / 108,924,715 (26.1%)
[Layer Freezing] Training last 4 transformer layers (layers 8-11)
[Layer Freezing] Trainable params: 28,384,555 / 108,924,715 (26.1%)
[Layer Freezing] Training last 4 transformer layers (layers 8-11)
[Layer Freezing] Trainable params: 28,384,555 / 108,924,715 (26.1%)
[Round 26] T=3.25  α_ce=0.85  α_kd=0.15
 Round 26 | F1 0.3949 | P 0.5828 | R 0.2986 | Time 39.5s | Comm N/A | Local Avg F1: 0.3402

=== Round 27/50 ===
[Round 27] KD=ON | policy=ema_first
[Layer Freezing] Training last 4 transformer layers (layers 8-11)
[Layer Freezing] Trainable params: 28,384,555 / 108,924,715 (26.1%)
[Layer Freezing] Training last 4 transformer layers (layers 8-11)
[Layer Freezing] Trainable params: 28,384,555 / 108,924,715 (26.1%)
[Layer Freezing] Training last 4 transformer layers (layers 8-11)
[Layer Freezing] Trainable params: 28,384,555 / 108,924,715 (26.1%)
[Layer Freezing] Training last 4 transformer layers (layers 8-11)
[Layer Freezing] Trainable params: 28,384,555 / 108,924,715 (26.1%)
[Layer Freezing] Training last 4 transformer layers (layers 8-11)
[Layer Freezing] Trainable params: 28,384,555 / 108,924,715 (26.1%)
[Layer Freezing] Training last 4 transformer layers (layers 8-11)
[Layer Freezing] Trainable params: 28,384,555 / 108,924,715 (26.1%)
[Layer Freezing] Training last 4 transformer layers (layers 8-11)
[Layer Freezing] Trainable params: 28,384,555 / 108,924,715 (26.1%)
[Layer Freezing] Training last 4 transformer layers (layers 8-11)
[Layer Freezing] Trainable params: 28,384,555 / 108,924,715 (26.1%)
[Layer Freezing] Training last 4 transformer layers (layers 8-11)
[Layer Freezing] Trainable params: 28,384,555 / 108,924,715 (26.1%)
[Layer Freezing] Training last 4 transformer layers (layers 8-11)
[Layer Freezing] Trainable params: 28,384,555 / 108,924,715 (26.1%)
[Round 27] T=3.25  α_ce=0.85  α_kd=0.15
 Round 27 | F1 0.4210 | P 0.5708 | R 0.3335 | Time 39.5s | Comm N/A | Local Avg F1: 0.3534

=== Round 28/50 ===
[Round 28] KD=ON | policy=ema_first
[Layer Freezing] Training last 4 transformer layers (layers 8-11)
[Layer Freezing] Trainable params: 28,384,555 / 108,924,715 (26.1%)
[Layer Freezing] Training last 4 transformer layers (layers 8-11)
[Layer Freezing] Trainable params: 28,384,555 / 108,924,715 (26.1%)
[Layer Freezing] Training last 4 transformer layers (layers 8-11)
[Layer Freezing] Trainable params: 28,384,555 / 108,924,715 (26.1%)
[Layer Freezing] Training last 4 transformer layers (layers 8-11)
[Layer Freezing] Trainable params: 28,384,555 / 108,924,715 (26.1%)
[Layer Freezing] Training last 4 transformer layers (layers 8-11)
[Layer Freezing] Trainable params: 28,384,555 / 108,924,715 (26.1%)
[Layer Freezing] Training last 4 transformer layers (layers 8-11)
[Layer Freezing] Trainable params: 28,384,555 / 108,924,715 (26.1%)
[Layer Freezing] Training last 4 transformer layers (layers 8-11)
[Layer Freezing] Trainable params: 28,384,555 / 108,924,715 (26.1%)
[Layer Freezing] Training last 4 transformer layers (layers 8-11)
[Layer Freezing] Trainable params: 28,384,555 / 108,924,715 (26.1%)
[Layer Freezing] Training last 4 transformer layers (layers 8-11)
[Layer Freezing] Trainable params: 28,384,555 / 108,924,715 (26.1%)
[Layer Freezing] Training last 4 transformer layers (layers 8-11)
[Layer Freezing] Trainable params: 28,384,555 / 108,924,715 (26.1%)
[Round 28] T=3.25  α_ce=0.85  α_kd=0.15
 Round 28 | F1 0.4103 | P 0.5865 | R 0.3155 | Time 39.6s | Comm N/A | Local Avg F1: 0.3520

=== Round 29/50 ===
[Round 29] KD=ON | policy=ema_first
[Layer Freezing] Training last 4 transformer layers (layers 8-11)
[Layer Freezing] Trainable params: 28,384,555 / 108,924,715 (26.1%)
[Layer Freezing] Training last 4 transformer layers (layers 8-11)
[Layer Freezing] Trainable params: 28,384,555 / 108,924,715 (26.1%)
[Layer Freezing] Training last 4 transformer layers (layers 8-11)
[Layer Freezing] Trainable params: 28,384,555 / 108,924,715 (26.1%)
[Layer Freezing] Training last 4 transformer layers (layers 8-11)
[Layer Freezing] Trainable params: 28,384,555 / 108,924,715 (26.1%)
[Layer Freezing] Training last 4 transformer layers (layers 8-11)
[Layer Freezing] Trainable params: 28,384,555 / 108,924,715 (26.1%)
[Layer Freezing] Training last 4 transformer layers (layers 8-11)
[Layer Freezing] Trainable params: 28,384,555 / 108,924,715 (26.1%)
[Layer Freezing] Training last 4 transformer layers (layers 8-11)
[Layer Freezing] Trainable params: 28,384,555 / 108,924,715 (26.1%)
[Layer Freezing] Training last 4 transformer layers (layers 8-11)
[Layer Freezing] Trainable params: 28,384,555 / 108,924,715 (26.1%)
[Layer Freezing] Training last 4 transformer layers (layers 8-11)
[Layer Freezing] Trainable params: 28,384,555 / 108,924,715 (26.1%)
[Layer Freezing] Training last 4 transformer layers (layers 8-11)
[Layer Freezing] Trainable params: 28,384,555 / 108,924,715 (26.1%)
[Round 29] T=3.25  α_ce=0.85  α_kd=0.15
 Round 29 | F1 0.4358 | P 0.5741 | R 0.3512 | Time 39.1s | Comm N/A | Local Avg F1: 0.3647

=== Round 30/50 ===
[Round 30] KD=ON | policy=ema_first
[Layer Freezing] Training last 4 transformer layers (layers 8-11)
[Layer Freezing] Trainable params: 28,384,555 / 108,924,715 (26.1%)
[Layer Freezing] Training last 4 transformer layers (layers 8-11)
[Layer Freezing] Trainable params: 28,384,555 / 108,924,715 (26.1%)
[Layer Freezing] Training last 4 transformer layers (layers 8-11)
[Layer Freezing] Trainable params: 28,384,555 / 108,924,715 (26.1%)
[Layer Freezing] Training last 4 transformer layers (layers 8-11)
[Layer Freezing] Trainable params: 28,384,555 / 108,924,715 (26.1%)
[Layer Freezing] Training last 4 transformer layers (layers 8-11)
[Layer Freezing] Trainable params: 28,384,555 / 108,924,715 (26.1%)
[Layer Freezing] Training last 4 transformer layers (layers 8-11)
[Layer Freezing] Trainable params: 28,384,555 / 108,924,715 (26.1%)
[Layer Freezing] Training last 4 transformer layers (layers 8-11)
[Layer Freezing] Trainable params: 28,384,555 / 108,924,715 (26.1%)
[Layer Freezing] Training last 4 transformer layers (layers 8-11)
[Layer Freezing] Trainable params: 28,384,555 / 108,924,715 (26.1%)
[Layer Freezing] Training last 4 transformer layers (layers 8-11)
[Layer Freezing] Trainable params: 28,384,555 / 108,924,715 (26.1%)
[Layer Freezing] Training last 4 transformer layers (layers 8-11)
[Layer Freezing] Trainable params: 28,384,555 / 108,924,715 (26.1%)
[Round 30] T=3.25  α_ce=0.85  α_kd=0.15
 Round 30 | F1 0.4367 | P 0.5799 | R 0.3503 | Time 39.6s | Comm N/A | Local Avg F1: 0.3659

=== Round 31/50 ===
[Round 31] KD=ON | policy=ema_first
[Layer Freezing] Training last 4 transformer layers (layers 8-11)
[Layer Freezing] Trainable params: 28,384,555 / 108,924,715 (26.1%)
[Layer Freezing] Training last 4 transformer layers (layers 8-11)
[Layer Freezing] Trainable params: 28,384,555 / 108,924,715 (26.1%)
[Layer Freezing] Training last 4 transformer layers (layers 8-11)
[Layer Freezing] Trainable params: 28,384,555 / 108,924,715 (26.1%)
[Layer Freezing] Training last 4 transformer layers (layers 8-11)
[Layer Freezing] Trainable params: 28,384,555 / 108,924,715 (26.1%)
[Layer Freezing] Training last 4 transformer layers (layers 8-11)
[Layer Freezing] Trainable params: 28,384,555 / 108,924,715 (26.1%)
[Layer Freezing] Training last 4 transformer layers (layers 8-11)
[Layer Freezing] Trainable params: 28,384,555 / 108,924,715 (26.1%)
[Layer Freezing] Training last 4 transformer layers (layers 8-11)
[Layer Freezing] Trainable params: 28,384,555 / 108,924,715 (26.1%)
[Layer Freezing] Training last 4 transformer layers (layers 8-11)
[Layer Freezing] Trainable params: 28,384,555 / 108,924,715 (26.1%)
[Layer Freezing] Training last 4 transformer layers (layers 8-11)
[Layer Freezing] Trainable params: 28,384,555 / 108,924,715 (26.1%)
[Layer Freezing] Training last 4 transformer layers (layers 8-11)
[Layer Freezing] Trainable params: 28,384,555 / 108,924,715 (26.1%)
[Round 31] T=3.25  α_ce=0.85  α_kd=0.15
 Round 31 | F1 0.4350 | P 0.5845 | R 0.3464 | Time 39.5s | Comm N/A | Local Avg F1: 0.3690

=== Round 32/50 ===
[Round 32] KD=ON | policy=ema_first
[Layer Freezing] Training last 4 transformer layers (layers 8-11)
[Layer Freezing] Trainable params: 28,384,555 / 108,924,715 (26.1%)
[Layer Freezing] Training last 4 transformer layers (layers 8-11)
[Layer Freezing] Trainable params: 28,384,555 / 108,924,715 (26.1%)
[Layer Freezing] Training last 4 transformer layers (layers 8-11)
[Layer Freezing] Trainable params: 28,384,555 / 108,924,715 (26.1%)
[Layer Freezing] Training last 4 transformer layers (layers 8-11)
[Layer Freezing] Trainable params: 28,384,555 / 108,924,715 (26.1%)
[Layer Freezing] Training last 4 transformer layers (layers 8-11)
[Layer Freezing] Trainable params: 28,384,555 / 108,924,715 (26.1%)
[Layer Freezing] Training last 4 transformer layers (layers 8-11)
[Layer Freezing] Trainable params: 28,384,555 / 108,924,715 (26.1%)
[Layer Freezing] Training last 4 transformer layers (layers 8-11)
[Layer Freezing] Trainable params: 28,384,555 / 108,924,715 (26.1%)
[Layer Freezing] Training last 4 transformer layers (layers 8-11)
[Layer Freezing] Trainable params: 28,384,555 / 108,924,715 (26.1%)
[Layer Freezing] Training last 4 transformer layers (layers 8-11)
[Layer Freezing] Trainable params: 28,384,555 / 108,924,715 (26.1%)
[Layer Freezing] Training last 4 transformer layers (layers 8-11)
[Layer Freezing] Trainable params: 28,384,555 / 108,924,715 (26.1%)
[Round 32] T=3.25  α_ce=0.85  α_kd=0.15
 Round 32 | F1 0.4425 | P 0.5856 | R 0.3556 | Time 39.3s | Comm N/A | Local Avg F1: 0.3709

=== Round 33/50 ===
[Round 33] KD=ON | policy=ema_first
[Layer Freezing] Training last 4 transformer layers (layers 8-11)
[Layer Freezing] Trainable params: 28,384,555 / 108,924,715 (26.1%)
[Layer Freezing] Training last 4 transformer layers (layers 8-11)
[Layer Freezing] Trainable params: 28,384,555 / 108,924,715 (26.1%)
[Layer Freezing] Training last 4 transformer layers (layers 8-11)
[Layer Freezing] Trainable params: 28,384,555 / 108,924,715 (26.1%)
[Layer Freezing] Training last 4 transformer layers (layers 8-11)
[Layer Freezing] Trainable params: 28,384,555 / 108,924,715 (26.1%)
[Layer Freezing] Training last 4 transformer layers (layers 8-11)
[Layer Freezing] Trainable params: 28,384,555 / 108,924,715 (26.1%)
[Layer Freezing] Training last 4 transformer layers (layers 8-11)
[Layer Freezing] Trainable params: 28,384,555 / 108,924,715 (26.1%)
[Layer Freezing] Training last 4 transformer layers (layers 8-11)
[Layer Freezing] Trainable params: 28,384,555 / 108,924,715 (26.1%)
[Layer Freezing] Training last 4 transformer layers (layers 8-11)
[Layer Freezing] Trainable params: 28,384,555 / 108,924,715 (26.1%)
[Layer Freezing] Training last 4 transformer layers (layers 8-11)
[Layer Freezing] Trainable params: 28,384,555 / 108,924,715 (26.1%)
[Layer Freezing] Training last 4 transformer layers (layers 8-11)
[Layer Freezing] Trainable params: 28,384,555 / 108,924,715 (26.1%)
[Round 33] T=3.25  α_ce=0.85  α_kd=0.15
 Round 33 | F1 0.4375 | P 0.5893 | R 0.3479 | Time 39.0s | Comm N/A | Local Avg F1: 0.3699

=== Round 34/50 ===
[Round 34] KD=ON | policy=ema_first
[Layer Freezing] Training last 4 transformer layers (layers 8-11)
[Layer Freezing] Trainable params: 28,384,555 / 108,924,715 (26.1%)
[Layer Freezing] Training last 4 transformer layers (layers 8-11)
[Layer Freezing] Trainable params: 28,384,555 / 108,924,715 (26.1%)
[Layer Freezing] Training last 4 transformer layers (layers 8-11)
[Layer Freezing] Trainable params: 28,384,555 / 108,924,715 (26.1%)
[Layer Freezing] Training last 4 transformer layers (layers 8-11)
[Layer Freezing] Trainable params: 28,384,555 / 108,924,715 (26.1%)
[Layer Freezing] Training last 4 transformer layers (layers 8-11)
[Layer Freezing] Trainable params: 28,384,555 / 108,924,715 (26.1%)
[Layer Freezing] Training last 4 transformer layers (layers 8-11)
[Layer Freezing] Trainable params: 28,384,555 / 108,924,715 (26.1%)
[Layer Freezing] Training last 4 transformer layers (layers 8-11)
[Layer Freezing] Trainable params: 28,384,555 / 108,924,715 (26.1%)
[Layer Freezing] Training last 4 transformer layers (layers 8-11)
[Layer Freezing] Trainable params: 28,384,555 / 108,924,715 (26.1%)
[Layer Freezing] Training last 4 transformer layers (layers 8-11)
[Layer Freezing] Trainable params: 28,384,555 / 108,924,715 (26.1%)
[Layer Freezing] Training last 4 transformer layers (layers 8-11)
[Layer Freezing] Trainable params: 28,384,555 / 108,924,715 (26.1%)
[Round 34] T=3.25  α_ce=0.85  α_kd=0.15
 Round 34 | F1 0.4601 | P 0.5762 | R 0.3829 | Time 39.4s | Comm N/A | Local Avg F1: 0.3883

=== Round 35/50 ===
[Round 35] KD=ON | policy=ema_first
[Layer Freezing] Training last 4 transformer layers (layers 8-11)
[Layer Freezing] Trainable params: 28,384,555 / 108,924,715 (26.1%)
[Layer Freezing] Training last 4 transformer layers (layers 8-11)
[Layer Freezing] Trainable params: 28,384,555 / 108,924,715 (26.1%)
[Layer Freezing] Training last 4 transformer layers (layers 8-11)
[Layer Freezing] Trainable params: 28,384,555 / 108,924,715 (26.1%)
[Layer Freezing] Training last 4 transformer layers (layers 8-11)
[Layer Freezing] Trainable params: 28,384,555 / 108,924,715 (26.1%)
[Layer Freezing] Training last 4 transformer layers (layers 8-11)
[Layer Freezing] Trainable params: 28,384,555 / 108,924,715 (26.1%)
[Layer Freezing] Training last 4 transformer layers (layers 8-11)
[Layer Freezing] Trainable params: 28,384,555 / 108,924,715 (26.1%)
[Layer Freezing] Training last 4 transformer layers (layers 8-11)
[Layer Freezing] Trainable params: 28,384,555 / 108,924,715 (26.1%)
[Layer Freezing] Training last 4 transformer layers (layers 8-11)
[Layer Freezing] Trainable params: 28,384,555 / 108,924,715 (26.1%)
[Layer Freezing] Training last 4 transformer layers (layers 8-11)
[Layer Freezing] Trainable params: 28,384,555 / 108,924,715 (26.1%)
[Layer Freezing] Training last 4 transformer layers (layers 8-11)
[Layer Freezing] Trainable params: 28,384,555 / 108,924,715 (26.1%)
[Round 35] T=3.25  α_ce=0.85  α_kd=0.15
 Round 35 | F1 0.4528 | P 0.5920 | R 0.3666 | Time 39.6s | Comm N/A | Local Avg F1: 0.3830

=== Round 36/50 ===
[Round 36] KD=ON | policy=ema_first
[Layer Freezing] Training last 4 transformer layers (layers 8-11)
[Layer Freezing] Trainable params: 28,384,555 / 108,924,715 (26.1%)
[Layer Freezing] Training last 4 transformer layers (layers 8-11)
[Layer Freezing] Trainable params: 28,384,555 / 108,924,715 (26.1%)
[Layer Freezing] Training last 4 transformer layers (layers 8-11)
[Layer Freezing] Trainable params: 28,384,555 / 108,924,715 (26.1%)
[Layer Freezing] Training last 4 transformer layers (layers 8-11)
[Layer Freezing] Trainable params: 28,384,555 / 108,924,715 (26.1%)
[Layer Freezing] Training last 4 transformer layers (layers 8-11)
[Layer Freezing] Trainable params: 28,384,555 / 108,924,715 (26.1%)
[Layer Freezing] Training last 4 transformer layers (layers 8-11)
[Layer Freezing] Trainable params: 28,384,555 / 108,924,715 (26.1%)
[Layer Freezing] Training last 4 transformer layers (layers 8-11)
[Layer Freezing] Trainable params: 28,384,555 / 108,924,715 (26.1%)
[Layer Freezing] Training last 4 transformer layers (layers 8-11)
[Layer Freezing] Trainable params: 28,384,555 / 108,924,715 (26.1%)
[Layer Freezing] Training last 4 transformer layers (layers 8-11)
[Layer Freezing] Trainable params: 28,384,555 / 108,924,715 (26.1%)
[Layer Freezing] Training last 4 transformer layers (layers 8-11)
[Layer Freezing] Trainable params: 28,384,555 / 108,924,715 (26.1%)
[Round 36] T=3.25  α_ce=0.85  α_kd=0.15
 Round 36 | F1 0.4646 | P 0.5838 | R 0.3858 | Time 39.6s | Comm N/A | Local Avg F1: 0.3944

=== Round 37/50 ===
[Round 37] KD=ON | policy=ema_first
[Layer Freezing] Training last 4 transformer layers (layers 8-11)
[Layer Freezing] Trainable params: 28,384,555 / 108,924,715 (26.1%)
[Layer Freezing] Training last 4 transformer layers (layers 8-11)
[Layer Freezing] Trainable params: 28,384,555 / 108,924,715 (26.1%)
[Layer Freezing] Training last 4 transformer layers (layers 8-11)
[Layer Freezing] Trainable params: 28,384,555 / 108,924,715 (26.1%)
[Layer Freezing] Training last 4 transformer layers (layers 8-11)
[Layer Freezing] Trainable params: 28,384,555 / 108,924,715 (26.1%)
[Layer Freezing] Training last 4 transformer layers (layers 8-11)
[Layer Freezing] Trainable params: 28,384,555 / 108,924,715 (26.1%)
[Layer Freezing] Training last 4 transformer layers (layers 8-11)
[Layer Freezing] Trainable params: 28,384,555 / 108,924,715 (26.1%)
[Layer Freezing] Training last 4 transformer layers (layers 8-11)
[Layer Freezing] Trainable params: 28,384,555 / 108,924,715 (26.1%)
[Layer Freezing] Training last 4 transformer layers (layers 8-11)
[Layer Freezing] Trainable params: 28,384,555 / 108,924,715 (26.1%)
[Layer Freezing] Training last 4 transformer layers (layers 8-11)
[Layer Freezing] Trainable params: 28,384,555 / 108,924,715 (26.1%)
[Layer Freezing] Training last 4 transformer layers (layers 8-11)
[Layer Freezing] Trainable params: 28,384,555 / 108,924,715 (26.1%)
[Round 37] T=3.25  α_ce=0.85  α_kd=0.15
 Round 37 | F1 0.4564 | P 0.5957 | R 0.3699 | Time 39.4s | Comm N/A | Local Avg F1: 0.3920

=== Round 38/50 ===
[Round 38] KD=ON | policy=ema_first
[Layer Freezing] Training last 4 transformer layers (layers 8-11)
[Layer Freezing] Trainable params: 28,384,555 / 108,924,715 (26.1%)
[Layer Freezing] Training last 4 transformer layers (layers 8-11)
[Layer Freezing] Trainable params: 28,384,555 / 108,924,715 (26.1%)
[Layer Freezing] Training last 4 transformer layers (layers 8-11)
[Layer Freezing] Trainable params: 28,384,555 / 108,924,715 (26.1%)
[Layer Freezing] Training last 4 transformer layers (layers 8-11)
[Layer Freezing] Trainable params: 28,384,555 / 108,924,715 (26.1%)
[Layer Freezing] Training last 4 transformer layers (layers 8-11)
[Layer Freezing] Trainable params: 28,384,555 / 108,924,715 (26.1%)
[Layer Freezing] Training last 4 transformer layers (layers 8-11)
[Layer Freezing] Trainable params: 28,384,555 / 108,924,715 (26.1%)
[Layer Freezing] Training last 4 transformer layers (layers 8-11)
[Layer Freezing] Trainable params: 28,384,555 / 108,924,715 (26.1%)
[Layer Freezing] Training last 4 transformer layers (layers 8-11)
[Layer Freezing] Trainable params: 28,384,555 / 108,924,715 (26.1%)
[Layer Freezing] Training last 4 transformer layers (layers 8-11)
[Layer Freezing] Trainable params: 28,384,555 / 108,924,715 (26.1%)
[Layer Freezing] Training last 4 transformer layers (layers 8-11)
[Layer Freezing] Trainable params: 28,384,555 / 108,924,715 (26.1%)
[Round 38] T=3.25  α_ce=0.85  α_kd=0.15
 Round 38 | F1 0.4579 | P 0.5963 | R 0.3716 | Time 39.2s | Comm N/A | Local Avg F1: 0.3921

=== Round 39/50 ===
[Round 39] KD=ON | policy=ema_first
[Layer Freezing] Training last 4 transformer layers (layers 8-11)
[Layer Freezing] Trainable params: 28,384,555 / 108,924,715 (26.1%)
[Layer Freezing] Training last 4 transformer layers (layers 8-11)
[Layer Freezing] Trainable params: 28,384,555 / 108,924,715 (26.1%)
[Layer Freezing] Training last 4 transformer layers (layers 8-11)
[Layer Freezing] Trainable params: 28,384,555 / 108,924,715 (26.1%)
[Layer Freezing] Training last 4 transformer layers (layers 8-11)
[Layer Freezing] Trainable params: 28,384,555 / 108,924,715 (26.1%)
[Layer Freezing] Training last 4 transformer layers (layers 8-11)
[Layer Freezing] Trainable params: 28,384,555 / 108,924,715 (26.1%)
[Layer Freezing] Training last 4 transformer layers (layers 8-11)
[Layer Freezing] Trainable params: 28,384,555 / 108,924,715 (26.1%)
[Layer Freezing] Training last 4 transformer layers (layers 8-11)
[Layer Freezing] Trainable params: 28,384,555 / 108,924,715 (26.1%)
[Layer Freezing] Training last 4 transformer layers (layers 8-11)
[Layer Freezing] Trainable params: 28,384,555 / 108,924,715 (26.1%)
[Layer Freezing] Training last 4 transformer layers (layers 8-11)
[Layer Freezing] Trainable params: 28,384,555 / 108,924,715 (26.1%)
[Layer Freezing] Training last 4 transformer layers (layers 8-11)
[Layer Freezing] Trainable params: 28,384,555 / 108,924,715 (26.1%)
[Round 39] T=3.25  α_ce=0.85  α_kd=0.15
 Round 39 | F1 0.4741 | P 0.5906 | R 0.3959 | Time 39.7s | Comm N/A | Local Avg F1: 0.4054

=== Round 40/50 ===
[Round 40] KD=ON | policy=ema_first
[Layer Freezing] Training last 4 transformer layers (layers 8-11)
[Layer Freezing] Trainable params: 28,384,555 / 108,924,715 (26.1%)
[Layer Freezing] Training last 4 transformer layers (layers 8-11)
[Layer Freezing] Trainable params: 28,384,555 / 108,924,715 (26.1%)
[Layer Freezing] Training last 4 transformer layers (layers 8-11)
[Layer Freezing] Trainable params: 28,384,555 / 108,924,715 (26.1%)
[Layer Freezing] Training last 4 transformer layers (layers 8-11)
[Layer Freezing] Trainable params: 28,384,555 / 108,924,715 (26.1%)
[Layer Freezing] Training last 4 transformer layers (layers 8-11)
[Layer Freezing] Trainable params: 28,384,555 / 108,924,715 (26.1%)
[Layer Freezing] Training last 4 transformer layers (layers 8-11)
[Layer Freezing] Trainable params: 28,384,555 / 108,924,715 (26.1%)
[Layer Freezing] Training last 4 transformer layers (layers 8-11)
[Layer Freezing] Trainable params: 28,384,555 / 108,924,715 (26.1%)
[Layer Freezing] Training last 4 transformer layers (layers 8-11)
[Layer Freezing] Trainable params: 28,384,555 / 108,924,715 (26.1%)
[Layer Freezing] Training last 4 transformer layers (layers 8-11)
[Layer Freezing] Trainable params: 28,384,555 / 108,924,715 (26.1%)
[Layer Freezing] Training last 4 transformer layers (layers 8-11)
[Layer Freezing] Trainable params: 28,384,555 / 108,924,715 (26.1%)
[Round 40] T=3.25  α_ce=0.85  α_kd=0.15
 Round 40 | F1 0.4715 | P 0.6011 | R 0.3879 | Time 39.7s | Comm N/A | Local Avg F1: 0.4041

=== Round 41/50 ===
[Round 41] KD=ON | policy=ema_first
[Layer Freezing] Training last 4 transformer layers (layers 8-11)
[Layer Freezing] Trainable params: 28,384,555 / 108,924,715 (26.1%)
[Layer Freezing] Training last 4 transformer layers (layers 8-11)
[Layer Freezing] Trainable params: 28,384,555 / 108,924,715 (26.1%)
[Layer Freezing] Training last 4 transformer layers (layers 8-11)
[Layer Freezing] Trainable params: 28,384,555 / 108,924,715 (26.1%)
[Layer Freezing] Training last 4 transformer layers (layers 8-11)
[Layer Freezing] Trainable params: 28,384,555 / 108,924,715 (26.1%)
[Layer Freezing] Training last 4 transformer layers (layers 8-11)
[Layer Freezing] Trainable params: 28,384,555 / 108,924,715 (26.1%)
[Layer Freezing] Training last 4 transformer layers (layers 8-11)
[Layer Freezing] Trainable params: 28,384,555 / 108,924,715 (26.1%)
[Layer Freezing] Training last 4 transformer layers (layers 8-11)
[Layer Freezing] Trainable params: 28,384,555 / 108,924,715 (26.1%)
[Layer Freezing] Training last 4 transformer layers (layers 8-11)
[Layer Freezing] Trainable params: 28,384,555 / 108,924,715 (26.1%)
[Layer Freezing] Training last 4 transformer layers (layers 8-11)
[Layer Freezing] Trainable params: 28,384,555 / 108,924,715 (26.1%)
[Layer Freezing] Training last 4 transformer layers (layers 8-11)
[Layer Freezing] Trainable params: 28,384,555 / 108,924,715 (26.1%)
[Round 41] T=3.25  α_ce=0.85  α_kd=0.15
 Round 41 | F1 0.4685 | P 0.5979 | R 0.3852 | Time 39.5s | Comm N/A | Local Avg F1: 0.4012

=== Round 42/50 ===
[Round 42] KD=ON | policy=ema_first
[Layer Freezing] Training last 4 transformer layers (layers 8-11)
[Layer Freezing] Trainable params: 28,384,555 / 108,924,715 (26.1%)
[Layer Freezing] Training last 4 transformer layers (layers 8-11)
[Layer Freezing] Trainable params: 28,384,555 / 108,924,715 (26.1%)
[Layer Freezing] Training last 4 transformer layers (layers 8-11)
[Layer Freezing] Trainable params: 28,384,555 / 108,924,715 (26.1%)
[Layer Freezing] Training last 4 transformer layers (layers 8-11)
[Layer Freezing] Trainable params: 28,384,555 / 108,924,715 (26.1%)
[Layer Freezing] Training last 4 transformer layers (layers 8-11)
[Layer Freezing] Trainable params: 28,384,555 / 108,924,715 (26.1%)
[Layer Freezing] Training last 4 transformer layers (layers 8-11)
[Layer Freezing] Trainable params: 28,384,555 / 108,924,715 (26.1%)
[Layer Freezing] Training last 4 transformer layers (layers 8-11)
[Layer Freezing] Trainable params: 28,384,555 / 108,924,715 (26.1%)
[Layer Freezing] Training last 4 transformer layers (layers 8-11)
[Layer Freezing] Trainable params: 28,384,555 / 108,924,715 (26.1%)
[Layer Freezing] Training last 4 transformer layers (layers 8-11)
[Layer Freezing] Trainable params: 28,384,555 / 108,924,715 (26.1%)
[Layer Freezing] Training last 4 transformer layers (layers 8-11)
[Layer Freezing] Trainable params: 28,384,555 / 108,924,715 (26.1%)
[Round 42] T=3.25  α_ce=0.85  α_kd=0.15
 Round 42 | F1 0.4806 | P 0.5976 | R 0.4019 | Time 39.5s | Comm N/A | Local Avg F1: 0.4071

=== Round 43/50 ===
[Round 43] KD=ON | policy=ema_first
[Layer Freezing] Training last 4 transformer layers (layers 8-11)
[Layer Freezing] Trainable params: 28,384,555 / 108,924,715 (26.1%)
[Layer Freezing] Training last 4 transformer layers (layers 8-11)
[Layer Freezing] Trainable params: 28,384,555 / 108,924,715 (26.1%)
[Layer Freezing] Training last 4 transformer layers (layers 8-11)
[Layer Freezing] Trainable params: 28,384,555 / 108,924,715 (26.1%)
[Layer Freezing] Training last 4 transformer layers (layers 8-11)
[Layer Freezing] Trainable params: 28,384,555 / 108,924,715 (26.1%)
[Layer Freezing] Training last 4 transformer layers (layers 8-11)
[Layer Freezing] Trainable params: 28,384,555 / 108,924,715 (26.1%)
[Layer Freezing] Training last 4 transformer layers (layers 8-11)
[Layer Freezing] Trainable params: 28,384,555 / 108,924,715 (26.1%)
[Layer Freezing] Training last 4 transformer layers (layers 8-11)
[Layer Freezing] Trainable params: 28,384,555 / 108,924,715 (26.1%)
[Layer Freezing] Training last 4 transformer layers (layers 8-11)
[Layer Freezing] Trainable params: 28,384,555 / 108,924,715 (26.1%)
[Layer Freezing] Training last 4 transformer layers (layers 8-11)
[Layer Freezing] Trainable params: 28,384,555 / 108,924,715 (26.1%)
[Layer Freezing] Training last 4 transformer layers (layers 8-11)
[Layer Freezing] Trainable params: 28,384,555 / 108,924,715 (26.1%)
[Round 43] T=3.25  α_ce=0.85  α_kd=0.15
 Round 43 | F1 0.4786 | P 0.6058 | R 0.3956 | Time 39.8s | Comm N/A | Local Avg F1: 0.4020

=== Round 44/50 ===
[Round 44] KD=ON | policy=ema_first
[Layer Freezing] Training last 4 transformer layers (layers 8-11)
[Layer Freezing] Trainable params: 28,384,555 / 108,924,715 (26.1%)
[Layer Freezing] Training last 4 transformer layers (layers 8-11)
[Layer Freezing] Trainable params: 28,384,555 / 108,924,715 (26.1%)
[Layer Freezing] Training last 4 transformer layers (layers 8-11)
[Layer Freezing] Trainable params: 28,384,555 / 108,924,715 (26.1%)
[Layer Freezing] Training last 4 transformer layers (layers 8-11)
[Layer Freezing] Trainable params: 28,384,555 / 108,924,715 (26.1%)
[Layer Freezing] Training last 4 transformer layers (layers 8-11)
[Layer Freezing] Trainable params: 28,384,555 / 108,924,715 (26.1%)
[Layer Freezing] Training last 4 transformer layers (layers 8-11)
[Layer Freezing] Trainable params: 28,384,555 / 108,924,715 (26.1%)
[Layer Freezing] Training last 4 transformer layers (layers 8-11)
[Layer Freezing] Trainable params: 28,384,555 / 108,924,715 (26.1%)
[Layer Freezing] Training last 4 transformer layers (layers 8-11)
[Layer Freezing] Trainable params: 28,384,555 / 108,924,715 (26.1%)
[Layer Freezing] Training last 4 transformer layers (layers 8-11)
[Layer Freezing] Trainable params: 28,384,555 / 108,924,715 (26.1%)
[Layer Freezing] Training last 4 transformer layers (layers 8-11)
[Layer Freezing] Trainable params: 28,384,555 / 108,924,715 (26.1%)
[Round 44] T=3.25  α_ce=0.85  α_kd=0.15
 Round 44 | F1 0.4780 | P 0.6041 | R 0.3955 | Time 39.8s | Comm N/A | Local Avg F1: 0.4092

=== Round 45/50 ===
[Round 45] KD=ON | policy=ema_first
[Layer Freezing] Training last 4 transformer layers (layers 8-11)
[Layer Freezing] Trainable params: 28,384,555 / 108,924,715 (26.1%)
[Layer Freezing] Training last 4 transformer layers (layers 8-11)
[Layer Freezing] Trainable params: 28,384,555 / 108,924,715 (26.1%)
[Layer Freezing] Training last 4 transformer layers (layers 8-11)
[Layer Freezing] Trainable params: 28,384,555 / 108,924,715 (26.1%)
[Layer Freezing] Training last 4 transformer layers (layers 8-11)
[Layer Freezing] Trainable params: 28,384,555 / 108,924,715 (26.1%)
[Layer Freezing] Training last 4 transformer layers (layers 8-11)
[Layer Freezing] Trainable params: 28,384,555 / 108,924,715 (26.1%)
[Layer Freezing] Training last 4 transformer layers (layers 8-11)
[Layer Freezing] Trainable params: 28,384,555 / 108,924,715 (26.1%)
[Layer Freezing] Training last 4 transformer layers (layers 8-11)
[Layer Freezing] Trainable params: 28,384,555 / 108,924,715 (26.1%)
[Layer Freezing] Training last 4 transformer layers (layers 8-11)
[Layer Freezing] Trainable params: 28,384,555 / 108,924,715 (26.1%)
[Layer Freezing] Training last 4 transformer layers (layers 8-11)
[Layer Freezing] Trainable params: 28,384,555 / 108,924,715 (26.1%)
[Layer Freezing] Training last 4 transformer layers (layers 8-11)
[Layer Freezing] Trainable params: 28,384,555 / 108,924,715 (26.1%)
[Round 45] T=3.25  α_ce=0.85  α_kd=0.15
 Round 45 | F1 0.4873 | P 0.5987 | R 0.4109 | Time 39.6s | Comm N/A | Local Avg F1: 0.4146

=== Round 46/50 ===
[Round 46] KD=ON | policy=ema_first
[Layer Freezing] Training last 4 transformer layers (layers 8-11)
[Layer Freezing] Trainable params: 28,384,555 / 108,924,715 (26.1%)
[Layer Freezing] Training last 4 transformer layers (layers 8-11)
[Layer Freezing] Trainable params: 28,384,555 / 108,924,715 (26.1%)
[Layer Freezing] Training last 4 transformer layers (layers 8-11)
[Layer Freezing] Trainable params: 28,384,555 / 108,924,715 (26.1%)
[Layer Freezing] Training last 4 transformer layers (layers 8-11)
[Layer Freezing] Trainable params: 28,384,555 / 108,924,715 (26.1%)
[Layer Freezing] Training last 4 transformer layers (layers 8-11)
[Layer Freezing] Trainable params: 28,384,555 / 108,924,715 (26.1%)
[Layer Freezing] Training last 4 transformer layers (layers 8-11)
[Layer Freezing] Trainable params: 28,384,555 / 108,924,715 (26.1%)
[Layer Freezing] Training last 4 transformer layers (layers 8-11)
[Layer Freezing] Trainable params: 28,384,555 / 108,924,715 (26.1%)
[Layer Freezing] Training last 4 transformer layers (layers 8-11)
[Layer Freezing] Trainable params: 28,384,555 / 108,924,715 (26.1%)
[Layer Freezing] Training last 4 transformer layers (layers 8-11)
[Layer Freezing] Trainable params: 28,384,555 / 108,924,715 (26.1%)
[Layer Freezing] Training last 4 transformer layers (layers 8-11)
[Layer Freezing] Trainable params: 28,384,555 / 108,924,715 (26.1%)
[Round 46] T=3.25  α_ce=0.85  α_kd=0.15
 Round 46 | F1 0.4820 | P 0.6128 | R 0.3973 | Time 39.2s | Comm N/A | Local Avg F1: 0.4095

=== Round 47/50 ===
[Round 47] KD=ON | policy=ema_first
[Layer Freezing] Training last 4 transformer layers (layers 8-11)
[Layer Freezing] Trainable params: 28,384,555 / 108,924,715 (26.1%)
[Layer Freezing] Training last 4 transformer layers (layers 8-11)
[Layer Freezing] Trainable params: 28,384,555 / 108,924,715 (26.1%)
[Layer Freezing] Training last 4 transformer layers (layers 8-11)
[Layer Freezing] Trainable params: 28,384,555 / 108,924,715 (26.1%)
[Layer Freezing] Training last 4 transformer layers (layers 8-11)
[Layer Freezing] Trainable params: 28,384,555 / 108,924,715 (26.1%)
[Layer Freezing] Training last 4 transformer layers (layers 8-11)
[Layer Freezing] Trainable params: 28,384,555 / 108,924,715 (26.1%)
[Layer Freezing] Training last 4 transformer layers (layers 8-11)
[Layer Freezing] Trainable params: 28,384,555 / 108,924,715 (26.1%)
[Layer Freezing] Training last 4 transformer layers (layers 8-11)
[Layer Freezing] Trainable params: 28,384,555 / 108,924,715 (26.1%)
[Layer Freezing] Training last 4 transformer layers (layers 8-11)
[Layer Freezing] Trainable params: 28,384,555 / 108,924,715 (26.1%)
[Layer Freezing] Training last 4 transformer layers (layers 8-11)
[Layer Freezing] Trainable params: 28,384,555 / 108,924,715 (26.1%)
[Layer Freezing] Training last 4 transformer layers (layers 8-11)
[Layer Freezing] Trainable params: 28,384,555 / 108,924,715 (26.1%)
[Round 47] T=3.25  α_ce=0.85  α_kd=0.15
 Round 47 | F1 0.4901 | P 0.6003 | R 0.4141 | Time 39.7s | Comm N/A | Local Avg F1: 0.4176

=== Round 48/50 ===
[Round 48] KD=ON | policy=ema_first
[Layer Freezing] Training last 4 transformer layers (layers 8-11)
[Layer Freezing] Trainable params: 28,384,555 / 108,924,715 (26.1%)
[Layer Freezing] Training last 4 transformer layers (layers 8-11)
[Layer Freezing] Trainable params: 28,384,555 / 108,924,715 (26.1%)
[Layer Freezing] Training last 4 transformer layers (layers 8-11)
[Layer Freezing] Trainable params: 28,384,555 / 108,924,715 (26.1%)
[Layer Freezing] Training last 4 transformer layers (layers 8-11)
[Layer Freezing] Trainable params: 28,384,555 / 108,924,715 (26.1%)
[Layer Freezing] Training last 4 transformer layers (layers 8-11)
[Layer Freezing] Trainable params: 28,384,555 / 108,924,715 (26.1%)
[Layer Freezing] Training last 4 transformer layers (layers 8-11)
[Layer Freezing] Trainable params: 28,384,555 / 108,924,715 (26.1%)
[Layer Freezing] Training last 4 transformer layers (layers 8-11)
[Layer Freezing] Trainable params: 28,384,555 / 108,924,715 (26.1%)
[Layer Freezing] Training last 4 transformer layers (layers 8-11)
[Layer Freezing] Trainable params: 28,384,555 / 108,924,715 (26.1%)
[Layer Freezing] Training last 4 transformer layers (layers 8-11)
[Layer Freezing] Trainable params: 28,384,555 / 108,924,715 (26.1%)
[Layer Freezing] Training last 4 transformer layers (layers 8-11)
[Layer Freezing] Trainable params: 28,384,555 / 108,924,715 (26.1%)
[Round 48] T=3.25  α_ce=0.85  α_kd=0.15
 Round 48 | F1 0.4942 | P 0.5914 | R 0.4244 | Time 39.7s | Comm N/A | Local Avg F1: 0.4264

=== Round 49/50 ===
[Round 49] KD=ON | policy=ema_first
[Layer Freezing] Training last 4 transformer layers (layers 8-11)
[Layer Freezing] Trainable params: 28,384,555 / 108,924,715 (26.1%)
[Layer Freezing] Training last 4 transformer layers (layers 8-11)
[Layer Freezing] Trainable params: 28,384,555 / 108,924,715 (26.1%)
[Layer Freezing] Training last 4 transformer layers (layers 8-11)
[Layer Freezing] Trainable params: 28,384,555 / 108,924,715 (26.1%)
[Layer Freezing] Training last 4 transformer layers (layers 8-11)
[Layer Freezing] Trainable params: 28,384,555 / 108,924,715 (26.1%)
[Layer Freezing] Training last 4 transformer layers (layers 8-11)
[Layer Freezing] Trainable params: 28,384,555 / 108,924,715 (26.1%)
[Layer Freezing] Training last 4 transformer layers (layers 8-11)
[Layer Freezing] Trainable params: 28,384,555 / 108,924,715 (26.1%)
[Layer Freezing] Training last 4 transformer layers (layers 8-11)
[Layer Freezing] Trainable params: 28,384,555 / 108,924,715 (26.1%)
[Layer Freezing] Training last 4 transformer layers (layers 8-11)
[Layer Freezing] Trainable params: 28,384,555 / 108,924,715 (26.1%)
[Layer Freezing] Training last 4 transformer layers (layers 8-11)
[Layer Freezing] Trainable params: 28,384,555 / 108,924,715 (26.1%)
[Layer Freezing] Training last 4 transformer layers (layers 8-11)
[Layer Freezing] Trainable params: 28,384,555 / 108,924,715 (26.1%)
[Round 49] T=3.25  α_ce=0.85  α_kd=0.15
 Round 49 | F1 0.4900 | P 0.6061 | R 0.4112 | Time 39.4s | Comm N/A | Local Avg F1: 0.4225

=== Round 50/50 ===
[Round 50] KD=ON | policy=ema_first
[Layer Freezing] Training last 4 transformer layers (layers 8-11)
[Layer Freezing] Trainable params: 28,384,555 / 108,924,715 (26.1%)
[Layer Freezing] Training last 4 transformer layers (layers 8-11)
[Layer Freezing] Trainable params: 28,384,555 / 108,924,715 (26.1%)
[Layer Freezing] Training last 4 transformer layers (layers 8-11)
[Layer Freezing] Trainable params: 28,384,555 / 108,924,715 (26.1%)
[Layer Freezing] Training last 4 transformer layers (layers 8-11)
[Layer Freezing] Trainable params: 28,384,555 / 108,924,715 (26.1%)
[Layer Freezing] Training last 4 transformer layers (layers 8-11)
[Layer Freezing] Trainable params: 28,384,555 / 108,924,715 (26.1%)
[Layer Freezing] Training last 4 transformer layers (layers 8-11)
[Layer Freezing] Trainable params: 28,384,555 / 108,924,715 (26.1%)
[Layer Freezing] Training last 4 transformer layers (layers 8-11)
[Layer Freezing] Trainable params: 28,384,555 / 108,924,715 (26.1%)
[Layer Freezing] Training last 4 transformer layers (layers 8-11)
[Layer Freezing] Trainable params: 28,384,555 / 108,924,715 (26.1%)
[Layer Freezing] Training last 4 transformer layers (layers 8-11)
[Layer Freezing] Trainable params: 28,384,555 / 108,924,715 (26.1%)
[Layer Freezing] Training last 4 transformer layers (layers 8-11)
[Layer Freezing] Trainable params: 28,384,555 / 108,924,715 (26.1%)
[Round 50] T=3.25  α_ce=0.85  α_kd=0.15
 Round 50 | F1 0.4936 | P 0.6082 | R 0.4153 | Time 39.8s | Comm N/A | Local Avg F1: 0.4255
[save_json] Saved: results/FedSAD_20250825_015835/fed_results.json
[save_json] Backup: results/FedSAD_20250825_015835/fed_results_20250825_023126.json
== FedSAD 0.01==
📁 从本地加载模型: /root/autodl-tmp/fedner/models/microsoft_BiomedNLP-PubMedBERT-base-uncased-abstract
Some weights of BertForTokenClassification were not initialized from the model checkpoint at /root/autodl-tmp/fedner/models/microsoft_BiomedNLP-PubMedBERT-base-uncased-abstract and are newly initialized because the shapes did not match:
- classifier.bias: found shape torch.Size([2]) in the checkpoint and torch.Size([43]) in the model instantiated
- classifier.weight: found shape torch.Size([2, 768]) in the checkpoint and torch.Size([43, 768]) in the model instantiated
You should probably TRAIN this model on a down-stream task to be able to use it for predictions and inference.
Using device: cuda
📁 从本地加载模型: /root/autodl-tmp/fedner/models/microsoft_BiomedNLP-PubMedBERT-base-uncased-abstract
Some weights of BertForTokenClassification were not initialized from the model checkpoint at /root/autodl-tmp/fedner/models/microsoft_BiomedNLP-PubMedBERT-base-uncased-abstract and are newly initialized because the shapes did not match:
- classifier.bias: found shape torch.Size([2]) in the checkpoint and torch.Size([43]) in the model instantiated
- classifier.weight: found shape torch.Size([2, 768]) in the checkpoint and torch.Size([43, 768]) in the model instantiated
You should probably TRAIN this model on a down-stream task to be able to use it for predictions and inference.

============================================================
EXPERIMENT CONFIGURATION
============================================================
Algorithm: FedSAD | Clients: 10 (100% per round) | Rounds: 100, Local epochs: 2 | Training: Last 4 layers | Sampling: 500 samples per client (random) | Data: Non-IID (α=0.01)
------------------------------------------------------------
Algorithm-specific parameters for FedSAD:
  - use_distillation: True
  - kd_start_round: 2
  - teacher_policy: ema_first
  - temperature_start: 5.0, temperature_end: 1.5
  - alpha_ce_start: 1.0, alpha_ce_end: 0.7
  - alpha_kd_start: 0.0, alpha_kd_end: 0.3
  - hidden_distill: False, alpha_hidden: 0.0
  - o_downweight: 1.0
============================================================

Model initialized: 108,924,715/108,924,715 trainable params (100.0%)

=== Round 1/100 ===
[Round 1] KD=OFF | policy=ema_first
[Layer Freezing] Training last 4 transformer layers (layers 8-11)
[Layer Freezing] Trainable params: 28,384,555 / 108,924,715 (26.1%)
[Layer Freezing] Training last 4 transformer layers (layers 8-11)
[Layer Freezing] Trainable params: 28,384,555 / 108,924,715 (26.1%)
[Layer Freezing] Training last 4 transformer layers (layers 8-11)
[Layer Freezing] Trainable params: 28,384,555 / 108,924,715 (26.1%)
[Layer Freezing] Training last 4 transformer layers (layers 8-11)
[Layer Freezing] Trainable params: 28,384,555 / 108,924,715 (26.1%)
[Layer Freezing] Training last 4 transformer layers (layers 8-11)
[Layer Freezing] Trainable params: 28,384,555 / 108,924,715 (26.1%)
[Layer Freezing] Training last 4 transformer layers (layers 8-11)
[Layer Freezing] Trainable params: 28,384,555 / 108,924,715 (26.1%)
[Layer Freezing] Training last 4 transformer layers (layers 8-11)
[Layer Freezing] Trainable params: 28,384,555 / 108,924,715 (26.1%)
[Layer Freezing] Training last 4 transformer layers (layers 8-11)
[Layer Freezing] Trainable params: 28,384,555 / 108,924,715 (26.1%)
[Layer Freezing] Training last 4 transformer layers (layers 8-11)
[Layer Freezing] Trainable params: 28,384,555 / 108,924,715 (26.1%)
[Layer Freezing] Training last 4 transformer layers (layers 8-11)
[Layer Freezing] Trainable params: 28,384,555 / 108,924,715 (26.1%)
[Round 1] T=5.00  α_ce=1.00  α_kd=0.00
/root/miniconda3/lib/python3.12/site-packages/seqeval/metrics/v1.py:57: UndefinedMetricWarning: Precision is ill-defined and being set to 0.0 due to no predicted samples. Use `zero_division` parameter to control this behavior.
  _warn_prf(average, modifier, msg_start, len(result))
/root/miniconda3/lib/python3.12/site-packages/seqeval/metrics/v1.py:159: UndefinedMetricWarning: F-score is ill-defined and being set to 0.0 due to no true nor predicted samples. Use `zero_division` parameter to control this behavior.
  _warn_prf(
/root/miniconda3/lib/python3.12/site-packages/seqeval/metrics/v1.py:57: UndefinedMetricWarning: Recall is ill-defined and being set to 0.0 due to no true samples. Use `zero_division` parameter to control this behavior.
  _warn_prf(average, modifier, msg_start, len(result))
 Round 1 | F1 0.0000 | P 0.0000 | R 0.0000 | Time 43.7s | Comm N/A | Local Avg F1: 0.0000

=== Round 2/100 ===
[Round 2] KD=ON | policy=ema_first
[Layer Freezing] Training last 4 transformer layers (layers 8-11)
[Layer Freezing] Trainable params: 28,384,555 / 108,924,715 (26.1%)
[Layer Freezing] Training last 4 transformer layers (layers 8-11)
[Layer Freezing] Trainable params: 28,384,555 / 108,924,715 (26.1%)
[Layer Freezing] Training last 4 transformer layers (layers 8-11)
[Layer Freezing] Trainable params: 28,384,555 / 108,924,715 (26.1%)
[Layer Freezing] Training last 4 transformer layers (layers 8-11)
[Layer Freezing] Trainable params: 28,384,555 / 108,924,715 (26.1%)
[Layer Freezing] Training last 4 transformer layers (layers 8-11)
[Layer Freezing] Trainable params: 28,384,555 / 108,924,715 (26.1%)
[Layer Freezing] Training last 4 transformer layers (layers 8-11)
[Layer Freezing] Trainable params: 28,384,555 / 108,924,715 (26.1%)
[Layer Freezing] Training last 4 transformer layers (layers 8-11)
[Layer Freezing] Trainable params: 28,384,555 / 108,924,715 (26.1%)
[Layer Freezing] Training last 4 transformer layers (layers 8-11)
[Layer Freezing] Trainable params: 28,384,555 / 108,924,715 (26.1%)
[Layer Freezing] Training last 4 transformer layers (layers 8-11)
[Layer Freezing] Trainable params: 28,384,555 / 108,924,715 (26.1%)
[Layer Freezing] Training last 4 transformer layers (layers 8-11)
[Layer Freezing] Trainable params: 28,384,555 / 108,924,715 (26.1%)
[Round 2] T=5.00  α_ce=1.00  α_kd=0.00
 Round 2 | F1 0.0028 | P 0.6562 | R 0.0014 | Time 51.6s | Comm N/A | Local Avg F1: 0.0054

=== Round 3/100 ===
[Round 3] KD=ON | policy=ema_first
[Layer Freezing] Training last 4 transformer layers (layers 8-11)
[Layer Freezing] Trainable params: 28,384,555 / 108,924,715 (26.1%)
[Layer Freezing] Training last 4 transformer layers (layers 8-11)
[Layer Freezing] Trainable params: 28,384,555 / 108,924,715 (26.1%)
[Layer Freezing] Training last 4 transformer layers (layers 8-11)
[Layer Freezing] Trainable params: 28,384,555 / 108,924,715 (26.1%)
[Layer Freezing] Training last 4 transformer layers (layers 8-11)
[Layer Freezing] Trainable params: 28,384,555 / 108,924,715 (26.1%)
[Layer Freezing] Training last 4 transformer layers (layers 8-11)
[Layer Freezing] Trainable params: 28,384,555 / 108,924,715 (26.1%)
[Layer Freezing] Training last 4 transformer layers (layers 8-11)
[Layer Freezing] Trainable params: 28,384,555 / 108,924,715 (26.1%)
[Layer Freezing] Training last 4 transformer layers (layers 8-11)
[Layer Freezing] Trainable params: 28,384,555 / 108,924,715 (26.1%)
[Layer Freezing] Training last 4 transformer layers (layers 8-11)
[Layer Freezing] Trainable params: 28,384,555 / 108,924,715 (26.1%)
[Layer Freezing] Training last 4 transformer layers (layers 8-11)
[Layer Freezing] Trainable params: 28,384,555 / 108,924,715 (26.1%)
[Layer Freezing] Training last 4 transformer layers (layers 8-11)
[Layer Freezing] Trainable params: 28,384,555 / 108,924,715 (26.1%)
[Round 3] T=4.96  α_ce=1.00  α_kd=0.00
 Round 3 | F1 0.0908 | P 0.6519 | R 0.0488 | Time 51.7s | Comm N/A | Local Avg F1: 0.0647

=== Round 4/100 ===
[Round 4] KD=ON | policy=ema_first
[Layer Freezing] Training last 4 transformer layers (layers 8-11)
[Layer Freezing] Trainable params: 28,384,555 / 108,924,715 (26.1%)
[Layer Freezing] Training last 4 transformer layers (layers 8-11)
[Layer Freezing] Trainable params: 28,384,555 / 108,924,715 (26.1%)
[Layer Freezing] Training last 4 transformer layers (layers 8-11)
[Layer Freezing] Trainable params: 28,384,555 / 108,924,715 (26.1%)
[Layer Freezing] Training last 4 transformer layers (layers 8-11)
[Layer Freezing] Trainable params: 28,384,555 / 108,924,715 (26.1%)
[Layer Freezing] Training last 4 transformer layers (layers 8-11)
[Layer Freezing] Trainable params: 28,384,555 / 108,924,715 (26.1%)
[Layer Freezing] Training last 4 transformer layers (layers 8-11)
[Layer Freezing] Trainable params: 28,384,555 / 108,924,715 (26.1%)
[Layer Freezing] Training last 4 transformer layers (layers 8-11)
[Layer Freezing] Trainable params: 28,384,555 / 108,924,715 (26.1%)
[Layer Freezing] Training last 4 transformer layers (layers 8-11)
[Layer Freezing] Trainable params: 28,384,555 / 108,924,715 (26.1%)
[Layer Freezing] Training last 4 transformer layers (layers 8-11)
[Layer Freezing] Trainable params: 28,384,555 / 108,924,715 (26.1%)
[Layer Freezing] Training last 4 transformer layers (layers 8-11)
[Layer Freezing] Trainable params: 28,384,555 / 108,924,715 (26.1%)
[Round 4] T=4.93  α_ce=0.99  α_kd=0.01
 Round 4 | F1 0.1569 | P 0.5643 | R 0.0911 | Time 51.7s | Comm N/A | Local Avg F1: 0.1087

=== Round 5/100 ===
[Round 5] KD=ON | policy=ema_first
[Layer Freezing] Training last 4 transformer layers (layers 8-11)
[Layer Freezing] Trainable params: 28,384,555 / 108,924,715 (26.1%)
[Layer Freezing] Training last 4 transformer layers (layers 8-11)
[Layer Freezing] Trainable params: 28,384,555 / 108,924,715 (26.1%)
[Layer Freezing] Training last 4 transformer layers (layers 8-11)
[Layer Freezing] Trainable params: 28,384,555 / 108,924,715 (26.1%)
[Layer Freezing] Training last 4 transformer layers (layers 8-11)
[Layer Freezing] Trainable params: 28,384,555 / 108,924,715 (26.1%)
[Layer Freezing] Training last 4 transformer layers (layers 8-11)
[Layer Freezing] Trainable params: 28,384,555 / 108,924,715 (26.1%)
[Layer Freezing] Training last 4 transformer layers (layers 8-11)
[Layer Freezing] Trainable params: 28,384,555 / 108,924,715 (26.1%)
[Layer Freezing] Training last 4 transformer layers (layers 8-11)
[Layer Freezing] Trainable params: 28,384,555 / 108,924,715 (26.1%)
[Layer Freezing] Training last 4 transformer layers (layers 8-11)
[Layer Freezing] Trainable params: 28,384,555 / 108,924,715 (26.1%)
[Layer Freezing] Training last 4 transformer layers (layers 8-11)
[Layer Freezing] Trainable params: 28,384,555 / 108,924,715 (26.1%)
[Layer Freezing] Training last 4 transformer layers (layers 8-11)
[Layer Freezing] Trainable params: 28,384,555 / 108,924,715 (26.1%)
[Round 5] T=4.89  α_ce=0.99  α_kd=0.01
 Round 5 | F1 0.1649 | P 0.5789 | R 0.0961 | Time 51.9s | Comm N/A | Local Avg F1: 0.1235

=== Round 6/100 ===
[Round 6] KD=ON | policy=ema_first
[Layer Freezing] Training last 4 transformer layers (layers 8-11)
[Layer Freezing] Trainable params: 28,384,555 / 108,924,715 (26.1%)
[Layer Freezing] Training last 4 transformer layers (layers 8-11)
[Layer Freezing] Trainable params: 28,384,555 / 108,924,715 (26.1%)
[Layer Freezing] Training last 4 transformer layers (layers 8-11)
[Layer Freezing] Trainable params: 28,384,555 / 108,924,715 (26.1%)
[Layer Freezing] Training last 4 transformer layers (layers 8-11)
[Layer Freezing] Trainable params: 28,384,555 / 108,924,715 (26.1%)
[Layer Freezing] Training last 4 transformer layers (layers 8-11)
[Layer Freezing] Trainable params: 28,384,555 / 108,924,715 (26.1%)
[Layer Freezing] Training last 4 transformer layers (layers 8-11)
[Layer Freezing] Trainable params: 28,384,555 / 108,924,715 (26.1%)
[Layer Freezing] Training last 4 transformer layers (layers 8-11)
[Layer Freezing] Trainable params: 28,384,555 / 108,924,715 (26.1%)
[Layer Freezing] Training last 4 transformer layers (layers 8-11)
[Layer Freezing] Trainable params: 28,384,555 / 108,924,715 (26.1%)
[Layer Freezing] Training last 4 transformer layers (layers 8-11)
[Layer Freezing] Trainable params: 28,384,555 / 108,924,715 (26.1%)
[Layer Freezing] Training last 4 transformer layers (layers 8-11)
[Layer Freezing] Trainable params: 28,384,555 / 108,924,715 (26.1%)
[Round 6] T=4.86  α_ce=0.99  α_kd=0.01
 Round 6 | F1 0.2344 | P 0.5515 | R 0.1488 | Time 51.9s | Comm N/A | Local Avg F1: 0.1811

=== Round 7/100 ===
[Round 7] KD=ON | policy=ema_first
[Layer Freezing] Training last 4 transformer layers (layers 8-11)
[Layer Freezing] Trainable params: 28,384,555 / 108,924,715 (26.1%)
[Layer Freezing] Training last 4 transformer layers (layers 8-11)
[Layer Freezing] Trainable params: 28,384,555 / 108,924,715 (26.1%)
[Layer Freezing] Training last 4 transformer layers (layers 8-11)
[Layer Freezing] Trainable params: 28,384,555 / 108,924,715 (26.1%)
[Layer Freezing] Training last 4 transformer layers (layers 8-11)
[Layer Freezing] Trainable params: 28,384,555 / 108,924,715 (26.1%)
[Layer Freezing] Training last 4 transformer layers (layers 8-11)
[Layer Freezing] Trainable params: 28,384,555 / 108,924,715 (26.1%)
[Layer Freezing] Training last 4 transformer layers (layers 8-11)
[Layer Freezing] Trainable params: 28,384,555 / 108,924,715 (26.1%)
[Layer Freezing] Training last 4 transformer layers (layers 8-11)
[Layer Freezing] Trainable params: 28,384,555 / 108,924,715 (26.1%)
[Layer Freezing] Training last 4 transformer layers (layers 8-11)
[Layer Freezing] Trainable params: 28,384,555 / 108,924,715 (26.1%)
[Layer Freezing] Training last 4 transformer layers (layers 8-11)
[Layer Freezing] Trainable params: 28,384,555 / 108,924,715 (26.1%)
[Layer Freezing] Training last 4 transformer layers (layers 8-11)
[Layer Freezing] Trainable params: 28,384,555 / 108,924,715 (26.1%)
[Round 7] T=4.82  α_ce=0.98  α_kd=0.02
 Round 7 | F1 0.2447 | P 0.5684 | R 0.1559 | Time 51.8s | Comm N/A | Local Avg F1: 0.1963

=== Round 8/100 ===
[Round 8] KD=ON | policy=ema_first
[Layer Freezing] Training last 4 transformer layers (layers 8-11)
[Layer Freezing] Trainable params: 28,384,555 / 108,924,715 (26.1%)
[Layer Freezing] Training last 4 transformer layers (layers 8-11)
[Layer Freezing] Trainable params: 28,384,555 / 108,924,715 (26.1%)
[Layer Freezing] Training last 4 transformer layers (layers 8-11)
[Layer Freezing] Trainable params: 28,384,555 / 108,924,715 (26.1%)
[Layer Freezing] Training last 4 transformer layers (layers 8-11)
[Layer Freezing] Trainable params: 28,384,555 / 108,924,715 (26.1%)
[Layer Freezing] Training last 4 transformer layers (layers 8-11)
[Layer Freezing] Trainable params: 28,384,555 / 108,924,715 (26.1%)
[Layer Freezing] Training last 4 transformer layers (layers 8-11)
[Layer Freezing] Trainable params: 28,384,555 / 108,924,715 (26.1%)
[Layer Freezing] Training last 4 transformer layers (layers 8-11)
[Layer Freezing] Trainable params: 28,384,555 / 108,924,715 (26.1%)
[Layer Freezing] Training last 4 transformer layers (layers 8-11)
[Layer Freezing] Trainable params: 28,384,555 / 108,924,715 (26.1%)
[Layer Freezing] Training last 4 transformer layers (layers 8-11)
[Layer Freezing] Trainable params: 28,384,555 / 108,924,715 (26.1%)
[Layer Freezing] Training last 4 transformer layers (layers 8-11)
[Layer Freezing] Trainable params: 28,384,555 / 108,924,715 (26.1%)
[Round 8] T=4.79  α_ce=0.98  α_kd=0.02
 Round 8 | F1 0.2812 | P 0.5756 | R 0.1860 | Time 51.4s | Comm N/A | Local Avg F1: 0.2291

=== Round 9/100 ===
[Round 9] KD=ON | policy=ema_first
[Layer Freezing] Training last 4 transformer layers (layers 8-11)
[Layer Freezing] Trainable params: 28,384,555 / 108,924,715 (26.1%)
[Layer Freezing] Training last 4 transformer layers (layers 8-11)
[Layer Freezing] Trainable params: 28,384,555 / 108,924,715 (26.1%)
[Layer Freezing] Training last 4 transformer layers (layers 8-11)
[Layer Freezing] Trainable params: 28,384,555 / 108,924,715 (26.1%)
[Layer Freezing] Training last 4 transformer layers (layers 8-11)
[Layer Freezing] Trainable params: 28,384,555 / 108,924,715 (26.1%)
[Layer Freezing] Training last 4 transformer layers (layers 8-11)
[Layer Freezing] Trainable params: 28,384,555 / 108,924,715 (26.1%)
[Layer Freezing] Training last 4 transformer layers (layers 8-11)
[Layer Freezing] Trainable params: 28,384,555 / 108,924,715 (26.1%)
[Layer Freezing] Training last 4 transformer layers (layers 8-11)
[Layer Freezing] Trainable params: 28,384,555 / 108,924,715 (26.1%)
[Layer Freezing] Training last 4 transformer layers (layers 8-11)
[Layer Freezing] Trainable params: 28,384,555 / 108,924,715 (26.1%)
[Layer Freezing] Training last 4 transformer layers (layers 8-11)
[Layer Freezing] Trainable params: 28,384,555 / 108,924,715 (26.1%)
[Layer Freezing] Training last 4 transformer layers (layers 8-11)
[Layer Freezing] Trainable params: 28,384,555 / 108,924,715 (26.1%)
[Round 9] T=4.75  α_ce=0.98  α_kd=0.02
 Round 9 | F1 0.2929 | P 0.5920 | R 0.1946 | Time 51.8s | Comm N/A | Local Avg F1: 0.2406

=== Round 10/100 ===
[Round 10] KD=ON | policy=ema_first
[Layer Freezing] Training last 4 transformer layers (layers 8-11)
[Layer Freezing] Trainable params: 28,384,555 / 108,924,715 (26.1%)
[Layer Freezing] Training last 4 transformer layers (layers 8-11)
[Layer Freezing] Trainable params: 28,384,555 / 108,924,715 (26.1%)
[Layer Freezing] Training last 4 transformer layers (layers 8-11)
[Layer Freezing] Trainable params: 28,384,555 / 108,924,715 (26.1%)
[Layer Freezing] Training last 4 transformer layers (layers 8-11)
[Layer Freezing] Trainable params: 28,384,555 / 108,924,715 (26.1%)
[Layer Freezing] Training last 4 transformer layers (layers 8-11)
[Layer Freezing] Trainable params: 28,384,555 / 108,924,715 (26.1%)
[Layer Freezing] Training last 4 transformer layers (layers 8-11)
[Layer Freezing] Trainable params: 28,384,555 / 108,924,715 (26.1%)
[Layer Freezing] Training last 4 transformer layers (layers 8-11)
[Layer Freezing] Trainable params: 28,384,555 / 108,924,715 (26.1%)
[Layer Freezing] Training last 4 transformer layers (layers 8-11)
[Layer Freezing] Trainable params: 28,384,555 / 108,924,715 (26.1%)
[Layer Freezing] Training last 4 transformer layers (layers 8-11)
[Layer Freezing] Trainable params: 28,384,555 / 108,924,715 (26.1%)
[Layer Freezing] Training last 4 transformer layers (layers 8-11)
[Layer Freezing] Trainable params: 28,384,555 / 108,924,715 (26.1%)
[Round 10] T=4.71  α_ce=0.98  α_kd=0.02
 Round 10 | F1 0.3512 | P 0.5724 | R 0.2534 | Time 51.8s | Comm N/A | Local Avg F1: 0.2828

=== Round 11/100 ===
[Round 11] KD=ON | policy=ema_first
[Layer Freezing] Training last 4 transformer layers (layers 8-11)
[Layer Freezing] Trainable params: 28,384,555 / 108,924,715 (26.1%)
[Layer Freezing] Training last 4 transformer layers (layers 8-11)
[Layer Freezing] Trainable params: 28,384,555 / 108,924,715 (26.1%)
[Layer Freezing] Training last 4 transformer layers (layers 8-11)
[Layer Freezing] Trainable params: 28,384,555 / 108,924,715 (26.1%)
[Layer Freezing] Training last 4 transformer layers (layers 8-11)
[Layer Freezing] Trainable params: 28,384,555 / 108,924,715 (26.1%)
[Layer Freezing] Training last 4 transformer layers (layers 8-11)
[Layer Freezing] Trainable params: 28,384,555 / 108,924,715 (26.1%)
[Layer Freezing] Training last 4 transformer layers (layers 8-11)
[Layer Freezing] Trainable params: 28,384,555 / 108,924,715 (26.1%)
[Layer Freezing] Training last 4 transformer layers (layers 8-11)
[Layer Freezing] Trainable params: 28,384,555 / 108,924,715 (26.1%)
[Layer Freezing] Training last 4 transformer layers (layers 8-11)
[Layer Freezing] Trainable params: 28,384,555 / 108,924,715 (26.1%)
[Layer Freezing] Training last 4 transformer layers (layers 8-11)
[Layer Freezing] Trainable params: 28,384,555 / 108,924,715 (26.1%)
[Layer Freezing] Training last 4 transformer layers (layers 8-11)
[Layer Freezing] Trainable params: 28,384,555 / 108,924,715 (26.1%)
[Round 11] T=4.68  α_ce=0.97  α_kd=0.03
 Round 11 | F1 0.3552 | P 0.6024 | R 0.2519 | Time 51.7s | Comm N/A | Local Avg F1: 0.2895

=== Round 12/100 ===
[Round 12] KD=ON | policy=ema_first
[Layer Freezing] Training last 4 transformer layers (layers 8-11)
[Layer Freezing] Trainable params: 28,384,555 / 108,924,715 (26.1%)
[Layer Freezing] Training last 4 transformer layers (layers 8-11)
[Layer Freezing] Trainable params: 28,384,555 / 108,924,715 (26.1%)
[Layer Freezing] Training last 4 transformer layers (layers 8-11)
[Layer Freezing] Trainable params: 28,384,555 / 108,924,715 (26.1%)
[Layer Freezing] Training last 4 transformer layers (layers 8-11)
[Layer Freezing] Trainable params: 28,384,555 / 108,924,715 (26.1%)
[Layer Freezing] Training last 4 transformer layers (layers 8-11)
[Layer Freezing] Trainable params: 28,384,555 / 108,924,715 (26.1%)
[Layer Freezing] Training last 4 transformer layers (layers 8-11)
[Layer Freezing] Trainable params: 28,384,555 / 108,924,715 (26.1%)
[Layer Freezing] Training last 4 transformer layers (layers 8-11)
[Layer Freezing] Trainable params: 28,384,555 / 108,924,715 (26.1%)
[Layer Freezing] Training last 4 transformer layers (layers 8-11)
[Layer Freezing] Trainable params: 28,384,555 / 108,924,715 (26.1%)
[Layer Freezing] Training last 4 transformer layers (layers 8-11)
[Layer Freezing] Trainable params: 28,384,555 / 108,924,715 (26.1%)
[Layer Freezing] Training last 4 transformer layers (layers 8-11)
[Layer Freezing] Trainable params: 28,384,555 / 108,924,715 (26.1%)
[Round 12] T=4.64  α_ce=0.97  α_kd=0.03
 Round 12 | F1 0.3715 | P 0.6046 | R 0.2682 | Time 51.5s | Comm N/A | Local Avg F1: 0.3093

=== Round 13/100 ===
[Round 13] KD=ON | policy=ema_first
[Layer Freezing] Training last 4 transformer layers (layers 8-11)
[Layer Freezing] Trainable params: 28,384,555 / 108,924,715 (26.1%)
[Layer Freezing] Training last 4 transformer layers (layers 8-11)
[Layer Freezing] Trainable params: 28,384,555 / 108,924,715 (26.1%)
[Layer Freezing] Training last 4 transformer layers (layers 8-11)
[Layer Freezing] Trainable params: 28,384,555 / 108,924,715 (26.1%)
[Layer Freezing] Training last 4 transformer layers (layers 8-11)
[Layer Freezing] Trainable params: 28,384,555 / 108,924,715 (26.1%)
[Layer Freezing] Training last 4 transformer layers (layers 8-11)
[Layer Freezing] Trainable params: 28,384,555 / 108,924,715 (26.1%)
[Layer Freezing] Training last 4 transformer layers (layers 8-11)
[Layer Freezing] Trainable params: 28,384,555 / 108,924,715 (26.1%)
[Layer Freezing] Training last 4 transformer layers (layers 8-11)
[Layer Freezing] Trainable params: 28,384,555 / 108,924,715 (26.1%)
[Layer Freezing] Training last 4 transformer layers (layers 8-11)
[Layer Freezing] Trainable params: 28,384,555 / 108,924,715 (26.1%)
[Layer Freezing] Training last 4 transformer layers (layers 8-11)
[Layer Freezing] Trainable params: 28,384,555 / 108,924,715 (26.1%)
[Layer Freezing] Training last 4 transformer layers (layers 8-11)
[Layer Freezing] Trainable params: 28,384,555 / 108,924,715 (26.1%)
[Round 13] T=4.61  α_ce=0.97  α_kd=0.03
 Round 13 | F1 0.3924 | P 0.6062 | R 0.2901 | Time 52.0s | Comm N/A | Local Avg F1: 0.3264

=== Round 14/100 ===
[Round 14] KD=ON | policy=ema_first
[Layer Freezing] Training last 4 transformer layers (layers 8-11)
[Layer Freezing] Trainable params: 28,384,555 / 108,924,715 (26.1%)
[Layer Freezing] Training last 4 transformer layers (layers 8-11)
[Layer Freezing] Trainable params: 28,384,555 / 108,924,715 (26.1%)
[Layer Freezing] Training last 4 transformer layers (layers 8-11)
[Layer Freezing] Trainable params: 28,384,555 / 108,924,715 (26.1%)
[Layer Freezing] Training last 4 transformer layers (layers 8-11)
[Layer Freezing] Trainable params: 28,384,555 / 108,924,715 (26.1%)
[Layer Freezing] Training last 4 transformer layers (layers 8-11)
[Layer Freezing] Trainable params: 28,384,555 / 108,924,715 (26.1%)
[Layer Freezing] Training last 4 transformer layers (layers 8-11)
[Layer Freezing] Trainable params: 28,384,555 / 108,924,715 (26.1%)
[Layer Freezing] Training last 4 transformer layers (layers 8-11)
[Layer Freezing] Trainable params: 28,384,555 / 108,924,715 (26.1%)
[Layer Freezing] Training last 4 transformer layers (layers 8-11)
[Layer Freezing] Trainable params: 28,384,555 / 108,924,715 (26.1%)
[Layer Freezing] Training last 4 transformer layers (layers 8-11)
[Layer Freezing] Trainable params: 28,384,555 / 108,924,715 (26.1%)
[Layer Freezing] Training last 4 transformer layers (layers 8-11)
[Layer Freezing] Trainable params: 28,384,555 / 108,924,715 (26.1%)
[Round 14] T=4.57  α_ce=0.96  α_kd=0.04
 Round 14 | F1 0.4181 | P 0.6099 | R 0.3180 | Time 51.5s | Comm N/A | Local Avg F1: 0.3479

=== Round 15/100 ===
[Round 15] KD=ON | policy=ema_first
[Layer Freezing] Training last 4 transformer layers (layers 8-11)
[Layer Freezing] Trainable params: 28,384,555 / 108,924,715 (26.1%)
[Layer Freezing] Training last 4 transformer layers (layers 8-11)
[Layer Freezing] Trainable params: 28,384,555 / 108,924,715 (26.1%)
[Layer Freezing] Training last 4 transformer layers (layers 8-11)
[Layer Freezing] Trainable params: 28,384,555 / 108,924,715 (26.1%)
[Layer Freezing] Training last 4 transformer layers (layers 8-11)
[Layer Freezing] Trainable params: 28,384,555 / 108,924,715 (26.1%)
[Layer Freezing] Training last 4 transformer layers (layers 8-11)
[Layer Freezing] Trainable params: 28,384,555 / 108,924,715 (26.1%)
[Layer Freezing] Training last 4 transformer layers (layers 8-11)
[Layer Freezing] Trainable params: 28,384,555 / 108,924,715 (26.1%)
[Layer Freezing] Training last 4 transformer layers (layers 8-11)
[Layer Freezing] Trainable params: 28,384,555 / 108,924,715 (26.1%)
[Layer Freezing] Training last 4 transformer layers (layers 8-11)
[Layer Freezing] Trainable params: 28,384,555 / 108,924,715 (26.1%)
[Layer Freezing] Training last 4 transformer layers (layers 8-11)
[Layer Freezing] Trainable params: 28,384,555 / 108,924,715 (26.1%)
[Layer Freezing] Training last 4 transformer layers (layers 8-11)
[Layer Freezing] Trainable params: 28,384,555 / 108,924,715 (26.1%)
[Round 15] T=4.54  α_ce=0.96  α_kd=0.04
 Round 15 | F1 0.4319 | P 0.5999 | R 0.3375 | Time 51.7s | Comm N/A | Local Avg F1: 0.3597

=== Round 16/100 ===
[Round 16] KD=ON | policy=ema_first
[Layer Freezing] Training last 4 transformer layers (layers 8-11)
[Layer Freezing] Trainable params: 28,384,555 / 108,924,715 (26.1%)
[Layer Freezing] Training last 4 transformer layers (layers 8-11)
[Layer Freezing] Trainable params: 28,384,555 / 108,924,715 (26.1%)
[Layer Freezing] Training last 4 transformer layers (layers 8-11)
[Layer Freezing] Trainable params: 28,384,555 / 108,924,715 (26.1%)
[Layer Freezing] Training last 4 transformer layers (layers 8-11)
[Layer Freezing] Trainable params: 28,384,555 / 108,924,715 (26.1%)
[Layer Freezing] Training last 4 transformer layers (layers 8-11)
[Layer Freezing] Trainable params: 28,384,555 / 108,924,715 (26.1%)
[Layer Freezing] Training last 4 transformer layers (layers 8-11)
[Layer Freezing] Trainable params: 28,384,555 / 108,924,715 (26.1%)
[Layer Freezing] Training last 4 transformer layers (layers 8-11)
[Layer Freezing] Trainable params: 28,384,555 / 108,924,715 (26.1%)
[Layer Freezing] Training last 4 transformer layers (layers 8-11)
[Layer Freezing] Trainable params: 28,384,555 / 108,924,715 (26.1%)
[Layer Freezing] Training last 4 transformer layers (layers 8-11)
[Layer Freezing] Trainable params: 28,384,555 / 108,924,715 (26.1%)
[Layer Freezing] Training last 4 transformer layers (layers 8-11)
[Layer Freezing] Trainable params: 28,384,555 / 108,924,715 (26.1%)
[Round 16] T=4.50  α_ce=0.96  α_kd=0.04
 Round 16 | F1 0.4285 | P 0.6122 | R 0.3296 | Time 51.7s | Comm N/A | Local Avg F1: 0.3582

=== Round 17/100 ===
[Round 17] KD=ON | policy=ema_first
[Layer Freezing] Training last 4 transformer layers (layers 8-11)
[Layer Freezing] Trainable params: 28,384,555 / 108,924,715 (26.1%)
[Layer Freezing] Training last 4 transformer layers (layers 8-11)
[Layer Freezing] Trainable params: 28,384,555 / 108,924,715 (26.1%)
[Layer Freezing] Training last 4 transformer layers (layers 8-11)
[Layer Freezing] Trainable params: 28,384,555 / 108,924,715 (26.1%)
[Layer Freezing] Training last 4 transformer layers (layers 8-11)
[Layer Freezing] Trainable params: 28,384,555 / 108,924,715 (26.1%)
[Layer Freezing] Training last 4 transformer layers (layers 8-11)
[Layer Freezing] Trainable params: 28,384,555 / 108,924,715 (26.1%)
[Layer Freezing] Training last 4 transformer layers (layers 8-11)
[Layer Freezing] Trainable params: 28,384,555 / 108,924,715 (26.1%)
[Layer Freezing] Training last 4 transformer layers (layers 8-11)
[Layer Freezing] Trainable params: 28,384,555 / 108,924,715 (26.1%)
[Layer Freezing] Training last 4 transformer layers (layers 8-11)
[Layer Freezing] Trainable params: 28,384,555 / 108,924,715 (26.1%)
[Layer Freezing] Training last 4 transformer layers (layers 8-11)
[Layer Freezing] Trainable params: 28,384,555 / 108,924,715 (26.1%)
[Layer Freezing] Training last 4 transformer layers (layers 8-11)
[Layer Freezing] Trainable params: 28,384,555 / 108,924,715 (26.1%)
[Round 17] T=4.46  α_ce=0.95  α_kd=0.05
 Round 17 | F1 0.4486 | P 0.6043 | R 0.3567 | Time 51.9s | Comm N/A | Local Avg F1: 0.3767

=== Round 18/100 ===
[Round 18] KD=ON | policy=ema_first
[Layer Freezing] Training last 4 transformer layers (layers 8-11)
[Layer Freezing] Trainable params: 28,384,555 / 108,924,715 (26.1%)
[Layer Freezing] Training last 4 transformer layers (layers 8-11)
[Layer Freezing] Trainable params: 28,384,555 / 108,924,715 (26.1%)
[Layer Freezing] Training last 4 transformer layers (layers 8-11)
[Layer Freezing] Trainable params: 28,384,555 / 108,924,715 (26.1%)
[Layer Freezing] Training last 4 transformer layers (layers 8-11)
[Layer Freezing] Trainable params: 28,384,555 / 108,924,715 (26.1%)
[Layer Freezing] Training last 4 transformer layers (layers 8-11)
[Layer Freezing] Trainable params: 28,384,555 / 108,924,715 (26.1%)
[Layer Freezing] Training last 4 transformer layers (layers 8-11)
[Layer Freezing] Trainable params: 28,384,555 / 108,924,715 (26.1%)
[Layer Freezing] Training last 4 transformer layers (layers 8-11)
[Layer Freezing] Trainable params: 28,384,555 / 108,924,715 (26.1%)
[Layer Freezing] Training last 4 transformer layers (layers 8-11)
[Layer Freezing] Trainable params: 28,384,555 / 108,924,715 (26.1%)
[Layer Freezing] Training last 4 transformer layers (layers 8-11)
[Layer Freezing] Trainable params: 28,384,555 / 108,924,715 (26.1%)
[Layer Freezing] Training last 4 transformer layers (layers 8-11)
[Layer Freezing] Trainable params: 28,384,555 / 108,924,715 (26.1%)
[Round 18] T=4.43  α_ce=0.95  α_kd=0.05
 Round 18 | F1 0.4462 | P 0.6168 | R 0.3496 | Time 51.8s | Comm N/A | Local Avg F1: 0.3773

=== Round 19/100 ===
[Round 19] KD=ON | policy=ema_first
[Layer Freezing] Training last 4 transformer layers (layers 8-11)
[Layer Freezing] Trainable params: 28,384,555 / 108,924,715 (26.1%)
[Layer Freezing] Training last 4 transformer layers (layers 8-11)
[Layer Freezing] Trainable params: 28,384,555 / 108,924,715 (26.1%)
[Layer Freezing] Training last 4 transformer layers (layers 8-11)
[Layer Freezing] Trainable params: 28,384,555 / 108,924,715 (26.1%)
[Layer Freezing] Training last 4 transformer layers (layers 8-11)
[Layer Freezing] Trainable params: 28,384,555 / 108,924,715 (26.1%)
[Layer Freezing] Training last 4 transformer layers (layers 8-11)
[Layer Freezing] Trainable params: 28,384,555 / 108,924,715 (26.1%)
[Layer Freezing] Training last 4 transformer layers (layers 8-11)
[Layer Freezing] Trainable params: 28,384,555 / 108,924,715 (26.1%)
[Layer Freezing] Training last 4 transformer layers (layers 8-11)
[Layer Freezing] Trainable params: 28,384,555 / 108,924,715 (26.1%)
[Layer Freezing] Training last 4 transformer layers (layers 8-11)
[Layer Freezing] Trainable params: 28,384,555 / 108,924,715 (26.1%)
[Layer Freezing] Training last 4 transformer layers (layers 8-11)
[Layer Freezing] Trainable params: 28,384,555 / 108,924,715 (26.1%)
[Layer Freezing] Training last 4 transformer layers (layers 8-11)
[Layer Freezing] Trainable params: 28,384,555 / 108,924,715 (26.1%)
[Round 19] T=4.39  α_ce=0.95  α_kd=0.05
 Round 19 | F1 0.4651 | P 0.6159 | R 0.3736 | Time 51.9s | Comm N/A | Local Avg F1: 0.3904

=== Round 20/100 ===
[Round 20] KD=ON | policy=ema_first
[Layer Freezing] Training last 4 transformer layers (layers 8-11)
[Layer Freezing] Trainable params: 28,384,555 / 108,924,715 (26.1%)
[Layer Freezing] Training last 4 transformer layers (layers 8-11)
[Layer Freezing] Trainable params: 28,384,555 / 108,924,715 (26.1%)
[Layer Freezing] Training last 4 transformer layers (layers 8-11)
[Layer Freezing] Trainable params: 28,384,555 / 108,924,715 (26.1%)
[Layer Freezing] Training last 4 transformer layers (layers 8-11)
[Layer Freezing] Trainable params: 28,384,555 / 108,924,715 (26.1%)
[Layer Freezing] Training last 4 transformer layers (layers 8-11)
[Layer Freezing] Trainable params: 28,384,555 / 108,924,715 (26.1%)
[Layer Freezing] Training last 4 transformer layers (layers 8-11)
[Layer Freezing] Trainable params: 28,384,555 / 108,924,715 (26.1%)
[Layer Freezing] Training last 4 transformer layers (layers 8-11)
[Layer Freezing] Trainable params: 28,384,555 / 108,924,715 (26.1%)
[Layer Freezing] Training last 4 transformer layers (layers 8-11)
[Layer Freezing] Trainable params: 28,384,555 / 108,924,715 (26.1%)
[Layer Freezing] Training last 4 transformer layers (layers 8-11)
[Layer Freezing] Trainable params: 28,384,555 / 108,924,715 (26.1%)
[Layer Freezing] Training last 4 transformer layers (layers 8-11)
[Layer Freezing] Trainable params: 28,384,555 / 108,924,715 (26.1%)
[Round 20] T=4.36  α_ce=0.94  α_kd=0.06
 Round 20 | F1 0.4638 | P 0.6205 | R 0.3703 | Time 52.0s | Comm N/A | Local Avg F1: 0.3971

=== Round 21/100 ===
[Round 21] KD=ON | policy=ema_first
[Layer Freezing] Training last 4 transformer layers (layers 8-11)
[Layer Freezing] Trainable params: 28,384,555 / 108,924,715 (26.1%)
[Layer Freezing] Training last 4 transformer layers (layers 8-11)
[Layer Freezing] Trainable params: 28,384,555 / 108,924,715 (26.1%)
[Layer Freezing] Training last 4 transformer layers (layers 8-11)
[Layer Freezing] Trainable params: 28,384,555 / 108,924,715 (26.1%)
[Layer Freezing] Training last 4 transformer layers (layers 8-11)
[Layer Freezing] Trainable params: 28,384,555 / 108,924,715 (26.1%)
[Layer Freezing] Training last 4 transformer layers (layers 8-11)
[Layer Freezing] Trainable params: 28,384,555 / 108,924,715 (26.1%)
[Layer Freezing] Training last 4 transformer layers (layers 8-11)
[Layer Freezing] Trainable params: 28,384,555 / 108,924,715 (26.1%)
[Layer Freezing] Training last 4 transformer layers (layers 8-11)
[Layer Freezing] Trainable params: 28,384,555 / 108,924,715 (26.1%)
[Layer Freezing] Training last 4 transformer layers (layers 8-11)
[Layer Freezing] Trainable params: 28,384,555 / 108,924,715 (26.1%)
[Layer Freezing] Training last 4 transformer layers (layers 8-11)
[Layer Freezing] Trainable params: 28,384,555 / 108,924,715 (26.1%)
[Layer Freezing] Training last 4 transformer layers (layers 8-11)
[Layer Freezing] Trainable params: 28,384,555 / 108,924,715 (26.1%)
[Round 21] T=4.32  α_ce=0.94  α_kd=0.06
 Round 21 | F1 0.4755 | P 0.6220 | R 0.3849 | Time 52.1s | Comm N/A | Local Avg F1: 0.4063

=== Round 22/100 ===
[Round 22] KD=ON | policy=ema_first
[Layer Freezing] Training last 4 transformer layers (layers 8-11)
[Layer Freezing] Trainable params: 28,384,555 / 108,924,715 (26.1%)
[Layer Freezing] Training last 4 transformer layers (layers 8-11)
[Layer Freezing] Trainable params: 28,384,555 / 108,924,715 (26.1%)
[Layer Freezing] Training last 4 transformer layers (layers 8-11)
[Layer Freezing] Trainable params: 28,384,555 / 108,924,715 (26.1%)
[Layer Freezing] Training last 4 transformer layers (layers 8-11)
[Layer Freezing] Trainable params: 28,384,555 / 108,924,715 (26.1%)
[Layer Freezing] Training last 4 transformer layers (layers 8-11)
[Layer Freezing] Trainable params: 28,384,555 / 108,924,715 (26.1%)
[Layer Freezing] Training last 4 transformer layers (layers 8-11)
[Layer Freezing] Trainable params: 28,384,555 / 108,924,715 (26.1%)
[Layer Freezing] Training last 4 transformer layers (layers 8-11)
[Layer Freezing] Trainable params: 28,384,555 / 108,924,715 (26.1%)
[Layer Freezing] Training last 4 transformer layers (layers 8-11)
[Layer Freezing] Trainable params: 28,384,555 / 108,924,715 (26.1%)
[Layer Freezing] Training last 4 transformer layers (layers 8-11)
[Layer Freezing] Trainable params: 28,384,555 / 108,924,715 (26.1%)
[Layer Freezing] Training last 4 transformer layers (layers 8-11)
[Layer Freezing] Trainable params: 28,384,555 / 108,924,715 (26.1%)
[Round 22] T=4.29  α_ce=0.94  α_kd=0.06
 Round 22 | F1 0.4886 | P 0.6139 | R 0.4059 | Time 51.6s | Comm N/A | Local Avg F1: 0.4138

=== Round 23/100 ===
[Round 23] KD=ON | policy=ema_first
[Layer Freezing] Training last 4 transformer layers (layers 8-11)
[Layer Freezing] Trainable params: 28,384,555 / 108,924,715 (26.1%)
[Layer Freezing] Training last 4 transformer layers (layers 8-11)
[Layer Freezing] Trainable params: 28,384,555 / 108,924,715 (26.1%)
[Layer Freezing] Training last 4 transformer layers (layers 8-11)
[Layer Freezing] Trainable params: 28,384,555 / 108,924,715 (26.1%)
[Layer Freezing] Training last 4 transformer layers (layers 8-11)
[Layer Freezing] Trainable params: 28,384,555 / 108,924,715 (26.1%)
[Layer Freezing] Training last 4 transformer layers (layers 8-11)
[Layer Freezing] Trainable params: 28,384,555 / 108,924,715 (26.1%)
[Layer Freezing] Training last 4 transformer layers (layers 8-11)
[Layer Freezing] Trainable params: 28,384,555 / 108,924,715 (26.1%)
[Layer Freezing] Training last 4 transformer layers (layers 8-11)
[Layer Freezing] Trainable params: 28,384,555 / 108,924,715 (26.1%)
[Layer Freezing] Training last 4 transformer layers (layers 8-11)
[Layer Freezing] Trainable params: 28,384,555 / 108,924,715 (26.1%)
[Layer Freezing] Training last 4 transformer layers (layers 8-11)
[Layer Freezing] Trainable params: 28,384,555 / 108,924,715 (26.1%)
[Layer Freezing] Training last 4 transformer layers (layers 8-11)
[Layer Freezing] Trainable params: 28,384,555 / 108,924,715 (26.1%)
[Round 23] T=4.25  α_ce=0.94  α_kd=0.06
 Round 23 | F1 0.4972 | P 0.6140 | R 0.4177 | Time 51.9s | Comm N/A | Local Avg F1: 0.4249

=== Round 24/100 ===
[Round 24] KD=ON | policy=ema_first
[Layer Freezing] Training last 4 transformer layers (layers 8-11)
[Layer Freezing] Trainable params: 28,384,555 / 108,924,715 (26.1%)
[Layer Freezing] Training last 4 transformer layers (layers 8-11)
[Layer Freezing] Trainable params: 28,384,555 / 108,924,715 (26.1%)
[Layer Freezing] Training last 4 transformer layers (layers 8-11)
[Layer Freezing] Trainable params: 28,384,555 / 108,924,715 (26.1%)
[Layer Freezing] Training last 4 transformer layers (layers 8-11)
[Layer Freezing] Trainable params: 28,384,555 / 108,924,715 (26.1%)
[Layer Freezing] Training last 4 transformer layers (layers 8-11)
[Layer Freezing] Trainable params: 28,384,555 / 108,924,715 (26.1%)
[Layer Freezing] Training last 4 transformer layers (layers 8-11)
[Layer Freezing] Trainable params: 28,384,555 / 108,924,715 (26.1%)
[Layer Freezing] Training last 4 transformer layers (layers 8-11)
[Layer Freezing] Trainable params: 28,384,555 / 108,924,715 (26.1%)
[Layer Freezing] Training last 4 transformer layers (layers 8-11)
[Layer Freezing] Trainable params: 28,384,555 / 108,924,715 (26.1%)
[Layer Freezing] Training last 4 transformer layers (layers 8-11)
[Layer Freezing] Trainable params: 28,384,555 / 108,924,715 (26.1%)
[Layer Freezing] Training last 4 transformer layers (layers 8-11)
[Layer Freezing] Trainable params: 28,384,555 / 108,924,715 (26.1%)
[Round 24] T=4.21  α_ce=0.93  α_kd=0.07
 Round 24 | F1 0.4920 | P 0.6250 | R 0.4057 | Time 52.1s | Comm N/A | Local Avg F1: 0.4198

=== Round 25/100 ===
[Round 25] KD=ON | policy=ema_first
[Layer Freezing] Training last 4 transformer layers (layers 8-11)
[Layer Freezing] Trainable params: 28,384,555 / 108,924,715 (26.1%)
[Layer Freezing] Training last 4 transformer layers (layers 8-11)
[Layer Freezing] Trainable params: 28,384,555 / 108,924,715 (26.1%)
[Layer Freezing] Training last 4 transformer layers (layers 8-11)
[Layer Freezing] Trainable params: 28,384,555 / 108,924,715 (26.1%)
[Layer Freezing] Training last 4 transformer layers (layers 8-11)
[Layer Freezing] Trainable params: 28,384,555 / 108,924,715 (26.1%)
[Layer Freezing] Training last 4 transformer layers (layers 8-11)
[Layer Freezing] Trainable params: 28,384,555 / 108,924,715 (26.1%)
[Layer Freezing] Training last 4 transformer layers (layers 8-11)
[Layer Freezing] Trainable params: 28,384,555 / 108,924,715 (26.1%)
[Layer Freezing] Training last 4 transformer layers (layers 8-11)
[Layer Freezing] Trainable params: 28,384,555 / 108,924,715 (26.1%)
[Layer Freezing] Training last 4 transformer layers (layers 8-11)
[Layer Freezing] Trainable params: 28,384,555 / 108,924,715 (26.1%)
[Layer Freezing] Training last 4 transformer layers (layers 8-11)
[Layer Freezing] Trainable params: 28,384,555 / 108,924,715 (26.1%)
[Layer Freezing] Training last 4 transformer layers (layers 8-11)
[Layer Freezing] Trainable params: 28,384,555 / 108,924,715 (26.1%)
[Round 25] T=4.18  α_ce=0.93  α_kd=0.07
 Round 25 | F1 0.5018 | P 0.6171 | R 0.4228 | Time 51.7s | Comm N/A | Local Avg F1: 0.4327

=== Round 26/100 ===
[Round 26] KD=ON | policy=ema_first
[Layer Freezing] Training last 4 transformer layers (layers 8-11)
[Layer Freezing] Trainable params: 28,384,555 / 108,924,715 (26.1%)
[Layer Freezing] Training last 4 transformer layers (layers 8-11)
[Layer Freezing] Trainable params: 28,384,555 / 108,924,715 (26.1%)
[Layer Freezing] Training last 4 transformer layers (layers 8-11)
[Layer Freezing] Trainable params: 28,384,555 / 108,924,715 (26.1%)
[Layer Freezing] Training last 4 transformer layers (layers 8-11)
[Layer Freezing] Trainable params: 28,384,555 / 108,924,715 (26.1%)
[Layer Freezing] Training last 4 transformer layers (layers 8-11)
[Layer Freezing] Trainable params: 28,384,555 / 108,924,715 (26.1%)
[Layer Freezing] Training last 4 transformer layers (layers 8-11)
[Layer Freezing] Trainable params: 28,384,555 / 108,924,715 (26.1%)
[Layer Freezing] Training last 4 transformer layers (layers 8-11)
[Layer Freezing] Trainable params: 28,384,555 / 108,924,715 (26.1%)
[Layer Freezing] Training last 4 transformer layers (layers 8-11)
[Layer Freezing] Trainable params: 28,384,555 / 108,924,715 (26.1%)
[Layer Freezing] Training last 4 transformer layers (layers 8-11)
[Layer Freezing] Trainable params: 28,384,555 / 108,924,715 (26.1%)
[Layer Freezing] Training last 4 transformer layers (layers 8-11)
[Layer Freezing] Trainable params: 28,384,555 / 108,924,715 (26.1%)
[Round 26] T=4.14  α_ce=0.93  α_kd=0.07
 Round 26 | F1 0.5028 | P 0.6166 | R 0.4244 | Time 51.8s | Comm N/A | Local Avg F1: 0.4306

=== Round 27/100 ===
[Round 27] KD=ON | policy=ema_first
[Layer Freezing] Training last 4 transformer layers (layers 8-11)
[Layer Freezing] Trainable params: 28,384,555 / 108,924,715 (26.1%)
[Layer Freezing] Training last 4 transformer layers (layers 8-11)
[Layer Freezing] Trainable params: 28,384,555 / 108,924,715 (26.1%)
[Layer Freezing] Training last 4 transformer layers (layers 8-11)
[Layer Freezing] Trainable params: 28,384,555 / 108,924,715 (26.1%)
[Layer Freezing] Training last 4 transformer layers (layers 8-11)
[Layer Freezing] Trainable params: 28,384,555 / 108,924,715 (26.1%)
[Layer Freezing] Training last 4 transformer layers (layers 8-11)
[Layer Freezing] Trainable params: 28,384,555 / 108,924,715 (26.1%)
[Layer Freezing] Training last 4 transformer layers (layers 8-11)
[Layer Freezing] Trainable params: 28,384,555 / 108,924,715 (26.1%)
[Layer Freezing] Training last 4 transformer layers (layers 8-11)
[Layer Freezing] Trainable params: 28,384,555 / 108,924,715 (26.1%)
[Layer Freezing] Training last 4 transformer layers (layers 8-11)
[Layer Freezing] Trainable params: 28,384,555 / 108,924,715 (26.1%)
[Layer Freezing] Training last 4 transformer layers (layers 8-11)
[Layer Freezing] Trainable params: 28,384,555 / 108,924,715 (26.1%)
[Layer Freezing] Training last 4 transformer layers (layers 8-11)
[Layer Freezing] Trainable params: 28,384,555 / 108,924,715 (26.1%)
[Round 27] T=4.11  α_ce=0.92  α_kd=0.08
 Round 27 | F1 0.5058 | P 0.6219 | R 0.4263 | Time 52.2s | Comm N/A | Local Avg F1: 0.4309

=== Round 28/100 ===
[Round 28] KD=ON | policy=ema_first
[Layer Freezing] Training last 4 transformer layers (layers 8-11)
[Layer Freezing] Trainable params: 28,384,555 / 108,924,715 (26.1%)
[Layer Freezing] Training last 4 transformer layers (layers 8-11)
[Layer Freezing] Trainable params: 28,384,555 / 108,924,715 (26.1%)
[Layer Freezing] Training last 4 transformer layers (layers 8-11)
[Layer Freezing] Trainable params: 28,384,555 / 108,924,715 (26.1%)
[Layer Freezing] Training last 4 transformer layers (layers 8-11)
[Layer Freezing] Trainable params: 28,384,555 / 108,924,715 (26.1%)
[Layer Freezing] Training last 4 transformer layers (layers 8-11)
[Layer Freezing] Trainable params: 28,384,555 / 108,924,715 (26.1%)
[Layer Freezing] Training last 4 transformer layers (layers 8-11)
[Layer Freezing] Trainable params: 28,384,555 / 108,924,715 (26.1%)
[Layer Freezing] Training last 4 transformer layers (layers 8-11)
[Layer Freezing] Trainable params: 28,384,555 / 108,924,715 (26.1%)
[Layer Freezing] Training last 4 transformer layers (layers 8-11)
[Layer Freezing] Trainable params: 28,384,555 / 108,924,715 (26.1%)
[Layer Freezing] Training last 4 transformer layers (layers 8-11)
[Layer Freezing] Trainable params: 28,384,555 / 108,924,715 (26.1%)
[Layer Freezing] Training last 4 transformer layers (layers 8-11)
[Layer Freezing] Trainable params: 28,384,555 / 108,924,715 (26.1%)
[Round 28] T=4.07  α_ce=0.92  α_kd=0.08
 Round 28 | F1 0.5173 | P 0.6157 | R 0.4460 | Time 52.3s | Comm N/A | Local Avg F1: 0.4399

=== Round 29/100 ===
[Round 29] KD=ON | policy=ema_first
[Layer Freezing] Training last 4 transformer layers (layers 8-11)
[Layer Freezing] Trainable params: 28,384,555 / 108,924,715 (26.1%)
[Layer Freezing] Training last 4 transformer layers (layers 8-11)
[Layer Freezing] Trainable params: 28,384,555 / 108,924,715 (26.1%)
[Layer Freezing] Training last 4 transformer layers (layers 8-11)
[Layer Freezing] Trainable params: 28,384,555 / 108,924,715 (26.1%)
[Layer Freezing] Training last 4 transformer layers (layers 8-11)
[Layer Freezing] Trainable params: 28,384,555 / 108,924,715 (26.1%)
[Layer Freezing] Training last 4 transformer layers (layers 8-11)
[Layer Freezing] Trainable params: 28,384,555 / 108,924,715 (26.1%)
[Layer Freezing] Training last 4 transformer layers (layers 8-11)
[Layer Freezing] Trainable params: 28,384,555 / 108,924,715 (26.1%)
[Layer Freezing] Training last 4 transformer layers (layers 8-11)
[Layer Freezing] Trainable params: 28,384,555 / 108,924,715 (26.1%)
[Layer Freezing] Training last 4 transformer layers (layers 8-11)
[Layer Freezing] Trainable params: 28,384,555 / 108,924,715 (26.1%)
[Layer Freezing] Training last 4 transformer layers (layers 8-11)
[Layer Freezing] Trainable params: 28,384,555 / 108,924,715 (26.1%)
[Layer Freezing] Training last 4 transformer layers (layers 8-11)
[Layer Freezing] Trainable params: 28,384,555 / 108,924,715 (26.1%)
[Round 29] T=4.04  α_ce=0.92  α_kd=0.08
 Round 29 | F1 0.5145 | P 0.6227 | R 0.4384 | Time 51.6s | Comm N/A | Local Avg F1: 0.4392

=== Round 30/100 ===
[Round 30] KD=ON | policy=ema_first
[Layer Freezing] Training last 4 transformer layers (layers 8-11)
[Layer Freezing] Trainable params: 28,384,555 / 108,924,715 (26.1%)
[Layer Freezing] Training last 4 transformer layers (layers 8-11)
[Layer Freezing] Trainable params: 28,384,555 / 108,924,715 (26.1%)
[Layer Freezing] Training last 4 transformer layers (layers 8-11)
[Layer Freezing] Trainable params: 28,384,555 / 108,924,715 (26.1%)
[Layer Freezing] Training last 4 transformer layers (layers 8-11)
[Layer Freezing] Trainable params: 28,384,555 / 108,924,715 (26.1%)
[Layer Freezing] Training last 4 transformer layers (layers 8-11)
[Layer Freezing] Trainable params: 28,384,555 / 108,924,715 (26.1%)
[Layer Freezing] Training last 4 transformer layers (layers 8-11)
[Layer Freezing] Trainable params: 28,384,555 / 108,924,715 (26.1%)
[Layer Freezing] Training last 4 transformer layers (layers 8-11)
[Layer Freezing] Trainable params: 28,384,555 / 108,924,715 (26.1%)
[Layer Freezing] Training last 4 transformer layers (layers 8-11)
[Layer Freezing] Trainable params: 28,384,555 / 108,924,715 (26.1%)
[Layer Freezing] Training last 4 transformer layers (layers 8-11)
[Layer Freezing] Trainable params: 28,384,555 / 108,924,715 (26.1%)
[Layer Freezing] Training last 4 transformer layers (layers 8-11)
[Layer Freezing] Trainable params: 28,384,555 / 108,924,715 (26.1%)
[Round 30] T=4.00  α_ce=0.91  α_kd=0.09
 Round 30 | F1 0.5141 | P 0.6219 | R 0.4381 | Time 52.1s | Comm N/A | Local Avg F1: 0.4388

=== Round 31/100 ===
[Round 31] KD=ON | policy=ema_first
[Layer Freezing] Training last 4 transformer layers (layers 8-11)
[Layer Freezing] Trainable params: 28,384,555 / 108,924,715 (26.1%)
[Layer Freezing] Training last 4 transformer layers (layers 8-11)
[Layer Freezing] Trainable params: 28,384,555 / 108,924,715 (26.1%)
[Layer Freezing] Training last 4 transformer layers (layers 8-11)
[Layer Freezing] Trainable params: 28,384,555 / 108,924,715 (26.1%)
[Layer Freezing] Training last 4 transformer layers (layers 8-11)
[Layer Freezing] Trainable params: 28,384,555 / 108,924,715 (26.1%)
[Layer Freezing] Training last 4 transformer layers (layers 8-11)
[Layer Freezing] Trainable params: 28,384,555 / 108,924,715 (26.1%)
[Layer Freezing] Training last 4 transformer layers (layers 8-11)
[Layer Freezing] Trainable params: 28,384,555 / 108,924,715 (26.1%)
[Layer Freezing] Training last 4 transformer layers (layers 8-11)
[Layer Freezing] Trainable params: 28,384,555 / 108,924,715 (26.1%)
[Layer Freezing] Training last 4 transformer layers (layers 8-11)
[Layer Freezing] Trainable params: 28,384,555 / 108,924,715 (26.1%)
[Layer Freezing] Training last 4 transformer layers (layers 8-11)
[Layer Freezing] Trainable params: 28,384,555 / 108,924,715 (26.1%)
[Layer Freezing] Training last 4 transformer layers (layers 8-11)
[Layer Freezing] Trainable params: 28,384,555 / 108,924,715 (26.1%)
[Round 31] T=3.96  α_ce=0.91  α_kd=0.09
 Round 31 | F1 0.5205 | P 0.6186 | R 0.4492 | Time 51.8s | Comm N/A | Local Avg F1: 0.4443

=== Round 32/100 ===
[Round 32] KD=ON | policy=ema_first
[Layer Freezing] Training last 4 transformer layers (layers 8-11)
[Layer Freezing] Trainable params: 28,384,555 / 108,924,715 (26.1%)
[Layer Freezing] Training last 4 transformer layers (layers 8-11)
[Layer Freezing] Trainable params: 28,384,555 / 108,924,715 (26.1%)
[Layer Freezing] Training last 4 transformer layers (layers 8-11)
[Layer Freezing] Trainable params: 28,384,555 / 108,924,715 (26.1%)
[Layer Freezing] Training last 4 transformer layers (layers 8-11)
[Layer Freezing] Trainable params: 28,384,555 / 108,924,715 (26.1%)
[Layer Freezing] Training last 4 transformer layers (layers 8-11)
[Layer Freezing] Trainable params: 28,384,555 / 108,924,715 (26.1%)
[Layer Freezing] Training last 4 transformer layers (layers 8-11)
[Layer Freezing] Trainable params: 28,384,555 / 108,924,715 (26.1%)
[Layer Freezing] Training last 4 transformer layers (layers 8-11)
[Layer Freezing] Trainable params: 28,384,555 / 108,924,715 (26.1%)
[Layer Freezing] Training last 4 transformer layers (layers 8-11)
[Layer Freezing] Trainable params: 28,384,555 / 108,924,715 (26.1%)
[Layer Freezing] Training last 4 transformer layers (layers 8-11)
[Layer Freezing] Trainable params: 28,384,555 / 108,924,715 (26.1%)
[Layer Freezing] Training last 4 transformer layers (layers 8-11)
[Layer Freezing] Trainable params: 28,384,555 / 108,924,715 (26.1%)
[Round 32] T=3.93  α_ce=0.91  α_kd=0.09
 Round 32 | F1 0.5286 | P 0.6206 | R 0.4603 | Time 51.9s | Comm N/A | Local Avg F1: 0.4524

=== Round 33/100 ===
[Round 33] KD=ON | policy=ema_first
[Layer Freezing] Training last 4 transformer layers (layers 8-11)
[Layer Freezing] Trainable params: 28,384,555 / 108,924,715 (26.1%)
[Layer Freezing] Training last 4 transformer layers (layers 8-11)
[Layer Freezing] Trainable params: 28,384,555 / 108,924,715 (26.1%)
[Layer Freezing] Training last 4 transformer layers (layers 8-11)
[Layer Freezing] Trainable params: 28,384,555 / 108,924,715 (26.1%)
[Layer Freezing] Training last 4 transformer layers (layers 8-11)
[Layer Freezing] Trainable params: 28,384,555 / 108,924,715 (26.1%)
[Layer Freezing] Training last 4 transformer layers (layers 8-11)
[Layer Freezing] Trainable params: 28,384,555 / 108,924,715 (26.1%)
[Layer Freezing] Training last 4 transformer layers (layers 8-11)
[Layer Freezing] Trainable params: 28,384,555 / 108,924,715 (26.1%)
[Layer Freezing] Training last 4 transformer layers (layers 8-11)
[Layer Freezing] Trainable params: 28,384,555 / 108,924,715 (26.1%)
[Layer Freezing] Training last 4 transformer layers (layers 8-11)
[Layer Freezing] Trainable params: 28,384,555 / 108,924,715 (26.1%)
[Layer Freezing] Training last 4 transformer layers (layers 8-11)
[Layer Freezing] Trainable params: 28,384,555 / 108,924,715 (26.1%)
[Layer Freezing] Training last 4 transformer layers (layers 8-11)
[Layer Freezing] Trainable params: 28,384,555 / 108,924,715 (26.1%)
[Round 33] T=3.89  α_ce=0.91  α_kd=0.09
 Round 33 | F1 0.5236 | P 0.6247 | R 0.4507 | Time 52.1s | Comm N/A | Local Avg F1: 0.4495

=== Round 34/100 ===
[Round 34] KD=ON | policy=ema_first
[Layer Freezing] Training last 4 transformer layers (layers 8-11)
[Layer Freezing] Trainable params: 28,384,555 / 108,924,715 (26.1%)
[Layer Freezing] Training last 4 transformer layers (layers 8-11)
[Layer Freezing] Trainable params: 28,384,555 / 108,924,715 (26.1%)
[Layer Freezing] Training last 4 transformer layers (layers 8-11)
[Layer Freezing] Trainable params: 28,384,555 / 108,924,715 (26.1%)
[Layer Freezing] Training last 4 transformer layers (layers 8-11)
[Layer Freezing] Trainable params: 28,384,555 / 108,924,715 (26.1%)
[Layer Freezing] Training last 4 transformer layers (layers 8-11)
[Layer Freezing] Trainable params: 28,384,555 / 108,924,715 (26.1%)
[Layer Freezing] Training last 4 transformer layers (layers 8-11)
[Layer Freezing] Trainable params: 28,384,555 / 108,924,715 (26.1%)
[Layer Freezing] Training last 4 transformer layers (layers 8-11)
[Layer Freezing] Trainable params: 28,384,555 / 108,924,715 (26.1%)
[Layer Freezing] Training last 4 transformer layers (layers 8-11)
[Layer Freezing] Trainable params: 28,384,555 / 108,924,715 (26.1%)
[Layer Freezing] Training last 4 transformer layers (layers 8-11)
[Layer Freezing] Trainable params: 28,384,555 / 108,924,715 (26.1%)
[Layer Freezing] Training last 4 transformer layers (layers 8-11)
[Layer Freezing] Trainable params: 28,384,555 / 108,924,715 (26.1%)
[Round 34] T=3.86  α_ce=0.90  α_kd=0.10
 Round 34 | F1 0.5258 | P 0.6205 | R 0.4562 | Time 51.8s | Comm N/A | Local Avg F1: 0.4521

=== Round 35/100 ===
[Round 35] KD=ON | policy=ema_first
[Layer Freezing] Training last 4 transformer layers (layers 8-11)
[Layer Freezing] Trainable params: 28,384,555 / 108,924,715 (26.1%)
[Layer Freezing] Training last 4 transformer layers (layers 8-11)
[Layer Freezing] Trainable params: 28,384,555 / 108,924,715 (26.1%)
[Layer Freezing] Training last 4 transformer layers (layers 8-11)
[Layer Freezing] Trainable params: 28,384,555 / 108,924,715 (26.1%)
[Layer Freezing] Training last 4 transformer layers (layers 8-11)
[Layer Freezing] Trainable params: 28,384,555 / 108,924,715 (26.1%)
[Layer Freezing] Training last 4 transformer layers (layers 8-11)
[Layer Freezing] Trainable params: 28,384,555 / 108,924,715 (26.1%)
[Layer Freezing] Training last 4 transformer layers (layers 8-11)
[Layer Freezing] Trainable params: 28,384,555 / 108,924,715 (26.1%)
[Layer Freezing] Training last 4 transformer layers (layers 8-11)
[Layer Freezing] Trainable params: 28,384,555 / 108,924,715 (26.1%)
[Layer Freezing] Training last 4 transformer layers (layers 8-11)
[Layer Freezing] Trainable params: 28,384,555 / 108,924,715 (26.1%)
[Layer Freezing] Training last 4 transformer layers (layers 8-11)
[Layer Freezing] Trainable params: 28,384,555 / 108,924,715 (26.1%)
[Layer Freezing] Training last 4 transformer layers (layers 8-11)
[Layer Freezing] Trainable params: 28,384,555 / 108,924,715 (26.1%)
[Round 35] T=3.82  α_ce=0.90  α_kd=0.10
 Round 35 | F1 0.5278 | P 0.6170 | R 0.4612 | Time 51.4s | Comm N/A | Local Avg F1: 0.4567

=== Round 36/100 ===
[Round 36] KD=ON | policy=ema_first
[Layer Freezing] Training last 4 transformer layers (layers 8-11)
[Layer Freezing] Trainable params: 28,384,555 / 108,924,715 (26.1%)
[Layer Freezing] Training last 4 transformer layers (layers 8-11)
[Layer Freezing] Trainable params: 28,384,555 / 108,924,715 (26.1%)
[Layer Freezing] Training last 4 transformer layers (layers 8-11)
[Layer Freezing] Trainable params: 28,384,555 / 108,924,715 (26.1%)
[Layer Freezing] Training last 4 transformer layers (layers 8-11)
[Layer Freezing] Trainable params: 28,384,555 / 108,924,715 (26.1%)
[Layer Freezing] Training last 4 transformer layers (layers 8-11)
[Layer Freezing] Trainable params: 28,384,555 / 108,924,715 (26.1%)
[Layer Freezing] Training last 4 transformer layers (layers 8-11)
[Layer Freezing] Trainable params: 28,384,555 / 108,924,715 (26.1%)
[Layer Freezing] Training last 4 transformer layers (layers 8-11)
[Layer Freezing] Trainable params: 28,384,555 / 108,924,715 (26.1%)
[Layer Freezing] Training last 4 transformer layers (layers 8-11)
[Layer Freezing] Trainable params: 28,384,555 / 108,924,715 (26.1%)
[Layer Freezing] Training last 4 transformer layers (layers 8-11)
[Layer Freezing] Trainable params: 28,384,555 / 108,924,715 (26.1%)
[Layer Freezing] Training last 4 transformer layers (layers 8-11)
[Layer Freezing] Trainable params: 28,384,555 / 108,924,715 (26.1%)
[Round 36] T=3.79  α_ce=0.90  α_kd=0.10
 Round 36 | F1 0.5333 | P 0.6154 | R 0.4705 | Time 52.0s | Comm N/A | Local Avg F1: 0.4560

=== Round 37/100 ===
[Round 37] KD=ON | policy=ema_first
[Layer Freezing] Training last 4 transformer layers (layers 8-11)
[Layer Freezing] Trainable params: 28,384,555 / 108,924,715 (26.1%)
[Layer Freezing] Training last 4 transformer layers (layers 8-11)
[Layer Freezing] Trainable params: 28,384,555 / 108,924,715 (26.1%)
[Layer Freezing] Training last 4 transformer layers (layers 8-11)
[Layer Freezing] Trainable params: 28,384,555 / 108,924,715 (26.1%)
[Layer Freezing] Training last 4 transformer layers (layers 8-11)
[Layer Freezing] Trainable params: 28,384,555 / 108,924,715 (26.1%)
[Layer Freezing] Training last 4 transformer layers (layers 8-11)
[Layer Freezing] Trainable params: 28,384,555 / 108,924,715 (26.1%)
[Layer Freezing] Training last 4 transformer layers (layers 8-11)
[Layer Freezing] Trainable params: 28,384,555 / 108,924,715 (26.1%)
[Layer Freezing] Training last 4 transformer layers (layers 8-11)
[Layer Freezing] Trainable params: 28,384,555 / 108,924,715 (26.1%)
[Layer Freezing] Training last 4 transformer layers (layers 8-11)
[Layer Freezing] Trainable params: 28,384,555 / 108,924,715 (26.1%)
[Layer Freezing] Training last 4 transformer layers (layers 8-11)
[Layer Freezing] Trainable params: 28,384,555 / 108,924,715 (26.1%)
[Layer Freezing] Training last 4 transformer layers (layers 8-11)
[Layer Freezing] Trainable params: 28,384,555 / 108,924,715 (26.1%)
[Round 37] T=3.75  α_ce=0.89  α_kd=0.11
 Round 37 | F1 0.5365 | P 0.6209 | R 0.4723 | Time 51.5s | Comm N/A | Local Avg F1: 0.4599

=== Round 38/100 ===
[Round 38] KD=ON | policy=ema_first
[Layer Freezing] Training last 4 transformer layers (layers 8-11)
[Layer Freezing] Trainable params: 28,384,555 / 108,924,715 (26.1%)
[Layer Freezing] Training last 4 transformer layers (layers 8-11)
[Layer Freezing] Trainable params: 28,384,555 / 108,924,715 (26.1%)
[Layer Freezing] Training last 4 transformer layers (layers 8-11)
[Layer Freezing] Trainable params: 28,384,555 / 108,924,715 (26.1%)
[Layer Freezing] Training last 4 transformer layers (layers 8-11)
[Layer Freezing] Trainable params: 28,384,555 / 108,924,715 (26.1%)
[Layer Freezing] Training last 4 transformer layers (layers 8-11)
[Layer Freezing] Trainable params: 28,384,555 / 108,924,715 (26.1%)
[Layer Freezing] Training last 4 transformer layers (layers 8-11)
[Layer Freezing] Trainable params: 28,384,555 / 108,924,715 (26.1%)
[Layer Freezing] Training last 4 transformer layers (layers 8-11)
[Layer Freezing] Trainable params: 28,384,555 / 108,924,715 (26.1%)
[Layer Freezing] Training last 4 transformer layers (layers 8-11)
[Layer Freezing] Trainable params: 28,384,555 / 108,924,715 (26.1%)
[Layer Freezing] Training last 4 transformer layers (layers 8-11)
[Layer Freezing] Trainable params: 28,384,555 / 108,924,715 (26.1%)
[Layer Freezing] Training last 4 transformer layers (layers 8-11)
[Layer Freezing] Trainable params: 28,384,555 / 108,924,715 (26.1%)
[Round 38] T=3.71  α_ce=0.89  α_kd=0.11
 Round 38 | F1 0.5366 | P 0.6168 | R 0.4749 | Time 51.7s | Comm N/A | Local Avg F1: 0.4603

=== Round 39/100 ===
[Round 39] KD=ON | policy=ema_first
[Layer Freezing] Training last 4 transformer layers (layers 8-11)
[Layer Freezing] Trainable params: 28,384,555 / 108,924,715 (26.1%)
[Layer Freezing] Training last 4 transformer layers (layers 8-11)
[Layer Freezing] Trainable params: 28,384,555 / 108,924,715 (26.1%)
[Layer Freezing] Training last 4 transformer layers (layers 8-11)
[Layer Freezing] Trainable params: 28,384,555 / 108,924,715 (26.1%)
[Layer Freezing] Training last 4 transformer layers (layers 8-11)
[Layer Freezing] Trainable params: 28,384,555 / 108,924,715 (26.1%)
[Layer Freezing] Training last 4 transformer layers (layers 8-11)
[Layer Freezing] Trainable params: 28,384,555 / 108,924,715 (26.1%)
[Layer Freezing] Training last 4 transformer layers (layers 8-11)
[Layer Freezing] Trainable params: 28,384,555 / 108,924,715 (26.1%)
[Layer Freezing] Training last 4 transformer layers (layers 8-11)
[Layer Freezing] Trainable params: 28,384,555 / 108,924,715 (26.1%)
[Layer Freezing] Training last 4 transformer layers (layers 8-11)
[Layer Freezing] Trainable params: 28,384,555 / 108,924,715 (26.1%)
[Layer Freezing] Training last 4 transformer layers (layers 8-11)
[Layer Freezing] Trainable params: 28,384,555 / 108,924,715 (26.1%)
[Layer Freezing] Training last 4 transformer layers (layers 8-11)
[Layer Freezing] Trainable params: 28,384,555 / 108,924,715 (26.1%)
[Round 39] T=3.68  α_ce=0.89  α_kd=0.11
 Round 39 | F1 0.5374 | P 0.6186 | R 0.4750 | Time 52.1s | Comm N/A | Local Avg F1: 0.4627

=== Round 40/100 ===
[Round 40] KD=ON | policy=ema_first
[Layer Freezing] Training last 4 transformer layers (layers 8-11)
[Layer Freezing] Trainable params: 28,384,555 / 108,924,715 (26.1%)
[Layer Freezing] Training last 4 transformer layers (layers 8-11)
[Layer Freezing] Trainable params: 28,384,555 / 108,924,715 (26.1%)
[Layer Freezing] Training last 4 transformer layers (layers 8-11)
[Layer Freezing] Trainable params: 28,384,555 / 108,924,715 (26.1%)
[Layer Freezing] Training last 4 transformer layers (layers 8-11)
[Layer Freezing] Trainable params: 28,384,555 / 108,924,715 (26.1%)
[Layer Freezing] Training last 4 transformer layers (layers 8-11)
[Layer Freezing] Trainable params: 28,384,555 / 108,924,715 (26.1%)
[Layer Freezing] Training last 4 transformer layers (layers 8-11)
[Layer Freezing] Trainable params: 28,384,555 / 108,924,715 (26.1%)
[Layer Freezing] Training last 4 transformer layers (layers 8-11)
[Layer Freezing] Trainable params: 28,384,555 / 108,924,715 (26.1%)
[Layer Freezing] Training last 4 transformer layers (layers 8-11)
[Layer Freezing] Trainable params: 28,384,555 / 108,924,715 (26.1%)
[Layer Freezing] Training last 4 transformer layers (layers 8-11)
[Layer Freezing] Trainable params: 28,384,555 / 108,924,715 (26.1%)
[Layer Freezing] Training last 4 transformer layers (layers 8-11)
[Layer Freezing] Trainable params: 28,384,555 / 108,924,715 (26.1%)
[Round 40] T=3.64  α_ce=0.88  α_kd=0.12
 Round 40 | F1 0.5424 | P 0.6164 | R 0.4843 | Time 52.0s | Comm N/A | Local Avg F1: 0.4642

=== Round 41/100 ===
[Round 41] KD=ON | policy=ema_first
[Layer Freezing] Training last 4 transformer layers (layers 8-11)
[Layer Freezing] Trainable params: 28,384,555 / 108,924,715 (26.1%)
[Layer Freezing] Training last 4 transformer layers (layers 8-11)
[Layer Freezing] Trainable params: 28,384,555 / 108,924,715 (26.1%)
[Layer Freezing] Training last 4 transformer layers (layers 8-11)
[Layer Freezing] Trainable params: 28,384,555 / 108,924,715 (26.1%)
[Layer Freezing] Training last 4 transformer layers (layers 8-11)
[Layer Freezing] Trainable params: 28,384,555 / 108,924,715 (26.1%)
[Layer Freezing] Training last 4 transformer layers (layers 8-11)
[Layer Freezing] Trainable params: 28,384,555 / 108,924,715 (26.1%)
[Layer Freezing] Training last 4 transformer layers (layers 8-11)
[Layer Freezing] Trainable params: 28,384,555 / 108,924,715 (26.1%)
[Layer Freezing] Training last 4 transformer layers (layers 8-11)
[Layer Freezing] Trainable params: 28,384,555 / 108,924,715 (26.1%)
[Layer Freezing] Training last 4 transformer layers (layers 8-11)
[Layer Freezing] Trainable params: 28,384,555 / 108,924,715 (26.1%)
[Layer Freezing] Training last 4 transformer layers (layers 8-11)
[Layer Freezing] Trainable params: 28,384,555 / 108,924,715 (26.1%)
[Layer Freezing] Training last 4 transformer layers (layers 8-11)
[Layer Freezing] Trainable params: 28,384,555 / 108,924,715 (26.1%)
[Round 41] T=3.61  α_ce=0.88  α_kd=0.12
 Round 41 | F1 0.5407 | P 0.6153 | R 0.4823 | Time 52.0s | Comm N/A | Local Avg F1: 0.4640

=== Round 42/100 ===
[Round 42] KD=ON | policy=ema_first
[Layer Freezing] Training last 4 transformer layers (layers 8-11)
[Layer Freezing] Trainable params: 28,384,555 / 108,924,715 (26.1%)
[Layer Freezing] Training last 4 transformer layers (layers 8-11)
[Layer Freezing] Trainable params: 28,384,555 / 108,924,715 (26.1%)
[Layer Freezing] Training last 4 transformer layers (layers 8-11)
[Layer Freezing] Trainable params: 28,384,555 / 108,924,715 (26.1%)
[Layer Freezing] Training last 4 transformer layers (layers 8-11)
[Layer Freezing] Trainable params: 28,384,555 / 108,924,715 (26.1%)
[Layer Freezing] Training last 4 transformer layers (layers 8-11)
[Layer Freezing] Trainable params: 28,384,555 / 108,924,715 (26.1%)
[Layer Freezing] Training last 4 transformer layers (layers 8-11)
[Layer Freezing] Trainable params: 28,384,555 / 108,924,715 (26.1%)
[Layer Freezing] Training last 4 transformer layers (layers 8-11)
[Layer Freezing] Trainable params: 28,384,555 / 108,924,715 (26.1%)
[Layer Freezing] Training last 4 transformer layers (layers 8-11)
[Layer Freezing] Trainable params: 28,384,555 / 108,924,715 (26.1%)
[Layer Freezing] Training last 4 transformer layers (layers 8-11)
[Layer Freezing] Trainable params: 28,384,555 / 108,924,715 (26.1%)
[Layer Freezing] Training last 4 transformer layers (layers 8-11)
[Layer Freezing] Trainable params: 28,384,555 / 108,924,715 (26.1%)
[Round 42] T=3.57  α_ce=0.88  α_kd=0.12
 Round 42 | F1 0.5377 | P 0.6179 | R 0.4760 | Time 51.9s | Comm N/A | Local Avg F1: 0.4641

=== Round 43/100 ===
[Round 43] KD=ON | policy=ema_first
[Layer Freezing] Training last 4 transformer layers (layers 8-11)
[Layer Freezing] Trainable params: 28,384,555 / 108,924,715 (26.1%)
[Layer Freezing] Training last 4 transformer layers (layers 8-11)
[Layer Freezing] Trainable params: 28,384,555 / 108,924,715 (26.1%)
[Layer Freezing] Training last 4 transformer layers (layers 8-11)
[Layer Freezing] Trainable params: 28,384,555 / 108,924,715 (26.1%)
[Layer Freezing] Training last 4 transformer layers (layers 8-11)
[Layer Freezing] Trainable params: 28,384,555 / 108,924,715 (26.1%)
[Layer Freezing] Training last 4 transformer layers (layers 8-11)
[Layer Freezing] Trainable params: 28,384,555 / 108,924,715 (26.1%)
[Layer Freezing] Training last 4 transformer layers (layers 8-11)
[Layer Freezing] Trainable params: 28,384,555 / 108,924,715 (26.1%)
[Layer Freezing] Training last 4 transformer layers (layers 8-11)
[Layer Freezing] Trainable params: 28,384,555 / 108,924,715 (26.1%)
[Layer Freezing] Training last 4 transformer layers (layers 8-11)
[Layer Freezing] Trainable params: 28,384,555 / 108,924,715 (26.1%)
[Layer Freezing] Training last 4 transformer layers (layers 8-11)
[Layer Freezing] Trainable params: 28,384,555 / 108,924,715 (26.1%)
[Layer Freezing] Training last 4 transformer layers (layers 8-11)
[Layer Freezing] Trainable params: 28,384,555 / 108,924,715 (26.1%)
[Round 43] T=3.54  α_ce=0.87  α_kd=0.13
 Round 43 | F1 0.5384 | P 0.6193 | R 0.4762 | Time 52.0s | Comm N/A | Local Avg F1: 0.4641

=== Round 44/100 ===
[Round 44] KD=ON | policy=ema_first
[Layer Freezing] Training last 4 transformer layers (layers 8-11)
[Layer Freezing] Trainable params: 28,384,555 / 108,924,715 (26.1%)
[Layer Freezing] Training last 4 transformer layers (layers 8-11)
[Layer Freezing] Trainable params: 28,384,555 / 108,924,715 (26.1%)
[Layer Freezing] Training last 4 transformer layers (layers 8-11)
[Layer Freezing] Trainable params: 28,384,555 / 108,924,715 (26.1%)
[Layer Freezing] Training last 4 transformer layers (layers 8-11)
[Layer Freezing] Trainable params: 28,384,555 / 108,924,715 (26.1%)
[Layer Freezing] Training last 4 transformer layers (layers 8-11)
[Layer Freezing] Trainable params: 28,384,555 / 108,924,715 (26.1%)
[Layer Freezing] Training last 4 transformer layers (layers 8-11)
[Layer Freezing] Trainable params: 28,384,555 / 108,924,715 (26.1%)
[Layer Freezing] Training last 4 transformer layers (layers 8-11)
[Layer Freezing] Trainable params: 28,384,555 / 108,924,715 (26.1%)
[Layer Freezing] Training last 4 transformer layers (layers 8-11)
[Layer Freezing] Trainable params: 28,384,555 / 108,924,715 (26.1%)
[Layer Freezing] Training last 4 transformer layers (layers 8-11)
[Layer Freezing] Trainable params: 28,384,555 / 108,924,715 (26.1%)
[Layer Freezing] Training last 4 transformer layers (layers 8-11)
[Layer Freezing] Trainable params: 28,384,555 / 108,924,715 (26.1%)
[Round 44] T=3.50  α_ce=0.87  α_kd=0.13
 Round 44 | F1 0.5449 | P 0.6117 | R 0.4913 | Time 51.4s | Comm N/A | Local Avg F1: 0.4690

=== Round 45/100 ===
[Round 45] KD=ON | policy=ema_first
[Layer Freezing] Training last 4 transformer layers (layers 8-11)
[Layer Freezing] Trainable params: 28,384,555 / 108,924,715 (26.1%)
[Layer Freezing] Training last 4 transformer layers (layers 8-11)
[Layer Freezing] Trainable params: 28,384,555 / 108,924,715 (26.1%)
[Layer Freezing] Training last 4 transformer layers (layers 8-11)
[Layer Freezing] Trainable params: 28,384,555 / 108,924,715 (26.1%)
[Layer Freezing] Training last 4 transformer layers (layers 8-11)
[Layer Freezing] Trainable params: 28,384,555 / 108,924,715 (26.1%)
[Layer Freezing] Training last 4 transformer layers (layers 8-11)
[Layer Freezing] Trainable params: 28,384,555 / 108,924,715 (26.1%)
[Layer Freezing] Training last 4 transformer layers (layers 8-11)
[Layer Freezing] Trainable params: 28,384,555 / 108,924,715 (26.1%)
[Layer Freezing] Training last 4 transformer layers (layers 8-11)
[Layer Freezing] Trainable params: 28,384,555 / 108,924,715 (26.1%)
[Layer Freezing] Training last 4 transformer layers (layers 8-11)
[Layer Freezing] Trainable params: 28,384,555 / 108,924,715 (26.1%)
[Layer Freezing] Training last 4 transformer layers (layers 8-11)
[Layer Freezing] Trainable params: 28,384,555 / 108,924,715 (26.1%)
[Layer Freezing] Training last 4 transformer layers (layers 8-11)
[Layer Freezing] Trainable params: 28,384,555 / 108,924,715 (26.1%)
[Round 45] T=3.46  α_ce=0.87  α_kd=0.13
 Round 45 | F1 0.5389 | P 0.6213 | R 0.4757 | Time 52.0s | Comm N/A | Local Avg F1: 0.4635

=== Round 46/100 ===
[Round 46] KD=ON | policy=ema_first
[Layer Freezing] Training last 4 transformer layers (layers 8-11)
[Layer Freezing] Trainable params: 28,384,555 / 108,924,715 (26.1%)
[Layer Freezing] Training last 4 transformer layers (layers 8-11)
[Layer Freezing] Trainable params: 28,384,555 / 108,924,715 (26.1%)
[Layer Freezing] Training last 4 transformer layers (layers 8-11)
[Layer Freezing] Trainable params: 28,384,555 / 108,924,715 (26.1%)
[Layer Freezing] Training last 4 transformer layers (layers 8-11)
[Layer Freezing] Trainable params: 28,384,555 / 108,924,715 (26.1%)
[Layer Freezing] Training last 4 transformer layers (layers 8-11)
[Layer Freezing] Trainable params: 28,384,555 / 108,924,715 (26.1%)
[Layer Freezing] Training last 4 transformer layers (layers 8-11)
[Layer Freezing] Trainable params: 28,384,555 / 108,924,715 (26.1%)
[Layer Freezing] Training last 4 transformer layers (layers 8-11)
[Layer Freezing] Trainable params: 28,384,555 / 108,924,715 (26.1%)
[Layer Freezing] Training last 4 transformer layers (layers 8-11)
[Layer Freezing] Trainable params: 28,384,555 / 108,924,715 (26.1%)
[Layer Freezing] Training last 4 transformer layers (layers 8-11)
[Layer Freezing] Trainable params: 28,384,555 / 108,924,715 (26.1%)
[Layer Freezing] Training last 4 transformer layers (layers 8-11)
[Layer Freezing] Trainable params: 28,384,555 / 108,924,715 (26.1%)
[Round 46] T=3.43  α_ce=0.87  α_kd=0.13
 Round 46 | F1 0.5387 | P 0.6205 | R 0.4760 | Time 51.6s | Comm N/A | Local Avg F1: 0.4642

=== Round 47/100 ===
[Round 47] KD=ON | policy=ema_first
[Layer Freezing] Training last 4 transformer layers (layers 8-11)
[Layer Freezing] Trainable params: 28,384,555 / 108,924,715 (26.1%)
[Layer Freezing] Training last 4 transformer layers (layers 8-11)
[Layer Freezing] Trainable params: 28,384,555 / 108,924,715 (26.1%)
[Layer Freezing] Training last 4 transformer layers (layers 8-11)
[Layer Freezing] Trainable params: 28,384,555 / 108,924,715 (26.1%)
[Layer Freezing] Training last 4 transformer layers (layers 8-11)
[Layer Freezing] Trainable params: 28,384,555 / 108,924,715 (26.1%)
[Layer Freezing] Training last 4 transformer layers (layers 8-11)
[Layer Freezing] Trainable params: 28,384,555 / 108,924,715 (26.1%)
[Layer Freezing] Training last 4 transformer layers (layers 8-11)
[Layer Freezing] Trainable params: 28,384,555 / 108,924,715 (26.1%)
[Layer Freezing] Training last 4 transformer layers (layers 8-11)
[Layer Freezing] Trainable params: 28,384,555 / 108,924,715 (26.1%)
[Layer Freezing] Training last 4 transformer layers (layers 8-11)
[Layer Freezing] Trainable params: 28,384,555 / 108,924,715 (26.1%)
[Layer Freezing] Training last 4 transformer layers (layers 8-11)
[Layer Freezing] Trainable params: 28,384,555 / 108,924,715 (26.1%)
[Layer Freezing] Training last 4 transformer layers (layers 8-11)
[Layer Freezing] Trainable params: 28,384,555 / 108,924,715 (26.1%)
[Round 47] T=3.39  α_ce=0.86  α_kd=0.14
 Round 47 | F1 0.5467 | P 0.6165 | R 0.4912 | Time 51.6s | Comm N/A | Local Avg F1: 0.4726

=== Round 48/100 ===
[Round 48] KD=ON | policy=ema_first
[Layer Freezing] Training last 4 transformer layers (layers 8-11)
[Layer Freezing] Trainable params: 28,384,555 / 108,924,715 (26.1%)
[Layer Freezing] Training last 4 transformer layers (layers 8-11)
[Layer Freezing] Trainable params: 28,384,555 / 108,924,715 (26.1%)
[Layer Freezing] Training last 4 transformer layers (layers 8-11)
[Layer Freezing] Trainable params: 28,384,555 / 108,924,715 (26.1%)
[Layer Freezing] Training last 4 transformer layers (layers 8-11)
[Layer Freezing] Trainable params: 28,384,555 / 108,924,715 (26.1%)
[Layer Freezing] Training last 4 transformer layers (layers 8-11)
[Layer Freezing] Trainable params: 28,384,555 / 108,924,715 (26.1%)
[Layer Freezing] Training last 4 transformer layers (layers 8-11)
[Layer Freezing] Trainable params: 28,384,555 / 108,924,715 (26.1%)
[Layer Freezing] Training last 4 transformer layers (layers 8-11)
[Layer Freezing] Trainable params: 28,384,555 / 108,924,715 (26.1%)
[Layer Freezing] Training last 4 transformer layers (layers 8-11)
[Layer Freezing] Trainable params: 28,384,555 / 108,924,715 (26.1%)
[Layer Freezing] Training last 4 transformer layers (layers 8-11)
[Layer Freezing] Trainable params: 28,384,555 / 108,924,715 (26.1%)
[Layer Freezing] Training last 4 transformer layers (layers 8-11)
[Layer Freezing] Trainable params: 28,384,555 / 108,924,715 (26.1%)
[Round 48] T=3.36  α_ce=0.86  α_kd=0.14
 Round 48 | F1 0.5440 | P 0.6136 | R 0.4886 | Time 51.6s | Comm N/A | Local Avg F1: 0.4728

=== Round 49/100 ===
[Round 49] KD=ON | policy=ema_first
[Layer Freezing] Training last 4 transformer layers (layers 8-11)
[Layer Freezing] Trainable params: 28,384,555 / 108,924,715 (26.1%)
[Layer Freezing] Training last 4 transformer layers (layers 8-11)
[Layer Freezing] Trainable params: 28,384,555 / 108,924,715 (26.1%)
[Layer Freezing] Training last 4 transformer layers (layers 8-11)
[Layer Freezing] Trainable params: 28,384,555 / 108,924,715 (26.1%)
[Layer Freezing] Training last 4 transformer layers (layers 8-11)
[Layer Freezing] Trainable params: 28,384,555 / 108,924,715 (26.1%)
[Layer Freezing] Training last 4 transformer layers (layers 8-11)
[Layer Freezing] Trainable params: 28,384,555 / 108,924,715 (26.1%)
[Layer Freezing] Training last 4 transformer layers (layers 8-11)
[Layer Freezing] Trainable params: 28,384,555 / 108,924,715 (26.1%)
[Layer Freezing] Training last 4 transformer layers (layers 8-11)
[Layer Freezing] Trainable params: 28,384,555 / 108,924,715 (26.1%)
[Layer Freezing] Training last 4 transformer layers (layers 8-11)
[Layer Freezing] Trainable params: 28,384,555 / 108,924,715 (26.1%)
[Layer Freezing] Training last 4 transformer layers (layers 8-11)
[Layer Freezing] Trainable params: 28,384,555 / 108,924,715 (26.1%)
[Layer Freezing] Training last 4 transformer layers (layers 8-11)
[Layer Freezing] Trainable params: 28,384,555 / 108,924,715 (26.1%)
[Round 49] T=3.32  α_ce=0.86  α_kd=0.14
 Round 49 | F1 0.5391 | P 0.6275 | R 0.4726 | Time 52.2s | Comm N/A | Local Avg F1: 0.4706

=== Round 50/100 ===
[Round 50] KD=ON | policy=ema_first
[Layer Freezing] Training last 4 transformer layers (layers 8-11)
[Layer Freezing] Trainable params: 28,384,555 / 108,924,715 (26.1%)
[Layer Freezing] Training last 4 transformer layers (layers 8-11)
[Layer Freezing] Trainable params: 28,384,555 / 108,924,715 (26.1%)
[Layer Freezing] Training last 4 transformer layers (layers 8-11)
[Layer Freezing] Trainable params: 28,384,555 / 108,924,715 (26.1%)
[Layer Freezing] Training last 4 transformer layers (layers 8-11)
[Layer Freezing] Trainable params: 28,384,555 / 108,924,715 (26.1%)
[Layer Freezing] Training last 4 transformer layers (layers 8-11)
[Layer Freezing] Trainable params: 28,384,555 / 108,924,715 (26.1%)
[Layer Freezing] Training last 4 transformer layers (layers 8-11)
[Layer Freezing] Trainable params: 28,384,555 / 108,924,715 (26.1%)
[Layer Freezing] Training last 4 transformer layers (layers 8-11)
[Layer Freezing] Trainable params: 28,384,555 / 108,924,715 (26.1%)
[Layer Freezing] Training last 4 transformer layers (layers 8-11)
[Layer Freezing] Trainable params: 28,384,555 / 108,924,715 (26.1%)
[Layer Freezing] Training last 4 transformer layers (layers 8-11)
[Layer Freezing] Trainable params: 28,384,555 / 108,924,715 (26.1%)
[Layer Freezing] Training last 4 transformer layers (layers 8-11)
[Layer Freezing] Trainable params: 28,384,555 / 108,924,715 (26.1%)
[Round 50] T=3.29  α_ce=0.85  α_kd=0.15
 Round 50 | F1 0.5381 | P 0.6178 | R 0.4766 | Time 51.9s | Comm N/A | Local Avg F1: 0.4699

=== Round 51/100 ===
[Round 51] KD=ON | policy=ema_first
[Layer Freezing] Training last 4 transformer layers (layers 8-11)
[Layer Freezing] Trainable params: 28,384,555 / 108,924,715 (26.1%)
[Layer Freezing] Training last 4 transformer layers (layers 8-11)
[Layer Freezing] Trainable params: 28,384,555 / 108,924,715 (26.1%)
[Layer Freezing] Training last 4 transformer layers (layers 8-11)
[Layer Freezing] Trainable params: 28,384,555 / 108,924,715 (26.1%)
[Layer Freezing] Training last 4 transformer layers (layers 8-11)
[Layer Freezing] Trainable params: 28,384,555 / 108,924,715 (26.1%)
[Layer Freezing] Training last 4 transformer layers (layers 8-11)
[Layer Freezing] Trainable params: 28,384,555 / 108,924,715 (26.1%)
[Layer Freezing] Training last 4 transformer layers (layers 8-11)
[Layer Freezing] Trainable params: 28,384,555 / 108,924,715 (26.1%)
[Layer Freezing] Training last 4 transformer layers (layers 8-11)
[Layer Freezing] Trainable params: 28,384,555 / 108,924,715 (26.1%)
[Layer Freezing] Training last 4 transformer layers (layers 8-11)
[Layer Freezing] Trainable params: 28,384,555 / 108,924,715 (26.1%)
[Layer Freezing] Training last 4 transformer layers (layers 8-11)
[Layer Freezing] Trainable params: 28,384,555 / 108,924,715 (26.1%)
[Layer Freezing] Training last 4 transformer layers (layers 8-11)
[Layer Freezing] Trainable params: 28,384,555 / 108,924,715 (26.1%)
[Round 51] T=3.25  α_ce=0.85  α_kd=0.15
 Round 51 | F1 0.5463 | P 0.6148 | R 0.4915 | Time 51.8s | Comm N/A | Local Avg F1: 0.4731

=== Round 52/100 ===
[Round 52] KD=ON | policy=ema_first
[Layer Freezing] Training last 4 transformer layers (layers 8-11)
[Layer Freezing] Trainable params: 28,384,555 / 108,924,715 (26.1%)
[Layer Freezing] Training last 4 transformer layers (layers 8-11)
[Layer Freezing] Trainable params: 28,384,555 / 108,924,715 (26.1%)
[Layer Freezing] Training last 4 transformer layers (layers 8-11)
[Layer Freezing] Trainable params: 28,384,555 / 108,924,715 (26.1%)
[Layer Freezing] Training last 4 transformer layers (layers 8-11)
[Layer Freezing] Trainable params: 28,384,555 / 108,924,715 (26.1%)
[Layer Freezing] Training last 4 transformer layers (layers 8-11)
[Layer Freezing] Trainable params: 28,384,555 / 108,924,715 (26.1%)
[Layer Freezing] Training last 4 transformer layers (layers 8-11)
[Layer Freezing] Trainable params: 28,384,555 / 108,924,715 (26.1%)
[Layer Freezing] Training last 4 transformer layers (layers 8-11)
[Layer Freezing] Trainable params: 28,384,555 / 108,924,715 (26.1%)
[Layer Freezing] Training last 4 transformer layers (layers 8-11)
[Layer Freezing] Trainable params: 28,384,555 / 108,924,715 (26.1%)
[Layer Freezing] Training last 4 transformer layers (layers 8-11)
[Layer Freezing] Trainable params: 28,384,555 / 108,924,715 (26.1%)
[Layer Freezing] Training last 4 transformer layers (layers 8-11)
[Layer Freezing] Trainable params: 28,384,555 / 108,924,715 (26.1%)
[Round 52] T=3.21  α_ce=0.85  α_kd=0.15
 Round 52 | F1 0.5444 | P 0.6174 | R 0.4868 | Time 51.5s | Comm N/A | Local Avg F1: 0.4722

=== Round 53/100 ===
[Round 53] KD=ON | policy=ema_first
[Layer Freezing] Training last 4 transformer layers (layers 8-11)
[Layer Freezing] Trainable params: 28,384,555 / 108,924,715 (26.1%)
[Layer Freezing] Training last 4 transformer layers (layers 8-11)
[Layer Freezing] Trainable params: 28,384,555 / 108,924,715 (26.1%)
[Layer Freezing] Training last 4 transformer layers (layers 8-11)
[Layer Freezing] Trainable params: 28,384,555 / 108,924,715 (26.1%)
[Layer Freezing] Training last 4 transformer layers (layers 8-11)
[Layer Freezing] Trainable params: 28,384,555 / 108,924,715 (26.1%)
[Layer Freezing] Training last 4 transformer layers (layers 8-11)
[Layer Freezing] Trainable params: 28,384,555 / 108,924,715 (26.1%)
[Layer Freezing] Training last 4 transformer layers (layers 8-11)
[Layer Freezing] Trainable params: 28,384,555 / 108,924,715 (26.1%)
[Layer Freezing] Training last 4 transformer layers (layers 8-11)
[Layer Freezing] Trainable params: 28,384,555 / 108,924,715 (26.1%)
[Layer Freezing] Training last 4 transformer layers (layers 8-11)
[Layer Freezing] Trainable params: 28,384,555 / 108,924,715 (26.1%)
[Layer Freezing] Training last 4 transformer layers (layers 8-11)
[Layer Freezing] Trainable params: 28,384,555 / 108,924,715 (26.1%)
[Layer Freezing] Training last 4 transformer layers (layers 8-11)
[Layer Freezing] Trainable params: 28,384,555 / 108,924,715 (26.1%)
[Round 53] T=3.18  α_ce=0.84  α_kd=0.16
 Round 53 | F1 0.5415 | P 0.6256 | R 0.4772 | Time 51.9s | Comm N/A | Local Avg F1: 0.4688

=== Round 54/100 ===
[Round 54] KD=ON | policy=ema_first
[Layer Freezing] Training last 4 transformer layers (layers 8-11)
[Layer Freezing] Trainable params: 28,384,555 / 108,924,715 (26.1%)
[Layer Freezing] Training last 4 transformer layers (layers 8-11)
[Layer Freezing] Trainable params: 28,384,555 / 108,924,715 (26.1%)
[Layer Freezing] Training last 4 transformer layers (layers 8-11)
[Layer Freezing] Trainable params: 28,384,555 / 108,924,715 (26.1%)
[Layer Freezing] Training last 4 transformer layers (layers 8-11)
[Layer Freezing] Trainable params: 28,384,555 / 108,924,715 (26.1%)
[Layer Freezing] Training last 4 transformer layers (layers 8-11)
[Layer Freezing] Trainable params: 28,384,555 / 108,924,715 (26.1%)
[Layer Freezing] Training last 4 transformer layers (layers 8-11)
[Layer Freezing] Trainable params: 28,384,555 / 108,924,715 (26.1%)
[Layer Freezing] Training last 4 transformer layers (layers 8-11)
[Layer Freezing] Trainable params: 28,384,555 / 108,924,715 (26.1%)
[Layer Freezing] Training last 4 transformer layers (layers 8-11)
[Layer Freezing] Trainable params: 28,384,555 / 108,924,715 (26.1%)
[Layer Freezing] Training last 4 transformer layers (layers 8-11)
[Layer Freezing] Trainable params: 28,384,555 / 108,924,715 (26.1%)
[Layer Freezing] Training last 4 transformer layers (layers 8-11)
[Layer Freezing] Trainable params: 28,384,555 / 108,924,715 (26.1%)
[Round 54] T=3.14  α_ce=0.84  α_kd=0.16
 Round 54 | F1 0.5475 | P 0.6099 | R 0.4966 | Time 52.0s | Comm N/A | Local Avg F1: 0.4746

=== Round 55/100 ===
[Round 55] KD=ON | policy=ema_first
[Layer Freezing] Training last 4 transformer layers (layers 8-11)
[Layer Freezing] Trainable params: 28,384,555 / 108,924,715 (26.1%)
[Layer Freezing] Training last 4 transformer layers (layers 8-11)
[Layer Freezing] Trainable params: 28,384,555 / 108,924,715 (26.1%)
[Layer Freezing] Training last 4 transformer layers (layers 8-11)
[Layer Freezing] Trainable params: 28,384,555 / 108,924,715 (26.1%)
[Layer Freezing] Training last 4 transformer layers (layers 8-11)
[Layer Freezing] Trainable params: 28,384,555 / 108,924,715 (26.1%)
[Layer Freezing] Training last 4 transformer layers (layers 8-11)
[Layer Freezing] Trainable params: 28,384,555 / 108,924,715 (26.1%)
[Layer Freezing] Training last 4 transformer layers (layers 8-11)
[Layer Freezing] Trainable params: 28,384,555 / 108,924,715 (26.1%)
[Layer Freezing] Training last 4 transformer layers (layers 8-11)
[Layer Freezing] Trainable params: 28,384,555 / 108,924,715 (26.1%)
[Layer Freezing] Training last 4 transformer layers (layers 8-11)
[Layer Freezing] Trainable params: 28,384,555 / 108,924,715 (26.1%)
[Layer Freezing] Training last 4 transformer layers (layers 8-11)
[Layer Freezing] Trainable params: 28,384,555 / 108,924,715 (26.1%)
[Layer Freezing] Training last 4 transformer layers (layers 8-11)
[Layer Freezing] Trainable params: 28,384,555 / 108,924,715 (26.1%)
[Round 55] T=3.11  α_ce=0.84  α_kd=0.16
 Round 55 | F1 0.5414 | P 0.6233 | R 0.4785 | Time 51.9s | Comm N/A | Local Avg F1: 0.4696

=== Round 56/100 ===
[Round 56] KD=ON | policy=ema_first
[Layer Freezing] Training last 4 transformer layers (layers 8-11)
[Layer Freezing] Trainable params: 28,384,555 / 108,924,715 (26.1%)
[Layer Freezing] Training last 4 transformer layers (layers 8-11)
[Layer Freezing] Trainable params: 28,384,555 / 108,924,715 (26.1%)
[Layer Freezing] Training last 4 transformer layers (layers 8-11)
[Layer Freezing] Trainable params: 28,384,555 / 108,924,715 (26.1%)
[Layer Freezing] Training last 4 transformer layers (layers 8-11)
[Layer Freezing] Trainable params: 28,384,555 / 108,924,715 (26.1%)
[Layer Freezing] Training last 4 transformer layers (layers 8-11)
[Layer Freezing] Trainable params: 28,384,555 / 108,924,715 (26.1%)
[Layer Freezing] Training last 4 transformer layers (layers 8-11)
[Layer Freezing] Trainable params: 28,384,555 / 108,924,715 (26.1%)
[Layer Freezing] Training last 4 transformer layers (layers 8-11)
[Layer Freezing] Trainable params: 28,384,555 / 108,924,715 (26.1%)
[Layer Freezing] Training last 4 transformer layers (layers 8-11)
[Layer Freezing] Trainable params: 28,384,555 / 108,924,715 (26.1%)
[Layer Freezing] Training last 4 transformer layers (layers 8-11)
[Layer Freezing] Trainable params: 28,384,555 / 108,924,715 (26.1%)
[Layer Freezing] Training last 4 transformer layers (layers 8-11)
[Layer Freezing] Trainable params: 28,384,555 / 108,924,715 (26.1%)
[Round 56] T=3.07  α_ce=0.83  α_kd=0.17
 Round 56 | F1 0.5499 | P 0.6169 | R 0.4960 | Time 51.8s | Comm N/A | Local Avg F1: 0.4775

=== Round 57/100 ===
[Round 57] KD=ON | policy=ema_first
[Layer Freezing] Training last 4 transformer layers (layers 8-11)
[Layer Freezing] Trainable params: 28,384,555 / 108,924,715 (26.1%)
[Layer Freezing] Training last 4 transformer layers (layers 8-11)
[Layer Freezing] Trainable params: 28,384,555 / 108,924,715 (26.1%)
[Layer Freezing] Training last 4 transformer layers (layers 8-11)
[Layer Freezing] Trainable params: 28,384,555 / 108,924,715 (26.1%)
[Layer Freezing] Training last 4 transformer layers (layers 8-11)
[Layer Freezing] Trainable params: 28,384,555 / 108,924,715 (26.1%)
[Layer Freezing] Training last 4 transformer layers (layers 8-11)
[Layer Freezing] Trainable params: 28,384,555 / 108,924,715 (26.1%)
[Layer Freezing] Training last 4 transformer layers (layers 8-11)
[Layer Freezing] Trainable params: 28,384,555 / 108,924,715 (26.1%)
[Layer Freezing] Training last 4 transformer layers (layers 8-11)
[Layer Freezing] Trainable params: 28,384,555 / 108,924,715 (26.1%)
[Layer Freezing] Training last 4 transformer layers (layers 8-11)
[Layer Freezing] Trainable params: 28,384,555 / 108,924,715 (26.1%)
[Layer Freezing] Training last 4 transformer layers (layers 8-11)
[Layer Freezing] Trainable params: 28,384,555 / 108,924,715 (26.1%)
[Layer Freezing] Training last 4 transformer layers (layers 8-11)
[Layer Freezing] Trainable params: 28,384,555 / 108,924,715 (26.1%)
[Round 57] T=3.04  α_ce=0.83  α_kd=0.17
 Round 57 | F1 0.5466 | P 0.6185 | R 0.4897 | Time 51.8s | Comm N/A | Local Avg F1: 0.4740

=== Round 58/100 ===
[Round 58] KD=ON | policy=ema_first
[Layer Freezing] Training last 4 transformer layers (layers 8-11)
[Layer Freezing] Trainable params: 28,384,555 / 108,924,715 (26.1%)
[Layer Freezing] Training last 4 transformer layers (layers 8-11)
[Layer Freezing] Trainable params: 28,384,555 / 108,924,715 (26.1%)
[Layer Freezing] Training last 4 transformer layers (layers 8-11)
[Layer Freezing] Trainable params: 28,384,555 / 108,924,715 (26.1%)
[Layer Freezing] Training last 4 transformer layers (layers 8-11)
[Layer Freezing] Trainable params: 28,384,555 / 108,924,715 (26.1%)
[Layer Freezing] Training last 4 transformer layers (layers 8-11)
[Layer Freezing] Trainable params: 28,384,555 / 108,924,715 (26.1%)
[Layer Freezing] Training last 4 transformer layers (layers 8-11)
[Layer Freezing] Trainable params: 28,384,555 / 108,924,715 (26.1%)
[Layer Freezing] Training last 4 transformer layers (layers 8-11)
[Layer Freezing] Trainable params: 28,384,555 / 108,924,715 (26.1%)
[Layer Freezing] Training last 4 transformer layers (layers 8-11)
[Layer Freezing] Trainable params: 28,384,555 / 108,924,715 (26.1%)
[Layer Freezing] Training last 4 transformer layers (layers 8-11)
[Layer Freezing] Trainable params: 28,384,555 / 108,924,715 (26.1%)
[Layer Freezing] Training last 4 transformer layers (layers 8-11)
[Layer Freezing] Trainable params: 28,384,555 / 108,924,715 (26.1%)
[Round 58] T=3.00  α_ce=0.83  α_kd=0.17
 Round 58 | F1 0.5462 | P 0.6191 | R 0.4887 | Time 51.9s | Comm N/A | Local Avg F1: 0.4756

=== Round 59/100 ===
[Round 59] KD=ON | policy=ema_first
[Layer Freezing] Training last 4 transformer layers (layers 8-11)
[Layer Freezing] Trainable params: 28,384,555 / 108,924,715 (26.1%)
[Layer Freezing] Training last 4 transformer layers (layers 8-11)
[Layer Freezing] Trainable params: 28,384,555 / 108,924,715 (26.1%)
[Layer Freezing] Training last 4 transformer layers (layers 8-11)
[Layer Freezing] Trainable params: 28,384,555 / 108,924,715 (26.1%)
[Layer Freezing] Training last 4 transformer layers (layers 8-11)
[Layer Freezing] Trainable params: 28,384,555 / 108,924,715 (26.1%)
[Layer Freezing] Training last 4 transformer layers (layers 8-11)
[Layer Freezing] Trainable params: 28,384,555 / 108,924,715 (26.1%)
[Layer Freezing] Training last 4 transformer layers (layers 8-11)
[Layer Freezing] Trainable params: 28,384,555 / 108,924,715 (26.1%)
[Layer Freezing] Training last 4 transformer layers (layers 8-11)
[Layer Freezing] Trainable params: 28,384,555 / 108,924,715 (26.1%)
[Layer Freezing] Training last 4 transformer layers (layers 8-11)
[Layer Freezing] Trainable params: 28,384,555 / 108,924,715 (26.1%)
[Layer Freezing] Training last 4 transformer layers (layers 8-11)
[Layer Freezing] Trainable params: 28,384,555 / 108,924,715 (26.1%)
[Layer Freezing] Training last 4 transformer layers (layers 8-11)
[Layer Freezing] Trainable params: 28,384,555 / 108,924,715 (26.1%)
[Round 59] T=2.96  α_ce=0.83  α_kd=0.17
 Round 59 | F1 0.5485 | P 0.6201 | R 0.4918 | Time 51.9s | Comm N/A | Local Avg F1: 0.4745

=== Round 60/100 ===
[Round 60] KD=ON | policy=ema_first
[Layer Freezing] Training last 4 transformer layers (layers 8-11)
[Layer Freezing] Trainable params: 28,384,555 / 108,924,715 (26.1%)
[Layer Freezing] Training last 4 transformer layers (layers 8-11)
[Layer Freezing] Trainable params: 28,384,555 / 108,924,715 (26.1%)
[Layer Freezing] Training last 4 transformer layers (layers 8-11)
[Layer Freezing] Trainable params: 28,384,555 / 108,924,715 (26.1%)
[Layer Freezing] Training last 4 transformer layers (layers 8-11)
[Layer Freezing] Trainable params: 28,384,555 / 108,924,715 (26.1%)
[Layer Freezing] Training last 4 transformer layers (layers 8-11)
[Layer Freezing] Trainable params: 28,384,555 / 108,924,715 (26.1%)
[Layer Freezing] Training last 4 transformer layers (layers 8-11)
[Layer Freezing] Trainable params: 28,384,555 / 108,924,715 (26.1%)
[Layer Freezing] Training last 4 transformer layers (layers 8-11)
[Layer Freezing] Trainable params: 28,384,555 / 108,924,715 (26.1%)
[Layer Freezing] Training last 4 transformer layers (layers 8-11)
[Layer Freezing] Trainable params: 28,384,555 / 108,924,715 (26.1%)
[Layer Freezing] Training last 4 transformer layers (layers 8-11)
[Layer Freezing] Trainable params: 28,384,555 / 108,924,715 (26.1%)
[Layer Freezing] Training last 4 transformer layers (layers 8-11)
[Layer Freezing] Trainable params: 28,384,555 / 108,924,715 (26.1%)
[Round 60] T=2.93  α_ce=0.82  α_kd=0.18
 Round 60 | F1 0.5520 | P 0.6175 | R 0.4990 | Time 51.8s | Comm N/A | Local Avg F1: 0.4800

=== Round 61/100 ===
[Round 61] KD=ON | policy=ema_first
[Layer Freezing] Training last 4 transformer layers (layers 8-11)
[Layer Freezing] Trainable params: 28,384,555 / 108,924,715 (26.1%)
[Layer Freezing] Training last 4 transformer layers (layers 8-11)
[Layer Freezing] Trainable params: 28,384,555 / 108,924,715 (26.1%)
[Layer Freezing] Training last 4 transformer layers (layers 8-11)
[Layer Freezing] Trainable params: 28,384,555 / 108,924,715 (26.1%)
[Layer Freezing] Training last 4 transformer layers (layers 8-11)
[Layer Freezing] Trainable params: 28,384,555 / 108,924,715 (26.1%)
[Layer Freezing] Training last 4 transformer layers (layers 8-11)
[Layer Freezing] Trainable params: 28,384,555 / 108,924,715 (26.1%)
[Layer Freezing] Training last 4 transformer layers (layers 8-11)
[Layer Freezing] Trainable params: 28,384,555 / 108,924,715 (26.1%)
[Layer Freezing] Training last 4 transformer layers (layers 8-11)
[Layer Freezing] Trainable params: 28,384,555 / 108,924,715 (26.1%)
[Layer Freezing] Training last 4 transformer layers (layers 8-11)
[Layer Freezing] Trainable params: 28,384,555 / 108,924,715 (26.1%)
[Layer Freezing] Training last 4 transformer layers (layers 8-11)
[Layer Freezing] Trainable params: 28,384,555 / 108,924,715 (26.1%)
[Layer Freezing] Training last 4 transformer layers (layers 8-11)
[Layer Freezing] Trainable params: 28,384,555 / 108,924,715 (26.1%)
[Round 61] T=2.89  α_ce=0.82  α_kd=0.18
 Round 61 | F1 0.5479 | P 0.6250 | R 0.4878 | Time 51.9s | Comm N/A | Local Avg F1: 0.4782

=== Round 62/100 ===
[Round 62] KD=ON | policy=ema_first
[Layer Freezing] Training last 4 transformer layers (layers 8-11)
[Layer Freezing] Trainable params: 28,384,555 / 108,924,715 (26.1%)
[Layer Freezing] Training last 4 transformer layers (layers 8-11)
[Layer Freezing] Trainable params: 28,384,555 / 108,924,715 (26.1%)
[Layer Freezing] Training last 4 transformer layers (layers 8-11)
[Layer Freezing] Trainable params: 28,384,555 / 108,924,715 (26.1%)
[Layer Freezing] Training last 4 transformer layers (layers 8-11)
[Layer Freezing] Trainable params: 28,384,555 / 108,924,715 (26.1%)
[Layer Freezing] Training last 4 transformer layers (layers 8-11)
[Layer Freezing] Trainable params: 28,384,555 / 108,924,715 (26.1%)
[Layer Freezing] Training last 4 transformer layers (layers 8-11)
[Layer Freezing] Trainable params: 28,384,555 / 108,924,715 (26.1%)
[Layer Freezing] Training last 4 transformer layers (layers 8-11)
[Layer Freezing] Trainable params: 28,384,555 / 108,924,715 (26.1%)
[Layer Freezing] Training last 4 transformer layers (layers 8-11)
[Layer Freezing] Trainable params: 28,384,555 / 108,924,715 (26.1%)
[Layer Freezing] Training last 4 transformer layers (layers 8-11)
[Layer Freezing] Trainable params: 28,384,555 / 108,924,715 (26.1%)
[Layer Freezing] Training last 4 transformer layers (layers 8-11)
[Layer Freezing] Trainable params: 28,384,555 / 108,924,715 (26.1%)
[Round 62] T=2.86  α_ce=0.82  α_kd=0.18
 Round 62 | F1 0.5489 | P 0.6285 | R 0.4871 | Time 51.9s | Comm N/A | Local Avg F1: 0.4765

=== Round 63/100 ===
[Round 63] KD=ON | policy=ema_first
[Layer Freezing] Training last 4 transformer layers (layers 8-11)
[Layer Freezing] Trainable params: 28,384,555 / 108,924,715 (26.1%)
[Layer Freezing] Training last 4 transformer layers (layers 8-11)
[Layer Freezing] Trainable params: 28,384,555 / 108,924,715 (26.1%)
[Layer Freezing] Training last 4 transformer layers (layers 8-11)
[Layer Freezing] Trainable params: 28,384,555 / 108,924,715 (26.1%)
[Layer Freezing] Training last 4 transformer layers (layers 8-11)
[Layer Freezing] Trainable params: 28,384,555 / 108,924,715 (26.1%)
[Layer Freezing] Training last 4 transformer layers (layers 8-11)
[Layer Freezing] Trainable params: 28,384,555 / 108,924,715 (26.1%)
[Layer Freezing] Training last 4 transformer layers (layers 8-11)
[Layer Freezing] Trainable params: 28,384,555 / 108,924,715 (26.1%)
[Layer Freezing] Training last 4 transformer layers (layers 8-11)
[Layer Freezing] Trainable params: 28,384,555 / 108,924,715 (26.1%)
[Layer Freezing] Training last 4 transformer layers (layers 8-11)
[Layer Freezing] Trainable params: 28,384,555 / 108,924,715 (26.1%)
[Layer Freezing] Training last 4 transformer layers (layers 8-11)
[Layer Freezing] Trainable params: 28,384,555 / 108,924,715 (26.1%)
[Layer Freezing] Training last 4 transformer layers (layers 8-11)
[Layer Freezing] Trainable params: 28,384,555 / 108,924,715 (26.1%)
[Round 63] T=2.82  α_ce=0.81  α_kd=0.19
 Round 63 | F1 0.5529 | P 0.6209 | R 0.4984 | Time 51.9s | Comm N/A | Local Avg F1: 0.4814

=== Round 64/100 ===
[Round 64] KD=ON | policy=ema_first
[Layer Freezing] Training last 4 transformer layers (layers 8-11)
[Layer Freezing] Trainable params: 28,384,555 / 108,924,715 (26.1%)
[Layer Freezing] Training last 4 transformer layers (layers 8-11)
[Layer Freezing] Trainable params: 28,384,555 / 108,924,715 (26.1%)
[Layer Freezing] Training last 4 transformer layers (layers 8-11)
[Layer Freezing] Trainable params: 28,384,555 / 108,924,715 (26.1%)
[Layer Freezing] Training last 4 transformer layers (layers 8-11)
[Layer Freezing] Trainable params: 28,384,555 / 108,924,715 (26.1%)
[Layer Freezing] Training last 4 transformer layers (layers 8-11)
[Layer Freezing] Trainable params: 28,384,555 / 108,924,715 (26.1%)
[Layer Freezing] Training last 4 transformer layers (layers 8-11)
[Layer Freezing] Trainable params: 28,384,555 / 108,924,715 (26.1%)
[Layer Freezing] Training last 4 transformer layers (layers 8-11)
[Layer Freezing] Trainable params: 28,384,555 / 108,924,715 (26.1%)
[Layer Freezing] Training last 4 transformer layers (layers 8-11)
[Layer Freezing] Trainable params: 28,384,555 / 108,924,715 (26.1%)
[Layer Freezing] Training last 4 transformer layers (layers 8-11)
[Layer Freezing] Trainable params: 28,384,555 / 108,924,715 (26.1%)
[Layer Freezing] Training last 4 transformer layers (layers 8-11)
[Layer Freezing] Trainable params: 28,384,555 / 108,924,715 (26.1%)
[Round 64] T=2.79  α_ce=0.81  α_kd=0.19
 Round 64 | F1 0.5544 | P 0.6258 | R 0.4977 | Time 51.9s | Comm N/A | Local Avg F1: 0.4819

=== Round 65/100 ===
[Round 65] KD=ON | policy=ema_first
[Layer Freezing] Training last 4 transformer layers (layers 8-11)
[Layer Freezing] Trainable params: 28,384,555 / 108,924,715 (26.1%)
[Layer Freezing] Training last 4 transformer layers (layers 8-11)
[Layer Freezing] Trainable params: 28,384,555 / 108,924,715 (26.1%)
[Layer Freezing] Training last 4 transformer layers (layers 8-11)
[Layer Freezing] Trainable params: 28,384,555 / 108,924,715 (26.1%)
[Layer Freezing] Training last 4 transformer layers (layers 8-11)
[Layer Freezing] Trainable params: 28,384,555 / 108,924,715 (26.1%)
[Layer Freezing] Training last 4 transformer layers (layers 8-11)
[Layer Freezing] Trainable params: 28,384,555 / 108,924,715 (26.1%)
[Layer Freezing] Training last 4 transformer layers (layers 8-11)
[Layer Freezing] Trainable params: 28,384,555 / 108,924,715 (26.1%)
[Layer Freezing] Training last 4 transformer layers (layers 8-11)
[Layer Freezing] Trainable params: 28,384,555 / 108,924,715 (26.1%)
[Layer Freezing] Training last 4 transformer layers (layers 8-11)
[Layer Freezing] Trainable params: 28,384,555 / 108,924,715 (26.1%)
[Layer Freezing] Training last 4 transformer layers (layers 8-11)
[Layer Freezing] Trainable params: 28,384,555 / 108,924,715 (26.1%)
[Layer Freezing] Training last 4 transformer layers (layers 8-11)
[Layer Freezing] Trainable params: 28,384,555 / 108,924,715 (26.1%)
[Round 65] T=2.75  α_ce=0.81  α_kd=0.19
 Round 65 | F1 0.5486 | P 0.6290 | R 0.4864 | Time 51.9s | Comm N/A | Local Avg F1: 0.4775

=== Round 66/100 ===
[Round 66] KD=ON | policy=ema_first
[Layer Freezing] Training last 4 transformer layers (layers 8-11)
[Layer Freezing] Trainable params: 28,384,555 / 108,924,715 (26.1%)
[Layer Freezing] Training last 4 transformer layers (layers 8-11)
[Layer Freezing] Trainable params: 28,384,555 / 108,924,715 (26.1%)
[Layer Freezing] Training last 4 transformer layers (layers 8-11)
[Layer Freezing] Trainable params: 28,384,555 / 108,924,715 (26.1%)
[Layer Freezing] Training last 4 transformer layers (layers 8-11)
[Layer Freezing] Trainable params: 28,384,555 / 108,924,715 (26.1%)
[Layer Freezing] Training last 4 transformer layers (layers 8-11)
[Layer Freezing] Trainable params: 28,384,555 / 108,924,715 (26.1%)
[Layer Freezing] Training last 4 transformer layers (layers 8-11)
[Layer Freezing] Trainable params: 28,384,555 / 108,924,715 (26.1%)
[Layer Freezing] Training last 4 transformer layers (layers 8-11)
[Layer Freezing] Trainable params: 28,384,555 / 108,924,715 (26.1%)
[Layer Freezing] Training last 4 transformer layers (layers 8-11)
[Layer Freezing] Trainable params: 28,384,555 / 108,924,715 (26.1%)
[Layer Freezing] Training last 4 transformer layers (layers 8-11)
[Layer Freezing] Trainable params: 28,384,555 / 108,924,715 (26.1%)
[Layer Freezing] Training last 4 transformer layers (layers 8-11)
[Layer Freezing] Trainable params: 28,384,555 / 108,924,715 (26.1%)
[Round 66] T=2.71  α_ce=0.80  α_kd=0.20
 Round 66 | F1 0.5558 | P 0.6170 | R 0.5057 | Time 52.1s | Comm N/A | Local Avg F1: 0.4821

=== Round 67/100 ===
[Round 67] KD=ON | policy=ema_first
[Layer Freezing] Training last 4 transformer layers (layers 8-11)
[Layer Freezing] Trainable params: 28,384,555 / 108,924,715 (26.1%)
[Layer Freezing] Training last 4 transformer layers (layers 8-11)
[Layer Freezing] Trainable params: 28,384,555 / 108,924,715 (26.1%)
[Layer Freezing] Training last 4 transformer layers (layers 8-11)
[Layer Freezing] Trainable params: 28,384,555 / 108,924,715 (26.1%)
[Layer Freezing] Training last 4 transformer layers (layers 8-11)
[Layer Freezing] Trainable params: 28,384,555 / 108,924,715 (26.1%)
[Layer Freezing] Training last 4 transformer layers (layers 8-11)
[Layer Freezing] Trainable params: 28,384,555 / 108,924,715 (26.1%)
[Layer Freezing] Training last 4 transformer layers (layers 8-11)
[Layer Freezing] Trainable params: 28,384,555 / 108,924,715 (26.1%)
[Layer Freezing] Training last 4 transformer layers (layers 8-11)
[Layer Freezing] Trainable params: 28,384,555 / 108,924,715 (26.1%)
[Layer Freezing] Training last 4 transformer layers (layers 8-11)
[Layer Freezing] Trainable params: 28,384,555 / 108,924,715 (26.1%)
[Layer Freezing] Training last 4 transformer layers (layers 8-11)
[Layer Freezing] Trainable params: 28,384,555 / 108,924,715 (26.1%)
[Layer Freezing] Training last 4 transformer layers (layers 8-11)
[Layer Freezing] Trainable params: 28,384,555 / 108,924,715 (26.1%)
[Round 67] T=2.68  α_ce=0.80  α_kd=0.20
 Round 67 | F1 0.5524 | P 0.6212 | R 0.4973 | Time 52.0s | Comm N/A | Local Avg F1: 0.4804

=== Round 68/100 ===
[Round 68] KD=ON | policy=ema_first
[Layer Freezing] Training last 4 transformer layers (layers 8-11)
[Layer Freezing] Trainable params: 28,384,555 / 108,924,715 (26.1%)
[Layer Freezing] Training last 4 transformer layers (layers 8-11)
[Layer Freezing] Trainable params: 28,384,555 / 108,924,715 (26.1%)
[Layer Freezing] Training last 4 transformer layers (layers 8-11)
[Layer Freezing] Trainable params: 28,384,555 / 108,924,715 (26.1%)
[Layer Freezing] Training last 4 transformer layers (layers 8-11)
[Layer Freezing] Trainable params: 28,384,555 / 108,924,715 (26.1%)
[Layer Freezing] Training last 4 transformer layers (layers 8-11)
[Layer Freezing] Trainable params: 28,384,555 / 108,924,715 (26.1%)
[Layer Freezing] Training last 4 transformer layers (layers 8-11)
[Layer Freezing] Trainable params: 28,384,555 / 108,924,715 (26.1%)
[Layer Freezing] Training last 4 transformer layers (layers 8-11)
[Layer Freezing] Trainable params: 28,384,555 / 108,924,715 (26.1%)
[Layer Freezing] Training last 4 transformer layers (layers 8-11)
[Layer Freezing] Trainable params: 28,384,555 / 108,924,715 (26.1%)
[Layer Freezing] Training last 4 transformer layers (layers 8-11)
[Layer Freezing] Trainable params: 28,384,555 / 108,924,715 (26.1%)
[Layer Freezing] Training last 4 transformer layers (layers 8-11)
[Layer Freezing] Trainable params: 28,384,555 / 108,924,715 (26.1%)
[Round 68] T=2.64  α_ce=0.80  α_kd=0.20
 Round 68 | F1 0.5521 | P 0.6274 | R 0.4930 | Time 51.3s | Comm N/A | Local Avg F1: 0.4821

=== Round 69/100 ===
[Round 69] KD=ON | policy=ema_first
[Layer Freezing] Training last 4 transformer layers (layers 8-11)
[Layer Freezing] Trainable params: 28,384,555 / 108,924,715 (26.1%)
[Layer Freezing] Training last 4 transformer layers (layers 8-11)
[Layer Freezing] Trainable params: 28,384,555 / 108,924,715 (26.1%)
[Layer Freezing] Training last 4 transformer layers (layers 8-11)
[Layer Freezing] Trainable params: 28,384,555 / 108,924,715 (26.1%)
[Layer Freezing] Training last 4 transformer layers (layers 8-11)
[Layer Freezing] Trainable params: 28,384,555 / 108,924,715 (26.1%)
[Layer Freezing] Training last 4 transformer layers (layers 8-11)
[Layer Freezing] Trainable params: 28,384,555 / 108,924,715 (26.1%)
[Layer Freezing] Training last 4 transformer layers (layers 8-11)
[Layer Freezing] Trainable params: 28,384,555 / 108,924,715 (26.1%)
[Layer Freezing] Training last 4 transformer layers (layers 8-11)
[Layer Freezing] Trainable params: 28,384,555 / 108,924,715 (26.1%)
[Layer Freezing] Training last 4 transformer layers (layers 8-11)
[Layer Freezing] Trainable params: 28,384,555 / 108,924,715 (26.1%)
[Layer Freezing] Training last 4 transformer layers (layers 8-11)
[Layer Freezing] Trainable params: 28,384,555 / 108,924,715 (26.1%)
[Layer Freezing] Training last 4 transformer layers (layers 8-11)
[Layer Freezing] Trainable params: 28,384,555 / 108,924,715 (26.1%)
[Round 69] T=2.61  α_ce=0.79  α_kd=0.21
 Round 69 | F1 0.5541 | P 0.6285 | R 0.4955 | Time 51.7s | Comm N/A | Local Avg F1: 0.4805

=== Round 70/100 ===
[Round 70] KD=ON | policy=ema_first
[Layer Freezing] Training last 4 transformer layers (layers 8-11)
[Layer Freezing] Trainable params: 28,384,555 / 108,924,715 (26.1%)
[Layer Freezing] Training last 4 transformer layers (layers 8-11)
[Layer Freezing] Trainable params: 28,384,555 / 108,924,715 (26.1%)
[Layer Freezing] Training last 4 transformer layers (layers 8-11)
[Layer Freezing] Trainable params: 28,384,555 / 108,924,715 (26.1%)
[Layer Freezing] Training last 4 transformer layers (layers 8-11)
[Layer Freezing] Trainable params: 28,384,555 / 108,924,715 (26.1%)
[Layer Freezing] Training last 4 transformer layers (layers 8-11)
[Layer Freezing] Trainable params: 28,384,555 / 108,924,715 (26.1%)
[Layer Freezing] Training last 4 transformer layers (layers 8-11)
[Layer Freezing] Trainable params: 28,384,555 / 108,924,715 (26.1%)
[Layer Freezing] Training last 4 transformer layers (layers 8-11)
[Layer Freezing] Trainable params: 28,384,555 / 108,924,715 (26.1%)
[Layer Freezing] Training last 4 transformer layers (layers 8-11)
[Layer Freezing] Trainable params: 28,384,555 / 108,924,715 (26.1%)
[Layer Freezing] Training last 4 transformer layers (layers 8-11)
[Layer Freezing] Trainable params: 28,384,555 / 108,924,715 (26.1%)
[Layer Freezing] Training last 4 transformer layers (layers 8-11)
[Layer Freezing] Trainable params: 28,384,555 / 108,924,715 (26.1%)
[Round 70] T=2.57  α_ce=0.79  α_kd=0.21
 Round 70 | F1 0.5563 | P 0.6211 | R 0.5037 | Time 51.8s | Comm N/A | Local Avg F1: 0.4836

=== Round 71/100 ===
[Round 71] KD=ON | policy=ema_first
[Layer Freezing] Training last 4 transformer layers (layers 8-11)
[Layer Freezing] Trainable params: 28,384,555 / 108,924,715 (26.1%)
[Layer Freezing] Training last 4 transformer layers (layers 8-11)
[Layer Freezing] Trainable params: 28,384,555 / 108,924,715 (26.1%)
[Layer Freezing] Training last 4 transformer layers (layers 8-11)
[Layer Freezing] Trainable params: 28,384,555 / 108,924,715 (26.1%)
[Layer Freezing] Training last 4 transformer layers (layers 8-11)
[Layer Freezing] Trainable params: 28,384,555 / 108,924,715 (26.1%)
[Layer Freezing] Training last 4 transformer layers (layers 8-11)
[Layer Freezing] Trainable params: 28,384,555 / 108,924,715 (26.1%)
[Layer Freezing] Training last 4 transformer layers (layers 8-11)
[Layer Freezing] Trainable params: 28,384,555 / 108,924,715 (26.1%)
[Layer Freezing] Training last 4 transformer layers (layers 8-11)
[Layer Freezing] Trainable params: 28,384,555 / 108,924,715 (26.1%)
[Layer Freezing] Training last 4 transformer layers (layers 8-11)
[Layer Freezing] Trainable params: 28,384,555 / 108,924,715 (26.1%)
[Layer Freezing] Training last 4 transformer layers (layers 8-11)
[Layer Freezing] Trainable params: 28,384,555 / 108,924,715 (26.1%)
[Layer Freezing] Training last 4 transformer layers (layers 8-11)
[Layer Freezing] Trainable params: 28,384,555 / 108,924,715 (26.1%)
[Round 71] T=2.54  α_ce=0.79  α_kd=0.21
 Round 71 | F1 0.5542 | P 0.6242 | R 0.4983 | Time 52.3s | Comm N/A | Local Avg F1: 0.4824

=== Round 72/100 ===
[Round 72] KD=ON | policy=ema_first
[Layer Freezing] Training last 4 transformer layers (layers 8-11)
[Layer Freezing] Trainable params: 28,384,555 / 108,924,715 (26.1%)
[Layer Freezing] Training last 4 transformer layers (layers 8-11)
[Layer Freezing] Trainable params: 28,384,555 / 108,924,715 (26.1%)
[Layer Freezing] Training last 4 transformer layers (layers 8-11)
[Layer Freezing] Trainable params: 28,384,555 / 108,924,715 (26.1%)
[Layer Freezing] Training last 4 transformer layers (layers 8-11)
[Layer Freezing] Trainable params: 28,384,555 / 108,924,715 (26.1%)
[Layer Freezing] Training last 4 transformer layers (layers 8-11)
[Layer Freezing] Trainable params: 28,384,555 / 108,924,715 (26.1%)
[Layer Freezing] Training last 4 transformer layers (layers 8-11)
[Layer Freezing] Trainable params: 28,384,555 / 108,924,715 (26.1%)
[Layer Freezing] Training last 4 transformer layers (layers 8-11)
[Layer Freezing] Trainable params: 28,384,555 / 108,924,715 (26.1%)
[Layer Freezing] Training last 4 transformer layers (layers 8-11)
[Layer Freezing] Trainable params: 28,384,555 / 108,924,715 (26.1%)
[Layer Freezing] Training last 4 transformer layers (layers 8-11)
[Layer Freezing] Trainable params: 28,384,555 / 108,924,715 (26.1%)
[Layer Freezing] Training last 4 transformer layers (layers 8-11)
[Layer Freezing] Trainable params: 28,384,555 / 108,924,715 (26.1%)
[Round 72] T=2.50  α_ce=0.79  α_kd=0.21
 Round 72 | F1 0.5586 | P 0.6247 | R 0.5052 | Time 51.8s | Comm N/A | Local Avg F1: 0.4840

=== Round 73/100 ===
[Round 73] KD=ON | policy=ema_first
[Layer Freezing] Training last 4 transformer layers (layers 8-11)
[Layer Freezing] Trainable params: 28,384,555 / 108,924,715 (26.1%)
[Layer Freezing] Training last 4 transformer layers (layers 8-11)
[Layer Freezing] Trainable params: 28,384,555 / 108,924,715 (26.1%)
[Layer Freezing] Training last 4 transformer layers (layers 8-11)
[Layer Freezing] Trainable params: 28,384,555 / 108,924,715 (26.1%)
[Layer Freezing] Training last 4 transformer layers (layers 8-11)
[Layer Freezing] Trainable params: 28,384,555 / 108,924,715 (26.1%)
[Layer Freezing] Training last 4 transformer layers (layers 8-11)
[Layer Freezing] Trainable params: 28,384,555 / 108,924,715 (26.1%)
[Layer Freezing] Training last 4 transformer layers (layers 8-11)
[Layer Freezing] Trainable params: 28,384,555 / 108,924,715 (26.1%)
[Layer Freezing] Training last 4 transformer layers (layers 8-11)
[Layer Freezing] Trainable params: 28,384,555 / 108,924,715 (26.1%)
[Layer Freezing] Training last 4 transformer layers (layers 8-11)
[Layer Freezing] Trainable params: 28,384,555 / 108,924,715 (26.1%)
[Layer Freezing] Training last 4 transformer layers (layers 8-11)
[Layer Freezing] Trainable params: 28,384,555 / 108,924,715 (26.1%)
[Layer Freezing] Training last 4 transformer layers (layers 8-11)
[Layer Freezing] Trainable params: 28,384,555 / 108,924,715 (26.1%)
[Round 73] T=2.46  α_ce=0.78  α_kd=0.22
 Round 73 | F1 0.5546 | P 0.6274 | R 0.4969 | Time 51.9s | Comm N/A | Local Avg F1: 0.4827

=== Round 74/100 ===
[Round 74] KD=ON | policy=ema_first
[Layer Freezing] Training last 4 transformer layers (layers 8-11)
[Layer Freezing] Trainable params: 28,384,555 / 108,924,715 (26.1%)
[Layer Freezing] Training last 4 transformer layers (layers 8-11)
[Layer Freezing] Trainable params: 28,384,555 / 108,924,715 (26.1%)
[Layer Freezing] Training last 4 transformer layers (layers 8-11)
[Layer Freezing] Trainable params: 28,384,555 / 108,924,715 (26.1%)
[Layer Freezing] Training last 4 transformer layers (layers 8-11)
[Layer Freezing] Trainable params: 28,384,555 / 108,924,715 (26.1%)
[Layer Freezing] Training last 4 transformer layers (layers 8-11)
[Layer Freezing] Trainable params: 28,384,555 / 108,924,715 (26.1%)
[Layer Freezing] Training last 4 transformer layers (layers 8-11)
[Layer Freezing] Trainable params: 28,384,555 / 108,924,715 (26.1%)
[Layer Freezing] Training last 4 transformer layers (layers 8-11)
[Layer Freezing] Trainable params: 28,384,555 / 108,924,715 (26.1%)
[Layer Freezing] Training last 4 transformer layers (layers 8-11)
[Layer Freezing] Trainable params: 28,384,555 / 108,924,715 (26.1%)
[Layer Freezing] Training last 4 transformer layers (layers 8-11)
[Layer Freezing] Trainable params: 28,384,555 / 108,924,715 (26.1%)
[Layer Freezing] Training last 4 transformer layers (layers 8-11)
[Layer Freezing] Trainable params: 28,384,555 / 108,924,715 (26.1%)
[Round 74] T=2.43  α_ce=0.78  α_kd=0.22
 Round 74 | F1 0.5586 | P 0.6225 | R 0.5066 | Time 51.9s | Comm N/A | Local Avg F1: 0.4855

=== Round 75/100 ===
[Round 75] KD=ON | policy=ema_first
[Layer Freezing] Training last 4 transformer layers (layers 8-11)
[Layer Freezing] Trainable params: 28,384,555 / 108,924,715 (26.1%)
[Layer Freezing] Training last 4 transformer layers (layers 8-11)
[Layer Freezing] Trainable params: 28,384,555 / 108,924,715 (26.1%)
[Layer Freezing] Training last 4 transformer layers (layers 8-11)
[Layer Freezing] Trainable params: 28,384,555 / 108,924,715 (26.1%)
[Layer Freezing] Training last 4 transformer layers (layers 8-11)
[Layer Freezing] Trainable params: 28,384,555 / 108,924,715 (26.1%)
[Layer Freezing] Training last 4 transformer layers (layers 8-11)
[Layer Freezing] Trainable params: 28,384,555 / 108,924,715 (26.1%)
[Layer Freezing] Training last 4 transformer layers (layers 8-11)
[Layer Freezing] Trainable params: 28,384,555 / 108,924,715 (26.1%)
[Layer Freezing] Training last 4 transformer layers (layers 8-11)
[Layer Freezing] Trainable params: 28,384,555 / 108,924,715 (26.1%)
[Layer Freezing] Training last 4 transformer layers (layers 8-11)
[Layer Freezing] Trainable params: 28,384,555 / 108,924,715 (26.1%)
[Layer Freezing] Training last 4 transformer layers (layers 8-11)
[Layer Freezing] Trainable params: 28,384,555 / 108,924,715 (26.1%)
[Layer Freezing] Training last 4 transformer layers (layers 8-11)
[Layer Freezing] Trainable params: 28,384,555 / 108,924,715 (26.1%)
[Round 75] T=2.39  α_ce=0.78  α_kd=0.22
 Round 75 | F1 0.5568 | P 0.6260 | R 0.5013 | Time 51.4s | Comm N/A | Local Avg F1: 0.4838

=== Round 76/100 ===
[Round 76] KD=ON | policy=ema_first
[Layer Freezing] Training last 4 transformer layers (layers 8-11)
[Layer Freezing] Trainable params: 28,384,555 / 108,924,715 (26.1%)
[Layer Freezing] Training last 4 transformer layers (layers 8-11)
[Layer Freezing] Trainable params: 28,384,555 / 108,924,715 (26.1%)
[Layer Freezing] Training last 4 transformer layers (layers 8-11)
[Layer Freezing] Trainable params: 28,384,555 / 108,924,715 (26.1%)
[Layer Freezing] Training last 4 transformer layers (layers 8-11)
[Layer Freezing] Trainable params: 28,384,555 / 108,924,715 (26.1%)
[Layer Freezing] Training last 4 transformer layers (layers 8-11)
[Layer Freezing] Trainable params: 28,384,555 / 108,924,715 (26.1%)
[Layer Freezing] Training last 4 transformer layers (layers 8-11)
[Layer Freezing] Trainable params: 28,384,555 / 108,924,715 (26.1%)
[Layer Freezing] Training last 4 transformer layers (layers 8-11)
[Layer Freezing] Trainable params: 28,384,555 / 108,924,715 (26.1%)
[Layer Freezing] Training last 4 transformer layers (layers 8-11)
[Layer Freezing] Trainable params: 28,384,555 / 108,924,715 (26.1%)
[Layer Freezing] Training last 4 transformer layers (layers 8-11)
[Layer Freezing] Trainable params: 28,384,555 / 108,924,715 (26.1%)
[Layer Freezing] Training last 4 transformer layers (layers 8-11)
[Layer Freezing] Trainable params: 28,384,555 / 108,924,715 (26.1%)
[Round 76] T=2.36  α_ce=0.77  α_kd=0.23
 Round 76 | F1 0.5559 | P 0.6197 | R 0.5041 | Time 51.9s | Comm N/A | Local Avg F1: 0.4826

=== Round 77/100 ===
[Round 77] KD=ON | policy=ema_first
[Layer Freezing] Training last 4 transformer layers (layers 8-11)
[Layer Freezing] Trainable params: 28,384,555 / 108,924,715 (26.1%)
[Layer Freezing] Training last 4 transformer layers (layers 8-11)
[Layer Freezing] Trainable params: 28,384,555 / 108,924,715 (26.1%)
[Layer Freezing] Training last 4 transformer layers (layers 8-11)
[Layer Freezing] Trainable params: 28,384,555 / 108,924,715 (26.1%)
[Layer Freezing] Training last 4 transformer layers (layers 8-11)
[Layer Freezing] Trainable params: 28,384,555 / 108,924,715 (26.1%)
[Layer Freezing] Training last 4 transformer layers (layers 8-11)
[Layer Freezing] Trainable params: 28,384,555 / 108,924,715 (26.1%)
[Layer Freezing] Training last 4 transformer layers (layers 8-11)
[Layer Freezing] Trainable params: 28,384,555 / 108,924,715 (26.1%)
[Layer Freezing] Training last 4 transformer layers (layers 8-11)
[Layer Freezing] Trainable params: 28,384,555 / 108,924,715 (26.1%)
[Layer Freezing] Training last 4 transformer layers (layers 8-11)
[Layer Freezing] Trainable params: 28,384,555 / 108,924,715 (26.1%)
[Layer Freezing] Training last 4 transformer layers (layers 8-11)
[Layer Freezing] Trainable params: 28,384,555 / 108,924,715 (26.1%)
[Layer Freezing] Training last 4 transformer layers (layers 8-11)
[Layer Freezing] Trainable params: 28,384,555 / 108,924,715 (26.1%)
[Round 77] T=2.32  α_ce=0.77  α_kd=0.23
 Round 77 | F1 0.5547 | P 0.6250 | R 0.4986 | Time 52.0s | Comm N/A | Local Avg F1: 0.4819

=== Round 78/100 ===
[Round 78] KD=ON | policy=ema_first
[Layer Freezing] Training last 4 transformer layers (layers 8-11)
[Layer Freezing] Trainable params: 28,384,555 / 108,924,715 (26.1%)
[Layer Freezing] Training last 4 transformer layers (layers 8-11)
[Layer Freezing] Trainable params: 28,384,555 / 108,924,715 (26.1%)
[Layer Freezing] Training last 4 transformer layers (layers 8-11)
[Layer Freezing] Trainable params: 28,384,555 / 108,924,715 (26.1%)
[Layer Freezing] Training last 4 transformer layers (layers 8-11)
[Layer Freezing] Trainable params: 28,384,555 / 108,924,715 (26.1%)
[Layer Freezing] Training last 4 transformer layers (layers 8-11)
[Layer Freezing] Trainable params: 28,384,555 / 108,924,715 (26.1%)
[Layer Freezing] Training last 4 transformer layers (layers 8-11)
[Layer Freezing] Trainable params: 28,384,555 / 108,924,715 (26.1%)
[Layer Freezing] Training last 4 transformer layers (layers 8-11)
[Layer Freezing] Trainable params: 28,384,555 / 108,924,715 (26.1%)
[Layer Freezing] Training last 4 transformer layers (layers 8-11)
[Layer Freezing] Trainable params: 28,384,555 / 108,924,715 (26.1%)
[Layer Freezing] Training last 4 transformer layers (layers 8-11)
[Layer Freezing] Trainable params: 28,384,555 / 108,924,715 (26.1%)
[Layer Freezing] Training last 4 transformer layers (layers 8-11)
[Layer Freezing] Trainable params: 28,384,555 / 108,924,715 (26.1%)
[Round 78] T=2.29  α_ce=0.77  α_kd=0.23
 Round 78 | F1 0.5538 | P 0.6286 | R 0.4949 | Time 52.0s | Comm N/A | Local Avg F1: 0.4822

=== Round 79/100 ===
[Round 79] KD=ON | policy=ema_first
[Layer Freezing] Training last 4 transformer layers (layers 8-11)
[Layer Freezing] Trainable params: 28,384,555 / 108,924,715 (26.1%)
[Layer Freezing] Training last 4 transformer layers (layers 8-11)
[Layer Freezing] Trainable params: 28,384,555 / 108,924,715 (26.1%)
[Layer Freezing] Training last 4 transformer layers (layers 8-11)
[Layer Freezing] Trainable params: 28,384,555 / 108,924,715 (26.1%)
[Layer Freezing] Training last 4 transformer layers (layers 8-11)
[Layer Freezing] Trainable params: 28,384,555 / 108,924,715 (26.1%)
[Layer Freezing] Training last 4 transformer layers (layers 8-11)
[Layer Freezing] Trainable params: 28,384,555 / 108,924,715 (26.1%)
[Layer Freezing] Training last 4 transformer layers (layers 8-11)
[Layer Freezing] Trainable params: 28,384,555 / 108,924,715 (26.1%)
[Layer Freezing] Training last 4 transformer layers (layers 8-11)
[Layer Freezing] Trainable params: 28,384,555 / 108,924,715 (26.1%)
[Layer Freezing] Training last 4 transformer layers (layers 8-11)
[Layer Freezing] Trainable params: 28,384,555 / 108,924,715 (26.1%)
[Layer Freezing] Training last 4 transformer layers (layers 8-11)
[Layer Freezing] Trainable params: 28,384,555 / 108,924,715 (26.1%)
[Layer Freezing] Training last 4 transformer layers (layers 8-11)
[Layer Freezing] Trainable params: 28,384,555 / 108,924,715 (26.1%)
[Round 79] T=2.25  α_ce=0.76  α_kd=0.24
 Round 79 | F1 0.5582 | P 0.6253 | R 0.5041 | Time 51.8s | Comm N/A | Local Avg F1: 0.4844

=== Round 80/100 ===
[Round 80] KD=ON | policy=ema_first
[Layer Freezing] Training last 4 transformer layers (layers 8-11)
[Layer Freezing] Trainable params: 28,384,555 / 108,924,715 (26.1%)
[Layer Freezing] Training last 4 transformer layers (layers 8-11)
[Layer Freezing] Trainable params: 28,384,555 / 108,924,715 (26.1%)
[Layer Freezing] Training last 4 transformer layers (layers 8-11)
[Layer Freezing] Trainable params: 28,384,555 / 108,924,715 (26.1%)
[Layer Freezing] Training last 4 transformer layers (layers 8-11)
[Layer Freezing] Trainable params: 28,384,555 / 108,924,715 (26.1%)
[Layer Freezing] Training last 4 transformer layers (layers 8-11)
[Layer Freezing] Trainable params: 28,384,555 / 108,924,715 (26.1%)
[Layer Freezing] Training last 4 transformer layers (layers 8-11)
[Layer Freezing] Trainable params: 28,384,555 / 108,924,715 (26.1%)
[Layer Freezing] Training last 4 transformer layers (layers 8-11)
[Layer Freezing] Trainable params: 28,384,555 / 108,924,715 (26.1%)
[Layer Freezing] Training last 4 transformer layers (layers 8-11)
[Layer Freezing] Trainable params: 28,384,555 / 108,924,715 (26.1%)
[Layer Freezing] Training last 4 transformer layers (layers 8-11)
[Layer Freezing] Trainable params: 28,384,555 / 108,924,715 (26.1%)
[Layer Freezing] Training last 4 transformer layers (layers 8-11)
[Layer Freezing] Trainable params: 28,384,555 / 108,924,715 (26.1%)
[Round 80] T=2.21  α_ce=0.76  α_kd=0.24
 Round 80 | F1 0.5576 | P 0.6274 | R 0.5018 | Time 51.9s | Comm N/A | Local Avg F1: 0.4862

=== Round 81/100 ===
[Round 81] KD=ON | policy=ema_first
[Layer Freezing] Training last 4 transformer layers (layers 8-11)
[Layer Freezing] Trainable params: 28,384,555 / 108,924,715 (26.1%)
[Layer Freezing] Training last 4 transformer layers (layers 8-11)
[Layer Freezing] Trainable params: 28,384,555 / 108,924,715 (26.1%)
[Layer Freezing] Training last 4 transformer layers (layers 8-11)
[Layer Freezing] Trainable params: 28,384,555 / 108,924,715 (26.1%)
[Layer Freezing] Training last 4 transformer layers (layers 8-11)
[Layer Freezing] Trainable params: 28,384,555 / 108,924,715 (26.1%)
[Layer Freezing] Training last 4 transformer layers (layers 8-11)
[Layer Freezing] Trainable params: 28,384,555 / 108,924,715 (26.1%)
[Layer Freezing] Training last 4 transformer layers (layers 8-11)
[Layer Freezing] Trainable params: 28,384,555 / 108,924,715 (26.1%)
[Layer Freezing] Training last 4 transformer layers (layers 8-11)
[Layer Freezing] Trainable params: 28,384,555 / 108,924,715 (26.1%)
[Layer Freezing] Training last 4 transformer layers (layers 8-11)
[Layer Freezing] Trainable params: 28,384,555 / 108,924,715 (26.1%)
[Layer Freezing] Training last 4 transformer layers (layers 8-11)
[Layer Freezing] Trainable params: 28,384,555 / 108,924,715 (26.1%)
[Layer Freezing] Training last 4 transformer layers (layers 8-11)
[Layer Freezing] Trainable params: 28,384,555 / 108,924,715 (26.1%)
[Round 81] T=2.18  α_ce=0.76  α_kd=0.24
 Round 81 | F1 0.5586 | P 0.6256 | R 0.5046 | Time 52.1s | Comm N/A | Local Avg F1: 0.4853

=== Round 82/100 ===
[Round 82] KD=ON | policy=ema_first
[Layer Freezing] Training last 4 transformer layers (layers 8-11)
[Layer Freezing] Trainable params: 28,384,555 / 108,924,715 (26.1%)
[Layer Freezing] Training last 4 transformer layers (layers 8-11)
[Layer Freezing] Trainable params: 28,384,555 / 108,924,715 (26.1%)
[Layer Freezing] Training last 4 transformer layers (layers 8-11)
[Layer Freezing] Trainable params: 28,384,555 / 108,924,715 (26.1%)
[Layer Freezing] Training last 4 transformer layers (layers 8-11)
[Layer Freezing] Trainable params: 28,384,555 / 108,924,715 (26.1%)
[Layer Freezing] Training last 4 transformer layers (layers 8-11)
[Layer Freezing] Trainable params: 28,384,555 / 108,924,715 (26.1%)
[Layer Freezing] Training last 4 transformer layers (layers 8-11)
[Layer Freezing] Trainable params: 28,384,555 / 108,924,715 (26.1%)
[Layer Freezing] Training last 4 transformer layers (layers 8-11)
[Layer Freezing] Trainable params: 28,384,555 / 108,924,715 (26.1%)
[Layer Freezing] Training last 4 transformer layers (layers 8-11)
[Layer Freezing] Trainable params: 28,384,555 / 108,924,715 (26.1%)
[Layer Freezing] Training last 4 transformer layers (layers 8-11)
[Layer Freezing] Trainable params: 28,384,555 / 108,924,715 (26.1%)
[Layer Freezing] Training last 4 transformer layers (layers 8-11)
[Layer Freezing] Trainable params: 28,384,555 / 108,924,715 (26.1%)
[Round 82] T=2.14  α_ce=0.76  α_kd=0.24
 Round 82 | F1 0.5605 | P 0.6206 | R 0.5110 | Time 51.8s | Comm N/A | Local Avg F1: 0.4878

=== Round 83/100 ===
[Round 83] KD=ON | policy=ema_first
[Layer Freezing] Training last 4 transformer layers (layers 8-11)
[Layer Freezing] Trainable params: 28,384,555 / 108,924,715 (26.1%)
[Layer Freezing] Training last 4 transformer layers (layers 8-11)
[Layer Freezing] Trainable params: 28,384,555 / 108,924,715 (26.1%)
[Layer Freezing] Training last 4 transformer layers (layers 8-11)
[Layer Freezing] Trainable params: 28,384,555 / 108,924,715 (26.1%)
[Layer Freezing] Training last 4 transformer layers (layers 8-11)
[Layer Freezing] Trainable params: 28,384,555 / 108,924,715 (26.1%)
[Layer Freezing] Training last 4 transformer layers (layers 8-11)
[Layer Freezing] Trainable params: 28,384,555 / 108,924,715 (26.1%)
[Layer Freezing] Training last 4 transformer layers (layers 8-11)
[Layer Freezing] Trainable params: 28,384,555 / 108,924,715 (26.1%)
[Layer Freezing] Training last 4 transformer layers (layers 8-11)
[Layer Freezing] Trainable params: 28,384,555 / 108,924,715 (26.1%)
[Layer Freezing] Training last 4 transformer layers (layers 8-11)
[Layer Freezing] Trainable params: 28,384,555 / 108,924,715 (26.1%)
[Layer Freezing] Training last 4 transformer layers (layers 8-11)
[Layer Freezing] Trainable params: 28,384,555 / 108,924,715 (26.1%)
[Layer Freezing] Training last 4 transformer layers (layers 8-11)
[Layer Freezing] Trainable params: 28,384,555 / 108,924,715 (26.1%)
[Round 83] T=2.11  α_ce=0.75  α_kd=0.25
 Round 83 | F1 0.5568 | P 0.6272 | R 0.5006 | Time 52.0s | Comm N/A | Local Avg F1: 0.4852

=== Round 84/100 ===
[Round 84] KD=ON | policy=ema_first
[Layer Freezing] Training last 4 transformer layers (layers 8-11)
[Layer Freezing] Trainable params: 28,384,555 / 108,924,715 (26.1%)
[Layer Freezing] Training last 4 transformer layers (layers 8-11)
[Layer Freezing] Trainable params: 28,384,555 / 108,924,715 (26.1%)
[Layer Freezing] Training last 4 transformer layers (layers 8-11)
[Layer Freezing] Trainable params: 28,384,555 / 108,924,715 (26.1%)
[Layer Freezing] Training last 4 transformer layers (layers 8-11)
[Layer Freezing] Trainable params: 28,384,555 / 108,924,715 (26.1%)
[Layer Freezing] Training last 4 transformer layers (layers 8-11)
[Layer Freezing] Trainable params: 28,384,555 / 108,924,715 (26.1%)
[Layer Freezing] Training last 4 transformer layers (layers 8-11)
[Layer Freezing] Trainable params: 28,384,555 / 108,924,715 (26.1%)
[Layer Freezing] Training last 4 transformer layers (layers 8-11)
[Layer Freezing] Trainable params: 28,384,555 / 108,924,715 (26.1%)
[Layer Freezing] Training last 4 transformer layers (layers 8-11)
[Layer Freezing] Trainable params: 28,384,555 / 108,924,715 (26.1%)
[Layer Freezing] Training last 4 transformer layers (layers 8-11)
[Layer Freezing] Trainable params: 28,384,555 / 108,924,715 (26.1%)
[Layer Freezing] Training last 4 transformer layers (layers 8-11)
[Layer Freezing] Trainable params: 28,384,555 / 108,924,715 (26.1%)
[Round 84] T=2.07  α_ce=0.75  α_kd=0.25
 Round 84 | F1 0.5588 | P 0.6238 | R 0.5060 | Time 51.9s | Comm N/A | Local Avg F1: 0.4917

=== Round 85/100 ===
[Round 85] KD=ON | policy=ema_first
[Layer Freezing] Training last 4 transformer layers (layers 8-11)
[Layer Freezing] Trainable params: 28,384,555 / 108,924,715 (26.1%)
[Layer Freezing] Training last 4 transformer layers (layers 8-11)
[Layer Freezing] Trainable params: 28,384,555 / 108,924,715 (26.1%)
[Layer Freezing] Training last 4 transformer layers (layers 8-11)
[Layer Freezing] Trainable params: 28,384,555 / 108,924,715 (26.1%)
[Layer Freezing] Training last 4 transformer layers (layers 8-11)
[Layer Freezing] Trainable params: 28,384,555 / 108,924,715 (26.1%)
[Layer Freezing] Training last 4 transformer layers (layers 8-11)
[Layer Freezing] Trainable params: 28,384,555 / 108,924,715 (26.1%)
[Layer Freezing] Training last 4 transformer layers (layers 8-11)
[Layer Freezing] Trainable params: 28,384,555 / 108,924,715 (26.1%)
[Layer Freezing] Training last 4 transformer layers (layers 8-11)
[Layer Freezing] Trainable params: 28,384,555 / 108,924,715 (26.1%)
[Layer Freezing] Training last 4 transformer layers (layers 8-11)
[Layer Freezing] Trainable params: 28,384,555 / 108,924,715 (26.1%)
[Layer Freezing] Training last 4 transformer layers (layers 8-11)
[Layer Freezing] Trainable params: 28,384,555 / 108,924,715 (26.1%)
[Layer Freezing] Training last 4 transformer layers (layers 8-11)
[Layer Freezing] Trainable params: 28,384,555 / 108,924,715 (26.1%)
[Round 85] T=2.04  α_ce=0.75  α_kd=0.25
 Round 85 | F1 0.5606 | P 0.6244 | R 0.5087 | Time 51.9s | Comm N/A | Local Avg F1: 0.4896

=== Round 86/100 ===
[Round 86] KD=ON | policy=ema_first
[Layer Freezing] Training last 4 transformer layers (layers 8-11)
[Layer Freezing] Trainable params: 28,384,555 / 108,924,715 (26.1%)
[Layer Freezing] Training last 4 transformer layers (layers 8-11)
[Layer Freezing] Trainable params: 28,384,555 / 108,924,715 (26.1%)
[Layer Freezing] Training last 4 transformer layers (layers 8-11)
[Layer Freezing] Trainable params: 28,384,555 / 108,924,715 (26.1%)
[Layer Freezing] Training last 4 transformer layers (layers 8-11)
[Layer Freezing] Trainable params: 28,384,555 / 108,924,715 (26.1%)
[Layer Freezing] Training last 4 transformer layers (layers 8-11)
[Layer Freezing] Trainable params: 28,384,555 / 108,924,715 (26.1%)
[Layer Freezing] Training last 4 transformer layers (layers 8-11)
[Layer Freezing] Trainable params: 28,384,555 / 108,924,715 (26.1%)
[Layer Freezing] Training last 4 transformer layers (layers 8-11)
[Layer Freezing] Trainable params: 28,384,555 / 108,924,715 (26.1%)
[Layer Freezing] Training last 4 transformer layers (layers 8-11)
[Layer Freezing] Trainable params: 28,384,555 / 108,924,715 (26.1%)
[Layer Freezing] Training last 4 transformer layers (layers 8-11)
[Layer Freezing] Trainable params: 28,384,555 / 108,924,715 (26.1%)
[Layer Freezing] Training last 4 transformer layers (layers 8-11)
[Layer Freezing] Trainable params: 28,384,555 / 108,924,715 (26.1%)
[Round 86] T=2.00  α_ce=0.74  α_kd=0.26
 Round 86 | F1 0.5589 | P 0.6318 | R 0.5011 | Time 52.1s | Comm N/A | Local Avg F1: 0.4882

=== Round 87/100 ===
[Round 87] KD=ON | policy=ema_first
[Layer Freezing] Training last 4 transformer layers (layers 8-11)
[Layer Freezing] Trainable params: 28,384,555 / 108,924,715 (26.1%)
[Layer Freezing] Training last 4 transformer layers (layers 8-11)
[Layer Freezing] Trainable params: 28,384,555 / 108,924,715 (26.1%)
[Layer Freezing] Training last 4 transformer layers (layers 8-11)
[Layer Freezing] Trainable params: 28,384,555 / 108,924,715 (26.1%)
[Layer Freezing] Training last 4 transformer layers (layers 8-11)
[Layer Freezing] Trainable params: 28,384,555 / 108,924,715 (26.1%)
[Layer Freezing] Training last 4 transformer layers (layers 8-11)
[Layer Freezing] Trainable params: 28,384,555 / 108,924,715 (26.1%)
[Layer Freezing] Training last 4 transformer layers (layers 8-11)
[Layer Freezing] Trainable params: 28,384,555 / 108,924,715 (26.1%)
[Layer Freezing] Training last 4 transformer layers (layers 8-11)
[Layer Freezing] Trainable params: 28,384,555 / 108,924,715 (26.1%)
[Layer Freezing] Training last 4 transformer layers (layers 8-11)
[Layer Freezing] Trainable params: 28,384,555 / 108,924,715 (26.1%)
[Layer Freezing] Training last 4 transformer layers (layers 8-11)
[Layer Freezing] Trainable params: 28,384,555 / 108,924,715 (26.1%)
[Layer Freezing] Training last 4 transformer layers (layers 8-11)
[Layer Freezing] Trainable params: 28,384,555 / 108,924,715 (26.1%)
[Round 87] T=1.96  α_ce=0.74  α_kd=0.26
 Round 87 | F1 0.5605 | P 0.6309 | R 0.5043 | Time 52.1s | Comm N/A | Local Avg F1: 0.4898

=== Round 88/100 ===
[Round 88] KD=ON | policy=ema_first
[Layer Freezing] Training last 4 transformer layers (layers 8-11)
[Layer Freezing] Trainable params: 28,384,555 / 108,924,715 (26.1%)
[Layer Freezing] Training last 4 transformer layers (layers 8-11)
[Layer Freezing] Trainable params: 28,384,555 / 108,924,715 (26.1%)
[Layer Freezing] Training last 4 transformer layers (layers 8-11)
[Layer Freezing] Trainable params: 28,384,555 / 108,924,715 (26.1%)
[Layer Freezing] Training last 4 transformer layers (layers 8-11)
[Layer Freezing] Trainable params: 28,384,555 / 108,924,715 (26.1%)
[Layer Freezing] Training last 4 transformer layers (layers 8-11)
[Layer Freezing] Trainable params: 28,384,555 / 108,924,715 (26.1%)
[Layer Freezing] Training last 4 transformer layers (layers 8-11)
[Layer Freezing] Trainable params: 28,384,555 / 108,924,715 (26.1%)
[Layer Freezing] Training last 4 transformer layers (layers 8-11)
[Layer Freezing] Trainable params: 28,384,555 / 108,924,715 (26.1%)
[Layer Freezing] Training last 4 transformer layers (layers 8-11)
[Layer Freezing] Trainable params: 28,384,555 / 108,924,715 (26.1%)
[Layer Freezing] Training last 4 transformer layers (layers 8-11)
[Layer Freezing] Trainable params: 28,384,555 / 108,924,715 (26.1%)
[Layer Freezing] Training last 4 transformer layers (layers 8-11)
[Layer Freezing] Trainable params: 28,384,555 / 108,924,715 (26.1%)
[Round 88] T=1.93  α_ce=0.74  α_kd=0.26
 Round 88 | F1 0.5605 | P 0.6276 | R 0.5064 | Time 52.3s | Comm N/A | Local Avg F1: 0.4875

=== Round 89/100 ===
[Round 89] KD=ON | policy=ema_first
[Layer Freezing] Training last 4 transformer layers (layers 8-11)
[Layer Freezing] Trainable params: 28,384,555 / 108,924,715 (26.1%)
[Layer Freezing] Training last 4 transformer layers (layers 8-11)
[Layer Freezing] Trainable params: 28,384,555 / 108,924,715 (26.1%)
[Layer Freezing] Training last 4 transformer layers (layers 8-11)
[Layer Freezing] Trainable params: 28,384,555 / 108,924,715 (26.1%)
[Layer Freezing] Training last 4 transformer layers (layers 8-11)
[Layer Freezing] Trainable params: 28,384,555 / 108,924,715 (26.1%)
[Layer Freezing] Training last 4 transformer layers (layers 8-11)
[Layer Freezing] Trainable params: 28,384,555 / 108,924,715 (26.1%)
[Layer Freezing] Training last 4 transformer layers (layers 8-11)
[Layer Freezing] Trainable params: 28,384,555 / 108,924,715 (26.1%)
[Layer Freezing] Training last 4 transformer layers (layers 8-11)
[Layer Freezing] Trainable params: 28,384,555 / 108,924,715 (26.1%)
[Layer Freezing] Training last 4 transformer layers (layers 8-11)
[Layer Freezing] Trainable params: 28,384,555 / 108,924,715 (26.1%)
[Layer Freezing] Training last 4 transformer layers (layers 8-11)
[Layer Freezing] Trainable params: 28,384,555 / 108,924,715 (26.1%)
[Layer Freezing] Training last 4 transformer layers (layers 8-11)
[Layer Freezing] Trainable params: 28,384,555 / 108,924,715 (26.1%)
[Round 89] T=1.89  α_ce=0.73  α_kd=0.27
 Round 89 | F1 0.5582 | P 0.6271 | R 0.5030 | Time 51.9s | Comm N/A | Local Avg F1: 0.4869

=== Round 90/100 ===
[Round 90] KD=ON | policy=ema_first
[Layer Freezing] Training last 4 transformer layers (layers 8-11)
[Layer Freezing] Trainable params: 28,384,555 / 108,924,715 (26.1%)
[Layer Freezing] Training last 4 transformer layers (layers 8-11)
[Layer Freezing] Trainable params: 28,384,555 / 108,924,715 (26.1%)
[Layer Freezing] Training last 4 transformer layers (layers 8-11)
[Layer Freezing] Trainable params: 28,384,555 / 108,924,715 (26.1%)
[Layer Freezing] Training last 4 transformer layers (layers 8-11)
[Layer Freezing] Trainable params: 28,384,555 / 108,924,715 (26.1%)
[Layer Freezing] Training last 4 transformer layers (layers 8-11)
[Layer Freezing] Trainable params: 28,384,555 / 108,924,715 (26.1%)
[Layer Freezing] Training last 4 transformer layers (layers 8-11)
[Layer Freezing] Trainable params: 28,384,555 / 108,924,715 (26.1%)
[Layer Freezing] Training last 4 transformer layers (layers 8-11)
[Layer Freezing] Trainable params: 28,384,555 / 108,924,715 (26.1%)
[Layer Freezing] Training last 4 transformer layers (layers 8-11)
[Layer Freezing] Trainable params: 28,384,555 / 108,924,715 (26.1%)
[Layer Freezing] Training last 4 transformer layers (layers 8-11)
[Layer Freezing] Trainable params: 28,384,555 / 108,924,715 (26.1%)
[Layer Freezing] Training last 4 transformer layers (layers 8-11)
[Layer Freezing] Trainable params: 28,384,555 / 108,924,715 (26.1%)
[Round 90] T=1.86  α_ce=0.73  α_kd=0.27
 Round 90 | F1 0.5586 | P 0.6284 | R 0.5027 | Time 51.6s | Comm N/A | Local Avg F1: 0.4884

=== Round 91/100 ===
[Round 91] KD=ON | policy=ema_first
[Layer Freezing] Training last 4 transformer layers (layers 8-11)
[Layer Freezing] Trainable params: 28,384,555 / 108,924,715 (26.1%)
[Layer Freezing] Training last 4 transformer layers (layers 8-11)
[Layer Freezing] Trainable params: 28,384,555 / 108,924,715 (26.1%)
[Layer Freezing] Training last 4 transformer layers (layers 8-11)
[Layer Freezing] Trainable params: 28,384,555 / 108,924,715 (26.1%)
[Layer Freezing] Training last 4 transformer layers (layers 8-11)
[Layer Freezing] Trainable params: 28,384,555 / 108,924,715 (26.1%)
[Layer Freezing] Training last 4 transformer layers (layers 8-11)
[Layer Freezing] Trainable params: 28,384,555 / 108,924,715 (26.1%)
[Layer Freezing] Training last 4 transformer layers (layers 8-11)
[Layer Freezing] Trainable params: 28,384,555 / 108,924,715 (26.1%)
[Layer Freezing] Training last 4 transformer layers (layers 8-11)
[Layer Freezing] Trainable params: 28,384,555 / 108,924,715 (26.1%)
[Layer Freezing] Training last 4 transformer layers (layers 8-11)
[Layer Freezing] Trainable params: 28,384,555 / 108,924,715 (26.1%)
[Layer Freezing] Training last 4 transformer layers (layers 8-11)
[Layer Freezing] Trainable params: 28,384,555 / 108,924,715 (26.1%)
[Layer Freezing] Training last 4 transformer layers (layers 8-11)
[Layer Freezing] Trainable params: 28,384,555 / 108,924,715 (26.1%)
[Round 91] T=1.82  α_ce=0.73  α_kd=0.27
 Round 91 | F1 0.5578 | P 0.6319 | R 0.4992 | Time 52.1s | Comm N/A | Local Avg F1: 0.4883

=== Round 92/100 ===
[Round 92] KD=ON | policy=ema_first
[Layer Freezing] Training last 4 transformer layers (layers 8-11)
[Layer Freezing] Trainable params: 28,384,555 / 108,924,715 (26.1%)
[Layer Freezing] Training last 4 transformer layers (layers 8-11)
[Layer Freezing] Trainable params: 28,384,555 / 108,924,715 (26.1%)
[Layer Freezing] Training last 4 transformer layers (layers 8-11)
[Layer Freezing] Trainable params: 28,384,555 / 108,924,715 (26.1%)
[Layer Freezing] Training last 4 transformer layers (layers 8-11)
[Layer Freezing] Trainable params: 28,384,555 / 108,924,715 (26.1%)
[Layer Freezing] Training last 4 transformer layers (layers 8-11)
[Layer Freezing] Trainable params: 28,384,555 / 108,924,715 (26.1%)
[Layer Freezing] Training last 4 transformer layers (layers 8-11)
[Layer Freezing] Trainable params: 28,384,555 / 108,924,715 (26.1%)
[Layer Freezing] Training last 4 transformer layers (layers 8-11)
[Layer Freezing] Trainable params: 28,384,555 / 108,924,715 (26.1%)
[Layer Freezing] Training last 4 transformer layers (layers 8-11)
[Layer Freezing] Trainable params: 28,384,555 / 108,924,715 (26.1%)
[Layer Freezing] Training last 4 transformer layers (layers 8-11)
[Layer Freezing] Trainable params: 28,384,555 / 108,924,715 (26.1%)
[Layer Freezing] Training last 4 transformer layers (layers 8-11)
[Layer Freezing] Trainable params: 28,384,555 / 108,924,715 (26.1%)
[Round 92] T=1.79  α_ce=0.72  α_kd=0.28
 Round 92 | F1 0.5604 | P 0.6240 | R 0.5085 | Time 51.8s | Comm N/A | Local Avg F1: 0.4909

=== Round 93/100 ===
[Round 93] KD=ON | policy=ema_first
[Layer Freezing] Training last 4 transformer layers (layers 8-11)
[Layer Freezing] Trainable params: 28,384,555 / 108,924,715 (26.1%)
[Layer Freezing] Training last 4 transformer layers (layers 8-11)
[Layer Freezing] Trainable params: 28,384,555 / 108,924,715 (26.1%)
[Layer Freezing] Training last 4 transformer layers (layers 8-11)
[Layer Freezing] Trainable params: 28,384,555 / 108,924,715 (26.1%)
[Layer Freezing] Training last 4 transformer layers (layers 8-11)
[Layer Freezing] Trainable params: 28,384,555 / 108,924,715 (26.1%)
[Layer Freezing] Training last 4 transformer layers (layers 8-11)
[Layer Freezing] Trainable params: 28,384,555 / 108,924,715 (26.1%)
[Layer Freezing] Training last 4 transformer layers (layers 8-11)
[Layer Freezing] Trainable params: 28,384,555 / 108,924,715 (26.1%)
[Layer Freezing] Training last 4 transformer layers (layers 8-11)
[Layer Freezing] Trainable params: 28,384,555 / 108,924,715 (26.1%)
[Layer Freezing] Training last 4 transformer layers (layers 8-11)
[Layer Freezing] Trainable params: 28,384,555 / 108,924,715 (26.1%)
[Layer Freezing] Training last 4 transformer layers (layers 8-11)
[Layer Freezing] Trainable params: 28,384,555 / 108,924,715 (26.1%)
[Layer Freezing] Training last 4 transformer layers (layers 8-11)
[Layer Freezing] Trainable params: 28,384,555 / 108,924,715 (26.1%)
[Round 93] T=1.75  α_ce=0.72  α_kd=0.28
 Round 93 | F1 0.5584 | P 0.6289 | R 0.5022 | Time 51.7s | Comm N/A | Local Avg F1: 0.4895

=== Round 94/100 ===
[Round 94] KD=ON | policy=ema_first
[Layer Freezing] Training last 4 transformer layers (layers 8-11)
[Layer Freezing] Trainable params: 28,384,555 / 108,924,715 (26.1%)
[Layer Freezing] Training last 4 transformer layers (layers 8-11)
[Layer Freezing] Trainable params: 28,384,555 / 108,924,715 (26.1%)
[Layer Freezing] Training last 4 transformer layers (layers 8-11)
[Layer Freezing] Trainable params: 28,384,555 / 108,924,715 (26.1%)
[Layer Freezing] Training last 4 transformer layers (layers 8-11)
[Layer Freezing] Trainable params: 28,384,555 / 108,924,715 (26.1%)
[Layer Freezing] Training last 4 transformer layers (layers 8-11)
[Layer Freezing] Trainable params: 28,384,555 / 108,924,715 (26.1%)
[Layer Freezing] Training last 4 transformer layers (layers 8-11)
[Layer Freezing] Trainable params: 28,384,555 / 108,924,715 (26.1%)
[Layer Freezing] Training last 4 transformer layers (layers 8-11)
[Layer Freezing] Trainable params: 28,384,555 / 108,924,715 (26.1%)
[Layer Freezing] Training last 4 transformer layers (layers 8-11)
[Layer Freezing] Trainable params: 28,384,555 / 108,924,715 (26.1%)
[Layer Freezing] Training last 4 transformer layers (layers 8-11)
[Layer Freezing] Trainable params: 28,384,555 / 108,924,715 (26.1%)
[Layer Freezing] Training last 4 transformer layers (layers 8-11)
[Layer Freezing] Trainable params: 28,384,555 / 108,924,715 (26.1%)
[Round 94] T=1.71  α_ce=0.72  α_kd=0.28
 Round 94 | F1 0.5572 | P 0.6281 | R 0.5007 | Time 51.7s | Comm N/A | Local Avg F1: 0.4874

=== Round 95/100 ===
[Round 95] KD=ON | policy=ema_first
[Layer Freezing] Training last 4 transformer layers (layers 8-11)
[Layer Freezing] Trainable params: 28,384,555 / 108,924,715 (26.1%)
[Layer Freezing] Training last 4 transformer layers (layers 8-11)
[Layer Freezing] Trainable params: 28,384,555 / 108,924,715 (26.1%)
[Layer Freezing] Training last 4 transformer layers (layers 8-11)
[Layer Freezing] Trainable params: 28,384,555 / 108,924,715 (26.1%)
[Layer Freezing] Training last 4 transformer layers (layers 8-11)
[Layer Freezing] Trainable params: 28,384,555 / 108,924,715 (26.1%)
[Layer Freezing] Training last 4 transformer layers (layers 8-11)
[Layer Freezing] Trainable params: 28,384,555 / 108,924,715 (26.1%)
[Layer Freezing] Training last 4 transformer layers (layers 8-11)
[Layer Freezing] Trainable params: 28,384,555 / 108,924,715 (26.1%)
[Layer Freezing] Training last 4 transformer layers (layers 8-11)
[Layer Freezing] Trainable params: 28,384,555 / 108,924,715 (26.1%)
[Layer Freezing] Training last 4 transformer layers (layers 8-11)
[Layer Freezing] Trainable params: 28,384,555 / 108,924,715 (26.1%)
[Layer Freezing] Training last 4 transformer layers (layers 8-11)
[Layer Freezing] Trainable params: 28,384,555 / 108,924,715 (26.1%)
[Layer Freezing] Training last 4 transformer layers (layers 8-11)
[Layer Freezing] Trainable params: 28,384,555 / 108,924,715 (26.1%)
[Round 95] T=1.68  α_ce=0.72  α_kd=0.28
 Round 95 | F1 0.5544 | P 0.6300 | R 0.4950 | Time 51.9s | Comm N/A | Local Avg F1: 0.4865

=== Round 96/100 ===
[Round 96] KD=ON | policy=ema_first
[Layer Freezing] Training last 4 transformer layers (layers 8-11)
[Layer Freezing] Trainable params: 28,384,555 / 108,924,715 (26.1%)
[Layer Freezing] Training last 4 transformer layers (layers 8-11)
[Layer Freezing] Trainable params: 28,384,555 / 108,924,715 (26.1%)
[Layer Freezing] Training last 4 transformer layers (layers 8-11)
[Layer Freezing] Trainable params: 28,384,555 / 108,924,715 (26.1%)
[Layer Freezing] Training last 4 transformer layers (layers 8-11)
[Layer Freezing] Trainable params: 28,384,555 / 108,924,715 (26.1%)
[Layer Freezing] Training last 4 transformer layers (layers 8-11)
[Layer Freezing] Trainable params: 28,384,555 / 108,924,715 (26.1%)
[Layer Freezing] Training last 4 transformer layers (layers 8-11)
[Layer Freezing] Trainable params: 28,384,555 / 108,924,715 (26.1%)
[Layer Freezing] Training last 4 transformer layers (layers 8-11)
[Layer Freezing] Trainable params: 28,384,555 / 108,924,715 (26.1%)
[Layer Freezing] Training last 4 transformer layers (layers 8-11)
[Layer Freezing] Trainable params: 28,384,555 / 108,924,715 (26.1%)
[Layer Freezing] Training last 4 transformer layers (layers 8-11)
[Layer Freezing] Trainable params: 28,384,555 / 108,924,715 (26.1%)
[Layer Freezing] Training last 4 transformer layers (layers 8-11)
[Layer Freezing] Trainable params: 28,384,555 / 108,924,715 (26.1%)
[Round 96] T=1.64  α_ce=0.71  α_kd=0.29
 Round 96 | F1 0.5565 | P 0.6275 | R 0.5000 | Time 51.9s | Comm N/A | Local Avg F1: 0.4858

=== Round 97/100 ===
[Round 97] KD=ON | policy=ema_first
[Layer Freezing] Training last 4 transformer layers (layers 8-11)
[Layer Freezing] Trainable params: 28,384,555 / 108,924,715 (26.1%)
[Layer Freezing] Training last 4 transformer layers (layers 8-11)
[Layer Freezing] Trainable params: 28,384,555 / 108,924,715 (26.1%)
[Layer Freezing] Training last 4 transformer layers (layers 8-11)
[Layer Freezing] Trainable params: 28,384,555 / 108,924,715 (26.1%)
[Layer Freezing] Training last 4 transformer layers (layers 8-11)
[Layer Freezing] Trainable params: 28,384,555 / 108,924,715 (26.1%)
[Layer Freezing] Training last 4 transformer layers (layers 8-11)
[Layer Freezing] Trainable params: 28,384,555 / 108,924,715 (26.1%)
[Layer Freezing] Training last 4 transformer layers (layers 8-11)
[Layer Freezing] Trainable params: 28,384,555 / 108,924,715 (26.1%)
[Layer Freezing] Training last 4 transformer layers (layers 8-11)
[Layer Freezing] Trainable params: 28,384,555 / 108,924,715 (26.1%)
[Layer Freezing] Training last 4 transformer layers (layers 8-11)
[Layer Freezing] Trainable params: 28,384,555 / 108,924,715 (26.1%)
[Layer Freezing] Training last 4 transformer layers (layers 8-11)
[Layer Freezing] Trainable params: 28,384,555 / 108,924,715 (26.1%)
[Layer Freezing] Training last 4 transformer layers (layers 8-11)
[Layer Freezing] Trainable params: 28,384,555 / 108,924,715 (26.1%)
[Round 97] T=1.61  α_ce=0.71  α_kd=0.29
 Round 97 | F1 0.5596 | P 0.6289 | R 0.5040 | Time 51.5s | Comm N/A | Local Avg F1: 0.4885

=== Round 98/100 ===
[Round 98] KD=ON | policy=ema_first
[Layer Freezing] Training last 4 transformer layers (layers 8-11)
[Layer Freezing] Trainable params: 28,384,555 / 108,924,715 (26.1%)
[Layer Freezing] Training last 4 transformer layers (layers 8-11)
[Layer Freezing] Trainable params: 28,384,555 / 108,924,715 (26.1%)
[Layer Freezing] Training last 4 transformer layers (layers 8-11)
[Layer Freezing] Trainable params: 28,384,555 / 108,924,715 (26.1%)
[Layer Freezing] Training last 4 transformer layers (layers 8-11)
[Layer Freezing] Trainable params: 28,384,555 / 108,924,715 (26.1%)
[Layer Freezing] Training last 4 transformer layers (layers 8-11)
[Layer Freezing] Trainable params: 28,384,555 / 108,924,715 (26.1%)
[Layer Freezing] Training last 4 transformer layers (layers 8-11)
[Layer Freezing] Trainable params: 28,384,555 / 108,924,715 (26.1%)
[Layer Freezing] Training last 4 transformer layers (layers 8-11)
[Layer Freezing] Trainable params: 28,384,555 / 108,924,715 (26.1%)
[Layer Freezing] Training last 4 transformer layers (layers 8-11)
[Layer Freezing] Trainable params: 28,384,555 / 108,924,715 (26.1%)
[Layer Freezing] Training last 4 transformer layers (layers 8-11)
[Layer Freezing] Trainable params: 28,384,555 / 108,924,715 (26.1%)
[Layer Freezing] Training last 4 transformer layers (layers 8-11)
[Layer Freezing] Trainable params: 28,384,555 / 108,924,715 (26.1%)
[Round 98] T=1.57  α_ce=0.71  α_kd=0.29
 Round 98 | F1 0.5573 | P 0.6357 | R 0.4961 | Time 51.9s | Comm N/A | Local Avg F1: 0.4857

=== Round 99/100 ===
[Round 99] KD=ON | policy=ema_first
[Layer Freezing] Training last 4 transformer layers (layers 8-11)
[Layer Freezing] Trainable params: 28,384,555 / 108,924,715 (26.1%)
[Layer Freezing] Training last 4 transformer layers (layers 8-11)
[Layer Freezing] Trainable params: 28,384,555 / 108,924,715 (26.1%)
[Layer Freezing] Training last 4 transformer layers (layers 8-11)
[Layer Freezing] Trainable params: 28,384,555 / 108,924,715 (26.1%)
[Layer Freezing] Training last 4 transformer layers (layers 8-11)
[Layer Freezing] Trainable params: 28,384,555 / 108,924,715 (26.1%)
[Layer Freezing] Training last 4 transformer layers (layers 8-11)
[Layer Freezing] Trainable params: 28,384,555 / 108,924,715 (26.1%)
[Layer Freezing] Training last 4 transformer layers (layers 8-11)
[Layer Freezing] Trainable params: 28,384,555 / 108,924,715 (26.1%)
[Layer Freezing] Training last 4 transformer layers (layers 8-11)
[Layer Freezing] Trainable params: 28,384,555 / 108,924,715 (26.1%)
[Layer Freezing] Training last 4 transformer layers (layers 8-11)
[Layer Freezing] Trainable params: 28,384,555 / 108,924,715 (26.1%)
[Layer Freezing] Training last 4 transformer layers (layers 8-11)
[Layer Freezing] Trainable params: 28,384,555 / 108,924,715 (26.1%)
[Layer Freezing] Training last 4 transformer layers (layers 8-11)
[Layer Freezing] Trainable params: 28,384,555 / 108,924,715 (26.1%)
[Round 99] T=1.54  α_ce=0.70  α_kd=0.30
 Round 99 | F1 0.5591 | P 0.6378 | R 0.4977 | Time 52.3s | Comm N/A | Local Avg F1: 0.4889

=== Round 100/100 ===
[Round 100] KD=ON | policy=ema_first
[Layer Freezing] Training last 4 transformer layers (layers 8-11)
[Layer Freezing] Trainable params: 28,384,555 / 108,924,715 (26.1%)
[Layer Freezing] Training last 4 transformer layers (layers 8-11)
[Layer Freezing] Trainable params: 28,384,555 / 108,924,715 (26.1%)
[Layer Freezing] Training last 4 transformer layers (layers 8-11)
[Layer Freezing] Trainable params: 28,384,555 / 108,924,715 (26.1%)
[Layer Freezing] Training last 4 transformer layers (layers 8-11)
[Layer Freezing] Trainable params: 28,384,555 / 108,924,715 (26.1%)
[Layer Freezing] Training last 4 transformer layers (layers 8-11)
[Layer Freezing] Trainable params: 28,384,555 / 108,924,715 (26.1%)
[Layer Freezing] Training last 4 transformer layers (layers 8-11)
[Layer Freezing] Trainable params: 28,384,555 / 108,924,715 (26.1%)
[Layer Freezing] Training last 4 transformer layers (layers 8-11)
[Layer Freezing] Trainable params: 28,384,555 / 108,924,715 (26.1%)
[Layer Freezing] Training last 4 transformer layers (layers 8-11)
[Layer Freezing] Trainable params: 28,384,555 / 108,924,715 (26.1%)
[Layer Freezing] Training last 4 transformer layers (layers 8-11)
[Layer Freezing] Trainable params: 28,384,555 / 108,924,715 (26.1%)
[Layer Freezing] Training last 4 transformer layers (layers 8-11)
[Layer Freezing] Trainable params: 28,384,555 / 108,924,715 (26.1%)
[Round 100] T=1.50  α_ce=0.70  α_kd=0.30
 Round 100 | F1 0.5591 | P 0.6345 | R 0.4996 | Time 51.9s | Comm N/A | Local Avg F1: 0.4874
[save_json] Saved: results/FedSAD_20250825_023142/fed_results.json
[save_json] Backup: results/FedSAD_20250825_023142/fed_results_20250825_035800.json
== FedSAD 0.01==
📁 从本地加载模型: /root/autodl-tmp/fedner/models/microsoft_BiomedNLP-PubMedBERT-base-uncased-abstract
Some weights of BertForTokenClassification were not initialized from the model checkpoint at /root/autodl-tmp/fedner/models/microsoft_BiomedNLP-PubMedBERT-base-uncased-abstract and are newly initialized because the shapes did not match:
- classifier.bias: found shape torch.Size([2]) in the checkpoint and torch.Size([43]) in the model instantiated
- classifier.weight: found shape torch.Size([2, 768]) in the checkpoint and torch.Size([43, 768]) in the model instantiated
You should probably TRAIN this model on a down-stream task to be able to use it for predictions and inference.
Using device: cuda
📁 从本地加载模型: /root/autodl-tmp/fedner/models/microsoft_BiomedNLP-PubMedBERT-base-uncased-abstract
Some weights of BertForTokenClassification were not initialized from the model checkpoint at /root/autodl-tmp/fedner/models/microsoft_BiomedNLP-PubMedBERT-base-uncased-abstract and are newly initialized because the shapes did not match:
- classifier.bias: found shape torch.Size([2]) in the checkpoint and torch.Size([43]) in the model instantiated
- classifier.weight: found shape torch.Size([2, 768]) in the checkpoint and torch.Size([43, 768]) in the model instantiated
You should probably TRAIN this model on a down-stream task to be able to use it for predictions and inference.

============================================================
EXPERIMENT CONFIGURATION
============================================================
Algorithm: FedSAD | Clients: 10 (100% per round) | Rounds: 100, Local epochs: 2 | Training: Last 4 layers | Sampling: 300 samples per client (random) | Data: Non-IID (α=0.01)
------------------------------------------------------------
Algorithm-specific parameters for FedSAD:
  - use_distillation: True
  - kd_start_round: 2
  - teacher_policy: ema_first
  - temperature_start: 5.0, temperature_end: 1.5
  - alpha_ce_start: 1.0, alpha_ce_end: 0.7
  - alpha_kd_start: 0.0, alpha_kd_end: 0.3
  - hidden_distill: False, alpha_hidden: 0.0
  - o_downweight: 1.0
============================================================

Model initialized: 108,924,715/108,924,715 trainable params (100.0%)

=== Round 1/100 ===
[Round 1] KD=OFF | policy=ema_first
[Layer Freezing] Training last 4 transformer layers (layers 8-11)
[Layer Freezing] Trainable params: 28,384,555 / 108,924,715 (26.1%)
[Layer Freezing] Training last 4 transformer layers (layers 8-11)
[Layer Freezing] Trainable params: 28,384,555 / 108,924,715 (26.1%)
[Layer Freezing] Training last 4 transformer layers (layers 8-11)
[Layer Freezing] Trainable params: 28,384,555 / 108,924,715 (26.1%)
[Layer Freezing] Training last 4 transformer layers (layers 8-11)
[Layer Freezing] Trainable params: 28,384,555 / 108,924,715 (26.1%)
[Layer Freezing] Training last 4 transformer layers (layers 8-11)
[Layer Freezing] Trainable params: 28,384,555 / 108,924,715 (26.1%)
[Layer Freezing] Training last 4 transformer layers (layers 8-11)
[Layer Freezing] Trainable params: 28,384,555 / 108,924,715 (26.1%)
[Layer Freezing] Training last 4 transformer layers (layers 8-11)
[Layer Freezing] Trainable params: 28,384,555 / 108,924,715 (26.1%)
[Layer Freezing] Training last 4 transformer layers (layers 8-11)
[Layer Freezing] Trainable params: 28,384,555 / 108,924,715 (26.1%)
[Layer Freezing] Training last 4 transformer layers (layers 8-11)
[Layer Freezing] Trainable params: 28,384,555 / 108,924,715 (26.1%)
[Layer Freezing] Training last 4 transformer layers (layers 8-11)
[Layer Freezing] Trainable params: 28,384,555 / 108,924,715 (26.1%)
[Round 1] T=5.00  α_ce=1.00  α_kd=0.00
/root/miniconda3/lib/python3.12/site-packages/seqeval/metrics/v1.py:57: UndefinedMetricWarning: Precision is ill-defined and being set to 0.0 due to no predicted samples. Use `zero_division` parameter to control this behavior.
  _warn_prf(average, modifier, msg_start, len(result))
/root/miniconda3/lib/python3.12/site-packages/seqeval/metrics/v1.py:159: UndefinedMetricWarning: F-score is ill-defined and being set to 0.0 due to no true nor predicted samples. Use `zero_division` parameter to control this behavior.
  _warn_prf(
/root/miniconda3/lib/python3.12/site-packages/seqeval/metrics/v1.py:57: UndefinedMetricWarning: Recall is ill-defined and being set to 0.0 due to no true samples. Use `zero_division` parameter to control this behavior.
  _warn_prf(average, modifier, msg_start, len(result))
 Round 1 | F1 0.0000 | P 0.0000 | R 0.0000 | Time 38.5s | Comm N/A | Local Avg F1: 0.0000

=== Round 2/100 ===
[Round 2] KD=ON | policy=ema_first
[Layer Freezing] Training last 4 transformer layers (layers 8-11)
[Layer Freezing] Trainable params: 28,384,555 / 108,924,715 (26.1%)
[Layer Freezing] Training last 4 transformer layers (layers 8-11)
[Layer Freezing] Trainable params: 28,384,555 / 108,924,715 (26.1%)
[Layer Freezing] Training last 4 transformer layers (layers 8-11)
[Layer Freezing] Trainable params: 28,384,555 / 108,924,715 (26.1%)
[Layer Freezing] Training last 4 transformer layers (layers 8-11)
[Layer Freezing] Trainable params: 28,384,555 / 108,924,715 (26.1%)
[Layer Freezing] Training last 4 transformer layers (layers 8-11)
[Layer Freezing] Trainable params: 28,384,555 / 108,924,715 (26.1%)
[Layer Freezing] Training last 4 transformer layers (layers 8-11)
[Layer Freezing] Trainable params: 28,384,555 / 108,924,715 (26.1%)
[Layer Freezing] Training last 4 transformer layers (layers 8-11)
[Layer Freezing] Trainable params: 28,384,555 / 108,924,715 (26.1%)
[Layer Freezing] Training last 4 transformer layers (layers 8-11)
[Layer Freezing] Trainable params: 28,384,555 / 108,924,715 (26.1%)
[Layer Freezing] Training last 4 transformer layers (layers 8-11)
[Layer Freezing] Trainable params: 28,384,555 / 108,924,715 (26.1%)
[Layer Freezing] Training last 4 transformer layers (layers 8-11)
[Layer Freezing] Trainable params: 28,384,555 / 108,924,715 (26.1%)
[Round 2] T=5.00  α_ce=1.00  α_kd=0.00
 Round 2 | F1 0.0000 | P 0.0000 | R 0.0000 | Time 43.6s | Comm N/A | Local Avg F1: 0.0000

=== Round 3/100 ===
[Round 3] KD=ON | policy=ema_first
[Layer Freezing] Training last 4 transformer layers (layers 8-11)
[Layer Freezing] Trainable params: 28,384,555 / 108,924,715 (26.1%)
[Layer Freezing] Training last 4 transformer layers (layers 8-11)
[Layer Freezing] Trainable params: 28,384,555 / 108,924,715 (26.1%)
[Layer Freezing] Training last 4 transformer layers (layers 8-11)
[Layer Freezing] Trainable params: 28,384,555 / 108,924,715 (26.1%)
[Layer Freezing] Training last 4 transformer layers (layers 8-11)
[Layer Freezing] Trainable params: 28,384,555 / 108,924,715 (26.1%)
[Layer Freezing] Training last 4 transformer layers (layers 8-11)
[Layer Freezing] Trainable params: 28,384,555 / 108,924,715 (26.1%)
[Layer Freezing] Training last 4 transformer layers (layers 8-11)
[Layer Freezing] Trainable params: 28,384,555 / 108,924,715 (26.1%)
[Layer Freezing] Training last 4 transformer layers (layers 8-11)
[Layer Freezing] Trainable params: 28,384,555 / 108,924,715 (26.1%)
[Layer Freezing] Training last 4 transformer layers (layers 8-11)
[Layer Freezing] Trainable params: 28,384,555 / 108,924,715 (26.1%)
[Layer Freezing] Training last 4 transformer layers (layers 8-11)
[Layer Freezing] Trainable params: 28,384,555 / 108,924,715 (26.1%)
[Layer Freezing] Training last 4 transformer layers (layers 8-11)
[Layer Freezing] Trainable params: 28,384,555 / 108,924,715 (26.1%)
[Round 3] T=4.96  α_ce=1.00  α_kd=0.00
 Round 3 | F1 0.0034 | P 0.7429 | R 0.0017 | Time 43.4s | Comm N/A | Local Avg F1: 0.0053

=== Round 4/100 ===
[Round 4] KD=ON | policy=ema_first
[Layer Freezing] Training last 4 transformer layers (layers 8-11)
[Layer Freezing] Trainable params: 28,384,555 / 108,924,715 (26.1%)
[Layer Freezing] Training last 4 transformer layers (layers 8-11)
[Layer Freezing] Trainable params: 28,384,555 / 108,924,715 (26.1%)
[Layer Freezing] Training last 4 transformer layers (layers 8-11)
[Layer Freezing] Trainable params: 28,384,555 / 108,924,715 (26.1%)
[Layer Freezing] Training last 4 transformer layers (layers 8-11)
[Layer Freezing] Trainable params: 28,384,555 / 108,924,715 (26.1%)
[Layer Freezing] Training last 4 transformer layers (layers 8-11)
[Layer Freezing] Trainable params: 28,384,555 / 108,924,715 (26.1%)
[Layer Freezing] Training last 4 transformer layers (layers 8-11)
[Layer Freezing] Trainable params: 28,384,555 / 108,924,715 (26.1%)
[Layer Freezing] Training last 4 transformer layers (layers 8-11)
[Layer Freezing] Trainable params: 28,384,555 / 108,924,715 (26.1%)
[Layer Freezing] Training last 4 transformer layers (layers 8-11)
[Layer Freezing] Trainable params: 28,384,555 / 108,924,715 (26.1%)
[Layer Freezing] Training last 4 transformer layers (layers 8-11)
[Layer Freezing] Trainable params: 28,384,555 / 108,924,715 (26.1%)
[Layer Freezing] Training last 4 transformer layers (layers 8-11)
[Layer Freezing] Trainable params: 28,384,555 / 108,924,715 (26.1%)
[Round 4] T=4.93  α_ce=0.99  α_kd=0.01
 Round 4 | F1 0.0394 | P 0.6948 | R 0.0203 | Time 42.9s | Comm N/A | Local Avg F1: 0.0334

=== Round 5/100 ===
[Round 5] KD=ON | policy=ema_first
[Layer Freezing] Training last 4 transformer layers (layers 8-11)
[Layer Freezing] Trainable params: 28,384,555 / 108,924,715 (26.1%)
[Layer Freezing] Training last 4 transformer layers (layers 8-11)
[Layer Freezing] Trainable params: 28,384,555 / 108,924,715 (26.1%)
[Layer Freezing] Training last 4 transformer layers (layers 8-11)
[Layer Freezing] Trainable params: 28,384,555 / 108,924,715 (26.1%)
[Layer Freezing] Training last 4 transformer layers (layers 8-11)
[Layer Freezing] Trainable params: 28,384,555 / 108,924,715 (26.1%)
[Layer Freezing] Training last 4 transformer layers (layers 8-11)
[Layer Freezing] Trainable params: 28,384,555 / 108,924,715 (26.1%)
[Layer Freezing] Training last 4 transformer layers (layers 8-11)
[Layer Freezing] Trainable params: 28,384,555 / 108,924,715 (26.1%)
[Layer Freezing] Training last 4 transformer layers (layers 8-11)
[Layer Freezing] Trainable params: 28,384,555 / 108,924,715 (26.1%)
[Layer Freezing] Training last 4 transformer layers (layers 8-11)
[Layer Freezing] Trainable params: 28,384,555 / 108,924,715 (26.1%)
[Layer Freezing] Training last 4 transformer layers (layers 8-11)
[Layer Freezing] Trainable params: 28,384,555 / 108,924,715 (26.1%)
[Layer Freezing] Training last 4 transformer layers (layers 8-11)
[Layer Freezing] Trainable params: 28,384,555 / 108,924,715 (26.1%)
[Round 5] T=4.89  α_ce=0.99  α_kd=0.01
 Round 5 | F1 0.1126 | P 0.6297 | R 0.0618 | Time 43.4s | Comm N/A | Local Avg F1: 0.0754

=== Round 6/100 ===
[Round 6] KD=ON | policy=ema_first
[Layer Freezing] Training last 4 transformer layers (layers 8-11)
[Layer Freezing] Trainable params: 28,384,555 / 108,924,715 (26.1%)
[Layer Freezing] Training last 4 transformer layers (layers 8-11)
[Layer Freezing] Trainable params: 28,384,555 / 108,924,715 (26.1%)
[Layer Freezing] Training last 4 transformer layers (layers 8-11)
[Layer Freezing] Trainable params: 28,384,555 / 108,924,715 (26.1%)
[Layer Freezing] Training last 4 transformer layers (layers 8-11)
[Layer Freezing] Trainable params: 28,384,555 / 108,924,715 (26.1%)
[Layer Freezing] Training last 4 transformer layers (layers 8-11)
[Layer Freezing] Trainable params: 28,384,555 / 108,924,715 (26.1%)
[Layer Freezing] Training last 4 transformer layers (layers 8-11)
[Layer Freezing] Trainable params: 28,384,555 / 108,924,715 (26.1%)
[Layer Freezing] Training last 4 transformer layers (layers 8-11)
[Layer Freezing] Trainable params: 28,384,555 / 108,924,715 (26.1%)
[Layer Freezing] Training last 4 transformer layers (layers 8-11)
[Layer Freezing] Trainable params: 28,384,555 / 108,924,715 (26.1%)
[Layer Freezing] Training last 4 transformer layers (layers 8-11)
[Layer Freezing] Trainable params: 28,384,555 / 108,924,715 (26.1%)
[Layer Freezing] Training last 4 transformer layers (layers 8-11)
[Layer Freezing] Trainable params: 28,384,555 / 108,924,715 (26.1%)
[Round 6] T=4.86  α_ce=0.99  α_kd=0.01
 Round 6 | F1 0.1513 | P 0.5910 | R 0.0868 | Time 43.5s | Comm N/A | Local Avg F1: 0.1005

=== Round 7/100 ===
[Round 7] KD=ON | policy=ema_first
[Layer Freezing] Training last 4 transformer layers (layers 8-11)
[Layer Freezing] Trainable params: 28,384,555 / 108,924,715 (26.1%)
[Layer Freezing] Training last 4 transformer layers (layers 8-11)
[Layer Freezing] Trainable params: 28,384,555 / 108,924,715 (26.1%)
[Layer Freezing] Training last 4 transformer layers (layers 8-11)
[Layer Freezing] Trainable params: 28,384,555 / 108,924,715 (26.1%)
[Layer Freezing] Training last 4 transformer layers (layers 8-11)
[Layer Freezing] Trainable params: 28,384,555 / 108,924,715 (26.1%)
[Layer Freezing] Training last 4 transformer layers (layers 8-11)
[Layer Freezing] Trainable params: 28,384,555 / 108,924,715 (26.1%)
[Layer Freezing] Training last 4 transformer layers (layers 8-11)
[Layer Freezing] Trainable params: 28,384,555 / 108,924,715 (26.1%)
[Layer Freezing] Training last 4 transformer layers (layers 8-11)
[Layer Freezing] Trainable params: 28,384,555 / 108,924,715 (26.1%)
[Layer Freezing] Training last 4 transformer layers (layers 8-11)
[Layer Freezing] Trainable params: 28,384,555 / 108,924,715 (26.1%)
[Layer Freezing] Training last 4 transformer layers (layers 8-11)
[Layer Freezing] Trainable params: 28,384,555 / 108,924,715 (26.1%)
[Layer Freezing] Training last 4 transformer layers (layers 8-11)
[Layer Freezing] Trainable params: 28,384,555 / 108,924,715 (26.1%)
[Round 7] T=4.82  α_ce=0.98  α_kd=0.02
 Round 7 | F1 0.1588 | P 0.5698 | R 0.0922 | Time 43.4s | Comm N/A | Local Avg F1: 0.1145

=== Round 8/100 ===
[Round 8] KD=ON | policy=ema_first
[Layer Freezing] Training last 4 transformer layers (layers 8-11)
[Layer Freezing] Trainable params: 28,384,555 / 108,924,715 (26.1%)
[Layer Freezing] Training last 4 transformer layers (layers 8-11)
[Layer Freezing] Trainable params: 28,384,555 / 108,924,715 (26.1%)
[Layer Freezing] Training last 4 transformer layers (layers 8-11)
[Layer Freezing] Trainable params: 28,384,555 / 108,924,715 (26.1%)
[Layer Freezing] Training last 4 transformer layers (layers 8-11)
[Layer Freezing] Trainable params: 28,384,555 / 108,924,715 (26.1%)
[Layer Freezing] Training last 4 transformer layers (layers 8-11)
[Layer Freezing] Trainable params: 28,384,555 / 108,924,715 (26.1%)
[Layer Freezing] Training last 4 transformer layers (layers 8-11)
[Layer Freezing] Trainable params: 28,384,555 / 108,924,715 (26.1%)
[Layer Freezing] Training last 4 transformer layers (layers 8-11)
[Layer Freezing] Trainable params: 28,384,555 / 108,924,715 (26.1%)
[Layer Freezing] Training last 4 transformer layers (layers 8-11)
[Layer Freezing] Trainable params: 28,384,555 / 108,924,715 (26.1%)
[Layer Freezing] Training last 4 transformer layers (layers 8-11)
[Layer Freezing] Trainable params: 28,384,555 / 108,924,715 (26.1%)
[Layer Freezing] Training last 4 transformer layers (layers 8-11)
[Layer Freezing] Trainable params: 28,384,555 / 108,924,715 (26.1%)
[Round 8] T=4.79  α_ce=0.98  α_kd=0.02
 Round 8 | F1 0.1917 | P 0.5597 | R 0.1156 | Time 43.0s | Comm N/A | Local Avg F1: 0.1403

=== Round 9/100 ===
[Round 9] KD=ON | policy=ema_first
[Layer Freezing] Training last 4 transformer layers (layers 8-11)
[Layer Freezing] Trainable params: 28,384,555 / 108,924,715 (26.1%)
[Layer Freezing] Training last 4 transformer layers (layers 8-11)
[Layer Freezing] Trainable params: 28,384,555 / 108,924,715 (26.1%)
[Layer Freezing] Training last 4 transformer layers (layers 8-11)
[Layer Freezing] Trainable params: 28,384,555 / 108,924,715 (26.1%)
[Layer Freezing] Training last 4 transformer layers (layers 8-11)
[Layer Freezing] Trainable params: 28,384,555 / 108,924,715 (26.1%)
[Layer Freezing] Training last 4 transformer layers (layers 8-11)
[Layer Freezing] Trainable params: 28,384,555 / 108,924,715 (26.1%)
[Layer Freezing] Training last 4 transformer layers (layers 8-11)
[Layer Freezing] Trainable params: 28,384,555 / 108,924,715 (26.1%)
[Layer Freezing] Training last 4 transformer layers (layers 8-11)
[Layer Freezing] Trainable params: 28,384,555 / 108,924,715 (26.1%)
[Layer Freezing] Training last 4 transformer layers (layers 8-11)
[Layer Freezing] Trainable params: 28,384,555 / 108,924,715 (26.1%)
[Layer Freezing] Training last 4 transformer layers (layers 8-11)
[Layer Freezing] Trainable params: 28,384,555 / 108,924,715 (26.1%)
[Layer Freezing] Training last 4 transformer layers (layers 8-11)
[Layer Freezing] Trainable params: 28,384,555 / 108,924,715 (26.1%)
[Round 9] T=4.75  α_ce=0.98  α_kd=0.02
 Round 9 | F1 0.1961 | P 0.5493 | R 0.1193 | Time 43.6s | Comm N/A | Local Avg F1: 0.1488

=== Round 10/100 ===
[Round 10] KD=ON | policy=ema_first
[Layer Freezing] Training last 4 transformer layers (layers 8-11)
[Layer Freezing] Trainable params: 28,384,555 / 108,924,715 (26.1%)
[Layer Freezing] Training last 4 transformer layers (layers 8-11)
[Layer Freezing] Trainable params: 28,384,555 / 108,924,715 (26.1%)
[Layer Freezing] Training last 4 transformer layers (layers 8-11)
[Layer Freezing] Trainable params: 28,384,555 / 108,924,715 (26.1%)
[Layer Freezing] Training last 4 transformer layers (layers 8-11)
[Layer Freezing] Trainable params: 28,384,555 / 108,924,715 (26.1%)
[Layer Freezing] Training last 4 transformer layers (layers 8-11)
[Layer Freezing] Trainable params: 28,384,555 / 108,924,715 (26.1%)
[Layer Freezing] Training last 4 transformer layers (layers 8-11)
[Layer Freezing] Trainable params: 28,384,555 / 108,924,715 (26.1%)
[Layer Freezing] Training last 4 transformer layers (layers 8-11)
[Layer Freezing] Trainable params: 28,384,555 / 108,924,715 (26.1%)
[Layer Freezing] Training last 4 transformer layers (layers 8-11)
[Layer Freezing] Trainable params: 28,384,555 / 108,924,715 (26.1%)
[Layer Freezing] Training last 4 transformer layers (layers 8-11)
[Layer Freezing] Trainable params: 28,384,555 / 108,924,715 (26.1%)
[Layer Freezing] Training last 4 transformer layers (layers 8-11)
[Layer Freezing] Trainable params: 28,384,555 / 108,924,715 (26.1%)
[Round 10] T=4.71  α_ce=0.98  α_kd=0.02
 Round 10 | F1 0.2254 | P 0.5790 | R 0.1399 | Time 43.8s | Comm N/A | Local Avg F1: 0.1692

=== Round 11/100 ===
[Round 11] KD=ON | policy=ema_first
[Layer Freezing] Training last 4 transformer layers (layers 8-11)
[Layer Freezing] Trainable params: 28,384,555 / 108,924,715 (26.1%)
[Layer Freezing] Training last 4 transformer layers (layers 8-11)
[Layer Freezing] Trainable params: 28,384,555 / 108,924,715 (26.1%)
[Layer Freezing] Training last 4 transformer layers (layers 8-11)
[Layer Freezing] Trainable params: 28,384,555 / 108,924,715 (26.1%)
[Layer Freezing] Training last 4 transformer layers (layers 8-11)
[Layer Freezing] Trainable params: 28,384,555 / 108,924,715 (26.1%)
[Layer Freezing] Training last 4 transformer layers (layers 8-11)
[Layer Freezing] Trainable params: 28,384,555 / 108,924,715 (26.1%)
[Layer Freezing] Training last 4 transformer layers (layers 8-11)
[Layer Freezing] Trainable params: 28,384,555 / 108,924,715 (26.1%)
[Layer Freezing] Training last 4 transformer layers (layers 8-11)
[Layer Freezing] Trainable params: 28,384,555 / 108,924,715 (26.1%)
[Layer Freezing] Training last 4 transformer layers (layers 8-11)
[Layer Freezing] Trainable params: 28,384,555 / 108,924,715 (26.1%)
[Layer Freezing] Training last 4 transformer layers (layers 8-11)
[Layer Freezing] Trainable params: 28,384,555 / 108,924,715 (26.1%)
[Layer Freezing] Training last 4 transformer layers (layers 8-11)
[Layer Freezing] Trainable params: 28,384,555 / 108,924,715 (26.1%)
[Round 11] T=4.68  α_ce=0.97  α_kd=0.03
 Round 11 | F1 0.2512 | P 0.5597 | R 0.1619 | Time 43.8s | Comm N/A | Local Avg F1: 0.2043

=== Round 12/100 ===
[Round 12] KD=ON | policy=ema_first
[Layer Freezing] Training last 4 transformer layers (layers 8-11)
[Layer Freezing] Trainable params: 28,384,555 / 108,924,715 (26.1%)
[Layer Freezing] Training last 4 transformer layers (layers 8-11)
[Layer Freezing] Trainable params: 28,384,555 / 108,924,715 (26.1%)
[Layer Freezing] Training last 4 transformer layers (layers 8-11)
[Layer Freezing] Trainable params: 28,384,555 / 108,924,715 (26.1%)
[Layer Freezing] Training last 4 transformer layers (layers 8-11)
[Layer Freezing] Trainable params: 28,384,555 / 108,924,715 (26.1%)
[Layer Freezing] Training last 4 transformer layers (layers 8-11)
[Layer Freezing] Trainable params: 28,384,555 / 108,924,715 (26.1%)
[Layer Freezing] Training last 4 transformer layers (layers 8-11)
[Layer Freezing] Trainable params: 28,384,555 / 108,924,715 (26.1%)
[Layer Freezing] Training last 4 transformer layers (layers 8-11)
[Layer Freezing] Trainable params: 28,384,555 / 108,924,715 (26.1%)
[Layer Freezing] Training last 4 transformer layers (layers 8-11)
[Layer Freezing] Trainable params: 28,384,555 / 108,924,715 (26.1%)
[Layer Freezing] Training last 4 transformer layers (layers 8-11)
[Layer Freezing] Trainable params: 28,384,555 / 108,924,715 (26.1%)
[Layer Freezing] Training last 4 transformer layers (layers 8-11)
[Layer Freezing] Trainable params: 28,384,555 / 108,924,715 (26.1%)
[Round 12] T=4.64  α_ce=0.97  α_kd=0.03
 Round 12 | F1 0.2940 | P 0.5669 | R 0.1985 | Time 43.8s | Comm N/A | Local Avg F1: 0.2362

=== Round 13/100 ===
[Round 13] KD=ON | policy=ema_first
[Layer Freezing] Training last 4 transformer layers (layers 8-11)
[Layer Freezing] Trainable params: 28,384,555 / 108,924,715 (26.1%)
[Layer Freezing] Training last 4 transformer layers (layers 8-11)
[Layer Freezing] Trainable params: 28,384,555 / 108,924,715 (26.1%)
[Layer Freezing] Training last 4 transformer layers (layers 8-11)
[Layer Freezing] Trainable params: 28,384,555 / 108,924,715 (26.1%)
[Layer Freezing] Training last 4 transformer layers (layers 8-11)
[Layer Freezing] Trainable params: 28,384,555 / 108,924,715 (26.1%)
[Layer Freezing] Training last 4 transformer layers (layers 8-11)
[Layer Freezing] Trainable params: 28,384,555 / 108,924,715 (26.1%)
[Layer Freezing] Training last 4 transformer layers (layers 8-11)
[Layer Freezing] Trainable params: 28,384,555 / 108,924,715 (26.1%)
[Layer Freezing] Training last 4 transformer layers (layers 8-11)
[Layer Freezing] Trainable params: 28,384,555 / 108,924,715 (26.1%)
[Layer Freezing] Training last 4 transformer layers (layers 8-11)
[Layer Freezing] Trainable params: 28,384,555 / 108,924,715 (26.1%)
[Layer Freezing] Training last 4 transformer layers (layers 8-11)
[Layer Freezing] Trainable params: 28,384,555 / 108,924,715 (26.1%)
[Layer Freezing] Training last 4 transformer layers (layers 8-11)
[Layer Freezing] Trainable params: 28,384,555 / 108,924,715 (26.1%)
[Round 13] T=4.61  α_ce=0.97  α_kd=0.03
 Round 13 | F1 0.3256 | P 0.5629 | R 0.2290 | Time 43.4s | Comm N/A | Local Avg F1: 0.2598

=== Round 14/100 ===
[Round 14] KD=ON | policy=ema_first
[Layer Freezing] Training last 4 transformer layers (layers 8-11)
[Layer Freezing] Trainable params: 28,384,555 / 108,924,715 (26.1%)
[Layer Freezing] Training last 4 transformer layers (layers 8-11)
[Layer Freezing] Trainable params: 28,384,555 / 108,924,715 (26.1%)
[Layer Freezing] Training last 4 transformer layers (layers 8-11)
[Layer Freezing] Trainable params: 28,384,555 / 108,924,715 (26.1%)
[Layer Freezing] Training last 4 transformer layers (layers 8-11)
[Layer Freezing] Trainable params: 28,384,555 / 108,924,715 (26.1%)
[Layer Freezing] Training last 4 transformer layers (layers 8-11)
[Layer Freezing] Trainable params: 28,384,555 / 108,924,715 (26.1%)
[Layer Freezing] Training last 4 transformer layers (layers 8-11)
[Layer Freezing] Trainable params: 28,384,555 / 108,924,715 (26.1%)
[Layer Freezing] Training last 4 transformer layers (layers 8-11)
[Layer Freezing] Trainable params: 28,384,555 / 108,924,715 (26.1%)
[Layer Freezing] Training last 4 transformer layers (layers 8-11)
[Layer Freezing] Trainable params: 28,384,555 / 108,924,715 (26.1%)
[Layer Freezing] Training last 4 transformer layers (layers 8-11)
[Layer Freezing] Trainable params: 28,384,555 / 108,924,715 (26.1%)
[Layer Freezing] Training last 4 transformer layers (layers 8-11)
[Layer Freezing] Trainable params: 28,384,555 / 108,924,715 (26.1%)
[Round 14] T=4.57  α_ce=0.96  α_kd=0.04
 Round 14 | F1 0.3076 | P 0.5901 | R 0.2080 | Time 43.4s | Comm N/A | Local Avg F1: 0.2521

=== Round 15/100 ===
[Round 15] KD=ON | policy=ema_first
[Layer Freezing] Training last 4 transformer layers (layers 8-11)
[Layer Freezing] Trainable params: 28,384,555 / 108,924,715 (26.1%)
[Layer Freezing] Training last 4 transformer layers (layers 8-11)
[Layer Freezing] Trainable params: 28,384,555 / 108,924,715 (26.1%)
[Layer Freezing] Training last 4 transformer layers (layers 8-11)
[Layer Freezing] Trainable params: 28,384,555 / 108,924,715 (26.1%)
[Layer Freezing] Training last 4 transformer layers (layers 8-11)
[Layer Freezing] Trainable params: 28,384,555 / 108,924,715 (26.1%)
[Layer Freezing] Training last 4 transformer layers (layers 8-11)
[Layer Freezing] Trainable params: 28,384,555 / 108,924,715 (26.1%)
[Layer Freezing] Training last 4 transformer layers (layers 8-11)
[Layer Freezing] Trainable params: 28,384,555 / 108,924,715 (26.1%)
[Layer Freezing] Training last 4 transformer layers (layers 8-11)
[Layer Freezing] Trainable params: 28,384,555 / 108,924,715 (26.1%)
[Layer Freezing] Training last 4 transformer layers (layers 8-11)
[Layer Freezing] Trainable params: 28,384,555 / 108,924,715 (26.1%)
[Layer Freezing] Training last 4 transformer layers (layers 8-11)
[Layer Freezing] Trainable params: 28,384,555 / 108,924,715 (26.1%)
[Layer Freezing] Training last 4 transformer layers (layers 8-11)
[Layer Freezing] Trainable params: 28,384,555 / 108,924,715 (26.1%)
[Round 15] T=4.54  α_ce=0.96  α_kd=0.04
 Round 15 | F1 0.3403 | P 0.5788 | R 0.2410 | Time 43.7s | Comm N/A | Local Avg F1: 0.2844

=== Round 16/100 ===
[Round 16] KD=ON | policy=ema_first
[Layer Freezing] Training last 4 transformer layers (layers 8-11)
[Layer Freezing] Trainable params: 28,384,555 / 108,924,715 (26.1%)
[Layer Freezing] Training last 4 transformer layers (layers 8-11)
[Layer Freezing] Trainable params: 28,384,555 / 108,924,715 (26.1%)
[Layer Freezing] Training last 4 transformer layers (layers 8-11)
[Layer Freezing] Trainable params: 28,384,555 / 108,924,715 (26.1%)
[Layer Freezing] Training last 4 transformer layers (layers 8-11)
[Layer Freezing] Trainable params: 28,384,555 / 108,924,715 (26.1%)
[Layer Freezing] Training last 4 transformer layers (layers 8-11)
[Layer Freezing] Trainable params: 28,384,555 / 108,924,715 (26.1%)
[Layer Freezing] Training last 4 transformer layers (layers 8-11)
[Layer Freezing] Trainable params: 28,384,555 / 108,924,715 (26.1%)
[Layer Freezing] Training last 4 transformer layers (layers 8-11)
[Layer Freezing] Trainable params: 28,384,555 / 108,924,715 (26.1%)
[Layer Freezing] Training last 4 transformer layers (layers 8-11)
[Layer Freezing] Trainable params: 28,384,555 / 108,924,715 (26.1%)
[Layer Freezing] Training last 4 transformer layers (layers 8-11)
[Layer Freezing] Trainable params: 28,384,555 / 108,924,715 (26.1%)
[Layer Freezing] Training last 4 transformer layers (layers 8-11)
[Layer Freezing] Trainable params: 28,384,555 / 108,924,715 (26.1%)
[Round 16] T=4.50  α_ce=0.96  α_kd=0.04
 Round 16 | F1 0.3265 | P 0.5997 | R 0.2243 | Time 43.7s | Comm N/A | Local Avg F1: 0.2663

=== Round 17/100 ===
[Round 17] KD=ON | policy=ema_first
[Layer Freezing] Training last 4 transformer layers (layers 8-11)
[Layer Freezing] Trainable params: 28,384,555 / 108,924,715 (26.1%)
[Layer Freezing] Training last 4 transformer layers (layers 8-11)
[Layer Freezing] Trainable params: 28,384,555 / 108,924,715 (26.1%)
[Layer Freezing] Training last 4 transformer layers (layers 8-11)
[Layer Freezing] Trainable params: 28,384,555 / 108,924,715 (26.1%)
[Layer Freezing] Training last 4 transformer layers (layers 8-11)
[Layer Freezing] Trainable params: 28,384,555 / 108,924,715 (26.1%)
[Layer Freezing] Training last 4 transformer layers (layers 8-11)
[Layer Freezing] Trainable params: 28,384,555 / 108,924,715 (26.1%)
[Layer Freezing] Training last 4 transformer layers (layers 8-11)
[Layer Freezing] Trainable params: 28,384,555 / 108,924,715 (26.1%)
[Layer Freezing] Training last 4 transformer layers (layers 8-11)
[Layer Freezing] Trainable params: 28,384,555 / 108,924,715 (26.1%)
[Layer Freezing] Training last 4 transformer layers (layers 8-11)
[Layer Freezing] Trainable params: 28,384,555 / 108,924,715 (26.1%)
[Layer Freezing] Training last 4 transformer layers (layers 8-11)
[Layer Freezing] Trainable params: 28,384,555 / 108,924,715 (26.1%)
[Layer Freezing] Training last 4 transformer layers (layers 8-11)
[Layer Freezing] Trainable params: 28,384,555 / 108,924,715 (26.1%)
[Round 17] T=4.46  α_ce=0.95  α_kd=0.05
 Round 17 | F1 0.3715 | P 0.5866 | R 0.2718 | Time 43.6s | Comm N/A | Local Avg F1: 0.3045

=== Round 18/100 ===
[Round 18] KD=ON | policy=ema_first
[Layer Freezing] Training last 4 transformer layers (layers 8-11)
[Layer Freezing] Trainable params: 28,384,555 / 108,924,715 (26.1%)
[Layer Freezing] Training last 4 transformer layers (layers 8-11)
[Layer Freezing] Trainable params: 28,384,555 / 108,924,715 (26.1%)
[Layer Freezing] Training last 4 transformer layers (layers 8-11)
[Layer Freezing] Trainable params: 28,384,555 / 108,924,715 (26.1%)
[Layer Freezing] Training last 4 transformer layers (layers 8-11)
[Layer Freezing] Trainable params: 28,384,555 / 108,924,715 (26.1%)
[Layer Freezing] Training last 4 transformer layers (layers 8-11)
[Layer Freezing] Trainable params: 28,384,555 / 108,924,715 (26.1%)
[Layer Freezing] Training last 4 transformer layers (layers 8-11)
[Layer Freezing] Trainable params: 28,384,555 / 108,924,715 (26.1%)
[Layer Freezing] Training last 4 transformer layers (layers 8-11)
[Layer Freezing] Trainable params: 28,384,555 / 108,924,715 (26.1%)
[Layer Freezing] Training last 4 transformer layers (layers 8-11)
[Layer Freezing] Trainable params: 28,384,555 / 108,924,715 (26.1%)
[Layer Freezing] Training last 4 transformer layers (layers 8-11)
[Layer Freezing] Trainable params: 28,384,555 / 108,924,715 (26.1%)
[Layer Freezing] Training last 4 transformer layers (layers 8-11)
[Layer Freezing] Trainable params: 28,384,555 / 108,924,715 (26.1%)
[Round 18] T=4.43  α_ce=0.95  α_kd=0.05
 Round 18 | F1 0.4027 | P 0.5841 | R 0.3073 | Time 43.0s | Comm N/A | Local Avg F1: 0.3239

=== Round 19/100 ===
[Round 19] KD=ON | policy=ema_first
[Layer Freezing] Training last 4 transformer layers (layers 8-11)
[Layer Freezing] Trainable params: 28,384,555 / 108,924,715 (26.1%)
[Layer Freezing] Training last 4 transformer layers (layers 8-11)
[Layer Freezing] Trainable params: 28,384,555 / 108,924,715 (26.1%)
[Layer Freezing] Training last 4 transformer layers (layers 8-11)
[Layer Freezing] Trainable params: 28,384,555 / 108,924,715 (26.1%)
[Layer Freezing] Training last 4 transformer layers (layers 8-11)
[Layer Freezing] Trainable params: 28,384,555 / 108,924,715 (26.1%)
[Layer Freezing] Training last 4 transformer layers (layers 8-11)
[Layer Freezing] Trainable params: 28,384,555 / 108,924,715 (26.1%)
[Layer Freezing] Training last 4 transformer layers (layers 8-11)
[Layer Freezing] Trainable params: 28,384,555 / 108,924,715 (26.1%)
[Layer Freezing] Training last 4 transformer layers (layers 8-11)
[Layer Freezing] Trainable params: 28,384,555 / 108,924,715 (26.1%)
[Layer Freezing] Training last 4 transformer layers (layers 8-11)
[Layer Freezing] Trainable params: 28,384,555 / 108,924,715 (26.1%)
[Layer Freezing] Training last 4 transformer layers (layers 8-11)
[Layer Freezing] Trainable params: 28,384,555 / 108,924,715 (26.1%)
[Layer Freezing] Training last 4 transformer layers (layers 8-11)
[Layer Freezing] Trainable params: 28,384,555 / 108,924,715 (26.1%)
[Round 19] T=4.39  α_ce=0.95  α_kd=0.05
 Round 19 | F1 0.3659 | P 0.6086 | R 0.2616 | Time 43.2s | Comm N/A | Local Avg F1: 0.3077

=== Round 20/100 ===
[Round 20] KD=ON | policy=ema_first
[Layer Freezing] Training last 4 transformer layers (layers 8-11)
[Layer Freezing] Trainable params: 28,384,555 / 108,924,715 (26.1%)
[Layer Freezing] Training last 4 transformer layers (layers 8-11)
[Layer Freezing] Trainable params: 28,384,555 / 108,924,715 (26.1%)
[Layer Freezing] Training last 4 transformer layers (layers 8-11)
[Layer Freezing] Trainable params: 28,384,555 / 108,924,715 (26.1%)
[Layer Freezing] Training last 4 transformer layers (layers 8-11)
[Layer Freezing] Trainable params: 28,384,555 / 108,924,715 (26.1%)
[Layer Freezing] Training last 4 transformer layers (layers 8-11)
[Layer Freezing] Trainable params: 28,384,555 / 108,924,715 (26.1%)
[Layer Freezing] Training last 4 transformer layers (layers 8-11)
[Layer Freezing] Trainable params: 28,384,555 / 108,924,715 (26.1%)
[Layer Freezing] Training last 4 transformer layers (layers 8-11)
[Layer Freezing] Trainable params: 28,384,555 / 108,924,715 (26.1%)
[Layer Freezing] Training last 4 transformer layers (layers 8-11)
[Layer Freezing] Trainable params: 28,384,555 / 108,924,715 (26.1%)
[Layer Freezing] Training last 4 transformer layers (layers 8-11)
[Layer Freezing] Trainable params: 28,384,555 / 108,924,715 (26.1%)
[Layer Freezing] Training last 4 transformer layers (layers 8-11)
[Layer Freezing] Trainable params: 28,384,555 / 108,924,715 (26.1%)
[Round 20] T=4.36  α_ce=0.94  α_kd=0.06
 Round 20 | F1 0.3950 | P 0.6074 | R 0.2927 | Time 43.4s | Comm N/A | Local Avg F1: 0.3275

=== Round 21/100 ===
[Round 21] KD=ON | policy=ema_first
[Layer Freezing] Training last 4 transformer layers (layers 8-11)
[Layer Freezing] Trainable params: 28,384,555 / 108,924,715 (26.1%)
[Layer Freezing] Training last 4 transformer layers (layers 8-11)
[Layer Freezing] Trainable params: 28,384,555 / 108,924,715 (26.1%)
[Layer Freezing] Training last 4 transformer layers (layers 8-11)
[Layer Freezing] Trainable params: 28,384,555 / 108,924,715 (26.1%)
[Layer Freezing] Training last 4 transformer layers (layers 8-11)
[Layer Freezing] Trainable params: 28,384,555 / 108,924,715 (26.1%)
[Layer Freezing] Training last 4 transformer layers (layers 8-11)
[Layer Freezing] Trainable params: 28,384,555 / 108,924,715 (26.1%)
[Layer Freezing] Training last 4 transformer layers (layers 8-11)
[Layer Freezing] Trainable params: 28,384,555 / 108,924,715 (26.1%)
[Layer Freezing] Training last 4 transformer layers (layers 8-11)
[Layer Freezing] Trainable params: 28,384,555 / 108,924,715 (26.1%)
[Layer Freezing] Training last 4 transformer layers (layers 8-11)
[Layer Freezing] Trainable params: 28,384,555 / 108,924,715 (26.1%)
[Layer Freezing] Training last 4 transformer layers (layers 8-11)
[Layer Freezing] Trainable params: 28,384,555 / 108,924,715 (26.1%)
[Layer Freezing] Training last 4 transformer layers (layers 8-11)
[Layer Freezing] Trainable params: 28,384,555 / 108,924,715 (26.1%)
[Round 21] T=4.32  α_ce=0.94  α_kd=0.06
 Round 21 | F1 0.4167 | P 0.5839 | R 0.3239 | Time 43.4s | Comm N/A | Local Avg F1: 0.3523

=== Round 22/100 ===
[Round 22] KD=ON | policy=ema_first
[Layer Freezing] Training last 4 transformer layers (layers 8-11)
[Layer Freezing] Trainable params: 28,384,555 / 108,924,715 (26.1%)
[Layer Freezing] Training last 4 transformer layers (layers 8-11)
[Layer Freezing] Trainable params: 28,384,555 / 108,924,715 (26.1%)
[Layer Freezing] Training last 4 transformer layers (layers 8-11)
[Layer Freezing] Trainable params: 28,384,555 / 108,924,715 (26.1%)
[Layer Freezing] Training last 4 transformer layers (layers 8-11)
[Layer Freezing] Trainable params: 28,384,555 / 108,924,715 (26.1%)
[Layer Freezing] Training last 4 transformer layers (layers 8-11)
[Layer Freezing] Trainable params: 28,384,555 / 108,924,715 (26.1%)
[Layer Freezing] Training last 4 transformer layers (layers 8-11)
[Layer Freezing] Trainable params: 28,384,555 / 108,924,715 (26.1%)
[Layer Freezing] Training last 4 transformer layers (layers 8-11)
[Layer Freezing] Trainable params: 28,384,555 / 108,924,715 (26.1%)
[Layer Freezing] Training last 4 transformer layers (layers 8-11)
[Layer Freezing] Trainable params: 28,384,555 / 108,924,715 (26.1%)
[Layer Freezing] Training last 4 transformer layers (layers 8-11)
[Layer Freezing] Trainable params: 28,384,555 / 108,924,715 (26.1%)
[Layer Freezing] Training last 4 transformer layers (layers 8-11)
[Layer Freezing] Trainable params: 28,384,555 / 108,924,715 (26.1%)
[Round 22] T=4.29  α_ce=0.94  α_kd=0.06
 Round 22 | F1 0.4154 | P 0.6021 | R 0.3171 | Time 43.1s | Comm N/A | Local Avg F1: 0.3490

=== Round 23/100 ===
[Round 23] KD=ON | policy=ema_first
[Layer Freezing] Training last 4 transformer layers (layers 8-11)
[Layer Freezing] Trainable params: 28,384,555 / 108,924,715 (26.1%)
[Layer Freezing] Training last 4 transformer layers (layers 8-11)
[Layer Freezing] Trainable params: 28,384,555 / 108,924,715 (26.1%)
[Layer Freezing] Training last 4 transformer layers (layers 8-11)
[Layer Freezing] Trainable params: 28,384,555 / 108,924,715 (26.1%)
[Layer Freezing] Training last 4 transformer layers (layers 8-11)
[Layer Freezing] Trainable params: 28,384,555 / 108,924,715 (26.1%)
[Layer Freezing] Training last 4 transformer layers (layers 8-11)
[Layer Freezing] Trainable params: 28,384,555 / 108,924,715 (26.1%)
[Layer Freezing] Training last 4 transformer layers (layers 8-11)
[Layer Freezing] Trainable params: 28,384,555 / 108,924,715 (26.1%)
[Layer Freezing] Training last 4 transformer layers (layers 8-11)
[Layer Freezing] Trainable params: 28,384,555 / 108,924,715 (26.1%)
[Layer Freezing] Training last 4 transformer layers (layers 8-11)
[Layer Freezing] Trainable params: 28,384,555 / 108,924,715 (26.1%)
[Layer Freezing] Training last 4 transformer layers (layers 8-11)
[Layer Freezing] Trainable params: 28,384,555 / 108,924,715 (26.1%)
[Layer Freezing] Training last 4 transformer layers (layers 8-11)
[Layer Freezing] Trainable params: 28,384,555 / 108,924,715 (26.1%)
[Round 23] T=4.25  α_ce=0.94  α_kd=0.06
 Round 23 | F1 0.4233 | P 0.6054 | R 0.3255 | Time 43.3s | Comm N/A | Local Avg F1: 0.3606

=== Round 24/100 ===
[Round 24] KD=ON | policy=ema_first
[Layer Freezing] Training last 4 transformer layers (layers 8-11)
[Layer Freezing] Trainable params: 28,384,555 / 108,924,715 (26.1%)
[Layer Freezing] Training last 4 transformer layers (layers 8-11)
[Layer Freezing] Trainable params: 28,384,555 / 108,924,715 (26.1%)
[Layer Freezing] Training last 4 transformer layers (layers 8-11)
[Layer Freezing] Trainable params: 28,384,555 / 108,924,715 (26.1%)
[Layer Freezing] Training last 4 transformer layers (layers 8-11)
[Layer Freezing] Trainable params: 28,384,555 / 108,924,715 (26.1%)
[Layer Freezing] Training last 4 transformer layers (layers 8-11)
[Layer Freezing] Trainable params: 28,384,555 / 108,924,715 (26.1%)
[Layer Freezing] Training last 4 transformer layers (layers 8-11)
[Layer Freezing] Trainable params: 28,384,555 / 108,924,715 (26.1%)
[Layer Freezing] Training last 4 transformer layers (layers 8-11)
[Layer Freezing] Trainable params: 28,384,555 / 108,924,715 (26.1%)
[Layer Freezing] Training last 4 transformer layers (layers 8-11)
[Layer Freezing] Trainable params: 28,384,555 / 108,924,715 (26.1%)
[Layer Freezing] Training last 4 transformer layers (layers 8-11)
[Layer Freezing] Trainable params: 28,384,555 / 108,924,715 (26.1%)
[Layer Freezing] Training last 4 transformer layers (layers 8-11)
[Layer Freezing] Trainable params: 28,384,555 / 108,924,715 (26.1%)
[Round 24] T=4.21  α_ce=0.93  α_kd=0.07
 Round 24 | F1 0.4269 | P 0.6074 | R 0.3291 | Time 43.4s | Comm N/A | Local Avg F1: 0.3628

=== Round 25/100 ===
[Round 25] KD=ON | policy=ema_first
[Layer Freezing] Training last 4 transformer layers (layers 8-11)
[Layer Freezing] Trainable params: 28,384,555 / 108,924,715 (26.1%)
[Layer Freezing] Training last 4 transformer layers (layers 8-11)
[Layer Freezing] Trainable params: 28,384,555 / 108,924,715 (26.1%)
[Layer Freezing] Training last 4 transformer layers (layers 8-11)
[Layer Freezing] Trainable params: 28,384,555 / 108,924,715 (26.1%)
[Layer Freezing] Training last 4 transformer layers (layers 8-11)
[Layer Freezing] Trainable params: 28,384,555 / 108,924,715 (26.1%)
[Layer Freezing] Training last 4 transformer layers (layers 8-11)
[Layer Freezing] Trainable params: 28,384,555 / 108,924,715 (26.1%)
[Layer Freezing] Training last 4 transformer layers (layers 8-11)
[Layer Freezing] Trainable params: 28,384,555 / 108,924,715 (26.1%)
[Layer Freezing] Training last 4 transformer layers (layers 8-11)
[Layer Freezing] Trainable params: 28,384,555 / 108,924,715 (26.1%)
[Layer Freezing] Training last 4 transformer layers (layers 8-11)
[Layer Freezing] Trainable params: 28,384,555 / 108,924,715 (26.1%)
[Layer Freezing] Training last 4 transformer layers (layers 8-11)
[Layer Freezing] Trainable params: 28,384,555 / 108,924,715 (26.1%)
[Layer Freezing] Training last 4 transformer layers (layers 8-11)
[Layer Freezing] Trainable params: 28,384,555 / 108,924,715 (26.1%)
[Round 25] T=4.18  α_ce=0.93  α_kd=0.07
 Round 25 | F1 0.4335 | P 0.6035 | R 0.3383 | Time 43.6s | Comm N/A | Local Avg F1: 0.3734

=== Round 26/100 ===
[Round 26] KD=ON | policy=ema_first
[Layer Freezing] Training last 4 transformer layers (layers 8-11)
[Layer Freezing] Trainable params: 28,384,555 / 108,924,715 (26.1%)
[Layer Freezing] Training last 4 transformer layers (layers 8-11)
[Layer Freezing] Trainable params: 28,384,555 / 108,924,715 (26.1%)
[Layer Freezing] Training last 4 transformer layers (layers 8-11)
[Layer Freezing] Trainable params: 28,384,555 / 108,924,715 (26.1%)
[Layer Freezing] Training last 4 transformer layers (layers 8-11)
[Layer Freezing] Trainable params: 28,384,555 / 108,924,715 (26.1%)
[Layer Freezing] Training last 4 transformer layers (layers 8-11)
[Layer Freezing] Trainable params: 28,384,555 / 108,924,715 (26.1%)
[Layer Freezing] Training last 4 transformer layers (layers 8-11)
[Layer Freezing] Trainable params: 28,384,555 / 108,924,715 (26.1%)
[Layer Freezing] Training last 4 transformer layers (layers 8-11)
[Layer Freezing] Trainable params: 28,384,555 / 108,924,715 (26.1%)
[Layer Freezing] Training last 4 transformer layers (layers 8-11)
[Layer Freezing] Trainable params: 28,384,555 / 108,924,715 (26.1%)
[Layer Freezing] Training last 4 transformer layers (layers 8-11)
[Layer Freezing] Trainable params: 28,384,555 / 108,924,715 (26.1%)
[Layer Freezing] Training last 4 transformer layers (layers 8-11)
[Layer Freezing] Trainable params: 28,384,555 / 108,924,715 (26.1%)
[Round 26] T=4.14  α_ce=0.93  α_kd=0.07
 Round 26 | F1 0.4211 | P 0.6245 | R 0.3176 | Time 43.7s | Comm N/A | Local Avg F1: 0.3634

=== Round 27/100 ===
[Round 27] KD=ON | policy=ema_first
[Layer Freezing] Training last 4 transformer layers (layers 8-11)
[Layer Freezing] Trainable params: 28,384,555 / 108,924,715 (26.1%)
[Layer Freezing] Training last 4 transformer layers (layers 8-11)
[Layer Freezing] Trainable params: 28,384,555 / 108,924,715 (26.1%)
[Layer Freezing] Training last 4 transformer layers (layers 8-11)
[Layer Freezing] Trainable params: 28,384,555 / 108,924,715 (26.1%)
[Layer Freezing] Training last 4 transformer layers (layers 8-11)
[Layer Freezing] Trainable params: 28,384,555 / 108,924,715 (26.1%)
[Layer Freezing] Training last 4 transformer layers (layers 8-11)
[Layer Freezing] Trainable params: 28,384,555 / 108,924,715 (26.1%)
[Layer Freezing] Training last 4 transformer layers (layers 8-11)
[Layer Freezing] Trainable params: 28,384,555 / 108,924,715 (26.1%)
[Layer Freezing] Training last 4 transformer layers (layers 8-11)
[Layer Freezing] Trainable params: 28,384,555 / 108,924,715 (26.1%)
[Layer Freezing] Training last 4 transformer layers (layers 8-11)
[Layer Freezing] Trainable params: 28,384,555 / 108,924,715 (26.1%)
[Layer Freezing] Training last 4 transformer layers (layers 8-11)
[Layer Freezing] Trainable params: 28,384,555 / 108,924,715 (26.1%)
[Layer Freezing] Training last 4 transformer layers (layers 8-11)
[Layer Freezing] Trainable params: 28,384,555 / 108,924,715 (26.1%)
[Round 27] T=4.11  α_ce=0.92  α_kd=0.08
 Round 27 | F1 0.4635 | P 0.6035 | R 0.3762 | Time 43.5s | Comm N/A | Local Avg F1: 0.3917

=== Round 28/100 ===
[Round 28] KD=ON | policy=ema_first
[Layer Freezing] Training last 4 transformer layers (layers 8-11)
[Layer Freezing] Trainable params: 28,384,555 / 108,924,715 (26.1%)
[Layer Freezing] Training last 4 transformer layers (layers 8-11)
[Layer Freezing] Trainable params: 28,384,555 / 108,924,715 (26.1%)
[Layer Freezing] Training last 4 transformer layers (layers 8-11)
[Layer Freezing] Trainable params: 28,384,555 / 108,924,715 (26.1%)
[Layer Freezing] Training last 4 transformer layers (layers 8-11)
[Layer Freezing] Trainable params: 28,384,555 / 108,924,715 (26.1%)
[Layer Freezing] Training last 4 transformer layers (layers 8-11)
[Layer Freezing] Trainable params: 28,384,555 / 108,924,715 (26.1%)
[Layer Freezing] Training last 4 transformer layers (layers 8-11)
[Layer Freezing] Trainable params: 28,384,555 / 108,924,715 (26.1%)
[Layer Freezing] Training last 4 transformer layers (layers 8-11)
[Layer Freezing] Trainable params: 28,384,555 / 108,924,715 (26.1%)
[Layer Freezing] Training last 4 transformer layers (layers 8-11)
[Layer Freezing] Trainable params: 28,384,555 / 108,924,715 (26.1%)
[Layer Freezing] Training last 4 transformer layers (layers 8-11)
[Layer Freezing] Trainable params: 28,384,555 / 108,924,715 (26.1%)
[Layer Freezing] Training last 4 transformer layers (layers 8-11)
[Layer Freezing] Trainable params: 28,384,555 / 108,924,715 (26.1%)
[Round 28] T=4.07  α_ce=0.92  α_kd=0.08
 Round 28 | F1 0.4516 | P 0.6202 | R 0.3550 | Time 43.3s | Comm N/A | Local Avg F1: 0.3853

=== Round 29/100 ===
[Round 29] KD=ON | policy=ema_first
[Layer Freezing] Training last 4 transformer layers (layers 8-11)
[Layer Freezing] Trainable params: 28,384,555 / 108,924,715 (26.1%)
[Layer Freezing] Training last 4 transformer layers (layers 8-11)
[Layer Freezing] Trainable params: 28,384,555 / 108,924,715 (26.1%)
[Layer Freezing] Training last 4 transformer layers (layers 8-11)
[Layer Freezing] Trainable params: 28,384,555 / 108,924,715 (26.1%)
[Layer Freezing] Training last 4 transformer layers (layers 8-11)
[Layer Freezing] Trainable params: 28,384,555 / 108,924,715 (26.1%)
[Layer Freezing] Training last 4 transformer layers (layers 8-11)
[Layer Freezing] Trainable params: 28,384,555 / 108,924,715 (26.1%)
[Layer Freezing] Training last 4 transformer layers (layers 8-11)
[Layer Freezing] Trainable params: 28,384,555 / 108,924,715 (26.1%)
[Layer Freezing] Training last 4 transformer layers (layers 8-11)
[Layer Freezing] Trainable params: 28,384,555 / 108,924,715 (26.1%)
[Layer Freezing] Training last 4 transformer layers (layers 8-11)
[Layer Freezing] Trainable params: 28,384,555 / 108,924,715 (26.1%)
[Layer Freezing] Training last 4 transformer layers (layers 8-11)
[Layer Freezing] Trainable params: 28,384,555 / 108,924,715 (26.1%)
[Layer Freezing] Training last 4 transformer layers (layers 8-11)
[Layer Freezing] Trainable params: 28,384,555 / 108,924,715 (26.1%)
[Round 29] T=4.04  α_ce=0.92  α_kd=0.08
 Round 29 | F1 0.4702 | P 0.6070 | R 0.3837 | Time 43.3s | Comm N/A | Local Avg F1: 0.4018

=== Round 30/100 ===
[Round 30] KD=ON | policy=ema_first
[Layer Freezing] Training last 4 transformer layers (layers 8-11)
[Layer Freezing] Trainable params: 28,384,555 / 108,924,715 (26.1%)
[Layer Freezing] Training last 4 transformer layers (layers 8-11)
[Layer Freezing] Trainable params: 28,384,555 / 108,924,715 (26.1%)
[Layer Freezing] Training last 4 transformer layers (layers 8-11)
[Layer Freezing] Trainable params: 28,384,555 / 108,924,715 (26.1%)
[Layer Freezing] Training last 4 transformer layers (layers 8-11)
[Layer Freezing] Trainable params: 28,384,555 / 108,924,715 (26.1%)
[Layer Freezing] Training last 4 transformer layers (layers 8-11)
[Layer Freezing] Trainable params: 28,384,555 / 108,924,715 (26.1%)
[Layer Freezing] Training last 4 transformer layers (layers 8-11)
[Layer Freezing] Trainable params: 28,384,555 / 108,924,715 (26.1%)
[Layer Freezing] Training last 4 transformer layers (layers 8-11)
[Layer Freezing] Trainable params: 28,384,555 / 108,924,715 (26.1%)
[Layer Freezing] Training last 4 transformer layers (layers 8-11)
[Layer Freezing] Trainable params: 28,384,555 / 108,924,715 (26.1%)
[Layer Freezing] Training last 4 transformer layers (layers 8-11)
[Layer Freezing] Trainable params: 28,384,555 / 108,924,715 (26.1%)
[Layer Freezing] Training last 4 transformer layers (layers 8-11)
[Layer Freezing] Trainable params: 28,384,555 / 108,924,715 (26.1%)
[Round 30] T=4.00  α_ce=0.91  α_kd=0.09
 Round 30 | F1 0.4646 | P 0.6180 | R 0.3722 | Time 43.4s | Comm N/A | Local Avg F1: 0.3979

=== Round 31/100 ===
[Round 31] KD=ON | policy=ema_first
[Layer Freezing] Training last 4 transformer layers (layers 8-11)
[Layer Freezing] Trainable params: 28,384,555 / 108,924,715 (26.1%)
[Layer Freezing] Training last 4 transformer layers (layers 8-11)
[Layer Freezing] Trainable params: 28,384,555 / 108,924,715 (26.1%)
[Layer Freezing] Training last 4 transformer layers (layers 8-11)
[Layer Freezing] Trainable params: 28,384,555 / 108,924,715 (26.1%)
[Layer Freezing] Training last 4 transformer layers (layers 8-11)
[Layer Freezing] Trainable params: 28,384,555 / 108,924,715 (26.1%)
[Layer Freezing] Training last 4 transformer layers (layers 8-11)
[Layer Freezing] Trainable params: 28,384,555 / 108,924,715 (26.1%)
[Layer Freezing] Training last 4 transformer layers (layers 8-11)
[Layer Freezing] Trainable params: 28,384,555 / 108,924,715 (26.1%)
[Layer Freezing] Training last 4 transformer layers (layers 8-11)
[Layer Freezing] Trainable params: 28,384,555 / 108,924,715 (26.1%)
[Layer Freezing] Training last 4 transformer layers (layers 8-11)
[Layer Freezing] Trainable params: 28,384,555 / 108,924,715 (26.1%)
[Layer Freezing] Training last 4 transformer layers (layers 8-11)
[Layer Freezing] Trainable params: 28,384,555 / 108,924,715 (26.1%)
[Layer Freezing] Training last 4 transformer layers (layers 8-11)
[Layer Freezing] Trainable params: 28,384,555 / 108,924,715 (26.1%)
[Round 31] T=3.96  α_ce=0.91  α_kd=0.09
 Round 31 | F1 0.4737 | P 0.6190 | R 0.3836 | Time 43.3s | Comm N/A | Local Avg F1: 0.4019

=== Round 32/100 ===
[Round 32] KD=ON | policy=ema_first
[Layer Freezing] Training last 4 transformer layers (layers 8-11)
[Layer Freezing] Trainable params: 28,384,555 / 108,924,715 (26.1%)
[Layer Freezing] Training last 4 transformer layers (layers 8-11)
[Layer Freezing] Trainable params: 28,384,555 / 108,924,715 (26.1%)
[Layer Freezing] Training last 4 transformer layers (layers 8-11)
[Layer Freezing] Trainable params: 28,384,555 / 108,924,715 (26.1%)
[Layer Freezing] Training last 4 transformer layers (layers 8-11)
[Layer Freezing] Trainable params: 28,384,555 / 108,924,715 (26.1%)
[Layer Freezing] Training last 4 transformer layers (layers 8-11)
[Layer Freezing] Trainable params: 28,384,555 / 108,924,715 (26.1%)
[Layer Freezing] Training last 4 transformer layers (layers 8-11)
[Layer Freezing] Trainable params: 28,384,555 / 108,924,715 (26.1%)
[Layer Freezing] Training last 4 transformer layers (layers 8-11)
[Layer Freezing] Trainable params: 28,384,555 / 108,924,715 (26.1%)
[Layer Freezing] Training last 4 transformer layers (layers 8-11)
[Layer Freezing] Trainable params: 28,384,555 / 108,924,715 (26.1%)
[Layer Freezing] Training last 4 transformer layers (layers 8-11)
[Layer Freezing] Trainable params: 28,384,555 / 108,924,715 (26.1%)
[Layer Freezing] Training last 4 transformer layers (layers 8-11)
[Layer Freezing] Trainable params: 28,384,555 / 108,924,715 (26.1%)
[Round 32] T=3.93  α_ce=0.91  α_kd=0.09
 Round 32 | F1 0.4745 | P 0.6172 | R 0.3854 | Time 43.7s | Comm N/A | Local Avg F1: 0.4041

=== Round 33/100 ===
[Round 33] KD=ON | policy=ema_first
[Layer Freezing] Training last 4 transformer layers (layers 8-11)
[Layer Freezing] Trainable params: 28,384,555 / 108,924,715 (26.1%)
[Layer Freezing] Training last 4 transformer layers (layers 8-11)
[Layer Freezing] Trainable params: 28,384,555 / 108,924,715 (26.1%)
[Layer Freezing] Training last 4 transformer layers (layers 8-11)
[Layer Freezing] Trainable params: 28,384,555 / 108,924,715 (26.1%)
[Layer Freezing] Training last 4 transformer layers (layers 8-11)
[Layer Freezing] Trainable params: 28,384,555 / 108,924,715 (26.1%)
[Layer Freezing] Training last 4 transformer layers (layers 8-11)
[Layer Freezing] Trainable params: 28,384,555 / 108,924,715 (26.1%)
[Layer Freezing] Training last 4 transformer layers (layers 8-11)
[Layer Freezing] Trainable params: 28,384,555 / 108,924,715 (26.1%)
[Layer Freezing] Training last 4 transformer layers (layers 8-11)
[Layer Freezing] Trainable params: 28,384,555 / 108,924,715 (26.1%)
[Layer Freezing] Training last 4 transformer layers (layers 8-11)
[Layer Freezing] Trainable params: 28,384,555 / 108,924,715 (26.1%)
[Layer Freezing] Training last 4 transformer layers (layers 8-11)
[Layer Freezing] Trainable params: 28,384,555 / 108,924,715 (26.1%)
[Layer Freezing] Training last 4 transformer layers (layers 8-11)
[Layer Freezing] Trainable params: 28,384,555 / 108,924,715 (26.1%)
[Round 33] T=3.89  α_ce=0.91  α_kd=0.09
 Round 33 | F1 0.4617 | P 0.6304 | R 0.3642 | Time 43.5s | Comm N/A | Local Avg F1: 0.3958

=== Round 34/100 ===
[Round 34] KD=ON | policy=ema_first
[Layer Freezing] Training last 4 transformer layers (layers 8-11)
[Layer Freezing] Trainable params: 28,384,555 / 108,924,715 (26.1%)
[Layer Freezing] Training last 4 transformer layers (layers 8-11)
[Layer Freezing] Trainable params: 28,384,555 / 108,924,715 (26.1%)
[Layer Freezing] Training last 4 transformer layers (layers 8-11)
[Layer Freezing] Trainable params: 28,384,555 / 108,924,715 (26.1%)
[Layer Freezing] Training last 4 transformer layers (layers 8-11)
[Layer Freezing] Trainable params: 28,384,555 / 108,924,715 (26.1%)
[Layer Freezing] Training last 4 transformer layers (layers 8-11)
[Layer Freezing] Trainable params: 28,384,555 / 108,924,715 (26.1%)
[Layer Freezing] Training last 4 transformer layers (layers 8-11)
[Layer Freezing] Trainable params: 28,384,555 / 108,924,715 (26.1%)
[Layer Freezing] Training last 4 transformer layers (layers 8-11)
[Layer Freezing] Trainable params: 28,384,555 / 108,924,715 (26.1%)
[Layer Freezing] Training last 4 transformer layers (layers 8-11)
[Layer Freezing] Trainable params: 28,384,555 / 108,924,715 (26.1%)
[Layer Freezing] Training last 4 transformer layers (layers 8-11)
[Layer Freezing] Trainable params: 28,384,555 / 108,924,715 (26.1%)
[Layer Freezing] Training last 4 transformer layers (layers 8-11)
[Layer Freezing] Trainable params: 28,384,555 / 108,924,715 (26.1%)
[Round 34] T=3.86  α_ce=0.90  α_kd=0.10
 Round 34 | F1 0.4810 | P 0.6157 | R 0.3947 | Time 44.0s | Comm N/A | Local Avg F1: 0.4092

=== Round 35/100 ===
[Round 35] KD=ON | policy=ema_first
[Layer Freezing] Training last 4 transformer layers (layers 8-11)
[Layer Freezing] Trainable params: 28,384,555 / 108,924,715 (26.1%)
[Layer Freezing] Training last 4 transformer layers (layers 8-11)
[Layer Freezing] Trainable params: 28,384,555 / 108,924,715 (26.1%)
[Layer Freezing] Training last 4 transformer layers (layers 8-11)
[Layer Freezing] Trainable params: 28,384,555 / 108,924,715 (26.1%)
[Layer Freezing] Training last 4 transformer layers (layers 8-11)
[Layer Freezing] Trainable params: 28,384,555 / 108,924,715 (26.1%)
[Layer Freezing] Training last 4 transformer layers (layers 8-11)
[Layer Freezing] Trainable params: 28,384,555 / 108,924,715 (26.1%)
[Layer Freezing] Training last 4 transformer layers (layers 8-11)
[Layer Freezing] Trainable params: 28,384,555 / 108,924,715 (26.1%)
[Layer Freezing] Training last 4 transformer layers (layers 8-11)
[Layer Freezing] Trainable params: 28,384,555 / 108,924,715 (26.1%)
[Layer Freezing] Training last 4 transformer layers (layers 8-11)
[Layer Freezing] Trainable params: 28,384,555 / 108,924,715 (26.1%)
[Layer Freezing] Training last 4 transformer layers (layers 8-11)
[Layer Freezing] Trainable params: 28,384,555 / 108,924,715 (26.1%)
[Layer Freezing] Training last 4 transformer layers (layers 8-11)
[Layer Freezing] Trainable params: 28,384,555 / 108,924,715 (26.1%)
[Round 35] T=3.82  α_ce=0.90  α_kd=0.10
 Round 35 | F1 0.5031 | P 0.5990 | R 0.4336 | Time 44.1s | Comm N/A | Local Avg F1: 0.4275

=== Round 36/100 ===
[Round 36] KD=ON | policy=ema_first
[Layer Freezing] Training last 4 transformer layers (layers 8-11)
[Layer Freezing] Trainable params: 28,384,555 / 108,924,715 (26.1%)
[Layer Freezing] Training last 4 transformer layers (layers 8-11)
[Layer Freezing] Trainable params: 28,384,555 / 108,924,715 (26.1%)
[Layer Freezing] Training last 4 transformer layers (layers 8-11)
[Layer Freezing] Trainable params: 28,384,555 / 108,924,715 (26.1%)
[Layer Freezing] Training last 4 transformer layers (layers 8-11)
[Layer Freezing] Trainable params: 28,384,555 / 108,924,715 (26.1%)
[Layer Freezing] Training last 4 transformer layers (layers 8-11)
[Layer Freezing] Trainable params: 28,384,555 / 108,924,715 (26.1%)
[Layer Freezing] Training last 4 transformer layers (layers 8-11)
[Layer Freezing] Trainable params: 28,384,555 / 108,924,715 (26.1%)
[Layer Freezing] Training last 4 transformer layers (layers 8-11)
[Layer Freezing] Trainable params: 28,384,555 / 108,924,715 (26.1%)
[Layer Freezing] Training last 4 transformer layers (layers 8-11)
[Layer Freezing] Trainable params: 28,384,555 / 108,924,715 (26.1%)
[Layer Freezing] Training last 4 transformer layers (layers 8-11)
[Layer Freezing] Trainable params: 28,384,555 / 108,924,715 (26.1%)
[Layer Freezing] Training last 4 transformer layers (layers 8-11)
[Layer Freezing] Trainable params: 28,384,555 / 108,924,715 (26.1%)
[Round 36] T=3.79  α_ce=0.90  α_kd=0.10
 Round 36 | F1 0.4836 | P 0.6188 | R 0.3969 | Time 44.1s | Comm N/A | Local Avg F1: 0.4157

=== Round 37/100 ===
[Round 37] KD=ON | policy=ema_first
[Layer Freezing] Training last 4 transformer layers (layers 8-11)
[Layer Freezing] Trainable params: 28,384,555 / 108,924,715 (26.1%)
[Layer Freezing] Training last 4 transformer layers (layers 8-11)
[Layer Freezing] Trainable params: 28,384,555 / 108,924,715 (26.1%)
[Layer Freezing] Training last 4 transformer layers (layers 8-11)
[Layer Freezing] Trainable params: 28,384,555 / 108,924,715 (26.1%)
[Layer Freezing] Training last 4 transformer layers (layers 8-11)
[Layer Freezing] Trainable params: 28,384,555 / 108,924,715 (26.1%)
[Layer Freezing] Training last 4 transformer layers (layers 8-11)
[Layer Freezing] Trainable params: 28,384,555 / 108,924,715 (26.1%)
[Layer Freezing] Training last 4 transformer layers (layers 8-11)
[Layer Freezing] Trainable params: 28,384,555 / 108,924,715 (26.1%)
[Layer Freezing] Training last 4 transformer layers (layers 8-11)
[Layer Freezing] Trainable params: 28,384,555 / 108,924,715 (26.1%)
[Layer Freezing] Training last 4 transformer layers (layers 8-11)
[Layer Freezing] Trainable params: 28,384,555 / 108,924,715 (26.1%)
[Layer Freezing] Training last 4 transformer layers (layers 8-11)
[Layer Freezing] Trainable params: 28,384,555 / 108,924,715 (26.1%)
[Layer Freezing] Training last 4 transformer layers (layers 8-11)
[Layer Freezing] Trainable params: 28,384,555 / 108,924,715 (26.1%)
[Round 37] T=3.75  α_ce=0.89  α_kd=0.11
 Round 37 | F1 0.5016 | P 0.6108 | R 0.4256 | Time 44.1s | Comm N/A | Local Avg F1: 0.4275

=== Round 38/100 ===
[Round 38] KD=ON | policy=ema_first
[Layer Freezing] Training last 4 transformer layers (layers 8-11)
[Layer Freezing] Trainable params: 28,384,555 / 108,924,715 (26.1%)
[Layer Freezing] Training last 4 transformer layers (layers 8-11)
[Layer Freezing] Trainable params: 28,384,555 / 108,924,715 (26.1%)
[Layer Freezing] Training last 4 transformer layers (layers 8-11)
[Layer Freezing] Trainable params: 28,384,555 / 108,924,715 (26.1%)
[Layer Freezing] Training last 4 transformer layers (layers 8-11)
[Layer Freezing] Trainable params: 28,384,555 / 108,924,715 (26.1%)
[Layer Freezing] Training last 4 transformer layers (layers 8-11)
[Layer Freezing] Trainable params: 28,384,555 / 108,924,715 (26.1%)
[Layer Freezing] Training last 4 transformer layers (layers 8-11)
[Layer Freezing] Trainable params: 28,384,555 / 108,924,715 (26.1%)
[Layer Freezing] Training last 4 transformer layers (layers 8-11)
[Layer Freezing] Trainable params: 28,384,555 / 108,924,715 (26.1%)
[Layer Freezing] Training last 4 transformer layers (layers 8-11)
[Layer Freezing] Trainable params: 28,384,555 / 108,924,715 (26.1%)
[Layer Freezing] Training last 4 transformer layers (layers 8-11)
[Layer Freezing] Trainable params: 28,384,555 / 108,924,715 (26.1%)
[Layer Freezing] Training last 4 transformer layers (layers 8-11)
[Layer Freezing] Trainable params: 28,384,555 / 108,924,715 (26.1%)
[Round 38] T=3.71  α_ce=0.89  α_kd=0.11
 Round 38 | F1 0.4930 | P 0.6232 | R 0.4078 | Time 43.6s | Comm N/A | Local Avg F1: 0.4205

=== Round 39/100 ===
[Round 39] KD=ON | policy=ema_first
[Layer Freezing] Training last 4 transformer layers (layers 8-11)
[Layer Freezing] Trainable params: 28,384,555 / 108,924,715 (26.1%)
[Layer Freezing] Training last 4 transformer layers (layers 8-11)
[Layer Freezing] Trainable params: 28,384,555 / 108,924,715 (26.1%)
[Layer Freezing] Training last 4 transformer layers (layers 8-11)
[Layer Freezing] Trainable params: 28,384,555 / 108,924,715 (26.1%)
[Layer Freezing] Training last 4 transformer layers (layers 8-11)
[Layer Freezing] Trainable params: 28,384,555 / 108,924,715 (26.1%)
[Layer Freezing] Training last 4 transformer layers (layers 8-11)
[Layer Freezing] Trainable params: 28,384,555 / 108,924,715 (26.1%)
[Layer Freezing] Training last 4 transformer layers (layers 8-11)
[Layer Freezing] Trainable params: 28,384,555 / 108,924,715 (26.1%)
[Layer Freezing] Training last 4 transformer layers (layers 8-11)
[Layer Freezing] Trainable params: 28,384,555 / 108,924,715 (26.1%)
[Layer Freezing] Training last 4 transformer layers (layers 8-11)
[Layer Freezing] Trainable params: 28,384,555 / 108,924,715 (26.1%)
[Layer Freezing] Training last 4 transformer layers (layers 8-11)
[Layer Freezing] Trainable params: 28,384,555 / 108,924,715 (26.1%)
[Layer Freezing] Training last 4 transformer layers (layers 8-11)
[Layer Freezing] Trainable params: 28,384,555 / 108,924,715 (26.1%)
[Round 39] T=3.68  α_ce=0.89  α_kd=0.11
 Round 39 | F1 0.4945 | P 0.6083 | R 0.4166 | Time 43.6s | Comm N/A | Local Avg F1: 0.4243

=== Round 40/100 ===
[Round 40] KD=ON | policy=ema_first
[Layer Freezing] Training last 4 transformer layers (layers 8-11)
[Layer Freezing] Trainable params: 28,384,555 / 108,924,715 (26.1%)
[Layer Freezing] Training last 4 transformer layers (layers 8-11)
[Layer Freezing] Trainable params: 28,384,555 / 108,924,715 (26.1%)
[Layer Freezing] Training last 4 transformer layers (layers 8-11)
[Layer Freezing] Trainable params: 28,384,555 / 108,924,715 (26.1%)
[Layer Freezing] Training last 4 transformer layers (layers 8-11)
[Layer Freezing] Trainable params: 28,384,555 / 108,924,715 (26.1%)
[Layer Freezing] Training last 4 transformer layers (layers 8-11)
[Layer Freezing] Trainable params: 28,384,555 / 108,924,715 (26.1%)
[Layer Freezing] Training last 4 transformer layers (layers 8-11)
[Layer Freezing] Trainable params: 28,384,555 / 108,924,715 (26.1%)
[Layer Freezing] Training last 4 transformer layers (layers 8-11)
[Layer Freezing] Trainable params: 28,384,555 / 108,924,715 (26.1%)
[Layer Freezing] Training last 4 transformer layers (layers 8-11)
[Layer Freezing] Trainable params: 28,384,555 / 108,924,715 (26.1%)
[Layer Freezing] Training last 4 transformer layers (layers 8-11)
[Layer Freezing] Trainable params: 28,384,555 / 108,924,715 (26.1%)
[Layer Freezing] Training last 4 transformer layers (layers 8-11)
[Layer Freezing] Trainable params: 28,384,555 / 108,924,715 (26.1%)
[Round 40] T=3.64  α_ce=0.88  α_kd=0.12
 Round 40 | F1 0.4944 | P 0.6238 | R 0.4094 | Time 43.3s | Comm N/A | Local Avg F1: 0.4271

=== Round 41/100 ===
[Round 41] KD=ON | policy=ema_first
[Layer Freezing] Training last 4 transformer layers (layers 8-11)
[Layer Freezing] Trainable params: 28,384,555 / 108,924,715 (26.1%)
[Layer Freezing] Training last 4 transformer layers (layers 8-11)
[Layer Freezing] Trainable params: 28,384,555 / 108,924,715 (26.1%)
[Layer Freezing] Training last 4 transformer layers (layers 8-11)
[Layer Freezing] Trainable params: 28,384,555 / 108,924,715 (26.1%)
[Layer Freezing] Training last 4 transformer layers (layers 8-11)
[Layer Freezing] Trainable params: 28,384,555 / 108,924,715 (26.1%)
[Layer Freezing] Training last 4 transformer layers (layers 8-11)
[Layer Freezing] Trainable params: 28,384,555 / 108,924,715 (26.1%)
[Layer Freezing] Training last 4 transformer layers (layers 8-11)
[Layer Freezing] Trainable params: 28,384,555 / 108,924,715 (26.1%)
[Layer Freezing] Training last 4 transformer layers (layers 8-11)
[Layer Freezing] Trainable params: 28,384,555 / 108,924,715 (26.1%)
[Layer Freezing] Training last 4 transformer layers (layers 8-11)
[Layer Freezing] Trainable params: 28,384,555 / 108,924,715 (26.1%)
[Layer Freezing] Training last 4 transformer layers (layers 8-11)
[Layer Freezing] Trainable params: 28,384,555 / 108,924,715 (26.1%)
[Layer Freezing] Training last 4 transformer layers (layers 8-11)
[Layer Freezing] Trainable params: 28,384,555 / 108,924,715 (26.1%)
[Round 41] T=3.61  α_ce=0.88  α_kd=0.12
 Round 41 | F1 0.4956 | P 0.6215 | R 0.4121 | Time 43.4s | Comm N/A | Local Avg F1: 0.4265

=== Round 42/100 ===
[Round 42] KD=ON | policy=ema_first
[Layer Freezing] Training last 4 transformer layers (layers 8-11)
[Layer Freezing] Trainable params: 28,384,555 / 108,924,715 (26.1%)
[Layer Freezing] Training last 4 transformer layers (layers 8-11)
[Layer Freezing] Trainable params: 28,384,555 / 108,924,715 (26.1%)
[Layer Freezing] Training last 4 transformer layers (layers 8-11)
[Layer Freezing] Trainable params: 28,384,555 / 108,924,715 (26.1%)
[Layer Freezing] Training last 4 transformer layers (layers 8-11)
[Layer Freezing] Trainable params: 28,384,555 / 108,924,715 (26.1%)
[Layer Freezing] Training last 4 transformer layers (layers 8-11)
[Layer Freezing] Trainable params: 28,384,555 / 108,924,715 (26.1%)
[Layer Freezing] Training last 4 transformer layers (layers 8-11)
[Layer Freezing] Trainable params: 28,384,555 / 108,924,715 (26.1%)
[Layer Freezing] Training last 4 transformer layers (layers 8-11)
[Layer Freezing] Trainable params: 28,384,555 / 108,924,715 (26.1%)
[Layer Freezing] Training last 4 transformer layers (layers 8-11)
[Layer Freezing] Trainable params: 28,384,555 / 108,924,715 (26.1%)
[Layer Freezing] Training last 4 transformer layers (layers 8-11)
[Layer Freezing] Trainable params: 28,384,555 / 108,924,715 (26.1%)
[Layer Freezing] Training last 4 transformer layers (layers 8-11)
[Layer Freezing] Trainable params: 28,384,555 / 108,924,715 (26.1%)
[Round 42] T=3.57  α_ce=0.88  α_kd=0.12
 Round 42 | F1 0.4962 | P 0.6225 | R 0.4125 | Time 43.2s | Comm N/A | Local Avg F1: 0.4294

=== Round 43/100 ===
[Round 43] KD=ON | policy=ema_first
[Layer Freezing] Training last 4 transformer layers (layers 8-11)
[Layer Freezing] Trainable params: 28,384,555 / 108,924,715 (26.1%)
[Layer Freezing] Training last 4 transformer layers (layers 8-11)
[Layer Freezing] Trainable params: 28,384,555 / 108,924,715 (26.1%)
[Layer Freezing] Training last 4 transformer layers (layers 8-11)
[Layer Freezing] Trainable params: 28,384,555 / 108,924,715 (26.1%)
[Layer Freezing] Training last 4 transformer layers (layers 8-11)
[Layer Freezing] Trainable params: 28,384,555 / 108,924,715 (26.1%)
[Layer Freezing] Training last 4 transformer layers (layers 8-11)
[Layer Freezing] Trainable params: 28,384,555 / 108,924,715 (26.1%)
[Layer Freezing] Training last 4 transformer layers (layers 8-11)
[Layer Freezing] Trainable params: 28,384,555 / 108,924,715 (26.1%)
[Layer Freezing] Training last 4 transformer layers (layers 8-11)
[Layer Freezing] Trainable params: 28,384,555 / 108,924,715 (26.1%)
[Layer Freezing] Training last 4 transformer layers (layers 8-11)
[Layer Freezing] Trainable params: 28,384,555 / 108,924,715 (26.1%)
[Layer Freezing] Training last 4 transformer layers (layers 8-11)
[Layer Freezing] Trainable params: 28,384,555 / 108,924,715 (26.1%)
[Layer Freezing] Training last 4 transformer layers (layers 8-11)
[Layer Freezing] Trainable params: 28,384,555 / 108,924,715 (26.1%)
[Round 43] T=3.54  α_ce=0.87  α_kd=0.13
 Round 43 | F1 0.5052 | P 0.6196 | R 0.4265 | Time 43.8s | Comm N/A | Local Avg F1: 0.4355

=== Round 44/100 ===
[Round 44] KD=ON | policy=ema_first
[Layer Freezing] Training last 4 transformer layers (layers 8-11)
[Layer Freezing] Trainable params: 28,384,555 / 108,924,715 (26.1%)
[Layer Freezing] Training last 4 transformer layers (layers 8-11)
[Layer Freezing] Trainable params: 28,384,555 / 108,924,715 (26.1%)
[Layer Freezing] Training last 4 transformer layers (layers 8-11)
[Layer Freezing] Trainable params: 28,384,555 / 108,924,715 (26.1%)
[Layer Freezing] Training last 4 transformer layers (layers 8-11)
[Layer Freezing] Trainable params: 28,384,555 / 108,924,715 (26.1%)
[Layer Freezing] Training last 4 transformer layers (layers 8-11)
[Layer Freezing] Trainable params: 28,384,555 / 108,924,715 (26.1%)
[Layer Freezing] Training last 4 transformer layers (layers 8-11)
[Layer Freezing] Trainable params: 28,384,555 / 108,924,715 (26.1%)
[Layer Freezing] Training last 4 transformer layers (layers 8-11)
[Layer Freezing] Trainable params: 28,384,555 / 108,924,715 (26.1%)
[Layer Freezing] Training last 4 transformer layers (layers 8-11)
[Layer Freezing] Trainable params: 28,384,555 / 108,924,715 (26.1%)
[Layer Freezing] Training last 4 transformer layers (layers 8-11)
[Layer Freezing] Trainable params: 28,384,555 / 108,924,715 (26.1%)
[Layer Freezing] Training last 4 transformer layers (layers 8-11)
[Layer Freezing] Trainable params: 28,384,555 / 108,924,715 (26.1%)
[Round 44] T=3.50  α_ce=0.87  α_kd=0.13
 Round 44 | F1 0.5118 | P 0.6159 | R 0.4378 | Time 43.7s | Comm N/A | Local Avg F1: 0.4380

=== Round 45/100 ===
[Round 45] KD=ON | policy=ema_first
[Layer Freezing] Training last 4 transformer layers (layers 8-11)
[Layer Freezing] Trainable params: 28,384,555 / 108,924,715 (26.1%)
[Layer Freezing] Training last 4 transformer layers (layers 8-11)
[Layer Freezing] Trainable params: 28,384,555 / 108,924,715 (26.1%)
[Layer Freezing] Training last 4 transformer layers (layers 8-11)
[Layer Freezing] Trainable params: 28,384,555 / 108,924,715 (26.1%)
[Layer Freezing] Training last 4 transformer layers (layers 8-11)
[Layer Freezing] Trainable params: 28,384,555 / 108,924,715 (26.1%)
[Layer Freezing] Training last 4 transformer layers (layers 8-11)
[Layer Freezing] Trainable params: 28,384,555 / 108,924,715 (26.1%)
[Layer Freezing] Training last 4 transformer layers (layers 8-11)
[Layer Freezing] Trainable params: 28,384,555 / 108,924,715 (26.1%)
[Layer Freezing] Training last 4 transformer layers (layers 8-11)
[Layer Freezing] Trainable params: 28,384,555 / 108,924,715 (26.1%)
[Layer Freezing] Training last 4 transformer layers (layers 8-11)
[Layer Freezing] Trainable params: 28,384,555 / 108,924,715 (26.1%)
[Layer Freezing] Training last 4 transformer layers (layers 8-11)
[Layer Freezing] Trainable params: 28,384,555 / 108,924,715 (26.1%)
[Layer Freezing] Training last 4 transformer layers (layers 8-11)
[Layer Freezing] Trainable params: 28,384,555 / 108,924,715 (26.1%)
[Round 45] T=3.46  α_ce=0.87  α_kd=0.13
 Round 45 | F1 0.5002 | P 0.6255 | R 0.4167 | Time 43.3s | Comm N/A | Local Avg F1: 0.4358

=== Round 46/100 ===
[Round 46] KD=ON | policy=ema_first
[Layer Freezing] Training last 4 transformer layers (layers 8-11)
[Layer Freezing] Trainable params: 28,384,555 / 108,924,715 (26.1%)
[Layer Freezing] Training last 4 transformer layers (layers 8-11)
[Layer Freezing] Trainable params: 28,384,555 / 108,924,715 (26.1%)
[Layer Freezing] Training last 4 transformer layers (layers 8-11)
[Layer Freezing] Trainable params: 28,384,555 / 108,924,715 (26.1%)
[Layer Freezing] Training last 4 transformer layers (layers 8-11)
[Layer Freezing] Trainable params: 28,384,555 / 108,924,715 (26.1%)
[Layer Freezing] Training last 4 transformer layers (layers 8-11)
[Layer Freezing] Trainable params: 28,384,555 / 108,924,715 (26.1%)
[Layer Freezing] Training last 4 transformer layers (layers 8-11)
[Layer Freezing] Trainable params: 28,384,555 / 108,924,715 (26.1%)
[Layer Freezing] Training last 4 transformer layers (layers 8-11)
[Layer Freezing] Trainable params: 28,384,555 / 108,924,715 (26.1%)
[Layer Freezing] Training last 4 transformer layers (layers 8-11)
[Layer Freezing] Trainable params: 28,384,555 / 108,924,715 (26.1%)
[Layer Freezing] Training last 4 transformer layers (layers 8-11)
[Layer Freezing] Trainable params: 28,384,555 / 108,924,715 (26.1%)
[Layer Freezing] Training last 4 transformer layers (layers 8-11)
[Layer Freezing] Trainable params: 28,384,555 / 108,924,715 (26.1%)
[Round 46] T=3.43  α_ce=0.87  α_kd=0.13
 Round 46 | F1 0.5056 | P 0.6286 | R 0.4228 | Time 43.2s | Comm N/A | Local Avg F1: 0.4378

=== Round 47/100 ===
[Round 47] KD=ON | policy=ema_first
[Layer Freezing] Training last 4 transformer layers (layers 8-11)
[Layer Freezing] Trainable params: 28,384,555 / 108,924,715 (26.1%)
[Layer Freezing] Training last 4 transformer layers (layers 8-11)
[Layer Freezing] Trainable params: 28,384,555 / 108,924,715 (26.1%)
[Layer Freezing] Training last 4 transformer layers (layers 8-11)
[Layer Freezing] Trainable params: 28,384,555 / 108,924,715 (26.1%)
[Layer Freezing] Training last 4 transformer layers (layers 8-11)
[Layer Freezing] Trainable params: 28,384,555 / 108,924,715 (26.1%)
[Layer Freezing] Training last 4 transformer layers (layers 8-11)
[Layer Freezing] Trainable params: 28,384,555 / 108,924,715 (26.1%)
[Layer Freezing] Training last 4 transformer layers (layers 8-11)
[Layer Freezing] Trainable params: 28,384,555 / 108,924,715 (26.1%)
[Layer Freezing] Training last 4 transformer layers (layers 8-11)
[Layer Freezing] Trainable params: 28,384,555 / 108,924,715 (26.1%)
[Layer Freezing] Training last 4 transformer layers (layers 8-11)
[Layer Freezing] Trainable params: 28,384,555 / 108,924,715 (26.1%)
[Layer Freezing] Training last 4 transformer layers (layers 8-11)
[Layer Freezing] Trainable params: 28,384,555 / 108,924,715 (26.1%)
[Layer Freezing] Training last 4 transformer layers (layers 8-11)
[Layer Freezing] Trainable params: 28,384,555 / 108,924,715 (26.1%)
[Round 47] T=3.39  α_ce=0.86  α_kd=0.14
 Round 47 | F1 0.5113 | P 0.6193 | R 0.4353 | Time 42.9s | Comm N/A | Local Avg F1: 0.4400

=== Round 48/100 ===
[Round 48] KD=ON | policy=ema_first
[Layer Freezing] Training last 4 transformer layers (layers 8-11)
[Layer Freezing] Trainable params: 28,384,555 / 108,924,715 (26.1%)
[Layer Freezing] Training last 4 transformer layers (layers 8-11)
[Layer Freezing] Trainable params: 28,384,555 / 108,924,715 (26.1%)
[Layer Freezing] Training last 4 transformer layers (layers 8-11)
[Layer Freezing] Trainable params: 28,384,555 / 108,924,715 (26.1%)
[Layer Freezing] Training last 4 transformer layers (layers 8-11)
[Layer Freezing] Trainable params: 28,384,555 / 108,924,715 (26.1%)
[Layer Freezing] Training last 4 transformer layers (layers 8-11)
[Layer Freezing] Trainable params: 28,384,555 / 108,924,715 (26.1%)
[Layer Freezing] Training last 4 transformer layers (layers 8-11)
[Layer Freezing] Trainable params: 28,384,555 / 108,924,715 (26.1%)
[Layer Freezing] Training last 4 transformer layers (layers 8-11)
[Layer Freezing] Trainable params: 28,384,555 / 108,924,715 (26.1%)
[Layer Freezing] Training last 4 transformer layers (layers 8-11)
[Layer Freezing] Trainable params: 28,384,555 / 108,924,715 (26.1%)
[Layer Freezing] Training last 4 transformer layers (layers 8-11)
[Layer Freezing] Trainable params: 28,384,555 / 108,924,715 (26.1%)
[Layer Freezing] Training last 4 transformer layers (layers 8-11)
[Layer Freezing] Trainable params: 28,384,555 / 108,924,715 (26.1%)
[Round 48] T=3.36  α_ce=0.86  α_kd=0.14
 Round 48 | F1 0.5163 | P 0.6180 | R 0.4434 | Time 43.2s | Comm N/A | Local Avg F1: 0.4443

=== Round 49/100 ===
[Round 49] KD=ON | policy=ema_first
[Layer Freezing] Training last 4 transformer layers (layers 8-11)
[Layer Freezing] Trainable params: 28,384,555 / 108,924,715 (26.1%)
[Layer Freezing] Training last 4 transformer layers (layers 8-11)
[Layer Freezing] Trainable params: 28,384,555 / 108,924,715 (26.1%)
[Layer Freezing] Training last 4 transformer layers (layers 8-11)
[Layer Freezing] Trainable params: 28,384,555 / 108,924,715 (26.1%)
[Layer Freezing] Training last 4 transformer layers (layers 8-11)
[Layer Freezing] Trainable params: 28,384,555 / 108,924,715 (26.1%)
[Layer Freezing] Training last 4 transformer layers (layers 8-11)
[Layer Freezing] Trainable params: 28,384,555 / 108,924,715 (26.1%)
[Layer Freezing] Training last 4 transformer layers (layers 8-11)
[Layer Freezing] Trainable params: 28,384,555 / 108,924,715 (26.1%)
[Layer Freezing] Training last 4 transformer layers (layers 8-11)
[Layer Freezing] Trainable params: 28,384,555 / 108,924,715 (26.1%)
[Layer Freezing] Training last 4 transformer layers (layers 8-11)
[Layer Freezing] Trainable params: 28,384,555 / 108,924,715 (26.1%)
[Layer Freezing] Training last 4 transformer layers (layers 8-11)
[Layer Freezing] Trainable params: 28,384,555 / 108,924,715 (26.1%)
[Layer Freezing] Training last 4 transformer layers (layers 8-11)
[Layer Freezing] Trainable params: 28,384,555 / 108,924,715 (26.1%)
[Round 49] T=3.32  α_ce=0.86  α_kd=0.14
 Round 49 | F1 0.5158 | P 0.6179 | R 0.4426 | Time 43.2s | Comm N/A | Local Avg F1: 0.4457

=== Round 50/100 ===
[Round 50] KD=ON | policy=ema_first
[Layer Freezing] Training last 4 transformer layers (layers 8-11)
[Layer Freezing] Trainable params: 28,384,555 / 108,924,715 (26.1%)
[Layer Freezing] Training last 4 transformer layers (layers 8-11)
[Layer Freezing] Trainable params: 28,384,555 / 108,924,715 (26.1%)
[Layer Freezing] Training last 4 transformer layers (layers 8-11)
[Layer Freezing] Trainable params: 28,384,555 / 108,924,715 (26.1%)
[Layer Freezing] Training last 4 transformer layers (layers 8-11)
[Layer Freezing] Trainable params: 28,384,555 / 108,924,715 (26.1%)
[Layer Freezing] Training last 4 transformer layers (layers 8-11)
[Layer Freezing] Trainable params: 28,384,555 / 108,924,715 (26.1%)
[Layer Freezing] Training last 4 transformer layers (layers 8-11)
[Layer Freezing] Trainable params: 28,384,555 / 108,924,715 (26.1%)
[Layer Freezing] Training last 4 transformer layers (layers 8-11)
[Layer Freezing] Trainable params: 28,384,555 / 108,924,715 (26.1%)
[Layer Freezing] Training last 4 transformer layers (layers 8-11)
[Layer Freezing] Trainable params: 28,384,555 / 108,924,715 (26.1%)
[Layer Freezing] Training last 4 transformer layers (layers 8-11)
[Layer Freezing] Trainable params: 28,384,555 / 108,924,715 (26.1%)
[Layer Freezing] Training last 4 transformer layers (layers 8-11)
[Layer Freezing] Trainable params: 28,384,555 / 108,924,715 (26.1%)
[Round 50] T=3.29  α_ce=0.85  α_kd=0.15
 Round 50 | F1 0.5187 | P 0.6209 | R 0.4454 | Time 43.3s | Comm N/A | Local Avg F1: 0.4484

=== Round 51/100 ===
[Round 51] KD=ON | policy=ema_first
[Layer Freezing] Training last 4 transformer layers (layers 8-11)
[Layer Freezing] Trainable params: 28,384,555 / 108,924,715 (26.1%)
[Layer Freezing] Training last 4 transformer layers (layers 8-11)
[Layer Freezing] Trainable params: 28,384,555 / 108,924,715 (26.1%)
[Layer Freezing] Training last 4 transformer layers (layers 8-11)
[Layer Freezing] Trainable params: 28,384,555 / 108,924,715 (26.1%)
[Layer Freezing] Training last 4 transformer layers (layers 8-11)
[Layer Freezing] Trainable params: 28,384,555 / 108,924,715 (26.1%)
[Layer Freezing] Training last 4 transformer layers (layers 8-11)
[Layer Freezing] Trainable params: 28,384,555 / 108,924,715 (26.1%)
[Layer Freezing] Training last 4 transformer layers (layers 8-11)
[Layer Freezing] Trainable params: 28,384,555 / 108,924,715 (26.1%)
[Layer Freezing] Training last 4 transformer layers (layers 8-11)
[Layer Freezing] Trainable params: 28,384,555 / 108,924,715 (26.1%)
[Layer Freezing] Training last 4 transformer layers (layers 8-11)
[Layer Freezing] Trainable params: 28,384,555 / 108,924,715 (26.1%)
[Layer Freezing] Training last 4 transformer layers (layers 8-11)
[Layer Freezing] Trainable params: 28,384,555 / 108,924,715 (26.1%)
[Layer Freezing] Training last 4 transformer layers (layers 8-11)
[Layer Freezing] Trainable params: 28,384,555 / 108,924,715 (26.1%)
[Round 51] T=3.25  α_ce=0.85  α_kd=0.15
 Round 51 | F1 0.5138 | P 0.6204 | R 0.4384 | Time 43.6s | Comm N/A | Local Avg F1: 0.4470

=== Round 52/100 ===
[Round 52] KD=ON | policy=ema_first
[Layer Freezing] Training last 4 transformer layers (layers 8-11)
[Layer Freezing] Trainable params: 28,384,555 / 108,924,715 (26.1%)
[Layer Freezing] Training last 4 transformer layers (layers 8-11)
[Layer Freezing] Trainable params: 28,384,555 / 108,924,715 (26.1%)
[Layer Freezing] Training last 4 transformer layers (layers 8-11)
[Layer Freezing] Trainable params: 28,384,555 / 108,924,715 (26.1%)
[Layer Freezing] Training last 4 transformer layers (layers 8-11)
[Layer Freezing] Trainable params: 28,384,555 / 108,924,715 (26.1%)
[Layer Freezing] Training last 4 transformer layers (layers 8-11)
[Layer Freezing] Trainable params: 28,384,555 / 108,924,715 (26.1%)
[Layer Freezing] Training last 4 transformer layers (layers 8-11)
[Layer Freezing] Trainable params: 28,384,555 / 108,924,715 (26.1%)
[Layer Freezing] Training last 4 transformer layers (layers 8-11)
[Layer Freezing] Trainable params: 28,384,555 / 108,924,715 (26.1%)
[Layer Freezing] Training last 4 transformer layers (layers 8-11)
[Layer Freezing] Trainable params: 28,384,555 / 108,924,715 (26.1%)
[Layer Freezing] Training last 4 transformer layers (layers 8-11)
[Layer Freezing] Trainable params: 28,384,555 / 108,924,715 (26.1%)
[Layer Freezing] Training last 4 transformer layers (layers 8-11)
[Layer Freezing] Trainable params: 28,384,555 / 108,924,715 (26.1%)
[Round 52] T=3.21  α_ce=0.85  α_kd=0.15
 Round 52 | F1 0.5170 | P 0.6248 | R 0.4409 | Time 43.7s | Comm N/A | Local Avg F1: 0.4497

=== Round 53/100 ===
[Round 53] KD=ON | policy=ema_first
[Layer Freezing] Training last 4 transformer layers (layers 8-11)
[Layer Freezing] Trainable params: 28,384,555 / 108,924,715 (26.1%)
[Layer Freezing] Training last 4 transformer layers (layers 8-11)
[Layer Freezing] Trainable params: 28,384,555 / 108,924,715 (26.1%)
[Layer Freezing] Training last 4 transformer layers (layers 8-11)
[Layer Freezing] Trainable params: 28,384,555 / 108,924,715 (26.1%)
[Layer Freezing] Training last 4 transformer layers (layers 8-11)
[Layer Freezing] Trainable params: 28,384,555 / 108,924,715 (26.1%)
[Layer Freezing] Training last 4 transformer layers (layers 8-11)
[Layer Freezing] Trainable params: 28,384,555 / 108,924,715 (26.1%)
[Layer Freezing] Training last 4 transformer layers (layers 8-11)
[Layer Freezing] Trainable params: 28,384,555 / 108,924,715 (26.1%)
[Layer Freezing] Training last 4 transformer layers (layers 8-11)
[Layer Freezing] Trainable params: 28,384,555 / 108,924,715 (26.1%)
[Layer Freezing] Training last 4 transformer layers (layers 8-11)
[Layer Freezing] Trainable params: 28,384,555 / 108,924,715 (26.1%)
[Layer Freezing] Training last 4 transformer layers (layers 8-11)
[Layer Freezing] Trainable params: 28,384,555 / 108,924,715 (26.1%)
[Layer Freezing] Training last 4 transformer layers (layers 8-11)
[Layer Freezing] Trainable params: 28,384,555 / 108,924,715 (26.1%)
[Round 53] T=3.18  α_ce=0.84  α_kd=0.16
 Round 53 | F1 0.5153 | P 0.6232 | R 0.4392 | Time 43.8s | Comm N/A | Local Avg F1: 0.4469

=== Round 54/100 ===
[Round 54] KD=ON | policy=ema_first
[Layer Freezing] Training last 4 transformer layers (layers 8-11)
[Layer Freezing] Trainable params: 28,384,555 / 108,924,715 (26.1%)
[Layer Freezing] Training last 4 transformer layers (layers 8-11)
[Layer Freezing] Trainable params: 28,384,555 / 108,924,715 (26.1%)
[Layer Freezing] Training last 4 transformer layers (layers 8-11)
[Layer Freezing] Trainable params: 28,384,555 / 108,924,715 (26.1%)
[Layer Freezing] Training last 4 transformer layers (layers 8-11)
[Layer Freezing] Trainable params: 28,384,555 / 108,924,715 (26.1%)
[Layer Freezing] Training last 4 transformer layers (layers 8-11)
[Layer Freezing] Trainable params: 28,384,555 / 108,924,715 (26.1%)
[Layer Freezing] Training last 4 transformer layers (layers 8-11)
[Layer Freezing] Trainable params: 28,384,555 / 108,924,715 (26.1%)
[Layer Freezing] Training last 4 transformer layers (layers 8-11)
[Layer Freezing] Trainable params: 28,384,555 / 108,924,715 (26.1%)
[Layer Freezing] Training last 4 transformer layers (layers 8-11)
[Layer Freezing] Trainable params: 28,384,555 / 108,924,715 (26.1%)
[Layer Freezing] Training last 4 transformer layers (layers 8-11)
[Layer Freezing] Trainable params: 28,384,555 / 108,924,715 (26.1%)
[Layer Freezing] Training last 4 transformer layers (layers 8-11)
[Layer Freezing] Trainable params: 28,384,555 / 108,924,715 (26.1%)
[Round 54] T=3.14  α_ce=0.84  α_kd=0.16
 Round 54 | F1 0.5155 | P 0.6212 | R 0.4405 | Time 43.3s | Comm N/A | Local Avg F1: 0.4459

=== Round 55/100 ===
[Round 55] KD=ON | policy=ema_first
[Layer Freezing] Training last 4 transformer layers (layers 8-11)
[Layer Freezing] Trainable params: 28,384,555 / 108,924,715 (26.1%)
[Layer Freezing] Training last 4 transformer layers (layers 8-11)
[Layer Freezing] Trainable params: 28,384,555 / 108,924,715 (26.1%)
[Layer Freezing] Training last 4 transformer layers (layers 8-11)
[Layer Freezing] Trainable params: 28,384,555 / 108,924,715 (26.1%)
[Layer Freezing] Training last 4 transformer layers (layers 8-11)
[Layer Freezing] Trainable params: 28,384,555 / 108,924,715 (26.1%)
[Layer Freezing] Training last 4 transformer layers (layers 8-11)
[Layer Freezing] Trainable params: 28,384,555 / 108,924,715 (26.1%)
[Layer Freezing] Training last 4 transformer layers (layers 8-11)
[Layer Freezing] Trainable params: 28,384,555 / 108,924,715 (26.1%)
[Layer Freezing] Training last 4 transformer layers (layers 8-11)
[Layer Freezing] Trainable params: 28,384,555 / 108,924,715 (26.1%)
[Layer Freezing] Training last 4 transformer layers (layers 8-11)
[Layer Freezing] Trainable params: 28,384,555 / 108,924,715 (26.1%)
[Layer Freezing] Training last 4 transformer layers (layers 8-11)
[Layer Freezing] Trainable params: 28,384,555 / 108,924,715 (26.1%)
[Layer Freezing] Training last 4 transformer layers (layers 8-11)
[Layer Freezing] Trainable params: 28,384,555 / 108,924,715 (26.1%)
[Round 55] T=3.11  α_ce=0.84  α_kd=0.16
 Round 55 | F1 0.5264 | P 0.6124 | R 0.4615 | Time 43.3s | Comm N/A | Local Avg F1: 0.4521

=== Round 56/100 ===
[Round 56] KD=ON | policy=ema_first
[Layer Freezing] Training last 4 transformer layers (layers 8-11)
[Layer Freezing] Trainable params: 28,384,555 / 108,924,715 (26.1%)
[Layer Freezing] Training last 4 transformer layers (layers 8-11)
[Layer Freezing] Trainable params: 28,384,555 / 108,924,715 (26.1%)
[Layer Freezing] Training last 4 transformer layers (layers 8-11)
[Layer Freezing] Trainable params: 28,384,555 / 108,924,715 (26.1%)
[Layer Freezing] Training last 4 transformer layers (layers 8-11)
[Layer Freezing] Trainable params: 28,384,555 / 108,924,715 (26.1%)
[Layer Freezing] Training last 4 transformer layers (layers 8-11)
[Layer Freezing] Trainable params: 28,384,555 / 108,924,715 (26.1%)
[Layer Freezing] Training last 4 transformer layers (layers 8-11)
[Layer Freezing] Trainable params: 28,384,555 / 108,924,715 (26.1%)
[Layer Freezing] Training last 4 transformer layers (layers 8-11)
[Layer Freezing] Trainable params: 28,384,555 / 108,924,715 (26.1%)
[Layer Freezing] Training last 4 transformer layers (layers 8-11)
[Layer Freezing] Trainable params: 28,384,555 / 108,924,715 (26.1%)
[Layer Freezing] Training last 4 transformer layers (layers 8-11)
[Layer Freezing] Trainable params: 28,384,555 / 108,924,715 (26.1%)
[Layer Freezing] Training last 4 transformer layers (layers 8-11)
[Layer Freezing] Trainable params: 28,384,555 / 108,924,715 (26.1%)
[Round 56] T=3.07  α_ce=0.83  α_kd=0.17
 Round 56 | F1 0.5224 | P 0.6182 | R 0.4523 | Time 43.3s | Comm N/A | Local Avg F1: 0.4512

=== Round 57/100 ===
[Round 57] KD=ON | policy=ema_first
[Layer Freezing] Training last 4 transformer layers (layers 8-11)
[Layer Freezing] Trainable params: 28,384,555 / 108,924,715 (26.1%)
[Layer Freezing] Training last 4 transformer layers (layers 8-11)
[Layer Freezing] Trainable params: 28,384,555 / 108,924,715 (26.1%)
[Layer Freezing] Training last 4 transformer layers (layers 8-11)
[Layer Freezing] Trainable params: 28,384,555 / 108,924,715 (26.1%)
[Layer Freezing] Training last 4 transformer layers (layers 8-11)
[Layer Freezing] Trainable params: 28,384,555 / 108,924,715 (26.1%)
[Layer Freezing] Training last 4 transformer layers (layers 8-11)
[Layer Freezing] Trainable params: 28,384,555 / 108,924,715 (26.1%)
[Layer Freezing] Training last 4 transformer layers (layers 8-11)
[Layer Freezing] Trainable params: 28,384,555 / 108,924,715 (26.1%)
[Layer Freezing] Training last 4 transformer layers (layers 8-11)
[Layer Freezing] Trainable params: 28,384,555 / 108,924,715 (26.1%)
[Layer Freezing] Training last 4 transformer layers (layers 8-11)
[Layer Freezing] Trainable params: 28,384,555 / 108,924,715 (26.1%)
[Layer Freezing] Training last 4 transformer layers (layers 8-11)
[Layer Freezing] Trainable params: 28,384,555 / 108,924,715 (26.1%)
[Layer Freezing] Training last 4 transformer layers (layers 8-11)
[Layer Freezing] Trainable params: 28,384,555 / 108,924,715 (26.1%)
[Round 57] T=3.04  α_ce=0.83  α_kd=0.17
 Round 57 | F1 0.5332 | P 0.6113 | R 0.4728 | Time 44.1s | Comm N/A | Local Avg F1: 0.4554

=== Round 58/100 ===
[Round 58] KD=ON | policy=ema_first
[Layer Freezing] Training last 4 transformer layers (layers 8-11)
[Layer Freezing] Trainable params: 28,384,555 / 108,924,715 (26.1%)
[Layer Freezing] Training last 4 transformer layers (layers 8-11)
[Layer Freezing] Trainable params: 28,384,555 / 108,924,715 (26.1%)
[Layer Freezing] Training last 4 transformer layers (layers 8-11)
[Layer Freezing] Trainable params: 28,384,555 / 108,924,715 (26.1%)
[Layer Freezing] Training last 4 transformer layers (layers 8-11)
[Layer Freezing] Trainable params: 28,384,555 / 108,924,715 (26.1%)
[Layer Freezing] Training last 4 transformer layers (layers 8-11)
[Layer Freezing] Trainable params: 28,384,555 / 108,924,715 (26.1%)
[Layer Freezing] Training last 4 transformer layers (layers 8-11)
[Layer Freezing] Trainable params: 28,384,555 / 108,924,715 (26.1%)
[Layer Freezing] Training last 4 transformer layers (layers 8-11)
[Layer Freezing] Trainable params: 28,384,555 / 108,924,715 (26.1%)
[Layer Freezing] Training last 4 transformer layers (layers 8-11)
[Layer Freezing] Trainable params: 28,384,555 / 108,924,715 (26.1%)
[Layer Freezing] Training last 4 transformer layers (layers 8-11)
[Layer Freezing] Trainable params: 28,384,555 / 108,924,715 (26.1%)
[Layer Freezing] Training last 4 transformer layers (layers 8-11)
[Layer Freezing] Trainable params: 28,384,555 / 108,924,715 (26.1%)
[Round 58] T=3.00  α_ce=0.83  α_kd=0.17
 Round 58 | F1 0.5239 | P 0.6176 | R 0.4548 | Time 43.2s | Comm N/A | Local Avg F1: 0.4529

=== Round 59/100 ===
[Round 59] KD=ON | policy=ema_first
[Layer Freezing] Training last 4 transformer layers (layers 8-11)
[Layer Freezing] Trainable params: 28,384,555 / 108,924,715 (26.1%)
[Layer Freezing] Training last 4 transformer layers (layers 8-11)
[Layer Freezing] Trainable params: 28,384,555 / 108,924,715 (26.1%)
[Layer Freezing] Training last 4 transformer layers (layers 8-11)
[Layer Freezing] Trainable params: 28,384,555 / 108,924,715 (26.1%)
[Layer Freezing] Training last 4 transformer layers (layers 8-11)
[Layer Freezing] Trainable params: 28,384,555 / 108,924,715 (26.1%)
[Layer Freezing] Training last 4 transformer layers (layers 8-11)
[Layer Freezing] Trainable params: 28,384,555 / 108,924,715 (26.1%)
[Layer Freezing] Training last 4 transformer layers (layers 8-11)
[Layer Freezing] Trainable params: 28,384,555 / 108,924,715 (26.1%)
[Layer Freezing] Training last 4 transformer layers (layers 8-11)
[Layer Freezing] Trainable params: 28,384,555 / 108,924,715 (26.1%)
[Layer Freezing] Training last 4 transformer layers (layers 8-11)
[Layer Freezing] Trainable params: 28,384,555 / 108,924,715 (26.1%)
[Layer Freezing] Training last 4 transformer layers (layers 8-11)
[Layer Freezing] Trainable params: 28,384,555 / 108,924,715 (26.1%)
[Layer Freezing] Training last 4 transformer layers (layers 8-11)
[Layer Freezing] Trainable params: 28,384,555 / 108,924,715 (26.1%)
[Round 59] T=2.96  α_ce=0.83  α_kd=0.17
 Round 59 | F1 0.5274 | P 0.6228 | R 0.4574 | Time 43.2s | Comm N/A | Local Avg F1: 0.4529

=== Round 60/100 ===
[Round 60] KD=ON | policy=ema_first
[Layer Freezing] Training last 4 transformer layers (layers 8-11)
[Layer Freezing] Trainable params: 28,384,555 / 108,924,715 (26.1%)
[Layer Freezing] Training last 4 transformer layers (layers 8-11)
[Layer Freezing] Trainable params: 28,384,555 / 108,924,715 (26.1%)
[Layer Freezing] Training last 4 transformer layers (layers 8-11)
[Layer Freezing] Trainable params: 28,384,555 / 108,924,715 (26.1%)
[Layer Freezing] Training last 4 transformer layers (layers 8-11)
[Layer Freezing] Trainable params: 28,384,555 / 108,924,715 (26.1%)
[Layer Freezing] Training last 4 transformer layers (layers 8-11)
[Layer Freezing] Trainable params: 28,384,555 / 108,924,715 (26.1%)
[Layer Freezing] Training last 4 transformer layers (layers 8-11)
[Layer Freezing] Trainable params: 28,384,555 / 108,924,715 (26.1%)
[Layer Freezing] Training last 4 transformer layers (layers 8-11)
[Layer Freezing] Trainable params: 28,384,555 / 108,924,715 (26.1%)
[Layer Freezing] Training last 4 transformer layers (layers 8-11)
[Layer Freezing] Trainable params: 28,384,555 / 108,924,715 (26.1%)
[Layer Freezing] Training last 4 transformer layers (layers 8-11)
[Layer Freezing] Trainable params: 28,384,555 / 108,924,715 (26.1%)
[Layer Freezing] Training last 4 transformer layers (layers 8-11)
[Layer Freezing] Trainable params: 28,384,555 / 108,924,715 (26.1%)
[Round 60] T=2.93  α_ce=0.82  α_kd=0.18
 Round 60 | F1 0.5288 | P 0.6205 | R 0.4607 | Time 43.2s | Comm N/A | Local Avg F1: 0.4553

=== Round 61/100 ===
[Round 61] KD=ON | policy=ema_first
[Layer Freezing] Training last 4 transformer layers (layers 8-11)
[Layer Freezing] Trainable params: 28,384,555 / 108,924,715 (26.1%)
[Layer Freezing] Training last 4 transformer layers (layers 8-11)
[Layer Freezing] Trainable params: 28,384,555 / 108,924,715 (26.1%)
[Layer Freezing] Training last 4 transformer layers (layers 8-11)
[Layer Freezing] Trainable params: 28,384,555 / 108,924,715 (26.1%)
[Layer Freezing] Training last 4 transformer layers (layers 8-11)
[Layer Freezing] Trainable params: 28,384,555 / 108,924,715 (26.1%)
[Layer Freezing] Training last 4 transformer layers (layers 8-11)
[Layer Freezing] Trainable params: 28,384,555 / 108,924,715 (26.1%)
[Layer Freezing] Training last 4 transformer layers (layers 8-11)
[Layer Freezing] Trainable params: 28,384,555 / 108,924,715 (26.1%)
[Layer Freezing] Training last 4 transformer layers (layers 8-11)
[Layer Freezing] Trainable params: 28,384,555 / 108,924,715 (26.1%)
[Layer Freezing] Training last 4 transformer layers (layers 8-11)
[Layer Freezing] Trainable params: 28,384,555 / 108,924,715 (26.1%)
[Layer Freezing] Training last 4 transformer layers (layers 8-11)
[Layer Freezing] Trainable params: 28,384,555 / 108,924,715 (26.1%)
[Layer Freezing] Training last 4 transformer layers (layers 8-11)
[Layer Freezing] Trainable params: 28,384,555 / 108,924,715 (26.1%)
[Round 61] T=2.89  α_ce=0.82  α_kd=0.18
 Round 61 | F1 0.5335 | P 0.6153 | R 0.4709 | Time 42.9s | Comm N/A | Local Avg F1: 0.4573

=== Round 62/100 ===
[Round 62] KD=ON | policy=ema_first
[Layer Freezing] Training last 4 transformer layers (layers 8-11)
[Layer Freezing] Trainable params: 28,384,555 / 108,924,715 (26.1%)
[Layer Freezing] Training last 4 transformer layers (layers 8-11)
[Layer Freezing] Trainable params: 28,384,555 / 108,924,715 (26.1%)
[Layer Freezing] Training last 4 transformer layers (layers 8-11)
[Layer Freezing] Trainable params: 28,384,555 / 108,924,715 (26.1%)
[Layer Freezing] Training last 4 transformer layers (layers 8-11)
[Layer Freezing] Trainable params: 28,384,555 / 108,924,715 (26.1%)
[Layer Freezing] Training last 4 transformer layers (layers 8-11)
[Layer Freezing] Trainable params: 28,384,555 / 108,924,715 (26.1%)
[Layer Freezing] Training last 4 transformer layers (layers 8-11)
[Layer Freezing] Trainable params: 28,384,555 / 108,924,715 (26.1%)
[Layer Freezing] Training last 4 transformer layers (layers 8-11)
[Layer Freezing] Trainable params: 28,384,555 / 108,924,715 (26.1%)
[Layer Freezing] Training last 4 transformer layers (layers 8-11)
[Layer Freezing] Trainable params: 28,384,555 / 108,924,715 (26.1%)
[Layer Freezing] Training last 4 transformer layers (layers 8-11)
[Layer Freezing] Trainable params: 28,384,555 / 108,924,715 (26.1%)
[Layer Freezing] Training last 4 transformer layers (layers 8-11)
[Layer Freezing] Trainable params: 28,384,555 / 108,924,715 (26.1%)
[Round 62] T=2.86  α_ce=0.82  α_kd=0.18
 Round 62 | F1 0.5289 | P 0.6169 | R 0.4629 | Time 43.2s | Comm N/A | Local Avg F1: 0.4586

=== Round 63/100 ===
[Round 63] KD=ON | policy=ema_first
[Layer Freezing] Training last 4 transformer layers (layers 8-11)
[Layer Freezing] Trainable params: 28,384,555 / 108,924,715 (26.1%)
[Layer Freezing] Training last 4 transformer layers (layers 8-11)
[Layer Freezing] Trainable params: 28,384,555 / 108,924,715 (26.1%)
[Layer Freezing] Training last 4 transformer layers (layers 8-11)
[Layer Freezing] Trainable params: 28,384,555 / 108,924,715 (26.1%)
[Layer Freezing] Training last 4 transformer layers (layers 8-11)
[Layer Freezing] Trainable params: 28,384,555 / 108,924,715 (26.1%)
[Layer Freezing] Training last 4 transformer layers (layers 8-11)
[Layer Freezing] Trainable params: 28,384,555 / 108,924,715 (26.1%)
[Layer Freezing] Training last 4 transformer layers (layers 8-11)
[Layer Freezing] Trainable params: 28,384,555 / 108,924,715 (26.1%)
[Layer Freezing] Training last 4 transformer layers (layers 8-11)
[Layer Freezing] Trainable params: 28,384,555 / 108,924,715 (26.1%)
[Layer Freezing] Training last 4 transformer layers (layers 8-11)
[Layer Freezing] Trainable params: 28,384,555 / 108,924,715 (26.1%)
[Layer Freezing] Training last 4 transformer layers (layers 8-11)
[Layer Freezing] Trainable params: 28,384,555 / 108,924,715 (26.1%)
[Layer Freezing] Training last 4 transformer layers (layers 8-11)
[Layer Freezing] Trainable params: 28,384,555 / 108,924,715 (26.1%)
[Round 63] T=2.82  α_ce=0.81  α_kd=0.19
 Round 63 | F1 0.5311 | P 0.6145 | R 0.4676 | Time 43.2s | Comm N/A | Local Avg F1: 0.4595

=== Round 64/100 ===
[Round 64] KD=ON | policy=ema_first
[Layer Freezing] Training last 4 transformer layers (layers 8-11)
[Layer Freezing] Trainable params: 28,384,555 / 108,924,715 (26.1%)
[Layer Freezing] Training last 4 transformer layers (layers 8-11)
[Layer Freezing] Trainable params: 28,384,555 / 108,924,715 (26.1%)
[Layer Freezing] Training last 4 transformer layers (layers 8-11)
[Layer Freezing] Trainable params: 28,384,555 / 108,924,715 (26.1%)
[Layer Freezing] Training last 4 transformer layers (layers 8-11)
[Layer Freezing] Trainable params: 28,384,555 / 108,924,715 (26.1%)
[Layer Freezing] Training last 4 transformer layers (layers 8-11)
[Layer Freezing] Trainable params: 28,384,555 / 108,924,715 (26.1%)
[Layer Freezing] Training last 4 transformer layers (layers 8-11)
[Layer Freezing] Trainable params: 28,384,555 / 108,924,715 (26.1%)
[Layer Freezing] Training last 4 transformer layers (layers 8-11)
[Layer Freezing] Trainable params: 28,384,555 / 108,924,715 (26.1%)
[Layer Freezing] Training last 4 transformer layers (layers 8-11)
[Layer Freezing] Trainable params: 28,384,555 / 108,924,715 (26.1%)
[Layer Freezing] Training last 4 transformer layers (layers 8-11)
[Layer Freezing] Trainable params: 28,384,555 / 108,924,715 (26.1%)
[Layer Freezing] Training last 4 transformer layers (layers 8-11)
[Layer Freezing] Trainable params: 28,384,555 / 108,924,715 (26.1%)
[Round 64] T=2.79  α_ce=0.81  α_kd=0.19
 Round 64 | F1 0.5330 | P 0.6192 | R 0.4678 | Time 43.3s | Comm N/A | Local Avg F1: 0.4604

=== Round 65/100 ===
[Round 65] KD=ON | policy=ema_first
[Layer Freezing] Training last 4 transformer layers (layers 8-11)
[Layer Freezing] Trainable params: 28,384,555 / 108,924,715 (26.1%)
[Layer Freezing] Training last 4 transformer layers (layers 8-11)
[Layer Freezing] Trainable params: 28,384,555 / 108,924,715 (26.1%)
[Layer Freezing] Training last 4 transformer layers (layers 8-11)
[Layer Freezing] Trainable params: 28,384,555 / 108,924,715 (26.1%)
[Layer Freezing] Training last 4 transformer layers (layers 8-11)
[Layer Freezing] Trainable params: 28,384,555 / 108,924,715 (26.1%)
[Layer Freezing] Training last 4 transformer layers (layers 8-11)
[Layer Freezing] Trainable params: 28,384,555 / 108,924,715 (26.1%)
[Layer Freezing] Training last 4 transformer layers (layers 8-11)
[Layer Freezing] Trainable params: 28,384,555 / 108,924,715 (26.1%)
[Layer Freezing] Training last 4 transformer layers (layers 8-11)
[Layer Freezing] Trainable params: 28,384,555 / 108,924,715 (26.1%)
[Layer Freezing] Training last 4 transformer layers (layers 8-11)
[Layer Freezing] Trainable params: 28,384,555 / 108,924,715 (26.1%)
[Layer Freezing] Training last 4 transformer layers (layers 8-11)
[Layer Freezing] Trainable params: 28,384,555 / 108,924,715 (26.1%)
[Layer Freezing] Training last 4 transformer layers (layers 8-11)
[Layer Freezing] Trainable params: 28,384,555 / 108,924,715 (26.1%)
[Round 65] T=2.75  α_ce=0.81  α_kd=0.19
 Round 65 | F1 0.5311 | P 0.6150 | R 0.4673 | Time 43.7s | Comm N/A | Local Avg F1: 0.4630

=== Round 66/100 ===
[Round 66] KD=ON | policy=ema_first
[Layer Freezing] Training last 4 transformer layers (layers 8-11)
[Layer Freezing] Trainable params: 28,384,555 / 108,924,715 (26.1%)
[Layer Freezing] Training last 4 transformer layers (layers 8-11)
[Layer Freezing] Trainable params: 28,384,555 / 108,924,715 (26.1%)
[Layer Freezing] Training last 4 transformer layers (layers 8-11)
[Layer Freezing] Trainable params: 28,384,555 / 108,924,715 (26.1%)
[Layer Freezing] Training last 4 transformer layers (layers 8-11)
[Layer Freezing] Trainable params: 28,384,555 / 108,924,715 (26.1%)
[Layer Freezing] Training last 4 transformer layers (layers 8-11)
[Layer Freezing] Trainable params: 28,384,555 / 108,924,715 (26.1%)
[Layer Freezing] Training last 4 transformer layers (layers 8-11)
[Layer Freezing] Trainable params: 28,384,555 / 108,924,715 (26.1%)
[Layer Freezing] Training last 4 transformer layers (layers 8-11)
[Layer Freezing] Trainable params: 28,384,555 / 108,924,715 (26.1%)
[Layer Freezing] Training last 4 transformer layers (layers 8-11)
[Layer Freezing] Trainable params: 28,384,555 / 108,924,715 (26.1%)
[Layer Freezing] Training last 4 transformer layers (layers 8-11)
[Layer Freezing] Trainable params: 28,384,555 / 108,924,715 (26.1%)
[Layer Freezing] Training last 4 transformer layers (layers 8-11)
[Layer Freezing] Trainable params: 28,384,555 / 108,924,715 (26.1%)
[Round 66] T=2.71  α_ce=0.80  α_kd=0.20
 Round 66 | F1 0.5354 | P 0.6136 | R 0.4748 | Time 43.5s | Comm N/A | Local Avg F1: 0.4621

=== Round 67/100 ===
[Round 67] KD=ON | policy=ema_first
[Layer Freezing] Training last 4 transformer layers (layers 8-11)
[Layer Freezing] Trainable params: 28,384,555 / 108,924,715 (26.1%)
[Layer Freezing] Training last 4 transformer layers (layers 8-11)
[Layer Freezing] Trainable params: 28,384,555 / 108,924,715 (26.1%)
[Layer Freezing] Training last 4 transformer layers (layers 8-11)
[Layer Freezing] Trainable params: 28,384,555 / 108,924,715 (26.1%)
[Layer Freezing] Training last 4 transformer layers (layers 8-11)
[Layer Freezing] Trainable params: 28,384,555 / 108,924,715 (26.1%)
[Layer Freezing] Training last 4 transformer layers (layers 8-11)
[Layer Freezing] Trainable params: 28,384,555 / 108,924,715 (26.1%)
[Layer Freezing] Training last 4 transformer layers (layers 8-11)
[Layer Freezing] Trainable params: 28,384,555 / 108,924,715 (26.1%)
[Layer Freezing] Training last 4 transformer layers (layers 8-11)
[Layer Freezing] Trainable params: 28,384,555 / 108,924,715 (26.1%)
[Layer Freezing] Training last 4 transformer layers (layers 8-11)
[Layer Freezing] Trainable params: 28,384,555 / 108,924,715 (26.1%)
[Layer Freezing] Training last 4 transformer layers (layers 8-11)
[Layer Freezing] Trainable params: 28,384,555 / 108,924,715 (26.1%)
[Layer Freezing] Training last 4 transformer layers (layers 8-11)
[Layer Freezing] Trainable params: 28,384,555 / 108,924,715 (26.1%)
[Round 67] T=2.68  α_ce=0.80  α_kd=0.20
 Round 67 | F1 0.5382 | P 0.6173 | R 0.4771 | Time 43.2s | Comm N/A | Local Avg F1: 0.4648

=== Round 68/100 ===
[Round 68] KD=ON | policy=ema_first
[Layer Freezing] Training last 4 transformer layers (layers 8-11)
[Layer Freezing] Trainable params: 28,384,555 / 108,924,715 (26.1%)
[Layer Freezing] Training last 4 transformer layers (layers 8-11)
[Layer Freezing] Trainable params: 28,384,555 / 108,924,715 (26.1%)
[Layer Freezing] Training last 4 transformer layers (layers 8-11)
[Layer Freezing] Trainable params: 28,384,555 / 108,924,715 (26.1%)
[Layer Freezing] Training last 4 transformer layers (layers 8-11)
[Layer Freezing] Trainable params: 28,384,555 / 108,924,715 (26.1%)
[Layer Freezing] Training last 4 transformer layers (layers 8-11)
[Layer Freezing] Trainable params: 28,384,555 / 108,924,715 (26.1%)
[Layer Freezing] Training last 4 transformer layers (layers 8-11)
[Layer Freezing] Trainable params: 28,384,555 / 108,924,715 (26.1%)
[Layer Freezing] Training last 4 transformer layers (layers 8-11)
[Layer Freezing] Trainable params: 28,384,555 / 108,924,715 (26.1%)
[Layer Freezing] Training last 4 transformer layers (layers 8-11)
[Layer Freezing] Trainable params: 28,384,555 / 108,924,715 (26.1%)
[Layer Freezing] Training last 4 transformer layers (layers 8-11)
[Layer Freezing] Trainable params: 28,384,555 / 108,924,715 (26.1%)
[Layer Freezing] Training last 4 transformer layers (layers 8-11)
[Layer Freezing] Trainable params: 28,384,555 / 108,924,715 (26.1%)
[Round 68] T=2.64  α_ce=0.80  α_kd=0.20
 Round 68 | F1 0.5322 | P 0.6181 | R 0.4673 | Time 44.1s | Comm N/A | Local Avg F1: 0.4607

=== Round 69/100 ===
[Round 69] KD=ON | policy=ema_first
[Layer Freezing] Training last 4 transformer layers (layers 8-11)
[Layer Freezing] Trainable params: 28,384,555 / 108,924,715 (26.1%)
[Layer Freezing] Training last 4 transformer layers (layers 8-11)
[Layer Freezing] Trainable params: 28,384,555 / 108,924,715 (26.1%)
[Layer Freezing] Training last 4 transformer layers (layers 8-11)
[Layer Freezing] Trainable params: 28,384,555 / 108,924,715 (26.1%)
[Layer Freezing] Training last 4 transformer layers (layers 8-11)
[Layer Freezing] Trainable params: 28,384,555 / 108,924,715 (26.1%)
[Layer Freezing] Training last 4 transformer layers (layers 8-11)
[Layer Freezing] Trainable params: 28,384,555 / 108,924,715 (26.1%)
[Layer Freezing] Training last 4 transformer layers (layers 8-11)
[Layer Freezing] Trainable params: 28,384,555 / 108,924,715 (26.1%)
[Layer Freezing] Training last 4 transformer layers (layers 8-11)
[Layer Freezing] Trainable params: 28,384,555 / 108,924,715 (26.1%)
[Layer Freezing] Training last 4 transformer layers (layers 8-11)
[Layer Freezing] Trainable params: 28,384,555 / 108,924,715 (26.1%)
[Layer Freezing] Training last 4 transformer layers (layers 8-11)
[Layer Freezing] Trainable params: 28,384,555 / 108,924,715 (26.1%)
[Layer Freezing] Training last 4 transformer layers (layers 8-11)
[Layer Freezing] Trainable params: 28,384,555 / 108,924,715 (26.1%)
[Round 69] T=2.61  α_ce=0.79  α_kd=0.21
 Round 69 | F1 0.5311 | P 0.6226 | R 0.4631 | Time 43.7s | Comm N/A | Local Avg F1: 0.4600

=== Round 70/100 ===
[Round 70] KD=ON | policy=ema_first
[Layer Freezing] Training last 4 transformer layers (layers 8-11)
[Layer Freezing] Trainable params: 28,384,555 / 108,924,715 (26.1%)
[Layer Freezing] Training last 4 transformer layers (layers 8-11)
[Layer Freezing] Trainable params: 28,384,555 / 108,924,715 (26.1%)
[Layer Freezing] Training last 4 transformer layers (layers 8-11)
[Layer Freezing] Trainable params: 28,384,555 / 108,924,715 (26.1%)
[Layer Freezing] Training last 4 transformer layers (layers 8-11)
[Layer Freezing] Trainable params: 28,384,555 / 108,924,715 (26.1%)
[Layer Freezing] Training last 4 transformer layers (layers 8-11)
[Layer Freezing] Trainable params: 28,384,555 / 108,924,715 (26.1%)
[Layer Freezing] Training last 4 transformer layers (layers 8-11)
[Layer Freezing] Trainable params: 28,384,555 / 108,924,715 (26.1%)
[Layer Freezing] Training last 4 transformer layers (layers 8-11)
[Layer Freezing] Trainable params: 28,384,555 / 108,924,715 (26.1%)
[Layer Freezing] Training last 4 transformer layers (layers 8-11)
[Layer Freezing] Trainable params: 28,384,555 / 108,924,715 (26.1%)
[Layer Freezing] Training last 4 transformer layers (layers 8-11)
[Layer Freezing] Trainable params: 28,384,555 / 108,924,715 (26.1%)
[Layer Freezing] Training last 4 transformer layers (layers 8-11)
[Layer Freezing] Trainable params: 28,384,555 / 108,924,715 (26.1%)
[Round 70] T=2.57  α_ce=0.79  α_kd=0.21
 Round 70 | F1 0.5370 | P 0.6230 | R 0.4719 | Time 42.9s | Comm N/A | Local Avg F1: 0.4594

=== Round 71/100 ===
[Round 71] KD=ON | policy=ema_first
[Layer Freezing] Training last 4 transformer layers (layers 8-11)
[Layer Freezing] Trainable params: 28,384,555 / 108,924,715 (26.1%)
[Layer Freezing] Training last 4 transformer layers (layers 8-11)
[Layer Freezing] Trainable params: 28,384,555 / 108,924,715 (26.1%)
[Layer Freezing] Training last 4 transformer layers (layers 8-11)
[Layer Freezing] Trainable params: 28,384,555 / 108,924,715 (26.1%)
[Layer Freezing] Training last 4 transformer layers (layers 8-11)
[Layer Freezing] Trainable params: 28,384,555 / 108,924,715 (26.1%)
[Layer Freezing] Training last 4 transformer layers (layers 8-11)
[Layer Freezing] Trainable params: 28,384,555 / 108,924,715 (26.1%)
[Layer Freezing] Training last 4 transformer layers (layers 8-11)
[Layer Freezing] Trainable params: 28,384,555 / 108,924,715 (26.1%)
[Layer Freezing] Training last 4 transformer layers (layers 8-11)
[Layer Freezing] Trainable params: 28,384,555 / 108,924,715 (26.1%)
[Layer Freezing] Training last 4 transformer layers (layers 8-11)
[Layer Freezing] Trainable params: 28,384,555 / 108,924,715 (26.1%)
[Layer Freezing] Training last 4 transformer layers (layers 8-11)
[Layer Freezing] Trainable params: 28,384,555 / 108,924,715 (26.1%)
[Layer Freezing] Training last 4 transformer layers (layers 8-11)
[Layer Freezing] Trainable params: 28,384,555 / 108,924,715 (26.1%)
[Round 71] T=2.54  α_ce=0.79  α_kd=0.21
 Round 71 | F1 0.5331 | P 0.6282 | R 0.4630 | Time 43.2s | Comm N/A | Local Avg F1: 0.4587

=== Round 72/100 ===
[Round 72] KD=ON | policy=ema_first
[Layer Freezing] Training last 4 transformer layers (layers 8-11)
[Layer Freezing] Trainable params: 28,384,555 / 108,924,715 (26.1%)
[Layer Freezing] Training last 4 transformer layers (layers 8-11)
[Layer Freezing] Trainable params: 28,384,555 / 108,924,715 (26.1%)
[Layer Freezing] Training last 4 transformer layers (layers 8-11)
[Layer Freezing] Trainable params: 28,384,555 / 108,924,715 (26.1%)
[Layer Freezing] Training last 4 transformer layers (layers 8-11)
[Layer Freezing] Trainable params: 28,384,555 / 108,924,715 (26.1%)
[Layer Freezing] Training last 4 transformer layers (layers 8-11)
[Layer Freezing] Trainable params: 28,384,555 / 108,924,715 (26.1%)
[Layer Freezing] Training last 4 transformer layers (layers 8-11)
[Layer Freezing] Trainable params: 28,384,555 / 108,924,715 (26.1%)
[Layer Freezing] Training last 4 transformer layers (layers 8-11)
[Layer Freezing] Trainable params: 28,384,555 / 108,924,715 (26.1%)
[Layer Freezing] Training last 4 transformer layers (layers 8-11)
[Layer Freezing] Trainable params: 28,384,555 / 108,924,715 (26.1%)
[Layer Freezing] Training last 4 transformer layers (layers 8-11)
[Layer Freezing] Trainable params: 28,384,555 / 108,924,715 (26.1%)
[Layer Freezing] Training last 4 transformer layers (layers 8-11)
[Layer Freezing] Trainable params: 28,384,555 / 108,924,715 (26.1%)
[Round 72] T=2.50  α_ce=0.79  α_kd=0.21
 Round 72 | F1 0.5418 | P 0.6169 | R 0.4830 | Time 43.6s | Comm N/A | Local Avg F1: 0.4665

=== Round 73/100 ===
[Round 73] KD=ON | policy=ema_first
[Layer Freezing] Training last 4 transformer layers (layers 8-11)
[Layer Freezing] Trainable params: 28,384,555 / 108,924,715 (26.1%)
[Layer Freezing] Training last 4 transformer layers (layers 8-11)
[Layer Freezing] Trainable params: 28,384,555 / 108,924,715 (26.1%)
[Layer Freezing] Training last 4 transformer layers (layers 8-11)
[Layer Freezing] Trainable params: 28,384,555 / 108,924,715 (26.1%)
[Layer Freezing] Training last 4 transformer layers (layers 8-11)
[Layer Freezing] Trainable params: 28,384,555 / 108,924,715 (26.1%)
[Layer Freezing] Training last 4 transformer layers (layers 8-11)
[Layer Freezing] Trainable params: 28,384,555 / 108,924,715 (26.1%)
[Layer Freezing] Training last 4 transformer layers (layers 8-11)
[Layer Freezing] Trainable params: 28,384,555 / 108,924,715 (26.1%)
[Layer Freezing] Training last 4 transformer layers (layers 8-11)
[Layer Freezing] Trainable params: 28,384,555 / 108,924,715 (26.1%)
[Layer Freezing] Training last 4 transformer layers (layers 8-11)
[Layer Freezing] Trainable params: 28,384,555 / 108,924,715 (26.1%)
[Layer Freezing] Training last 4 transformer layers (layers 8-11)
[Layer Freezing] Trainable params: 28,384,555 / 108,924,715 (26.1%)
[Layer Freezing] Training last 4 transformer layers (layers 8-11)
[Layer Freezing] Trainable params: 28,384,555 / 108,924,715 (26.1%)
[Round 73] T=2.46  α_ce=0.78  α_kd=0.22
 Round 73 | F1 0.5435 | P 0.6148 | R 0.4870 | Time 43.7s | Comm N/A | Local Avg F1: 0.4697

=== Round 74/100 ===
[Round 74] KD=ON | policy=ema_first
[Layer Freezing] Training last 4 transformer layers (layers 8-11)
[Layer Freezing] Trainable params: 28,384,555 / 108,924,715 (26.1%)
[Layer Freezing] Training last 4 transformer layers (layers 8-11)
[Layer Freezing] Trainable params: 28,384,555 / 108,924,715 (26.1%)
[Layer Freezing] Training last 4 transformer layers (layers 8-11)
[Layer Freezing] Trainable params: 28,384,555 / 108,924,715 (26.1%)
[Layer Freezing] Training last 4 transformer layers (layers 8-11)
[Layer Freezing] Trainable params: 28,384,555 / 108,924,715 (26.1%)
[Layer Freezing] Training last 4 transformer layers (layers 8-11)
[Layer Freezing] Trainable params: 28,384,555 / 108,924,715 (26.1%)
[Layer Freezing] Training last 4 transformer layers (layers 8-11)
[Layer Freezing] Trainable params: 28,384,555 / 108,924,715 (26.1%)
[Layer Freezing] Training last 4 transformer layers (layers 8-11)
[Layer Freezing] Trainable params: 28,384,555 / 108,924,715 (26.1%)
[Layer Freezing] Training last 4 transformer layers (layers 8-11)
[Layer Freezing] Trainable params: 28,384,555 / 108,924,715 (26.1%)
[Layer Freezing] Training last 4 transformer layers (layers 8-11)
[Layer Freezing] Trainable params: 28,384,555 / 108,924,715 (26.1%)
[Layer Freezing] Training last 4 transformer layers (layers 8-11)
[Layer Freezing] Trainable params: 28,384,555 / 108,924,715 (26.1%)
[Round 74] T=2.43  α_ce=0.78  α_kd=0.22
 Round 74 | F1 0.5441 | P 0.6190 | R 0.4854 | Time 43.2s | Comm N/A | Local Avg F1: 0.4687

=== Round 75/100 ===
[Round 75] KD=ON | policy=ema_first
[Layer Freezing] Training last 4 transformer layers (layers 8-11)
[Layer Freezing] Trainable params: 28,384,555 / 108,924,715 (26.1%)
[Layer Freezing] Training last 4 transformer layers (layers 8-11)
[Layer Freezing] Trainable params: 28,384,555 / 108,924,715 (26.1%)
[Layer Freezing] Training last 4 transformer layers (layers 8-11)
[Layer Freezing] Trainable params: 28,384,555 / 108,924,715 (26.1%)
[Layer Freezing] Training last 4 transformer layers (layers 8-11)
[Layer Freezing] Trainable params: 28,384,555 / 108,924,715 (26.1%)
[Layer Freezing] Training last 4 transformer layers (layers 8-11)
[Layer Freezing] Trainable params: 28,384,555 / 108,924,715 (26.1%)
[Layer Freezing] Training last 4 transformer layers (layers 8-11)
[Layer Freezing] Trainable params: 28,384,555 / 108,924,715 (26.1%)
[Layer Freezing] Training last 4 transformer layers (layers 8-11)
[Layer Freezing] Trainable params: 28,384,555 / 108,924,715 (26.1%)
[Layer Freezing] Training last 4 transformer layers (layers 8-11)
[Layer Freezing] Trainable params: 28,384,555 / 108,924,715 (26.1%)
[Layer Freezing] Training last 4 transformer layers (layers 8-11)
[Layer Freezing] Trainable params: 28,384,555 / 108,924,715 (26.1%)
[Layer Freezing] Training last 4 transformer layers (layers 8-11)
[Layer Freezing] Trainable params: 28,384,555 / 108,924,715 (26.1%)
[Round 75] T=2.39  α_ce=0.78  α_kd=0.22
 Round 75 | F1 0.5385 | P 0.6194 | R 0.4762 | Time 43.7s | Comm N/A | Local Avg F1: 0.4667

=== Round 76/100 ===
[Round 76] KD=ON | policy=ema_first
[Layer Freezing] Training last 4 transformer layers (layers 8-11)
[Layer Freezing] Trainable params: 28,384,555 / 108,924,715 (26.1%)
[Layer Freezing] Training last 4 transformer layers (layers 8-11)
[Layer Freezing] Trainable params: 28,384,555 / 108,924,715 (26.1%)
[Layer Freezing] Training last 4 transformer layers (layers 8-11)
[Layer Freezing] Trainable params: 28,384,555 / 108,924,715 (26.1%)
[Layer Freezing] Training last 4 transformer layers (layers 8-11)
[Layer Freezing] Trainable params: 28,384,555 / 108,924,715 (26.1%)
[Layer Freezing] Training last 4 transformer layers (layers 8-11)
[Layer Freezing] Trainable params: 28,384,555 / 108,924,715 (26.1%)
[Layer Freezing] Training last 4 transformer layers (layers 8-11)
[Layer Freezing] Trainable params: 28,384,555 / 108,924,715 (26.1%)
[Layer Freezing] Training last 4 transformer layers (layers 8-11)
[Layer Freezing] Trainable params: 28,384,555 / 108,924,715 (26.1%)
[Layer Freezing] Training last 4 transformer layers (layers 8-11)
[Layer Freezing] Trainable params: 28,384,555 / 108,924,715 (26.1%)
[Layer Freezing] Training last 4 transformer layers (layers 8-11)
[Layer Freezing] Trainable params: 28,384,555 / 108,924,715 (26.1%)
[Layer Freezing] Training last 4 transformer layers (layers 8-11)
[Layer Freezing] Trainable params: 28,384,555 / 108,924,715 (26.1%)
[Round 76] T=2.36  α_ce=0.77  α_kd=0.23
 Round 76 | F1 0.5412 | P 0.6194 | R 0.4805 | Time 43.8s | Comm N/A | Local Avg F1: 0.4660

=== Round 77/100 ===
[Round 77] KD=ON | policy=ema_first
[Layer Freezing] Training last 4 transformer layers (layers 8-11)
[Layer Freezing] Trainable params: 28,384,555 / 108,924,715 (26.1%)
[Layer Freezing] Training last 4 transformer layers (layers 8-11)
[Layer Freezing] Trainable params: 28,384,555 / 108,924,715 (26.1%)
[Layer Freezing] Training last 4 transformer layers (layers 8-11)
[Layer Freezing] Trainable params: 28,384,555 / 108,924,715 (26.1%)
[Layer Freezing] Training last 4 transformer layers (layers 8-11)
[Layer Freezing] Trainable params: 28,384,555 / 108,924,715 (26.1%)
[Layer Freezing] Training last 4 transformer layers (layers 8-11)
[Layer Freezing] Trainable params: 28,384,555 / 108,924,715 (26.1%)
[Layer Freezing] Training last 4 transformer layers (layers 8-11)
[Layer Freezing] Trainable params: 28,384,555 / 108,924,715 (26.1%)
[Layer Freezing] Training last 4 transformer layers (layers 8-11)
[Layer Freezing] Trainable params: 28,384,555 / 108,924,715 (26.1%)
[Layer Freezing] Training last 4 transformer layers (layers 8-11)
[Layer Freezing] Trainable params: 28,384,555 / 108,924,715 (26.1%)
[Layer Freezing] Training last 4 transformer layers (layers 8-11)
[Layer Freezing] Trainable params: 28,384,555 / 108,924,715 (26.1%)
[Layer Freezing] Training last 4 transformer layers (layers 8-11)
[Layer Freezing] Trainable params: 28,384,555 / 108,924,715 (26.1%)
[Round 77] T=2.32  α_ce=0.77  α_kd=0.23
 Round 77 | F1 0.5394 | P 0.6282 | R 0.4726 | Time 43.4s | Comm N/A | Local Avg F1: 0.4667

=== Round 78/100 ===
[Round 78] KD=ON | policy=ema_first
[Layer Freezing] Training last 4 transformer layers (layers 8-11)
[Layer Freezing] Trainable params: 28,384,555 / 108,924,715 (26.1%)
[Layer Freezing] Training last 4 transformer layers (layers 8-11)
[Layer Freezing] Trainable params: 28,384,555 / 108,924,715 (26.1%)
[Layer Freezing] Training last 4 transformer layers (layers 8-11)
[Layer Freezing] Trainable params: 28,384,555 / 108,924,715 (26.1%)
[Layer Freezing] Training last 4 transformer layers (layers 8-11)
[Layer Freezing] Trainable params: 28,384,555 / 108,924,715 (26.1%)
[Layer Freezing] Training last 4 transformer layers (layers 8-11)
[Layer Freezing] Trainable params: 28,384,555 / 108,924,715 (26.1%)
[Layer Freezing] Training last 4 transformer layers (layers 8-11)
[Layer Freezing] Trainable params: 28,384,555 / 108,924,715 (26.1%)
[Layer Freezing] Training last 4 transformer layers (layers 8-11)
[Layer Freezing] Trainable params: 28,384,555 / 108,924,715 (26.1%)
[Layer Freezing] Training last 4 transformer layers (layers 8-11)
[Layer Freezing] Trainable params: 28,384,555 / 108,924,715 (26.1%)
[Layer Freezing] Training last 4 transformer layers (layers 8-11)
[Layer Freezing] Trainable params: 28,384,555 / 108,924,715 (26.1%)
[Layer Freezing] Training last 4 transformer layers (layers 8-11)
[Layer Freezing] Trainable params: 28,384,555 / 108,924,715 (26.1%)
[Round 78] T=2.29  α_ce=0.77  α_kd=0.23
 Round 78 | F1 0.5412 | P 0.6223 | R 0.4788 | Time 43.7s | Comm N/A | Local Avg F1: 0.4685

=== Round 79/100 ===
[Round 79] KD=ON | policy=ema_first
[Layer Freezing] Training last 4 transformer layers (layers 8-11)
[Layer Freezing] Trainable params: 28,384,555 / 108,924,715 (26.1%)
[Layer Freezing] Training last 4 transformer layers (layers 8-11)
[Layer Freezing] Trainable params: 28,384,555 / 108,924,715 (26.1%)
[Layer Freezing] Training last 4 transformer layers (layers 8-11)
[Layer Freezing] Trainable params: 28,384,555 / 108,924,715 (26.1%)
[Layer Freezing] Training last 4 transformer layers (layers 8-11)
[Layer Freezing] Trainable params: 28,384,555 / 108,924,715 (26.1%)
[Layer Freezing] Training last 4 transformer layers (layers 8-11)
[Layer Freezing] Trainable params: 28,384,555 / 108,924,715 (26.1%)
[Layer Freezing] Training last 4 transformer layers (layers 8-11)
[Layer Freezing] Trainable params: 28,384,555 / 108,924,715 (26.1%)
[Layer Freezing] Training last 4 transformer layers (layers 8-11)
[Layer Freezing] Trainable params: 28,384,555 / 108,924,715 (26.1%)
[Layer Freezing] Training last 4 transformer layers (layers 8-11)
[Layer Freezing] Trainable params: 28,384,555 / 108,924,715 (26.1%)
[Layer Freezing] Training last 4 transformer layers (layers 8-11)
[Layer Freezing] Trainable params: 28,384,555 / 108,924,715 (26.1%)
[Layer Freezing] Training last 4 transformer layers (layers 8-11)
[Layer Freezing] Trainable params: 28,384,555 / 108,924,715 (26.1%)
[Round 79] T=2.25  α_ce=0.76  α_kd=0.24
 Round 79 | F1 0.5427 | P 0.6217 | R 0.4816 | Time 43.3s | Comm N/A | Local Avg F1: 0.4676

=== Round 80/100 ===
[Round 80] KD=ON | policy=ema_first
[Layer Freezing] Training last 4 transformer layers (layers 8-11)
[Layer Freezing] Trainable params: 28,384,555 / 108,924,715 (26.1%)
[Layer Freezing] Training last 4 transformer layers (layers 8-11)
[Layer Freezing] Trainable params: 28,384,555 / 108,924,715 (26.1%)
[Layer Freezing] Training last 4 transformer layers (layers 8-11)
[Layer Freezing] Trainable params: 28,384,555 / 108,924,715 (26.1%)
[Layer Freezing] Training last 4 transformer layers (layers 8-11)
[Layer Freezing] Trainable params: 28,384,555 / 108,924,715 (26.1%)
[Layer Freezing] Training last 4 transformer layers (layers 8-11)
[Layer Freezing] Trainable params: 28,384,555 / 108,924,715 (26.1%)
[Layer Freezing] Training last 4 transformer layers (layers 8-11)
[Layer Freezing] Trainable params: 28,384,555 / 108,924,715 (26.1%)
[Layer Freezing] Training last 4 transformer layers (layers 8-11)
[Layer Freezing] Trainable params: 28,384,555 / 108,924,715 (26.1%)
[Layer Freezing] Training last 4 transformer layers (layers 8-11)
[Layer Freezing] Trainable params: 28,384,555 / 108,924,715 (26.1%)
[Layer Freezing] Training last 4 transformer layers (layers 8-11)
[Layer Freezing] Trainable params: 28,384,555 / 108,924,715 (26.1%)
[Layer Freezing] Training last 4 transformer layers (layers 8-11)
[Layer Freezing] Trainable params: 28,384,555 / 108,924,715 (26.1%)
[Round 80] T=2.21  α_ce=0.76  α_kd=0.24
 Round 80 | F1 0.5434 | P 0.6188 | R 0.4843 | Time 43.5s | Comm N/A | Local Avg F1: 0.4698

=== Round 81/100 ===
[Round 81] KD=ON | policy=ema_first
[Layer Freezing] Training last 4 transformer layers (layers 8-11)
[Layer Freezing] Trainable params: 28,384,555 / 108,924,715 (26.1%)
[Layer Freezing] Training last 4 transformer layers (layers 8-11)
[Layer Freezing] Trainable params: 28,384,555 / 108,924,715 (26.1%)
[Layer Freezing] Training last 4 transformer layers (layers 8-11)
[Layer Freezing] Trainable params: 28,384,555 / 108,924,715 (26.1%)
[Layer Freezing] Training last 4 transformer layers (layers 8-11)
[Layer Freezing] Trainable params: 28,384,555 / 108,924,715 (26.1%)
[Layer Freezing] Training last 4 transformer layers (layers 8-11)
[Layer Freezing] Trainable params: 28,384,555 / 108,924,715 (26.1%)
[Layer Freezing] Training last 4 transformer layers (layers 8-11)
[Layer Freezing] Trainable params: 28,384,555 / 108,924,715 (26.1%)
[Layer Freezing] Training last 4 transformer layers (layers 8-11)
[Layer Freezing] Trainable params: 28,384,555 / 108,924,715 (26.1%)
[Layer Freezing] Training last 4 transformer layers (layers 8-11)
[Layer Freezing] Trainable params: 28,384,555 / 108,924,715 (26.1%)
[Layer Freezing] Training last 4 transformer layers (layers 8-11)
[Layer Freezing] Trainable params: 28,384,555 / 108,924,715 (26.1%)
[Layer Freezing] Training last 4 transformer layers (layers 8-11)
[Layer Freezing] Trainable params: 28,384,555 / 108,924,715 (26.1%)
[Round 81] T=2.18  α_ce=0.76  α_kd=0.24
 Round 81 | F1 0.5463 | P 0.6228 | R 0.4865 | Time 43.6s | Comm N/A | Local Avg F1: 0.4705

=== Round 82/100 ===
[Round 82] KD=ON | policy=ema_first
[Layer Freezing] Training last 4 transformer layers (layers 8-11)
[Layer Freezing] Trainable params: 28,384,555 / 108,924,715 (26.1%)
[Layer Freezing] Training last 4 transformer layers (layers 8-11)
[Layer Freezing] Trainable params: 28,384,555 / 108,924,715 (26.1%)
[Layer Freezing] Training last 4 transformer layers (layers 8-11)
[Layer Freezing] Trainable params: 28,384,555 / 108,924,715 (26.1%)
[Layer Freezing] Training last 4 transformer layers (layers 8-11)
[Layer Freezing] Trainable params: 28,384,555 / 108,924,715 (26.1%)
[Layer Freezing] Training last 4 transformer layers (layers 8-11)
[Layer Freezing] Trainable params: 28,384,555 / 108,924,715 (26.1%)
[Layer Freezing] Training last 4 transformer layers (layers 8-11)
[Layer Freezing] Trainable params: 28,384,555 / 108,924,715 (26.1%)
[Layer Freezing] Training last 4 transformer layers (layers 8-11)
[Layer Freezing] Trainable params: 28,384,555 / 108,924,715 (26.1%)
[Layer Freezing] Training last 4 transformer layers (layers 8-11)
[Layer Freezing] Trainable params: 28,384,555 / 108,924,715 (26.1%)
[Layer Freezing] Training last 4 transformer layers (layers 8-11)
[Layer Freezing] Trainable params: 28,384,555 / 108,924,715 (26.1%)
[Layer Freezing] Training last 4 transformer layers (layers 8-11)
[Layer Freezing] Trainable params: 28,384,555 / 108,924,715 (26.1%)
[Round 82] T=2.14  α_ce=0.76  α_kd=0.24
 Round 82 | F1 0.5468 | P 0.6202 | R 0.4889 | Time 43.7s | Comm N/A | Local Avg F1: 0.4682

=== Round 83/100 ===
[Round 83] KD=ON | policy=ema_first
[Layer Freezing] Training last 4 transformer layers (layers 8-11)
[Layer Freezing] Trainable params: 28,384,555 / 108,924,715 (26.1%)
[Layer Freezing] Training last 4 transformer layers (layers 8-11)
[Layer Freezing] Trainable params: 28,384,555 / 108,924,715 (26.1%)
[Layer Freezing] Training last 4 transformer layers (layers 8-11)
[Layer Freezing] Trainable params: 28,384,555 / 108,924,715 (26.1%)
[Layer Freezing] Training last 4 transformer layers (layers 8-11)
[Layer Freezing] Trainable params: 28,384,555 / 108,924,715 (26.1%)
[Layer Freezing] Training last 4 transformer layers (layers 8-11)
[Layer Freezing] Trainable params: 28,384,555 / 108,924,715 (26.1%)
[Layer Freezing] Training last 4 transformer layers (layers 8-11)
[Layer Freezing] Trainable params: 28,384,555 / 108,924,715 (26.1%)
[Layer Freezing] Training last 4 transformer layers (layers 8-11)
[Layer Freezing] Trainable params: 28,384,555 / 108,924,715 (26.1%)
[Layer Freezing] Training last 4 transformer layers (layers 8-11)
[Layer Freezing] Trainable params: 28,384,555 / 108,924,715 (26.1%)
[Layer Freezing] Training last 4 transformer layers (layers 8-11)
[Layer Freezing] Trainable params: 28,384,555 / 108,924,715 (26.1%)
[Layer Freezing] Training last 4 transformer layers (layers 8-11)
[Layer Freezing] Trainable params: 28,384,555 / 108,924,715 (26.1%)
[Round 83] T=2.11  α_ce=0.75  α_kd=0.25
 Round 83 | F1 0.5475 | P 0.6228 | R 0.4885 | Time 44.0s | Comm N/A | Local Avg F1: 0.4697

=== Round 84/100 ===
[Round 84] KD=ON | policy=ema_first
[Layer Freezing] Training last 4 transformer layers (layers 8-11)
[Layer Freezing] Trainable params: 28,384,555 / 108,924,715 (26.1%)
[Layer Freezing] Training last 4 transformer layers (layers 8-11)
[Layer Freezing] Trainable params: 28,384,555 / 108,924,715 (26.1%)
[Layer Freezing] Training last 4 transformer layers (layers 8-11)
[Layer Freezing] Trainable params: 28,384,555 / 108,924,715 (26.1%)
[Layer Freezing] Training last 4 transformer layers (layers 8-11)
[Layer Freezing] Trainable params: 28,384,555 / 108,924,715 (26.1%)
[Layer Freezing] Training last 4 transformer layers (layers 8-11)
[Layer Freezing] Trainable params: 28,384,555 / 108,924,715 (26.1%)
[Layer Freezing] Training last 4 transformer layers (layers 8-11)
[Layer Freezing] Trainable params: 28,384,555 / 108,924,715 (26.1%)
[Layer Freezing] Training last 4 transformer layers (layers 8-11)
[Layer Freezing] Trainable params: 28,384,555 / 108,924,715 (26.1%)
[Layer Freezing] Training last 4 transformer layers (layers 8-11)
[Layer Freezing] Trainable params: 28,384,555 / 108,924,715 (26.1%)
[Layer Freezing] Training last 4 transformer layers (layers 8-11)
[Layer Freezing] Trainable params: 28,384,555 / 108,924,715 (26.1%)
[Layer Freezing] Training last 4 transformer layers (layers 8-11)
[Layer Freezing] Trainable params: 28,384,555 / 108,924,715 (26.1%)
[Round 84] T=2.07  α_ce=0.75  α_kd=0.25
 Round 84 | F1 0.5467 | P 0.6220 | R 0.4877 | Time 43.4s | Comm N/A | Local Avg F1: 0.4716

=== Round 85/100 ===
[Round 85] KD=ON | policy=ema_first
[Layer Freezing] Training last 4 transformer layers (layers 8-11)
[Layer Freezing] Trainable params: 28,384,555 / 108,924,715 (26.1%)
[Layer Freezing] Training last 4 transformer layers (layers 8-11)
[Layer Freezing] Trainable params: 28,384,555 / 108,924,715 (26.1%)
[Layer Freezing] Training last 4 transformer layers (layers 8-11)
[Layer Freezing] Trainable params: 28,384,555 / 108,924,715 (26.1%)
[Layer Freezing] Training last 4 transformer layers (layers 8-11)
[Layer Freezing] Trainable params: 28,384,555 / 108,924,715 (26.1%)
[Layer Freezing] Training last 4 transformer layers (layers 8-11)
[Layer Freezing] Trainable params: 28,384,555 / 108,924,715 (26.1%)
[Layer Freezing] Training last 4 transformer layers (layers 8-11)
[Layer Freezing] Trainable params: 28,384,555 / 108,924,715 (26.1%)
[Layer Freezing] Training last 4 transformer layers (layers 8-11)
[Layer Freezing] Trainable params: 28,384,555 / 108,924,715 (26.1%)
[Layer Freezing] Training last 4 transformer layers (layers 8-11)
[Layer Freezing] Trainable params: 28,384,555 / 108,924,715 (26.1%)
[Layer Freezing] Training last 4 transformer layers (layers 8-11)
[Layer Freezing] Trainable params: 28,384,555 / 108,924,715 (26.1%)
[Layer Freezing] Training last 4 transformer layers (layers 8-11)
[Layer Freezing] Trainable params: 28,384,555 / 108,924,715 (26.1%)
[Round 85] T=2.04  α_ce=0.75  α_kd=0.25
 Round 85 | F1 0.5438 | P 0.6291 | R 0.4788 | Time 44.0s | Comm N/A | Local Avg F1: 0.4722

=== Round 86/100 ===
[Round 86] KD=ON | policy=ema_first
[Layer Freezing] Training last 4 transformer layers (layers 8-11)
[Layer Freezing] Trainable params: 28,384,555 / 108,924,715 (26.1%)
[Layer Freezing] Training last 4 transformer layers (layers 8-11)
[Layer Freezing] Trainable params: 28,384,555 / 108,924,715 (26.1%)
[Layer Freezing] Training last 4 transformer layers (layers 8-11)
[Layer Freezing] Trainable params: 28,384,555 / 108,924,715 (26.1%)
[Layer Freezing] Training last 4 transformer layers (layers 8-11)
[Layer Freezing] Trainable params: 28,384,555 / 108,924,715 (26.1%)
[Layer Freezing] Training last 4 transformer layers (layers 8-11)
[Layer Freezing] Trainable params: 28,384,555 / 108,924,715 (26.1%)
[Layer Freezing] Training last 4 transformer layers (layers 8-11)
[Layer Freezing] Trainable params: 28,384,555 / 108,924,715 (26.1%)
[Layer Freezing] Training last 4 transformer layers (layers 8-11)
[Layer Freezing] Trainable params: 28,384,555 / 108,924,715 (26.1%)
[Layer Freezing] Training last 4 transformer layers (layers 8-11)
[Layer Freezing] Trainable params: 28,384,555 / 108,924,715 (26.1%)
[Layer Freezing] Training last 4 transformer layers (layers 8-11)
[Layer Freezing] Trainable params: 28,384,555 / 108,924,715 (26.1%)
[Layer Freezing] Training last 4 transformer layers (layers 8-11)
[Layer Freezing] Trainable params: 28,384,555 / 108,924,715 (26.1%)
[Round 86] T=2.00  α_ce=0.74  α_kd=0.26
 Round 86 | F1 0.5427 | P 0.6315 | R 0.4758 | Time 43.5s | Comm N/A | Local Avg F1: 0.4681

=== Round 87/100 ===
[Round 87] KD=ON | policy=ema_first
[Layer Freezing] Training last 4 transformer layers (layers 8-11)
[Layer Freezing] Trainable params: 28,384,555 / 108,924,715 (26.1%)
[Layer Freezing] Training last 4 transformer layers (layers 8-11)
[Layer Freezing] Trainable params: 28,384,555 / 108,924,715 (26.1%)
[Layer Freezing] Training last 4 transformer layers (layers 8-11)
[Layer Freezing] Trainable params: 28,384,555 / 108,924,715 (26.1%)
[Layer Freezing] Training last 4 transformer layers (layers 8-11)
[Layer Freezing] Trainable params: 28,384,555 / 108,924,715 (26.1%)
[Layer Freezing] Training last 4 transformer layers (layers 8-11)
[Layer Freezing] Trainable params: 28,384,555 / 108,924,715 (26.1%)
[Layer Freezing] Training last 4 transformer layers (layers 8-11)
[Layer Freezing] Trainable params: 28,384,555 / 108,924,715 (26.1%)
[Layer Freezing] Training last 4 transformer layers (layers 8-11)
[Layer Freezing] Trainable params: 28,384,555 / 108,924,715 (26.1%)
[Layer Freezing] Training last 4 transformer layers (layers 8-11)
[Layer Freezing] Trainable params: 28,384,555 / 108,924,715 (26.1%)
[Layer Freezing] Training last 4 transformer layers (layers 8-11)
[Layer Freezing] Trainable params: 28,384,555 / 108,924,715 (26.1%)
[Layer Freezing] Training last 4 transformer layers (layers 8-11)
[Layer Freezing] Trainable params: 28,384,555 / 108,924,715 (26.1%)
[Round 87] T=1.96  α_ce=0.74  α_kd=0.26
 Round 87 | F1 0.5503 | P 0.6235 | R 0.4924 | Time 43.6s | Comm N/A | Local Avg F1: 0.4716

=== Round 88/100 ===
[Round 88] KD=ON | policy=ema_first
[Layer Freezing] Training last 4 transformer layers (layers 8-11)
[Layer Freezing] Trainable params: 28,384,555 / 108,924,715 (26.1%)
[Layer Freezing] Training last 4 transformer layers (layers 8-11)
[Layer Freezing] Trainable params: 28,384,555 / 108,924,715 (26.1%)
[Layer Freezing] Training last 4 transformer layers (layers 8-11)
[Layer Freezing] Trainable params: 28,384,555 / 108,924,715 (26.1%)
[Layer Freezing] Training last 4 transformer layers (layers 8-11)
[Layer Freezing] Trainable params: 28,384,555 / 108,924,715 (26.1%)
[Layer Freezing] Training last 4 transformer layers (layers 8-11)
[Layer Freezing] Trainable params: 28,384,555 / 108,924,715 (26.1%)
[Layer Freezing] Training last 4 transformer layers (layers 8-11)
[Layer Freezing] Trainable params: 28,384,555 / 108,924,715 (26.1%)
[Layer Freezing] Training last 4 transformer layers (layers 8-11)
[Layer Freezing] Trainable params: 28,384,555 / 108,924,715 (26.1%)
[Layer Freezing] Training last 4 transformer layers (layers 8-11)
[Layer Freezing] Trainable params: 28,384,555 / 108,924,715 (26.1%)
[Layer Freezing] Training last 4 transformer layers (layers 8-11)
[Layer Freezing] Trainable params: 28,384,555 / 108,924,715 (26.1%)
[Layer Freezing] Training last 4 transformer layers (layers 8-11)
[Layer Freezing] Trainable params: 28,384,555 / 108,924,715 (26.1%)
[Round 88] T=1.93  α_ce=0.74  α_kd=0.26
 Round 88 | F1 0.5468 | P 0.6253 | R 0.4858 | Time 43.4s | Comm N/A | Local Avg F1: 0.4713

=== Round 89/100 ===
[Round 89] KD=ON | policy=ema_first
[Layer Freezing] Training last 4 transformer layers (layers 8-11)
[Layer Freezing] Trainable params: 28,384,555 / 108,924,715 (26.1%)
[Layer Freezing] Training last 4 transformer layers (layers 8-11)
[Layer Freezing] Trainable params: 28,384,555 / 108,924,715 (26.1%)
[Layer Freezing] Training last 4 transformer layers (layers 8-11)
[Layer Freezing] Trainable params: 28,384,555 / 108,924,715 (26.1%)
[Layer Freezing] Training last 4 transformer layers (layers 8-11)
[Layer Freezing] Trainable params: 28,384,555 / 108,924,715 (26.1%)
[Layer Freezing] Training last 4 transformer layers (layers 8-11)
[Layer Freezing] Trainable params: 28,384,555 / 108,924,715 (26.1%)
[Layer Freezing] Training last 4 transformer layers (layers 8-11)
[Layer Freezing] Trainable params: 28,384,555 / 108,924,715 (26.1%)
[Layer Freezing] Training last 4 transformer layers (layers 8-11)
[Layer Freezing] Trainable params: 28,384,555 / 108,924,715 (26.1%)
[Layer Freezing] Training last 4 transformer layers (layers 8-11)
[Layer Freezing] Trainable params: 28,384,555 / 108,924,715 (26.1%)
[Layer Freezing] Training last 4 transformer layers (layers 8-11)
[Layer Freezing] Trainable params: 28,384,555 / 108,924,715 (26.1%)
[Layer Freezing] Training last 4 transformer layers (layers 8-11)
[Layer Freezing] Trainable params: 28,384,555 / 108,924,715 (26.1%)
[Round 89] T=1.89  α_ce=0.73  α_kd=0.27
 Round 89 | F1 0.5505 | P 0.6253 | R 0.4916 | Time 43.7s | Comm N/A | Local Avg F1: 0.4737

=== Round 90/100 ===
[Round 90] KD=ON | policy=ema_first
[Layer Freezing] Training last 4 transformer layers (layers 8-11)
[Layer Freezing] Trainable params: 28,384,555 / 108,924,715 (26.1%)
[Layer Freezing] Training last 4 transformer layers (layers 8-11)
[Layer Freezing] Trainable params: 28,384,555 / 108,924,715 (26.1%)
[Layer Freezing] Training last 4 transformer layers (layers 8-11)
[Layer Freezing] Trainable params: 28,384,555 / 108,924,715 (26.1%)
[Layer Freezing] Training last 4 transformer layers (layers 8-11)
[Layer Freezing] Trainable params: 28,384,555 / 108,924,715 (26.1%)
[Layer Freezing] Training last 4 transformer layers (layers 8-11)
[Layer Freezing] Trainable params: 28,384,555 / 108,924,715 (26.1%)
[Layer Freezing] Training last 4 transformer layers (layers 8-11)
[Layer Freezing] Trainable params: 28,384,555 / 108,924,715 (26.1%)
[Layer Freezing] Training last 4 transformer layers (layers 8-11)
[Layer Freezing] Trainable params: 28,384,555 / 108,924,715 (26.1%)
[Layer Freezing] Training last 4 transformer layers (layers 8-11)
[Layer Freezing] Trainable params: 28,384,555 / 108,924,715 (26.1%)
[Layer Freezing] Training last 4 transformer layers (layers 8-11)
[Layer Freezing] Trainable params: 28,384,555 / 108,924,715 (26.1%)
[Layer Freezing] Training last 4 transformer layers (layers 8-11)
[Layer Freezing] Trainable params: 28,384,555 / 108,924,715 (26.1%)
[Round 90] T=1.86  α_ce=0.73  α_kd=0.27
 Round 90 | F1 0.5486 | P 0.6273 | R 0.4875 | Time 43.8s | Comm N/A | Local Avg F1: 0.4730

=== Round 91/100 ===
[Round 91] KD=ON | policy=ema_first
[Layer Freezing] Training last 4 transformer layers (layers 8-11)
[Layer Freezing] Trainable params: 28,384,555 / 108,924,715 (26.1%)
[Layer Freezing] Training last 4 transformer layers (layers 8-11)
[Layer Freezing] Trainable params: 28,384,555 / 108,924,715 (26.1%)
[Layer Freezing] Training last 4 transformer layers (layers 8-11)
[Layer Freezing] Trainable params: 28,384,555 / 108,924,715 (26.1%)
[Layer Freezing] Training last 4 transformer layers (layers 8-11)
[Layer Freezing] Trainable params: 28,384,555 / 108,924,715 (26.1%)
[Layer Freezing] Training last 4 transformer layers (layers 8-11)
[Layer Freezing] Trainable params: 28,384,555 / 108,924,715 (26.1%)
[Layer Freezing] Training last 4 transformer layers (layers 8-11)
[Layer Freezing] Trainable params: 28,384,555 / 108,924,715 (26.1%)
[Layer Freezing] Training last 4 transformer layers (layers 8-11)
[Layer Freezing] Trainable params: 28,384,555 / 108,924,715 (26.1%)
[Layer Freezing] Training last 4 transformer layers (layers 8-11)
[Layer Freezing] Trainable params: 28,384,555 / 108,924,715 (26.1%)
[Layer Freezing] Training last 4 transformer layers (layers 8-11)
[Layer Freezing] Trainable params: 28,384,555 / 108,924,715 (26.1%)
[Layer Freezing] Training last 4 transformer layers (layers 8-11)
[Layer Freezing] Trainable params: 28,384,555 / 108,924,715 (26.1%)
[Round 91] T=1.82  α_ce=0.73  α_kd=0.27
 Round 91 | F1 0.5527 | P 0.6250 | R 0.4955 | Time 43.8s | Comm N/A | Local Avg F1: 0.4754

=== Round 92/100 ===
[Round 92] KD=ON | policy=ema_first
[Layer Freezing] Training last 4 transformer layers (layers 8-11)
[Layer Freezing] Trainable params: 28,384,555 / 108,924,715 (26.1%)
[Layer Freezing] Training last 4 transformer layers (layers 8-11)
[Layer Freezing] Trainable params: 28,384,555 / 108,924,715 (26.1%)
[Layer Freezing] Training last 4 transformer layers (layers 8-11)
[Layer Freezing] Trainable params: 28,384,555 / 108,924,715 (26.1%)
[Layer Freezing] Training last 4 transformer layers (layers 8-11)
[Layer Freezing] Trainable params: 28,384,555 / 108,924,715 (26.1%)
[Layer Freezing] Training last 4 transformer layers (layers 8-11)
[Layer Freezing] Trainable params: 28,384,555 / 108,924,715 (26.1%)
[Layer Freezing] Training last 4 transformer layers (layers 8-11)
[Layer Freezing] Trainable params: 28,384,555 / 108,924,715 (26.1%)
[Layer Freezing] Training last 4 transformer layers (layers 8-11)
[Layer Freezing] Trainable params: 28,384,555 / 108,924,715 (26.1%)
[Layer Freezing] Training last 4 transformer layers (layers 8-11)
[Layer Freezing] Trainable params: 28,384,555 / 108,924,715 (26.1%)
[Layer Freezing] Training last 4 transformer layers (layers 8-11)
[Layer Freezing] Trainable params: 28,384,555 / 108,924,715 (26.1%)
[Layer Freezing] Training last 4 transformer layers (layers 8-11)
[Layer Freezing] Trainable params: 28,384,555 / 108,924,715 (26.1%)
[Round 92] T=1.79  α_ce=0.72  α_kd=0.28
 Round 92 | F1 0.5536 | P 0.6212 | R 0.4992 | Time 43.8s | Comm N/A | Local Avg F1: 0.4753

=== Round 93/100 ===
[Round 93] KD=ON | policy=ema_first
[Layer Freezing] Training last 4 transformer layers (layers 8-11)
[Layer Freezing] Trainable params: 28,384,555 / 108,924,715 (26.1%)
[Layer Freezing] Training last 4 transformer layers (layers 8-11)
[Layer Freezing] Trainable params: 28,384,555 / 108,924,715 (26.1%)
[Layer Freezing] Training last 4 transformer layers (layers 8-11)
[Layer Freezing] Trainable params: 28,384,555 / 108,924,715 (26.1%)
[Layer Freezing] Training last 4 transformer layers (layers 8-11)
[Layer Freezing] Trainable params: 28,384,555 / 108,924,715 (26.1%)
[Layer Freezing] Training last 4 transformer layers (layers 8-11)
[Layer Freezing] Trainable params: 28,384,555 / 108,924,715 (26.1%)
[Layer Freezing] Training last 4 transformer layers (layers 8-11)
[Layer Freezing] Trainable params: 28,384,555 / 108,924,715 (26.1%)
[Layer Freezing] Training last 4 transformer layers (layers 8-11)
[Layer Freezing] Trainable params: 28,384,555 / 108,924,715 (26.1%)
[Layer Freezing] Training last 4 transformer layers (layers 8-11)
[Layer Freezing] Trainable params: 28,384,555 / 108,924,715 (26.1%)
[Layer Freezing] Training last 4 transformer layers (layers 8-11)
[Layer Freezing] Trainable params: 28,384,555 / 108,924,715 (26.1%)
[Layer Freezing] Training last 4 transformer layers (layers 8-11)
[Layer Freezing] Trainable params: 28,384,555 / 108,924,715 (26.1%)
[Round 93] T=1.75  α_ce=0.72  α_kd=0.28
 Round 93 | F1 0.5516 | P 0.6225 | R 0.4953 | Time 43.5s | Comm N/A | Local Avg F1: 0.4735

=== Round 94/100 ===
[Round 94] KD=ON | policy=ema_first
[Layer Freezing] Training last 4 transformer layers (layers 8-11)
[Layer Freezing] Trainable params: 28,384,555 / 108,924,715 (26.1%)
[Layer Freezing] Training last 4 transformer layers (layers 8-11)
[Layer Freezing] Trainable params: 28,384,555 / 108,924,715 (26.1%)
[Layer Freezing] Training last 4 transformer layers (layers 8-11)
[Layer Freezing] Trainable params: 28,384,555 / 108,924,715 (26.1%)
[Layer Freezing] Training last 4 transformer layers (layers 8-11)
[Layer Freezing] Trainable params: 28,384,555 / 108,924,715 (26.1%)
[Layer Freezing] Training last 4 transformer layers (layers 8-11)
[Layer Freezing] Trainable params: 28,384,555 / 108,924,715 (26.1%)
[Layer Freezing] Training last 4 transformer layers (layers 8-11)
[Layer Freezing] Trainable params: 28,384,555 / 108,924,715 (26.1%)
[Layer Freezing] Training last 4 transformer layers (layers 8-11)
[Layer Freezing] Trainable params: 28,384,555 / 108,924,715 (26.1%)
[Layer Freezing] Training last 4 transformer layers (layers 8-11)
[Layer Freezing] Trainable params: 28,384,555 / 108,924,715 (26.1%)
[Layer Freezing] Training last 4 transformer layers (layers 8-11)
[Layer Freezing] Trainable params: 28,384,555 / 108,924,715 (26.1%)
[Layer Freezing] Training last 4 transformer layers (layers 8-11)
[Layer Freezing] Trainable params: 28,384,555 / 108,924,715 (26.1%)
[Round 94] T=1.71  α_ce=0.72  α_kd=0.28
 Round 94 | F1 0.5475 | P 0.6294 | R 0.4844 | Time 43.7s | Comm N/A | Local Avg F1: 0.4724

=== Round 95/100 ===
[Round 95] KD=ON | policy=ema_first
[Layer Freezing] Training last 4 transformer layers (layers 8-11)
[Layer Freezing] Trainable params: 28,384,555 / 108,924,715 (26.1%)
[Layer Freezing] Training last 4 transformer layers (layers 8-11)
[Layer Freezing] Trainable params: 28,384,555 / 108,924,715 (26.1%)
[Layer Freezing] Training last 4 transformer layers (layers 8-11)
[Layer Freezing] Trainable params: 28,384,555 / 108,924,715 (26.1%)
[Layer Freezing] Training last 4 transformer layers (layers 8-11)
[Layer Freezing] Trainable params: 28,384,555 / 108,924,715 (26.1%)
[Layer Freezing] Training last 4 transformer layers (layers 8-11)
[Layer Freezing] Trainable params: 28,384,555 / 108,924,715 (26.1%)
[Layer Freezing] Training last 4 transformer layers (layers 8-11)
[Layer Freezing] Trainable params: 28,384,555 / 108,924,715 (26.1%)
[Layer Freezing] Training last 4 transformer layers (layers 8-11)
[Layer Freezing] Trainable params: 28,384,555 / 108,924,715 (26.1%)
[Layer Freezing] Training last 4 transformer layers (layers 8-11)
[Layer Freezing] Trainable params: 28,384,555 / 108,924,715 (26.1%)
[Layer Freezing] Training last 4 transformer layers (layers 8-11)
[Layer Freezing] Trainable params: 28,384,555 / 108,924,715 (26.1%)
[Layer Freezing] Training last 4 transformer layers (layers 8-11)
[Layer Freezing] Trainable params: 28,384,555 / 108,924,715 (26.1%)
[Round 95] T=1.68  α_ce=0.72  α_kd=0.28
 Round 95 | F1 0.5504 | P 0.6289 | R 0.4893 | Time 43.7s | Comm N/A | Local Avg F1: 0.4737

=== Round 96/100 ===
[Round 96] KD=ON | policy=ema_first
[Layer Freezing] Training last 4 transformer layers (layers 8-11)
[Layer Freezing] Trainable params: 28,384,555 / 108,924,715 (26.1%)
[Layer Freezing] Training last 4 transformer layers (layers 8-11)
[Layer Freezing] Trainable params: 28,384,555 / 108,924,715 (26.1%)
[Layer Freezing] Training last 4 transformer layers (layers 8-11)
[Layer Freezing] Trainable params: 28,384,555 / 108,924,715 (26.1%)
[Layer Freezing] Training last 4 transformer layers (layers 8-11)
[Layer Freezing] Trainable params: 28,384,555 / 108,924,715 (26.1%)
[Layer Freezing] Training last 4 transformer layers (layers 8-11)
[Layer Freezing] Trainable params: 28,384,555 / 108,924,715 (26.1%)
[Layer Freezing] Training last 4 transformer layers (layers 8-11)
[Layer Freezing] Trainable params: 28,384,555 / 108,924,715 (26.1%)
[Layer Freezing] Training last 4 transformer layers (layers 8-11)
[Layer Freezing] Trainable params: 28,384,555 / 108,924,715 (26.1%)
[Layer Freezing] Training last 4 transformer layers (layers 8-11)
[Layer Freezing] Trainable params: 28,384,555 / 108,924,715 (26.1%)
[Layer Freezing] Training last 4 transformer layers (layers 8-11)
[Layer Freezing] Trainable params: 28,384,555 / 108,924,715 (26.1%)
[Layer Freezing] Training last 4 transformer layers (layers 8-11)
[Layer Freezing] Trainable params: 28,384,555 / 108,924,715 (26.1%)
[Round 96] T=1.64  α_ce=0.71  α_kd=0.29
 Round 96 | F1 0.5486 | P 0.6301 | R 0.4857 | Time 43.8s | Comm N/A | Local Avg F1: 0.4726

=== Round 97/100 ===
[Round 97] KD=ON | policy=ema_first
[Layer Freezing] Training last 4 transformer layers (layers 8-11)
[Layer Freezing] Trainable params: 28,384,555 / 108,924,715 (26.1%)
[Layer Freezing] Training last 4 transformer layers (layers 8-11)
[Layer Freezing] Trainable params: 28,384,555 / 108,924,715 (26.1%)
[Layer Freezing] Training last 4 transformer layers (layers 8-11)
[Layer Freezing] Trainable params: 28,384,555 / 108,924,715 (26.1%)
[Layer Freezing] Training last 4 transformer layers (layers 8-11)
[Layer Freezing] Trainable params: 28,384,555 / 108,924,715 (26.1%)
[Layer Freezing] Training last 4 transformer layers (layers 8-11)
[Layer Freezing] Trainable params: 28,384,555 / 108,924,715 (26.1%)
[Layer Freezing] Training last 4 transformer layers (layers 8-11)
[Layer Freezing] Trainable params: 28,384,555 / 108,924,715 (26.1%)
[Layer Freezing] Training last 4 transformer layers (layers 8-11)
[Layer Freezing] Trainable params: 28,384,555 / 108,924,715 (26.1%)
[Layer Freezing] Training last 4 transformer layers (layers 8-11)
[Layer Freezing] Trainable params: 28,384,555 / 108,924,715 (26.1%)
[Layer Freezing] Training last 4 transformer layers (layers 8-11)
[Layer Freezing] Trainable params: 28,384,555 / 108,924,715 (26.1%)
[Layer Freezing] Training last 4 transformer layers (layers 8-11)
[Layer Freezing] Trainable params: 28,384,555 / 108,924,715 (26.1%)
[Round 97] T=1.61  α_ce=0.71  α_kd=0.29
 Round 97 | F1 0.5544 | P 0.6199 | R 0.5013 | Time 43.9s | Comm N/A | Local Avg F1: 0.4770

=== Round 98/100 ===
[Round 98] KD=ON | policy=ema_first
[Layer Freezing] Training last 4 transformer layers (layers 8-11)
[Layer Freezing] Trainable params: 28,384,555 / 108,924,715 (26.1%)
[Layer Freezing] Training last 4 transformer layers (layers 8-11)
[Layer Freezing] Trainable params: 28,384,555 / 108,924,715 (26.1%)
[Layer Freezing] Training last 4 transformer layers (layers 8-11)
[Layer Freezing] Trainable params: 28,384,555 / 108,924,715 (26.1%)
[Layer Freezing] Training last 4 transformer layers (layers 8-11)
[Layer Freezing] Trainable params: 28,384,555 / 108,924,715 (26.1%)
[Layer Freezing] Training last 4 transformer layers (layers 8-11)
[Layer Freezing] Trainable params: 28,384,555 / 108,924,715 (26.1%)
[Layer Freezing] Training last 4 transformer layers (layers 8-11)
[Layer Freezing] Trainable params: 28,384,555 / 108,924,715 (26.1%)
[Layer Freezing] Training last 4 transformer layers (layers 8-11)
[Layer Freezing] Trainable params: 28,384,555 / 108,924,715 (26.1%)
[Layer Freezing] Training last 4 transformer layers (layers 8-11)
[Layer Freezing] Trainable params: 28,384,555 / 108,924,715 (26.1%)
[Layer Freezing] Training last 4 transformer layers (layers 8-11)
[Layer Freezing] Trainable params: 28,384,555 / 108,924,715 (26.1%)
[Layer Freezing] Training last 4 transformer layers (layers 8-11)
[Layer Freezing] Trainable params: 28,384,555 / 108,924,715 (26.1%)
[Round 98] T=1.57  α_ce=0.71  α_kd=0.29
 Round 98 | F1 0.5540 | P 0.6179 | R 0.5020 | Time 43.4s | Comm N/A | Local Avg F1: 0.4769

=== Round 99/100 ===
[Round 99] KD=ON | policy=ema_first
[Layer Freezing] Training last 4 transformer layers (layers 8-11)
[Layer Freezing] Trainable params: 28,384,555 / 108,924,715 (26.1%)
[Layer Freezing] Training last 4 transformer layers (layers 8-11)
[Layer Freezing] Trainable params: 28,384,555 / 108,924,715 (26.1%)
[Layer Freezing] Training last 4 transformer layers (layers 8-11)
[Layer Freezing] Trainable params: 28,384,555 / 108,924,715 (26.1%)
[Layer Freezing] Training last 4 transformer layers (layers 8-11)
[Layer Freezing] Trainable params: 28,384,555 / 108,924,715 (26.1%)
[Layer Freezing] Training last 4 transformer layers (layers 8-11)
[Layer Freezing] Trainable params: 28,384,555 / 108,924,715 (26.1%)
[Layer Freezing] Training last 4 transformer layers (layers 8-11)
[Layer Freezing] Trainable params: 28,384,555 / 108,924,715 (26.1%)
[Layer Freezing] Training last 4 transformer layers (layers 8-11)
[Layer Freezing] Trainable params: 28,384,555 / 108,924,715 (26.1%)
[Layer Freezing] Training last 4 transformer layers (layers 8-11)
[Layer Freezing] Trainable params: 28,384,555 / 108,924,715 (26.1%)
[Layer Freezing] Training last 4 transformer layers (layers 8-11)
[Layer Freezing] Trainable params: 28,384,555 / 108,924,715 (26.1%)
[Layer Freezing] Training last 4 transformer layers (layers 8-11)
[Layer Freezing] Trainable params: 28,384,555 / 108,924,715 (26.1%)
[Round 99] T=1.54  α_ce=0.70  α_kd=0.30
 Round 99 | F1 0.5542 | P 0.6209 | R 0.5004 | Time 43.3s | Comm N/A | Local Avg F1: 0.4784

=== Round 100/100 ===
[Round 100] KD=ON | policy=ema_first
[Layer Freezing] Training last 4 transformer layers (layers 8-11)
[Layer Freezing] Trainable params: 28,384,555 / 108,924,715 (26.1%)
[Layer Freezing] Training last 4 transformer layers (layers 8-11)
[Layer Freezing] Trainable params: 28,384,555 / 108,924,715 (26.1%)
[Layer Freezing] Training last 4 transformer layers (layers 8-11)
[Layer Freezing] Trainable params: 28,384,555 / 108,924,715 (26.1%)
[Layer Freezing] Training last 4 transformer layers (layers 8-11)
[Layer Freezing] Trainable params: 28,384,555 / 108,924,715 (26.1%)
[Layer Freezing] Training last 4 transformer layers (layers 8-11)
[Layer Freezing] Trainable params: 28,384,555 / 108,924,715 (26.1%)
[Layer Freezing] Training last 4 transformer layers (layers 8-11)
[Layer Freezing] Trainable params: 28,384,555 / 108,924,715 (26.1%)
[Layer Freezing] Training last 4 transformer layers (layers 8-11)
[Layer Freezing] Trainable params: 28,384,555 / 108,924,715 (26.1%)
[Layer Freezing] Training last 4 transformer layers (layers 8-11)
[Layer Freezing] Trainable params: 28,384,555 / 108,924,715 (26.1%)
[Layer Freezing] Training last 4 transformer layers (layers 8-11)
[Layer Freezing] Trainable params: 28,384,555 / 108,924,715 (26.1%)
[Layer Freezing] Training last 4 transformer layers (layers 8-11)
[Layer Freezing] Trainable params: 28,384,555 / 108,924,715 (26.1%)
[Round 100] T=1.50  α_ce=0.70  α_kd=0.30
 Round 100 | F1 0.5514 | P 0.6256 | R 0.4930 | Time 43.8s | Comm N/A | Local Avg F1: 0.4740
[save_json] Saved: results/FedSAD_20250825_035816/fed_results.json
[save_json] Backup: results/FedSAD_20250825_035816/fed_results_20250825_051043.json
== FedSAD 0.01==
📁 从本地加载模型: /root/autodl-tmp/fedner/models/microsoft_BiomedNLP-PubMedBERT-base-uncased-abstract
Some weights of BertForTokenClassification were not initialized from the model checkpoint at /root/autodl-tmp/fedner/models/microsoft_BiomedNLP-PubMedBERT-base-uncased-abstract and are newly initialized because the shapes did not match:
- classifier.bias: found shape torch.Size([2]) in the checkpoint and torch.Size([43]) in the model instantiated
- classifier.weight: found shape torch.Size([2, 768]) in the checkpoint and torch.Size([43, 768]) in the model instantiated
You should probably TRAIN this model on a down-stream task to be able to use it for predictions and inference.
Using device: cuda
📁 从本地加载模型: /root/autodl-tmp/fedner/models/microsoft_BiomedNLP-PubMedBERT-base-uncased-abstract
Some weights of BertForTokenClassification were not initialized from the model checkpoint at /root/autodl-tmp/fedner/models/microsoft_BiomedNLP-PubMedBERT-base-uncased-abstract and are newly initialized because the shapes did not match:
- classifier.bias: found shape torch.Size([2]) in the checkpoint and torch.Size([43]) in the model instantiated
- classifier.weight: found shape torch.Size([2, 768]) in the checkpoint and torch.Size([43, 768]) in the model instantiated
You should probably TRAIN this model on a down-stream task to be able to use it for predictions and inference.

============================================================
EXPERIMENT CONFIGURATION
============================================================
Algorithm: FedSAD | Clients: 10 (100% per round) | Rounds: 100, Local epochs: 2 | Training: All layers | Sampling: 200 samples per client (random) | Data: Non-IID (α=0.01)
------------------------------------------------------------
Algorithm-specific parameters for FedSAD:
  - use_distillation: True
  - kd_start_round: 2
  - teacher_policy: ema_first
  - temperature_start: 5.0, temperature_end: 1.5
  - alpha_ce_start: 1.0, alpha_ce_end: 0.7
  - alpha_kd_start: 0.0, alpha_kd_end: 0.3
  - hidden_distill: False, alpha_hidden: 0.0
  - o_downweight: 1.0
============================================================

Model initialized: 108,924,715/108,924,715 trainable params (100.0%)

=== Round 1/100 ===
[Round 1] KD=OFF | policy=ema_first
[Layer Freezing] Training all layers
[Layer Freezing] Training all layers
[Layer Freezing] Training all layers
[Layer Freezing] Training all layers
[Layer Freezing] Training all layers
[Layer Freezing] Training all layers
[Layer Freezing] Training all layers
[Layer Freezing] Training all layers
[Layer Freezing] Training all layers
[Layer Freezing] Training all layers
[Round 1] T=5.00  α_ce=1.00  α_kd=0.00
/root/miniconda3/lib/python3.12/site-packages/seqeval/metrics/v1.py:57: UndefinedMetricWarning: Precision is ill-defined and being set to 0.0 due to no predicted samples. Use `zero_division` parameter to control this behavior.
  _warn_prf(average, modifier, msg_start, len(result))
/root/miniconda3/lib/python3.12/site-packages/seqeval/metrics/v1.py:159: UndefinedMetricWarning: F-score is ill-defined and being set to 0.0 due to no true nor predicted samples. Use `zero_division` parameter to control this behavior.
  _warn_prf(
/root/miniconda3/lib/python3.12/site-packages/seqeval/metrics/v1.py:57: UndefinedMetricWarning: Recall is ill-defined and being set to 0.0 due to no true samples. Use `zero_division` parameter to control this behavior.
  _warn_prf(average, modifier, msg_start, len(result))
 Round 1 | F1 0.0000 | P 0.0000 | R 0.0000 | Time 40.9s | Comm N/A | Local Avg F1: 0.0000

=== Round 2/100 ===
[Round 2] KD=ON | policy=ema_first
[Layer Freezing] Training all layers
[Layer Freezing] Training all layers
[Layer Freezing] Training all layers
[Layer Freezing] Training all layers
[Layer Freezing] Training all layers
[Layer Freezing] Training all layers
[Layer Freezing] Training all layers
[Layer Freezing] Training all layers
[Layer Freezing] Training all layers
[Layer Freezing] Training all layers
[Round 2] T=5.00  α_ce=1.00  α_kd=0.00
 Round 2 | F1 0.0000 | P 0.0000 | R 0.0000 | Time 44.3s | Comm N/A | Local Avg F1: 0.0000

=== Round 3/100 ===
[Round 3] KD=ON | policy=ema_first
[Layer Freezing] Training all layers
[Layer Freezing] Training all layers
[Layer Freezing] Training all layers
[Layer Freezing] Training all layers
[Layer Freezing] Training all layers
[Layer Freezing] Training all layers
[Layer Freezing] Training all layers
[Layer Freezing] Training all layers
[Layer Freezing] Training all layers
[Layer Freezing] Training all layers
[Round 3] T=4.96  α_ce=1.00  α_kd=0.00
 Round 3 | F1 0.0004 | P 1.0000 | R 0.0002 | Time 43.6s | Comm N/A | Local Avg F1: 0.0005

=== Round 4/100 ===
[Round 4] KD=ON | policy=ema_first
[Layer Freezing] Training all layers
[Layer Freezing] Training all layers
[Layer Freezing] Training all layers
[Layer Freezing] Training all layers
[Layer Freezing] Training all layers
[Layer Freezing] Training all layers
[Layer Freezing] Training all layers
[Layer Freezing] Training all layers
[Layer Freezing] Training all layers
[Layer Freezing] Training all layers
[Round 4] T=4.93  α_ce=0.99  α_kd=0.01
 Round 4 | F1 0.0904 | P 0.6483 | R 0.0486 | Time 44.1s | Comm N/A | Local Avg F1: 0.0591

=== Round 5/100 ===
[Round 5] KD=ON | policy=ema_first
[Layer Freezing] Training all layers
[Layer Freezing] Training all layers
[Layer Freezing] Training all layers
[Layer Freezing] Training all layers
[Layer Freezing] Training all layers
[Layer Freezing] Training all layers
[Layer Freezing] Training all layers
[Layer Freezing] Training all layers
[Layer Freezing] Training all layers
[Layer Freezing] Training all layers
[Round 5] T=4.89  α_ce=0.99  α_kd=0.01
 Round 5 | F1 0.1568 | P 0.6050 | R 0.0901 | Time 44.1s | Comm N/A | Local Avg F1: 0.0977

=== Round 6/100 ===
[Round 6] KD=ON | policy=ema_first
[Layer Freezing] Training all layers
[Layer Freezing] Training all layers
[Layer Freezing] Training all layers
[Layer Freezing] Training all layers
[Layer Freezing] Training all layers
[Layer Freezing] Training all layers
[Layer Freezing] Training all layers
[Layer Freezing] Training all layers
[Layer Freezing] Training all layers
[Layer Freezing] Training all layers
[Round 6] T=4.86  α_ce=0.99  α_kd=0.01
 Round 6 | F1 0.2167 | P 0.5249 | R 0.1365 | Time 44.2s | Comm N/A | Local Avg F1: 0.1337

=== Round 7/100 ===
[Round 7] KD=ON | policy=ema_first
[Layer Freezing] Training all layers
[Layer Freezing] Training all layers
[Layer Freezing] Training all layers
[Layer Freezing] Training all layers
[Layer Freezing] Training all layers
[Layer Freezing] Training all layers
[Layer Freezing] Training all layers
[Layer Freezing] Training all layers
[Layer Freezing] Training all layers
[Layer Freezing] Training all layers
[Round 7] T=4.82  α_ce=0.98  α_kd=0.02
 Round 7 | F1 0.2530 | P 0.5166 | R 0.1675 | Time 43.9s | Comm N/A | Local Avg F1: 0.1703

=== Round 8/100 ===
[Round 8] KD=ON | policy=ema_first
[Layer Freezing] Training all layers
[Layer Freezing] Training all layers
[Layer Freezing] Training all layers
[Layer Freezing] Training all layers
[Layer Freezing] Training all layers
[Layer Freezing] Training all layers
[Layer Freezing] Training all layers
[Layer Freezing] Training all layers
[Layer Freezing] Training all layers
[Layer Freezing] Training all layers
[Round 8] T=4.79  α_ce=0.98  α_kd=0.02
 Round 8 | F1 0.2741 | P 0.5327 | R 0.1845 | Time 43.9s | Comm N/A | Local Avg F1: 0.2000

=== Round 9/100 ===
[Round 9] KD=ON | policy=ema_first
[Layer Freezing] Training all layers
[Layer Freezing] Training all layers
[Layer Freezing] Training all layers
[Layer Freezing] Training all layers
[Layer Freezing] Training all layers
[Layer Freezing] Training all layers
[Layer Freezing] Training all layers
[Layer Freezing] Training all layers
[Layer Freezing] Training all layers
[Layer Freezing] Training all layers
[Round 9] T=4.75  α_ce=0.98  α_kd=0.02
 Round 9 | F1 0.3433 | P 0.5180 | R 0.2567 | Time 44.3s | Comm N/A | Local Avg F1: 0.2532

=== Round 10/100 ===
[Round 10] KD=ON | policy=ema_first
[Layer Freezing] Training all layers
[Layer Freezing] Training all layers
[Layer Freezing] Training all layers
[Layer Freezing] Training all layers
[Layer Freezing] Training all layers
[Layer Freezing] Training all layers
[Layer Freezing] Training all layers
[Layer Freezing] Training all layers
[Layer Freezing] Training all layers
[Layer Freezing] Training all layers
[Round 10] T=4.71  α_ce=0.98  α_kd=0.02
 Round 10 | F1 0.3635 | P 0.5394 | R 0.2741 | Time 43.8s | Comm N/A | Local Avg F1: 0.2797

=== Round 11/100 ===
[Round 11] KD=ON | policy=ema_first
[Layer Freezing] Training all layers
[Layer Freezing] Training all layers
[Layer Freezing] Training all layers
[Layer Freezing] Training all layers
[Layer Freezing] Training all layers
[Layer Freezing] Training all layers
[Layer Freezing] Training all layers
[Layer Freezing] Training all layers
[Layer Freezing] Training all layers
[Layer Freezing] Training all layers
[Round 11] T=4.68  α_ce=0.97  α_kd=0.03
 Round 11 | F1 0.3767 | P 0.5698 | R 0.2814 | Time 44.1s | Comm N/A | Local Avg F1: 0.2909

=== Round 12/100 ===
[Round 12] KD=ON | policy=ema_first
[Layer Freezing] Training all layers
[Layer Freezing] Training all layers
[Layer Freezing] Training all layers
[Layer Freezing] Training all layers
[Layer Freezing] Training all layers
[Layer Freezing] Training all layers
[Layer Freezing] Training all layers
[Layer Freezing] Training all layers
[Layer Freezing] Training all layers
[Layer Freezing] Training all layers
[Round 12] T=4.64  α_ce=0.97  α_kd=0.03
 Round 12 | F1 0.4253 | P 0.5575 | R 0.3438 | Time 43.5s | Comm N/A | Local Avg F1: 0.3387

=== Round 13/100 ===
[Round 13] KD=ON | policy=ema_first
[Layer Freezing] Training all layers
[Layer Freezing] Training all layers
[Layer Freezing] Training all layers
[Layer Freezing] Training all layers
[Layer Freezing] Training all layers
[Layer Freezing] Training all layers
[Layer Freezing] Training all layers
[Layer Freezing] Training all layers
[Layer Freezing] Training all layers
[Layer Freezing] Training all layers
[Round 13] T=4.61  α_ce=0.97  α_kd=0.03
 Round 13 | F1 0.4332 | P 0.5714 | R 0.3488 | Time 44.5s | Comm N/A | Local Avg F1: 0.3485

=== Round 14/100 ===
[Round 14] KD=ON | policy=ema_first
[Layer Freezing] Training all layers
[Layer Freezing] Training all layers
[Layer Freezing] Training all layers
[Layer Freezing] Training all layers
[Layer Freezing] Training all layers
[Layer Freezing] Training all layers
[Layer Freezing] Training all layers
[Layer Freezing] Training all layers
[Layer Freezing] Training all layers
[Layer Freezing] Training all layers
[Round 14] T=4.57  α_ce=0.96  α_kd=0.04
 Round 14 | F1 0.4612 | P 0.5669 | R 0.3887 | Time 44.2s | Comm N/A | Local Avg F1: 0.3766

=== Round 15/100 ===
[Round 15] KD=ON | policy=ema_first
[Layer Freezing] Training all layers
[Layer Freezing] Training all layers
[Layer Freezing] Training all layers
[Layer Freezing] Training all layers
[Layer Freezing] Training all layers
[Layer Freezing] Training all layers
[Layer Freezing] Training all layers
[Layer Freezing] Training all layers
[Layer Freezing] Training all layers
[Layer Freezing] Training all layers
[Round 15] T=4.54  α_ce=0.96  α_kd=0.04
 Round 15 | F1 0.4583 | P 0.6036 | R 0.3694 | Time 44.2s | Comm N/A | Local Avg F1: 0.3774

=== Round 16/100 ===
[Round 16] KD=ON | policy=ema_first
[Layer Freezing] Training all layers
[Layer Freezing] Training all layers
[Layer Freezing] Training all layers
[Layer Freezing] Training all layers
[Layer Freezing] Training all layers
[Layer Freezing] Training all layers
[Layer Freezing] Training all layers
[Layer Freezing] Training all layers
[Layer Freezing] Training all layers
[Layer Freezing] Training all layers
[Round 16] T=4.50  α_ce=0.96  α_kd=0.04
 Round 16 | F1 0.4879 | P 0.5797 | R 0.4212 | Time 44.2s | Comm N/A | Local Avg F1: 0.4050

=== Round 17/100 ===
[Round 17] KD=ON | policy=ema_first
[Layer Freezing] Training all layers
[Layer Freezing] Training all layers
[Layer Freezing] Training all layers
[Layer Freezing] Training all layers
[Layer Freezing] Training all layers
[Layer Freezing] Training all layers
[Layer Freezing] Training all layers
[Layer Freezing] Training all layers
[Layer Freezing] Training all layers
[Layer Freezing] Training all layers
[Round 17] T=4.46  α_ce=0.95  α_kd=0.05
 Round 17 | F1 0.4858 | P 0.5885 | R 0.4137 | Time 44.1s | Comm N/A | Local Avg F1: 0.4029

=== Round 18/100 ===
[Round 18] KD=ON | policy=ema_first
[Layer Freezing] Training all layers
[Layer Freezing] Training all layers
[Layer Freezing] Training all layers
[Layer Freezing] Training all layers
[Layer Freezing] Training all layers
[Layer Freezing] Training all layers
[Layer Freezing] Training all layers
[Layer Freezing] Training all layers
[Layer Freezing] Training all layers
[Layer Freezing] Training all layers
[Round 18] T=4.43  α_ce=0.95  α_kd=0.05
 Round 18 | F1 0.4873 | P 0.5995 | R 0.4104 | Time 44.9s | Comm N/A | Local Avg F1: 0.4085

=== Round 19/100 ===
[Round 19] KD=ON | policy=ema_first
[Layer Freezing] Training all layers
[Layer Freezing] Training all layers
[Layer Freezing] Training all layers
[Layer Freezing] Training all layers
[Layer Freezing] Training all layers
[Layer Freezing] Training all layers
[Layer Freezing] Training all layers
[Layer Freezing] Training all layers
[Layer Freezing] Training all layers
[Layer Freezing] Training all layers
[Round 19] T=4.39  α_ce=0.95  α_kd=0.05
 Round 19 | F1 0.4928 | P 0.6096 | R 0.4136 | Time 44.7s | Comm N/A | Local Avg F1: 0.4112

=== Round 20/100 ===
[Round 20] KD=ON | policy=ema_first
[Layer Freezing] Training all layers
[Layer Freezing] Training all layers
[Layer Freezing] Training all layers
[Layer Freezing] Training all layers
[Layer Freezing] Training all layers
[Layer Freezing] Training all layers
[Layer Freezing] Training all layers
[Layer Freezing] Training all layers
[Layer Freezing] Training all layers
[Layer Freezing] Training all layers
[Round 20] T=4.36  α_ce=0.94  α_kd=0.06
 Round 20 | F1 0.5114 | P 0.5914 | R 0.4505 | Time 44.1s | Comm N/A | Local Avg F1: 0.4283

=== Round 21/100 ===
[Round 21] KD=ON | policy=ema_first
[Layer Freezing] Training all layers
[Layer Freezing] Training all layers
[Layer Freezing] Training all layers
[Layer Freezing] Training all layers
[Layer Freezing] Training all layers
[Layer Freezing] Training all layers
[Layer Freezing] Training all layers
[Layer Freezing] Training all layers
[Layer Freezing] Training all layers
[Layer Freezing] Training all layers
[Round 21] T=4.32  α_ce=0.94  α_kd=0.06
 Round 21 | F1 0.5101 | P 0.6216 | R 0.4324 | Time 44.2s | Comm N/A | Local Avg F1: 0.4317

=== Round 22/100 ===
[Round 22] KD=ON | policy=ema_first
[Layer Freezing] Training all layers
[Layer Freezing] Training all layers
[Layer Freezing] Training all layers
[Layer Freezing] Training all layers
[Layer Freezing] Training all layers
[Layer Freezing] Training all layers
[Layer Freezing] Training all layers
[Layer Freezing] Training all layers
[Layer Freezing] Training all layers
[Layer Freezing] Training all layers
[Round 22] T=4.29  α_ce=0.94  α_kd=0.06
 Round 22 | F1 0.5101 | P 0.6144 | R 0.4360 | Time 44.1s | Comm N/A | Local Avg F1: 0.4285

=== Round 23/100 ===
[Round 23] KD=ON | policy=ema_first
[Layer Freezing] Training all layers
[Layer Freezing] Training all layers
[Layer Freezing] Training all layers
[Layer Freezing] Training all layers
[Layer Freezing] Training all layers
[Layer Freezing] Training all layers
[Layer Freezing] Training all layers
[Layer Freezing] Training all layers
[Layer Freezing] Training all layers
[Layer Freezing] Training all layers
[Round 23] T=4.25  α_ce=0.94  α_kd=0.06
 Round 23 | F1 0.5234 | P 0.6038 | R 0.4620 | Time 44.3s | Comm N/A | Local Avg F1: 0.4461

=== Round 24/100 ===
[Round 24] KD=ON | policy=ema_first
[Layer Freezing] Training all layers
[Layer Freezing] Training all layers
[Layer Freezing] Training all layers
[Layer Freezing] Training all layers
[Layer Freezing] Training all layers
[Layer Freezing] Training all layers
[Layer Freezing] Training all layers
[Layer Freezing] Training all layers
[Layer Freezing] Training all layers
[Layer Freezing] Training all layers
[Round 24] T=4.21  α_ce=0.93  α_kd=0.07
 Round 24 | F1 0.5222 | P 0.6165 | R 0.4529 | Time 44.1s | Comm N/A | Local Avg F1: 0.4427

=== Round 25/100 ===
[Round 25] KD=ON | policy=ema_first
[Layer Freezing] Training all layers
[Layer Freezing] Training all layers
[Layer Freezing] Training all layers
[Layer Freezing] Training all layers
[Layer Freezing] Training all layers
[Layer Freezing] Training all layers
[Layer Freezing] Training all layers
[Layer Freezing] Training all layers
[Layer Freezing] Training all layers
[Layer Freezing] Training all layers
[Round 25] T=4.18  α_ce=0.93  α_kd=0.07
 Round 25 | F1 0.5349 | P 0.6054 | R 0.4790 | Time 44.3s | Comm N/A | Local Avg F1: 0.4567

=== Round 26/100 ===
[Round 26] KD=ON | policy=ema_first
[Layer Freezing] Training all layers
[Layer Freezing] Training all layers
[Layer Freezing] Training all layers
[Layer Freezing] Training all layers
[Layer Freezing] Training all layers
[Layer Freezing] Training all layers
[Layer Freezing] Training all layers
[Layer Freezing] Training all layers
[Layer Freezing] Training all layers
[Layer Freezing] Training all layers
[Round 26] T=4.14  α_ce=0.93  α_kd=0.07
 Round 26 | F1 0.5308 | P 0.6194 | R 0.4644 | Time 44.4s | Comm N/A | Local Avg F1: 0.4546

=== Round 27/100 ===
[Round 27] KD=ON | policy=ema_first
[Layer Freezing] Training all layers
[Layer Freezing] Training all layers
[Layer Freezing] Training all layers
[Layer Freezing] Training all layers
[Layer Freezing] Training all layers
[Layer Freezing] Training all layers
[Layer Freezing] Training all layers
[Layer Freezing] Training all layers
[Layer Freezing] Training all layers
[Layer Freezing] Training all layers
[Round 27] T=4.11  α_ce=0.92  α_kd=0.08
 Round 27 | F1 0.5335 | P 0.6158 | R 0.4705 | Time 44.4s | Comm N/A | Local Avg F1: 0.4547

=== Round 28/100 ===
[Round 28] KD=ON | policy=ema_first
[Layer Freezing] Training all layers
[Layer Freezing] Training all layers
[Layer Freezing] Training all layers
[Layer Freezing] Training all layers
[Layer Freezing] Training all layers
[Layer Freezing] Training all layers
[Layer Freezing] Training all layers
[Layer Freezing] Training all layers
[Layer Freezing] Training all layers
[Layer Freezing] Training all layers
[Round 28] T=4.07  α_ce=0.92  α_kd=0.08
 Round 28 | F1 0.5290 | P 0.6298 | R 0.4561 | Time 44.1s | Comm N/A | Local Avg F1: 0.4561

=== Round 29/100 ===
[Round 29] KD=ON | policy=ema_first
[Layer Freezing] Training all layers
[Layer Freezing] Training all layers
[Layer Freezing] Training all layers
[Layer Freezing] Training all layers
[Layer Freezing] Training all layers
[Layer Freezing] Training all layers
[Layer Freezing] Training all layers
[Layer Freezing] Training all layers
[Layer Freezing] Training all layers
[Layer Freezing] Training all layers
[Round 29] T=4.04  α_ce=0.92  α_kd=0.08
 Round 29 | F1 0.5462 | P 0.6018 | R 0.5000 | Time 44.0s | Comm N/A | Local Avg F1: 0.4672

=== Round 30/100 ===
[Round 30] KD=ON | policy=ema_first
[Layer Freezing] Training all layers
[Layer Freezing] Training all layers
[Layer Freezing] Training all layers
[Layer Freezing] Training all layers
[Layer Freezing] Training all layers
[Layer Freezing] Training all layers
[Layer Freezing] Training all layers
[Layer Freezing] Training all layers
[Layer Freezing] Training all layers
[Layer Freezing] Training all layers
[Round 30] T=4.00  α_ce=0.91  α_kd=0.09
 Round 30 | F1 0.5470 | P 0.6124 | R 0.4941 | Time 44.5s | Comm N/A | Local Avg F1: 0.4683

=== Round 31/100 ===
[Round 31] KD=ON | policy=ema_first
[Layer Freezing] Training all layers
[Layer Freezing] Training all layers
[Layer Freezing] Training all layers
[Layer Freezing] Training all layers
[Layer Freezing] Training all layers
[Layer Freezing] Training all layers
[Layer Freezing] Training all layers
[Layer Freezing] Training all layers
[Layer Freezing] Training all layers
[Layer Freezing] Training all layers
[Round 31] T=3.96  α_ce=0.91  α_kd=0.09
 Round 31 | F1 0.5539 | P 0.6226 | R 0.4989 | Time 44.5s | Comm N/A | Local Avg F1: 0.4729

=== Round 32/100 ===
[Round 32] KD=ON | policy=ema_first
[Layer Freezing] Training all layers
[Layer Freezing] Training all layers
[Layer Freezing] Training all layers
[Layer Freezing] Training all layers
[Layer Freezing] Training all layers
[Layer Freezing] Training all layers
[Layer Freezing] Training all layers
[Layer Freezing] Training all layers
[Layer Freezing] Training all layers
[Layer Freezing] Training all layers
[Round 32] T=3.93  α_ce=0.91  α_kd=0.09
 Round 32 | F1 0.5516 | P 0.6156 | R 0.4997 | Time 44.5s | Comm N/A | Local Avg F1: 0.4684

=== Round 33/100 ===
[Round 33] KD=ON | policy=ema_first
[Layer Freezing] Training all layers
[Layer Freezing] Training all layers
[Layer Freezing] Training all layers
[Layer Freezing] Training all layers
[Layer Freezing] Training all layers
[Layer Freezing] Training all layers
[Layer Freezing] Training all layers
[Layer Freezing] Training all layers
[Layer Freezing] Training all layers
[Layer Freezing] Training all layers
[Round 33] T=3.89  α_ce=0.91  α_kd=0.09
 Round 33 | F1 0.5498 | P 0.6162 | R 0.4964 | Time 44.6s | Comm N/A | Local Avg F1: 0.4769

=== Round 34/100 ===
[Round 34] KD=ON | policy=ema_first
[Layer Freezing] Training all layers
[Layer Freezing] Training all layers
[Layer Freezing] Training all layers
[Layer Freezing] Training all layers
[Layer Freezing] Training all layers
[Layer Freezing] Training all layers
[Layer Freezing] Training all layers
[Layer Freezing] Training all layers
[Layer Freezing] Training all layers
[Layer Freezing] Training all layers
[Round 34] T=3.86  α_ce=0.90  α_kd=0.10
 Round 34 | F1 0.5507 | P 0.6186 | R 0.4963 | Time 44.7s | Comm N/A | Local Avg F1: 0.4756

=== Round 35/100 ===
[Round 35] KD=ON | policy=ema_first
[Layer Freezing] Training all layers
[Layer Freezing] Training all layers
[Layer Freezing] Training all layers
[Layer Freezing] Training all layers
[Layer Freezing] Training all layers
[Layer Freezing] Training all layers
[Layer Freezing] Training all layers
[Layer Freezing] Training all layers
[Layer Freezing] Training all layers
[Layer Freezing] Training all layers
[Round 35] T=3.82  α_ce=0.90  α_kd=0.10
 Round 35 | F1 0.5544 | P 0.6187 | R 0.5023 | Time 44.6s | Comm N/A | Local Avg F1: 0.4778

=== Round 36/100 ===
[Round 36] KD=ON | policy=ema_first
[Layer Freezing] Training all layers
[Layer Freezing] Training all layers
[Layer Freezing] Training all layers
[Layer Freezing] Training all layers
[Layer Freezing] Training all layers
[Layer Freezing] Training all layers
[Layer Freezing] Training all layers
[Layer Freezing] Training all layers
[Layer Freezing] Training all layers
[Layer Freezing] Training all layers
[Round 36] T=3.79  α_ce=0.90  α_kd=0.10
 Round 36 | F1 0.5608 | P 0.6156 | R 0.5149 | Time 44.4s | Comm N/A | Local Avg F1: 0.4848

=== Round 37/100 ===
[Round 37] KD=ON | policy=ema_first
[Layer Freezing] Training all layers
[Layer Freezing] Training all layers
[Layer Freezing] Training all layers
[Layer Freezing] Training all layers
[Layer Freezing] Training all layers
[Layer Freezing] Training all layers
[Layer Freezing] Training all layers
[Layer Freezing] Training all layers
[Layer Freezing] Training all layers
[Layer Freezing] Training all layers
[Round 37] T=3.75  α_ce=0.89  α_kd=0.11
 Round 37 | F1 0.5623 | P 0.6184 | R 0.5155 | Time 43.9s | Comm N/A | Local Avg F1: 0.4857

=== Round 38/100 ===
[Round 38] KD=ON | policy=ema_first
[Layer Freezing] Training all layers
[Layer Freezing] Training all layers
[Layer Freezing] Training all layers
[Layer Freezing] Training all layers
[Layer Freezing] Training all layers
[Layer Freezing] Training all layers
[Layer Freezing] Training all layers
[Layer Freezing] Training all layers
[Layer Freezing] Training all layers
[Layer Freezing] Training all layers
[Round 38] T=3.71  α_ce=0.89  α_kd=0.11
 Round 38 | F1 0.5567 | P 0.6271 | R 0.5006 | Time 44.2s | Comm N/A | Local Avg F1: 0.4805

=== Round 39/100 ===
[Round 39] KD=ON | policy=ema_first
[Layer Freezing] Training all layers
[Layer Freezing] Training all layers
[Layer Freezing] Training all layers
[Layer Freezing] Training all layers
[Layer Freezing] Training all layers
[Layer Freezing] Training all layers
[Layer Freezing] Training all layers
[Layer Freezing] Training all layers
[Layer Freezing] Training all layers
[Layer Freezing] Training all layers
[Round 39] T=3.68  α_ce=0.89  α_kd=0.11
 Round 39 | F1 0.5649 | P 0.6177 | R 0.5204 | Time 44.2s | Comm N/A | Local Avg F1: 0.4911

=== Round 40/100 ===
[Round 40] KD=ON | policy=ema_first
[Layer Freezing] Training all layers
[Layer Freezing] Training all layers
[Layer Freezing] Training all layers
[Layer Freezing] Training all layers
[Layer Freezing] Training all layers
[Layer Freezing] Training all layers
[Layer Freezing] Training all layers
[Layer Freezing] Training all layers
[Layer Freezing] Training all layers
[Layer Freezing] Training all layers
[Round 40] T=3.64  α_ce=0.88  α_kd=0.12
 Round 40 | F1 0.5667 | P 0.6238 | R 0.5192 | Time 44.1s | Comm N/A | Local Avg F1: 0.4872

=== Round 41/100 ===
[Round 41] KD=ON | policy=ema_first
[Layer Freezing] Training all layers
[Layer Freezing] Training all layers
[Layer Freezing] Training all layers
[Layer Freezing] Training all layers
[Layer Freezing] Training all layers
[Layer Freezing] Training all layers
[Layer Freezing] Training all layers
[Layer Freezing] Training all layers
[Layer Freezing] Training all layers
[Layer Freezing] Training all layers
[Round 41] T=3.61  α_ce=0.88  α_kd=0.12
 Round 41 | F1 0.5619 | P 0.6173 | R 0.5157 | Time 44.1s | Comm N/A | Local Avg F1: 0.4853

=== Round 42/100 ===
[Round 42] KD=ON | policy=ema_first
[Layer Freezing] Training all layers
[Layer Freezing] Training all layers
[Layer Freezing] Training all layers
[Layer Freezing] Training all layers
[Layer Freezing] Training all layers
[Layer Freezing] Training all layers
[Layer Freezing] Training all layers
[Layer Freezing] Training all layers
[Layer Freezing] Training all layers
[Layer Freezing] Training all layers
[Round 42] T=3.57  α_ce=0.88  α_kd=0.12
 Round 42 | F1 0.5675 | P 0.6188 | R 0.5240 | Time 43.9s | Comm N/A | Local Avg F1: 0.4895

=== Round 43/100 ===
[Round 43] KD=ON | policy=ema_first
[Layer Freezing] Training all layers
[Layer Freezing] Training all layers
[Layer Freezing] Training all layers
[Layer Freezing] Training all layers
[Layer Freezing] Training all layers
[Layer Freezing] Training all layers
[Layer Freezing] Training all layers
[Layer Freezing] Training all layers
[Layer Freezing] Training all layers
[Layer Freezing] Training all layers
[Round 43] T=3.54  α_ce=0.87  α_kd=0.13
 Round 43 | F1 0.5681 | P 0.6233 | R 0.5219 | Time 43.9s | Comm N/A | Local Avg F1: 0.4916

=== Round 44/100 ===
[Round 44] KD=ON | policy=ema_first
[Layer Freezing] Training all layers
[Layer Freezing] Training all layers
[Layer Freezing] Training all layers
[Layer Freezing] Training all layers
[Layer Freezing] Training all layers
[Layer Freezing] Training all layers
[Layer Freezing] Training all layers
[Layer Freezing] Training all layers
[Layer Freezing] Training all layers
[Layer Freezing] Training all layers
[Round 44] T=3.50  α_ce=0.87  α_kd=0.13
 Round 44 | F1 0.5716 | P 0.6204 | R 0.5299 | Time 43.9s | Comm N/A | Local Avg F1: 0.4916

=== Round 45/100 ===
[Round 45] KD=ON | policy=ema_first
[Layer Freezing] Training all layers
[Layer Freezing] Training all layers
[Layer Freezing] Training all layers
[Layer Freezing] Training all layers
[Layer Freezing] Training all layers
[Layer Freezing] Training all layers
[Layer Freezing] Training all layers
[Layer Freezing] Training all layers
[Layer Freezing] Training all layers
[Layer Freezing] Training all layers
[Round 45] T=3.46  α_ce=0.87  α_kd=0.13
 Round 45 | F1 0.5737 | P 0.6199 | R 0.5339 | Time 44.1s | Comm N/A | Local Avg F1: 0.4960

=== Round 46/100 ===
[Round 46] KD=ON | policy=ema_first
[Layer Freezing] Training all layers
[Layer Freezing] Training all layers
[Layer Freezing] Training all layers
[Layer Freezing] Training all layers
[Layer Freezing] Training all layers
[Layer Freezing] Training all layers
[Layer Freezing] Training all layers
[Layer Freezing] Training all layers
[Layer Freezing] Training all layers
[Layer Freezing] Training all layers
[Round 46] T=3.43  α_ce=0.87  α_kd=0.13
 Round 46 | F1 0.5688 | P 0.6237 | R 0.5228 | Time 44.3s | Comm N/A | Local Avg F1: 0.4922

=== Round 47/100 ===
[Round 47] KD=ON | policy=ema_first
[Layer Freezing] Training all layers
[Layer Freezing] Training all layers
[Layer Freezing] Training all layers
[Layer Freezing] Training all layers
[Layer Freezing] Training all layers
[Layer Freezing] Training all layers
[Layer Freezing] Training all layers
[Layer Freezing] Training all layers
[Layer Freezing] Training all layers
[Layer Freezing] Training all layers
[Round 47] T=3.39  α_ce=0.86  α_kd=0.14
 Round 47 | F1 0.5721 | P 0.6236 | R 0.5284 | Time 43.9s | Comm N/A | Local Avg F1: 0.4926

=== Round 48/100 ===
[Round 48] KD=ON | policy=ema_first
[Layer Freezing] Training all layers
[Layer Freezing] Training all layers
[Layer Freezing] Training all layers
[Layer Freezing] Training all layers
[Layer Freezing] Training all layers
[Layer Freezing] Training all layers
[Layer Freezing] Training all layers
[Layer Freezing] Training all layers
[Layer Freezing] Training all layers
[Layer Freezing] Training all layers
[Round 48] T=3.36  α_ce=0.86  α_kd=0.14
 Round 48 | F1 0.5747 | P 0.6119 | R 0.5418 | Time 43.9s | Comm N/A | Local Avg F1: 0.5028

=== Round 49/100 ===
[Round 49] KD=ON | policy=ema_first
[Layer Freezing] Training all layers
[Layer Freezing] Training all layers
[Layer Freezing] Training all layers
[Layer Freezing] Training all layers
[Layer Freezing] Training all layers
[Layer Freezing] Training all layers
[Layer Freezing] Training all layers
[Layer Freezing] Training all layers
[Layer Freezing] Training all layers
[Layer Freezing] Training all layers
[Round 49] T=3.32  α_ce=0.86  α_kd=0.14
 Round 49 | F1 0.5695 | P 0.6309 | R 0.5189 | Time 43.9s | Comm N/A | Local Avg F1: 0.4955

=== Round 50/100 ===
[Round 50] KD=ON | policy=ema_first
[Layer Freezing] Training all layers
[Layer Freezing] Training all layers
[Layer Freezing] Training all layers
[Layer Freezing] Training all layers
[Layer Freezing] Training all layers
[Layer Freezing] Training all layers
[Layer Freezing] Training all layers
[Layer Freezing] Training all layers
[Layer Freezing] Training all layers
[Layer Freezing] Training all layers
[Round 50] T=3.29  α_ce=0.85  α_kd=0.15
 Round 50 | F1 0.5749 | P 0.6215 | R 0.5347 | Time 43.9s | Comm N/A | Local Avg F1: 0.4998

=== Round 51/100 ===
[Round 51] KD=ON | policy=ema_first
[Layer Freezing] Training all layers
[Layer Freezing] Training all layers
[Layer Freezing] Training all layers
[Layer Freezing] Training all layers
[Layer Freezing] Training all layers
[Layer Freezing] Training all layers
[Layer Freezing] Training all layers
[Layer Freezing] Training all layers
[Layer Freezing] Training all layers
[Layer Freezing] Training all layers
[Round 51] T=3.25  α_ce=0.85  α_kd=0.15
 Round 51 | F1 0.5735 | P 0.6243 | R 0.5304 | Time 43.6s | Comm N/A | Local Avg F1: 0.5008

=== Round 52/100 ===
[Round 52] KD=ON | policy=ema_first
[Layer Freezing] Training all layers
[Layer Freezing] Training all layers
[Layer Freezing] Training all layers
[Layer Freezing] Training all layers
[Layer Freezing] Training all layers
[Layer Freezing] Training all layers
[Layer Freezing] Training all layers
[Layer Freezing] Training all layers
[Layer Freezing] Training all layers
[Layer Freezing] Training all layers
[Round 52] T=3.21  α_ce=0.85  α_kd=0.15
 Round 52 | F1 0.5766 | P 0.6230 | R 0.5366 | Time 44.4s | Comm N/A | Local Avg F1: 0.5009

=== Round 53/100 ===
[Round 53] KD=ON | policy=ema_first
[Layer Freezing] Training all layers
[Layer Freezing] Training all layers
[Layer Freezing] Training all layers
[Layer Freezing] Training all layers
[Layer Freezing] Training all layers
[Layer Freezing] Training all layers
[Layer Freezing] Training all layers
[Layer Freezing] Training all layers
[Layer Freezing] Training all layers
[Layer Freezing] Training all layers
[Round 53] T=3.18  α_ce=0.84  α_kd=0.16
 Round 53 | F1 0.5751 | P 0.6287 | R 0.5300 | Time 44.7s | Comm N/A | Local Avg F1: 0.5026

=== Round 54/100 ===
[Round 54] KD=ON | policy=ema_first
[Layer Freezing] Training all layers
[Layer Freezing] Training all layers
[Layer Freezing] Training all layers
[Layer Freezing] Training all layers
[Layer Freezing] Training all layers
[Layer Freezing] Training all layers
[Layer Freezing] Training all layers
[Layer Freezing] Training all layers
[Layer Freezing] Training all layers
[Layer Freezing] Training all layers
[Round 54] T=3.14  α_ce=0.84  α_kd=0.16
 Round 54 | F1 0.5740 | P 0.6340 | R 0.5245 | Time 44.5s | Comm N/A | Local Avg F1: 0.5010

=== Round 55/100 ===
[Round 55] KD=ON | policy=ema_first
[Layer Freezing] Training all layers
[Layer Freezing] Training all layers
[Layer Freezing] Training all layers
[Layer Freezing] Training all layers
[Layer Freezing] Training all layers
[Layer Freezing] Training all layers
[Layer Freezing] Training all layers
[Layer Freezing] Training all layers
[Layer Freezing] Training all layers
[Layer Freezing] Training all layers
[Round 55] T=3.11  α_ce=0.84  α_kd=0.16
 Round 55 | F1 0.5771 | P 0.6203 | R 0.5395 | Time 44.7s | Comm N/A | Local Avg F1: 0.5046

=== Round 56/100 ===
[Round 56] KD=ON | policy=ema_first
[Layer Freezing] Training all layers
[Layer Freezing] Training all layers
[Layer Freezing] Training all layers
[Layer Freezing] Training all layers
[Layer Freezing] Training all layers
[Layer Freezing] Training all layers
[Layer Freezing] Training all layers
[Layer Freezing] Training all layers
[Layer Freezing] Training all layers
[Layer Freezing] Training all layers
[Round 56] T=3.07  α_ce=0.83  α_kd=0.17
 Round 56 | F1 0.5757 | P 0.6352 | R 0.5264 | Time 44.2s | Comm N/A | Local Avg F1: 0.4991

=== Round 57/100 ===
[Round 57] KD=ON | policy=ema_first
[Layer Freezing] Training all layers
[Layer Freezing] Training all layers
[Layer Freezing] Training all layers
[Layer Freezing] Training all layers
[Layer Freezing] Training all layers
[Layer Freezing] Training all layers
[Layer Freezing] Training all layers
[Layer Freezing] Training all layers
[Layer Freezing] Training all layers
[Layer Freezing] Training all layers
[Round 57] T=3.04  α_ce=0.83  α_kd=0.17
 Round 57 | F1 0.5772 | P 0.6344 | R 0.5295 | Time 43.6s | Comm N/A | Local Avg F1: 0.5046

=== Round 58/100 ===
[Round 58] KD=ON | policy=ema_first
[Layer Freezing] Training all layers
[Layer Freezing] Training all layers
[Layer Freezing] Training all layers
[Layer Freezing] Training all layers
[Layer Freezing] Training all layers
[Layer Freezing] Training all layers
[Layer Freezing] Training all layers
[Layer Freezing] Training all layers
[Layer Freezing] Training all layers
[Layer Freezing] Training all layers
[Round 58] T=3.00  α_ce=0.83  α_kd=0.17
 Round 58 | F1 0.5791 | P 0.6242 | R 0.5400 | Time 44.0s | Comm N/A | Local Avg F1: 0.5031

=== Round 59/100 ===
[Round 59] KD=ON | policy=ema_first
[Layer Freezing] Training all layers
[Layer Freezing] Training all layers
[Layer Freezing] Training all layers
[Layer Freezing] Training all layers
[Layer Freezing] Training all layers
[Layer Freezing] Training all layers
[Layer Freezing] Training all layers
[Layer Freezing] Training all layers
[Layer Freezing] Training all layers
[Layer Freezing] Training all layers
[Round 59] T=2.96  α_ce=0.83  α_kd=0.17
 Round 59 | F1 0.5820 | P 0.6289 | R 0.5416 | Time 44.5s | Comm N/A | Local Avg F1: 0.5065

=== Round 60/100 ===
[Round 60] KD=ON | policy=ema_first
[Layer Freezing] Training all layers
[Layer Freezing] Training all layers
[Layer Freezing] Training all layers
[Layer Freezing] Training all layers
[Layer Freezing] Training all layers
[Layer Freezing] Training all layers
[Layer Freezing] Training all layers
[Layer Freezing] Training all layers
[Layer Freezing] Training all layers
[Layer Freezing] Training all layers
[Round 60] T=2.93  α_ce=0.82  α_kd=0.18
 Round 60 | F1 0.5792 | P 0.6355 | R 0.5322 | Time 44.5s | Comm N/A | Local Avg F1: 0.5042

=== Round 61/100 ===
[Round 61] KD=ON | policy=ema_first
[Layer Freezing] Training all layers
[Layer Freezing] Training all layers
[Layer Freezing] Training all layers
[Layer Freezing] Training all layers
[Layer Freezing] Training all layers
[Layer Freezing] Training all layers
[Layer Freezing] Training all layers
[Layer Freezing] Training all layers
[Layer Freezing] Training all layers
[Layer Freezing] Training all layers
[Round 61] T=2.89  α_ce=0.82  α_kd=0.18
 Round 61 | F1 0.5837 | P 0.6228 | R 0.5492 | Time 44.7s | Comm N/A | Local Avg F1: 0.5051

=== Round 62/100 ===
[Round 62] KD=ON | policy=ema_first
[Layer Freezing] Training all layers
[Layer Freezing] Training all layers
[Layer Freezing] Training all layers
[Layer Freezing] Training all layers
[Layer Freezing] Training all layers
[Layer Freezing] Training all layers
[Layer Freezing] Training all layers
[Layer Freezing] Training all layers
[Layer Freezing] Training all layers
[Layer Freezing] Training all layers
[Round 62] T=2.86  α_ce=0.82  α_kd=0.18
 Round 62 | F1 0.5834 | P 0.6213 | R 0.5498 | Time 44.4s | Comm N/A | Local Avg F1: 0.5060

=== Round 63/100 ===
[Round 63] KD=ON | policy=ema_first
[Layer Freezing] Training all layers
[Layer Freezing] Training all layers
[Layer Freezing] Training all layers
[Layer Freezing] Training all layers
[Layer Freezing] Training all layers
[Layer Freezing] Training all layers
[Layer Freezing] Training all layers
[Layer Freezing] Training all layers
[Layer Freezing] Training all layers
[Layer Freezing] Training all layers
[Round 63] T=2.82  α_ce=0.81  α_kd=0.19
 Round 63 | F1 0.5832 | P 0.6297 | R 0.5431 | Time 44.2s | Comm N/A | Local Avg F1: 0.5082

=== Round 64/100 ===
[Round 64] KD=ON | policy=ema_first
[Layer Freezing] Training all layers
[Layer Freezing] Training all layers
[Layer Freezing] Training all layers
[Layer Freezing] Training all layers
[Layer Freezing] Training all layers
[Layer Freezing] Training all layers
[Layer Freezing] Training all layers
[Layer Freezing] Training all layers
[Layer Freezing] Training all layers
[Layer Freezing] Training all layers
[Round 64] T=2.79  α_ce=0.81  α_kd=0.19
 Round 64 | F1 0.5830 | P 0.6215 | R 0.5490 | Time 44.5s | Comm N/A | Local Avg F1: 0.5104

=== Round 65/100 ===
[Round 65] KD=ON | policy=ema_first
[Layer Freezing] Training all layers
[Layer Freezing] Training all layers
[Layer Freezing] Training all layers
[Layer Freezing] Training all layers
[Layer Freezing] Training all layers
[Layer Freezing] Training all layers
[Layer Freezing] Training all layers
[Layer Freezing] Training all layers
[Layer Freezing] Training all layers
[Layer Freezing] Training all layers
[Round 65] T=2.75  α_ce=0.81  α_kd=0.19
 Round 65 | F1 0.5807 | P 0.6315 | R 0.5375 | Time 44.7s | Comm N/A | Local Avg F1: 0.5027

=== Round 66/100 ===
[Round 66] KD=ON | policy=ema_first
[Layer Freezing] Training all layers
[Layer Freezing] Training all layers
[Layer Freezing] Training all layers
[Layer Freezing] Training all layers
[Layer Freezing] Training all layers
[Layer Freezing] Training all layers
[Layer Freezing] Training all layers
[Layer Freezing] Training all layers
[Layer Freezing] Training all layers
[Layer Freezing] Training all layers
[Round 66] T=2.71  α_ce=0.80  α_kd=0.20
 Round 66 | F1 0.5804 | P 0.6260 | R 0.5409 | Time 44.7s | Comm N/A | Local Avg F1: 0.5083

=== Round 67/100 ===
[Round 67] KD=ON | policy=ema_first
[Layer Freezing] Training all layers
[Layer Freezing] Training all layers
[Layer Freezing] Training all layers
[Layer Freezing] Training all layers
[Layer Freezing] Training all layers
[Layer Freezing] Training all layers
[Layer Freezing] Training all layers
[Layer Freezing] Training all layers
[Layer Freezing] Training all layers
[Layer Freezing] Training all layers
[Round 67] T=2.68  α_ce=0.80  α_kd=0.20
 Round 67 | F1 0.5851 | P 0.6241 | R 0.5506 | Time 44.3s | Comm N/A | Local Avg F1: 0.5089

=== Round 68/100 ===
[Round 68] KD=ON | policy=ema_first
[Layer Freezing] Training all layers
[Layer Freezing] Training all layers
[Layer Freezing] Training all layers
[Layer Freezing] Training all layers
[Layer Freezing] Training all layers
[Layer Freezing] Training all layers
[Layer Freezing] Training all layers
[Layer Freezing] Training all layers
[Layer Freezing] Training all layers
[Layer Freezing] Training all layers
[Round 68] T=2.64  α_ce=0.80  α_kd=0.20
 Round 68 | F1 0.5839 | P 0.6321 | R 0.5426 | Time 44.8s | Comm N/A | Local Avg F1: 0.5068

=== Round 69/100 ===
[Round 69] KD=ON | policy=ema_first
[Layer Freezing] Training all layers
[Layer Freezing] Training all layers
[Layer Freezing] Training all layers
[Layer Freezing] Training all layers
[Layer Freezing] Training all layers
[Layer Freezing] Training all layers
[Layer Freezing] Training all layers
[Layer Freezing] Training all layers
[Layer Freezing] Training all layers
[Layer Freezing] Training all layers
[Round 69] T=2.61  α_ce=0.79  α_kd=0.21
 Round 69 | F1 0.5846 | P 0.6265 | R 0.5480 | Time 43.9s | Comm N/A | Local Avg F1: 0.5076

=== Round 70/100 ===
[Round 70] KD=ON | policy=ema_first
[Layer Freezing] Training all layers
[Layer Freezing] Training all layers
[Layer Freezing] Training all layers
[Layer Freezing] Training all layers
[Layer Freezing] Training all layers
[Layer Freezing] Training all layers
[Layer Freezing] Training all layers
[Layer Freezing] Training all layers
[Layer Freezing] Training all layers
[Layer Freezing] Training all layers
[Round 70] T=2.57  α_ce=0.79  α_kd=0.21
 Round 70 | F1 0.5836 | P 0.6302 | R 0.5433 | Time 43.9s | Comm N/A | Local Avg F1: 0.5074

=== Round 71/100 ===
[Round 71] KD=ON | policy=ema_first
[Layer Freezing] Training all layers
[Layer Freezing] Training all layers
[Layer Freezing] Training all layers
[Layer Freezing] Training all layers
[Layer Freezing] Training all layers
[Layer Freezing] Training all layers
[Layer Freezing] Training all layers
[Layer Freezing] Training all layers
[Layer Freezing] Training all layers
[Layer Freezing] Training all layers
[Round 71] T=2.54  α_ce=0.79  α_kd=0.21
 Round 71 | F1 0.5853 | P 0.6205 | R 0.5539 | Time 44.3s | Comm N/A | Local Avg F1: 0.5075

=== Round 72/100 ===
[Round 72] KD=ON | policy=ema_first
[Layer Freezing] Training all layers
[Layer Freezing] Training all layers
[Layer Freezing] Training all layers
[Layer Freezing] Training all layers
[Layer Freezing] Training all layers
[Layer Freezing] Training all layers
[Layer Freezing] Training all layers
[Layer Freezing] Training all layers
[Layer Freezing] Training all layers
[Layer Freezing] Training all layers
[Round 72] T=2.50  α_ce=0.79  α_kd=0.21
 Round 72 | F1 0.5842 | P 0.6271 | R 0.5468 | Time 44.6s | Comm N/A | Local Avg F1: 0.5069

=== Round 73/100 ===
[Round 73] KD=ON | policy=ema_first
[Layer Freezing] Training all layers
[Layer Freezing] Training all layers
[Layer Freezing] Training all layers
[Layer Freezing] Training all layers
[Layer Freezing] Training all layers
[Layer Freezing] Training all layers
[Layer Freezing] Training all layers
[Layer Freezing] Training all layers
[Layer Freezing] Training all layers
[Layer Freezing] Training all layers
[Round 73] T=2.46  α_ce=0.78  α_kd=0.22
 Round 73 | F1 0.5875 | P 0.6163 | R 0.5612 | Time 44.8s | Comm N/A | Local Avg F1: 0.5110

=== Round 74/100 ===
[Round 74] KD=ON | policy=ema_first
[Layer Freezing] Training all layers
[Layer Freezing] Training all layers
[Layer Freezing] Training all layers
[Layer Freezing] Training all layers
[Layer Freezing] Training all layers
[Layer Freezing] Training all layers
[Layer Freezing] Training all layers
[Layer Freezing] Training all layers
[Layer Freezing] Training all layers
[Layer Freezing] Training all layers
[Round 74] T=2.43  α_ce=0.78  α_kd=0.22
 Round 74 | F1 0.5859 | P 0.6329 | R 0.5454 | Time 44.4s | Comm N/A | Local Avg F1: 0.5077

=== Round 75/100 ===
[Round 75] KD=ON | policy=ema_first
[Layer Freezing] Training all layers
[Layer Freezing] Training all layers
[Layer Freezing] Training all layers
[Layer Freezing] Training all layers
[Layer Freezing] Training all layers
[Layer Freezing] Training all layers
[Layer Freezing] Training all layers
[Layer Freezing] Training all layers
[Layer Freezing] Training all layers
[Layer Freezing] Training all layers
[Round 75] T=2.39  α_ce=0.78  α_kd=0.22
 Round 75 | F1 0.5838 | P 0.6306 | R 0.5434 | Time 43.9s | Comm N/A | Local Avg F1: 0.5106

=== Round 76/100 ===
[Round 76] KD=ON | policy=ema_first
[Layer Freezing] Training all layers
[Layer Freezing] Training all layers
[Layer Freezing] Training all layers
[Layer Freezing] Training all layers
[Layer Freezing] Training all layers
[Layer Freezing] Training all layers
[Layer Freezing] Training all layers
[Layer Freezing] Training all layers
[Layer Freezing] Training all layers
[Layer Freezing] Training all layers
[Round 76] T=2.36  α_ce=0.77  α_kd=0.23
 Round 76 | F1 0.5880 | P 0.6200 | R 0.5592 | Time 44.0s | Comm N/A | Local Avg F1: 0.5144

=== Round 77/100 ===
[Round 77] KD=ON | policy=ema_first
[Layer Freezing] Training all layers
[Layer Freezing] Training all layers
[Layer Freezing] Training all layers
[Layer Freezing] Training all layers
[Layer Freezing] Training all layers
[Layer Freezing] Training all layers
[Layer Freezing] Training all layers
[Layer Freezing] Training all layers
[Layer Freezing] Training all layers
[Layer Freezing] Training all layers
[Round 77] T=2.32  α_ce=0.77  α_kd=0.23
 Round 77 | F1 0.5840 | P 0.6310 | R 0.5434 | Time 43.6s | Comm N/A | Local Avg F1: 0.5116

=== Round 78/100 ===
[Round 78] KD=ON | policy=ema_first
[Layer Freezing] Training all layers
[Layer Freezing] Training all layers
[Layer Freezing] Training all layers
[Layer Freezing] Training all layers
[Layer Freezing] Training all layers
[Layer Freezing] Training all layers
[Layer Freezing] Training all layers
[Layer Freezing] Training all layers
[Layer Freezing] Training all layers
[Layer Freezing] Training all layers
[Round 78] T=2.29  α_ce=0.77  α_kd=0.23
 Round 78 | F1 0.5846 | P 0.6309 | R 0.5446 | Time 44.0s | Comm N/A | Local Avg F1: 0.5130

=== Round 79/100 ===
[Round 79] KD=ON | policy=ema_first
[Layer Freezing] Training all layers
[Layer Freezing] Training all layers
[Layer Freezing] Training all layers
[Layer Freezing] Training all layers
[Layer Freezing] Training all layers
[Layer Freezing] Training all layers
[Layer Freezing] Training all layers
[Layer Freezing] Training all layers
[Layer Freezing] Training all layers
[Layer Freezing] Training all layers
[Round 79] T=2.25  α_ce=0.76  α_kd=0.24
 Round 79 | F1 0.5866 | P 0.6291 | R 0.5495 | Time 43.9s | Comm N/A | Local Avg F1: 0.5143

=== Round 80/100 ===
[Round 80] KD=ON | policy=ema_first
[Layer Freezing] Training all layers
[Layer Freezing] Training all layers
[Layer Freezing] Training all layers
[Layer Freezing] Training all layers
[Layer Freezing] Training all layers
[Layer Freezing] Training all layers
[Layer Freezing] Training all layers
[Layer Freezing] Training all layers
[Layer Freezing] Training all layers
[Layer Freezing] Training all layers
[Round 80] T=2.21  α_ce=0.76  α_kd=0.24
 Round 80 | F1 0.5872 | P 0.6265 | R 0.5525 | Time 43.9s | Comm N/A | Local Avg F1: 0.5151

=== Round 81/100 ===
[Round 81] KD=ON | policy=ema_first
[Layer Freezing] Training all layers
[Layer Freezing] Training all layers
[Layer Freezing] Training all layers
[Layer Freezing] Training all layers
[Layer Freezing] Training all layers
[Layer Freezing] Training all layers
[Layer Freezing] Training all layers
[Layer Freezing] Training all layers
[Layer Freezing] Training all layers
[Layer Freezing] Training all layers
[Round 81] T=2.18  α_ce=0.76  α_kd=0.24
 Round 81 | F1 0.5784 | P 0.6349 | R 0.5312 | Time 43.9s | Comm N/A | Local Avg F1: 0.5113

=== Round 82/100 ===
[Round 82] KD=ON | policy=ema_first
[Layer Freezing] Training all layers
[Layer Freezing] Training all layers
[Layer Freezing] Training all layers
[Layer Freezing] Training all layers
[Layer Freezing] Training all layers
[Layer Freezing] Training all layers
[Layer Freezing] Training all layers
[Layer Freezing] Training all layers
[Layer Freezing] Training all layers
[Layer Freezing] Training all layers
[Round 82] T=2.14  α_ce=0.76  α_kd=0.24
 Round 82 | F1 0.5792 | P 0.6272 | R 0.5381 | Time 43.6s | Comm N/A | Local Avg F1: 0.5093

=== Round 83/100 ===
[Round 83] KD=ON | policy=ema_first
[Layer Freezing] Training all layers
[Layer Freezing] Training all layers
[Layer Freezing] Training all layers
[Layer Freezing] Training all layers
[Layer Freezing] Training all layers
[Layer Freezing] Training all layers
[Layer Freezing] Training all layers
[Layer Freezing] Training all layers
[Layer Freezing] Training all layers
[Layer Freezing] Training all layers
[Round 83] T=2.11  α_ce=0.75  α_kd=0.25
 Round 83 | F1 0.5849 | P 0.6299 | R 0.5460 | Time 43.9s | Comm N/A | Local Avg F1: 0.5109

=== Round 84/100 ===
[Round 84] KD=ON | policy=ema_first
[Layer Freezing] Training all layers
[Layer Freezing] Training all layers
[Layer Freezing] Training all layers
[Layer Freezing] Training all layers
[Layer Freezing] Training all layers
[Layer Freezing] Training all layers
[Layer Freezing] Training all layers
[Layer Freezing] Training all layers
[Layer Freezing] Training all layers
[Layer Freezing] Training all layers
[Round 84] T=2.07  α_ce=0.75  α_kd=0.25
 Round 84 | F1 0.5894 | P 0.6249 | R 0.5578 | Time 43.9s | Comm N/A | Local Avg F1: 0.5111

=== Round 85/100 ===
[Round 85] KD=ON | policy=ema_first
[Layer Freezing] Training all layers
[Layer Freezing] Training all layers
[Layer Freezing] Training all layers
[Layer Freezing] Training all layers
[Layer Freezing] Training all layers
[Layer Freezing] Training all layers
[Layer Freezing] Training all layers
[Layer Freezing] Training all layers
[Layer Freezing] Training all layers
[Layer Freezing] Training all layers
[Round 85] T=2.04  α_ce=0.75  α_kd=0.25
 Round 85 | F1 0.5852 | P 0.6371 | R 0.5412 | Time 43.9s | Comm N/A | Local Avg F1: 0.5072

=== Round 86/100 ===
[Round 86] KD=ON | policy=ema_first
[Layer Freezing] Training all layers
[Layer Freezing] Training all layers
[Layer Freezing] Training all layers
[Layer Freezing] Training all layers
[Layer Freezing] Training all layers
[Layer Freezing] Training all layers
[Layer Freezing] Training all layers
[Layer Freezing] Training all layers
[Layer Freezing] Training all layers
[Layer Freezing] Training all layers
[Round 86] T=2.00  α_ce=0.74  α_kd=0.26
 Round 86 | F1 0.5863 | P 0.6318 | R 0.5470 | Time 43.6s | Comm N/A | Local Avg F1: 0.5093

=== Round 87/100 ===
[Round 87] KD=ON | policy=ema_first
[Layer Freezing] Training all layers
[Layer Freezing] Training all layers
[Layer Freezing] Training all layers
[Layer Freezing] Training all layers
[Layer Freezing] Training all layers
[Layer Freezing] Training all layers
[Layer Freezing] Training all layers
[Layer Freezing] Training all layers
[Layer Freezing] Training all layers
[Layer Freezing] Training all layers
[Round 87] T=1.96  α_ce=0.74  α_kd=0.26
 Round 87 | F1 0.5878 | P 0.6262 | R 0.5538 | Time 43.9s | Comm N/A | Local Avg F1: 0.5128

=== Round 88/100 ===
[Round 88] KD=ON | policy=ema_first
[Layer Freezing] Training all layers
[Layer Freezing] Training all layers
[Layer Freezing] Training all layers
[Layer Freezing] Training all layers
[Layer Freezing] Training all layers
[Layer Freezing] Training all layers
[Layer Freezing] Training all layers
[Layer Freezing] Training all layers
[Layer Freezing] Training all layers
[Layer Freezing] Training all layers
[Round 88] T=1.93  α_ce=0.74  α_kd=0.26
 Round 88 | F1 0.5847 | P 0.6353 | R 0.5415 | Time 43.9s | Comm N/A | Local Avg F1: 0.5103

=== Round 89/100 ===
[Round 89] KD=ON | policy=ema_first
[Layer Freezing] Training all layers
[Layer Freezing] Training all layers
[Layer Freezing] Training all layers
[Layer Freezing] Training all layers
[Layer Freezing] Training all layers
[Layer Freezing] Training all layers
[Layer Freezing] Training all layers
[Layer Freezing] Training all layers
[Layer Freezing] Training all layers
[Layer Freezing] Training all layers
[Round 89] T=1.89  α_ce=0.73  α_kd=0.27
 Round 89 | F1 0.5883 | P 0.6273 | R 0.5538 | Time 44.0s | Comm N/A | Local Avg F1: 0.5112

=== Round 90/100 ===
[Round 90] KD=ON | policy=ema_first
[Layer Freezing] Training all layers
[Layer Freezing] Training all layers
[Layer Freezing] Training all layers
[Layer Freezing] Training all layers
[Layer Freezing] Training all layers
[Layer Freezing] Training all layers
[Layer Freezing] Training all layers
[Layer Freezing] Training all layers
[Layer Freezing] Training all layers
[Layer Freezing] Training all layers
[Round 90] T=1.86  α_ce=0.73  α_kd=0.27
 Round 90 | F1 0.5882 | P 0.6309 | R 0.5510 | Time 44.3s | Comm N/A | Local Avg F1: 0.5141

=== Round 91/100 ===
[Round 91] KD=ON | policy=ema_first
[Layer Freezing] Training all layers
[Layer Freezing] Training all layers
[Layer Freezing] Training all layers
[Layer Freezing] Training all layers
[Layer Freezing] Training all layers
[Layer Freezing] Training all layers
[Layer Freezing] Training all layers
[Layer Freezing] Training all layers
[Layer Freezing] Training all layers
[Layer Freezing] Training all layers
[Round 91] T=1.82  α_ce=0.73  α_kd=0.27
 Round 91 | F1 0.5873 | P 0.6293 | R 0.5506 | Time 44.7s | Comm N/A | Local Avg F1: 0.5170

=== Round 92/100 ===
[Round 92] KD=ON | policy=ema_first
[Layer Freezing] Training all layers
[Layer Freezing] Training all layers
[Layer Freezing] Training all layers
[Layer Freezing] Training all layers
[Layer Freezing] Training all layers
[Layer Freezing] Training all layers
[Layer Freezing] Training all layers
[Layer Freezing] Training all layers
[Layer Freezing] Training all layers
[Layer Freezing] Training all layers
[Round 92] T=1.79  α_ce=0.72  α_kd=0.28
 Round 92 | F1 0.5878 | P 0.6223 | R 0.5569 | Time 44.2s | Comm N/A | Local Avg F1: 0.5145

=== Round 93/100 ===
[Round 93] KD=ON | policy=ema_first
[Layer Freezing] Training all layers
[Layer Freezing] Training all layers
[Layer Freezing] Training all layers
[Layer Freezing] Training all layers
[Layer Freezing] Training all layers
[Layer Freezing] Training all layers
[Layer Freezing] Training all layers
[Layer Freezing] Training all layers
[Layer Freezing] Training all layers
[Layer Freezing] Training all layers
[Round 93] T=1.75  α_ce=0.72  α_kd=0.28
 Round 93 | F1 0.5893 | P 0.6223 | R 0.5595 | Time 43.9s | Comm N/A | Local Avg F1: 0.5172

=== Round 94/100 ===
[Round 94] KD=ON | policy=ema_first
[Layer Freezing] Training all layers
[Layer Freezing] Training all layers
[Layer Freezing] Training all layers
[Layer Freezing] Training all layers
[Layer Freezing] Training all layers
[Layer Freezing] Training all layers
[Layer Freezing] Training all layers
[Layer Freezing] Training all layers
[Layer Freezing] Training all layers
[Layer Freezing] Training all layers
[Round 94] T=1.71  α_ce=0.72  α_kd=0.28
 Round 94 | F1 0.5870 | P 0.6240 | R 0.5542 | Time 43.9s | Comm N/A | Local Avg F1: 0.5148

=== Round 95/100 ===
[Round 95] KD=ON | policy=ema_first
[Layer Freezing] Training all layers
[Layer Freezing] Training all layers
[Layer Freezing] Training all layers
[Layer Freezing] Training all layers
[Layer Freezing] Training all layers
[Layer Freezing] Training all layers
[Layer Freezing] Training all layers
[Layer Freezing] Training all layers
[Layer Freezing] Training all layers
[Layer Freezing] Training all layers
[Round 95] T=1.68  α_ce=0.72  α_kd=0.28
 Round 95 | F1 0.5884 | P 0.6236 | R 0.5570 | Time 43.9s | Comm N/A | Local Avg F1: 0.5131

=== Round 96/100 ===
[Round 96] KD=ON | policy=ema_first
[Layer Freezing] Training all layers
[Layer Freezing] Training all layers
[Layer Freezing] Training all layers
[Layer Freezing] Training all layers
[Layer Freezing] Training all layers
[Layer Freezing] Training all layers
[Layer Freezing] Training all layers
[Layer Freezing] Training all layers
[Layer Freezing] Training all layers
[Layer Freezing] Training all layers
[Round 96] T=1.64  α_ce=0.71  α_kd=0.29
 Round 96 | F1 0.5873 | P 0.6322 | R 0.5484 | Time 43.6s | Comm N/A | Local Avg F1: 0.5126

=== Round 97/100 ===
[Round 97] KD=ON | policy=ema_first
[Layer Freezing] Training all layers
[Layer Freezing] Training all layers
[Layer Freezing] Training all layers
[Layer Freezing] Training all layers
[Layer Freezing] Training all layers
[Layer Freezing] Training all layers
[Layer Freezing] Training all layers
[Layer Freezing] Training all layers
[Layer Freezing] Training all layers
[Layer Freezing] Training all layers
[Round 97] T=1.61  α_ce=0.71  α_kd=0.29
 Round 97 | F1 0.5882 | P 0.6330 | R 0.5493 | Time 43.9s | Comm N/A | Local Avg F1: 0.5180

=== Round 98/100 ===
[Round 98] KD=ON | policy=ema_first
[Layer Freezing] Training all layers
[Layer Freezing] Training all layers
[Layer Freezing] Training all layers
[Layer Freezing] Training all layers
[Layer Freezing] Training all layers
[Layer Freezing] Training all layers
[Layer Freezing] Training all layers
[Layer Freezing] Training all layers
[Layer Freezing] Training all layers
[Layer Freezing] Training all layers
[Round 98] T=1.57  α_ce=0.71  α_kd=0.29
 Round 98 | F1 0.5870 | P 0.6267 | R 0.5521 | Time 44.8s | Comm N/A | Local Avg F1: 0.5165

=== Round 99/100 ===
[Round 99] KD=ON | policy=ema_first
[Layer Freezing] Training all layers
[Layer Freezing] Training all layers
[Layer Freezing] Training all layers
[Layer Freezing] Training all layers
[Layer Freezing] Training all layers
[Layer Freezing] Training all layers
[Layer Freezing] Training all layers
[Layer Freezing] Training all layers
[Layer Freezing] Training all layers
[Layer Freezing] Training all layers
[Round 99] T=1.54  α_ce=0.70  α_kd=0.30
 Round 99 | F1 0.5853 | P 0.6311 | R 0.5457 | Time 44.4s | Comm N/A | Local Avg F1: 0.5180

=== Round 100/100 ===
[Round 100] KD=ON | policy=ema_first
[Layer Freezing] Training all layers
[Layer Freezing] Training all layers
[Layer Freezing] Training all layers
[Layer Freezing] Training all layers
[Layer Freezing] Training all layers
[Layer Freezing] Training all layers
[Layer Freezing] Training all layers
[Layer Freezing] Training all layers
[Layer Freezing] Training all layers
[Layer Freezing] Training all layers
[Round 100] T=1.50  α_ce=0.70  α_kd=0.30
 Round 100 | F1 0.5900 | P 0.6262 | R 0.5577 | Time 44.6s | Comm N/A | Local Avg F1: 0.5181
[save_json] Saved: results/FedSAD_20250825_051059/fed_results.json
[save_json] Backup: results/FedSAD_20250825_051059/fed_results_20250825_062435.json
== FedSAD 0.01==
📁 从本地加载模型: /root/autodl-tmp/fedner/models/microsoft_BiomedNLP-PubMedBERT-base-uncased-abstract
Some weights of BertForTokenClassification were not initialized from the model checkpoint at /root/autodl-tmp/fedner/models/microsoft_BiomedNLP-PubMedBERT-base-uncased-abstract and are newly initialized because the shapes did not match:
- classifier.bias: found shape torch.Size([2]) in the checkpoint and torch.Size([43]) in the model instantiated
- classifier.weight: found shape torch.Size([2, 768]) in the checkpoint and torch.Size([43, 768]) in the model instantiated
You should probably TRAIN this model on a down-stream task to be able to use it for predictions and inference.
Using device: cuda
📁 从本地加载模型: /root/autodl-tmp/fedner/models/microsoft_BiomedNLP-PubMedBERT-base-uncased-abstract
Some weights of BertForTokenClassification were not initialized from the model checkpoint at /root/autodl-tmp/fedner/models/microsoft_BiomedNLP-PubMedBERT-base-uncased-abstract and are newly initialized because the shapes did not match:
- classifier.bias: found shape torch.Size([2]) in the checkpoint and torch.Size([43]) in the model instantiated
- classifier.weight: found shape torch.Size([2, 768]) in the checkpoint and torch.Size([43, 768]) in the model instantiated
You should probably TRAIN this model on a down-stream task to be able to use it for predictions and inference.

============================================================
EXPERIMENT CONFIGURATION
============================================================
Algorithm: FedSAD | Clients: 10 (100% per round) | Rounds: 100, Local epochs: 2 | Training: Last 8 layers | Sampling: 200 samples per client (random) | Data: Non-IID (α=0.01)
------------------------------------------------------------
Algorithm-specific parameters for FedSAD:
  - use_distillation: True
  - kd_start_round: 2
  - teacher_policy: ema_first
  - temperature_start: 5.0, temperature_end: 1.5
  - alpha_ce_start: 1.0, alpha_ce_end: 0.7
  - alpha_kd_start: 0.0, alpha_kd_end: 0.3
  - hidden_distill: False, alpha_hidden: 0.0
  - o_downweight: 1.0
============================================================

Model initialized: 108,924,715/108,924,715 trainable params (100.0%)

=== Round 1/100 ===
[Round 1] KD=OFF | policy=ema_first
[Layer Freezing] Training last 8 transformer layers (layers 4-11)
[Layer Freezing] Trainable params: 56,736,043 / 108,924,715 (52.1%)
[Layer Freezing] Training last 8 transformer layers (layers 4-11)
[Layer Freezing] Trainable params: 56,736,043 / 108,924,715 (52.1%)
[Layer Freezing] Training last 8 transformer layers (layers 4-11)
[Layer Freezing] Trainable params: 56,736,043 / 108,924,715 (52.1%)
[Layer Freezing] Training last 8 transformer layers (layers 4-11)
[Layer Freezing] Trainable params: 56,736,043 / 108,924,715 (52.1%)
[Layer Freezing] Training last 8 transformer layers (layers 4-11)
[Layer Freezing] Trainable params: 56,736,043 / 108,924,715 (52.1%)
[Layer Freezing] Training last 8 transformer layers (layers 4-11)
[Layer Freezing] Trainable params: 56,736,043 / 108,924,715 (52.1%)
[Layer Freezing] Training last 8 transformer layers (layers 4-11)
[Layer Freezing] Trainable params: 56,736,043 / 108,924,715 (52.1%)
[Layer Freezing] Training last 8 transformer layers (layers 4-11)
[Layer Freezing] Trainable params: 56,736,043 / 108,924,715 (52.1%)
[Layer Freezing] Training last 8 transformer layers (layers 4-11)
[Layer Freezing] Trainable params: 56,736,043 / 108,924,715 (52.1%)
[Layer Freezing] Training last 8 transformer layers (layers 4-11)
[Layer Freezing] Trainable params: 56,736,043 / 108,924,715 (52.1%)
[Round 1] T=5.00  α_ce=1.00  α_kd=0.00
/root/miniconda3/lib/python3.12/site-packages/seqeval/metrics/v1.py:57: UndefinedMetricWarning: Precision is ill-defined and being set to 0.0 due to no predicted samples. Use `zero_division` parameter to control this behavior.
  _warn_prf(average, modifier, msg_start, len(result))
/root/miniconda3/lib/python3.12/site-packages/seqeval/metrics/v1.py:159: UndefinedMetricWarning: F-score is ill-defined and being set to 0.0 due to no true nor predicted samples. Use `zero_division` parameter to control this behavior.
  _warn_prf(
/root/miniconda3/lib/python3.12/site-packages/seqeval/metrics/v1.py:57: UndefinedMetricWarning: Recall is ill-defined and being set to 0.0 due to no true samples. Use `zero_division` parameter to control this behavior.
  _warn_prf(average, modifier, msg_start, len(result))
 Round 1 | F1 0.0000 | P 0.0000 | R 0.0000 | Time 38.1s | Comm N/A | Local Avg F1: 0.0000

=== Round 2/100 ===
[Round 2] KD=ON | policy=ema_first
[Layer Freezing] Training last 8 transformer layers (layers 4-11)
[Layer Freezing] Trainable params: 56,736,043 / 108,924,715 (52.1%)
[Layer Freezing] Training last 8 transformer layers (layers 4-11)
[Layer Freezing] Trainable params: 56,736,043 / 108,924,715 (52.1%)
[Layer Freezing] Training last 8 transformer layers (layers 4-11)
[Layer Freezing] Trainable params: 56,736,043 / 108,924,715 (52.1%)
[Layer Freezing] Training last 8 transformer layers (layers 4-11)
[Layer Freezing] Trainable params: 56,736,043 / 108,924,715 (52.1%)
[Layer Freezing] Training last 8 transformer layers (layers 4-11)
[Layer Freezing] Trainable params: 56,736,043 / 108,924,715 (52.1%)
[Layer Freezing] Training last 8 transformer layers (layers 4-11)
[Layer Freezing] Trainable params: 56,736,043 / 108,924,715 (52.1%)
[Layer Freezing] Training last 8 transformer layers (layers 4-11)
[Layer Freezing] Trainable params: 56,736,043 / 108,924,715 (52.1%)
[Layer Freezing] Training last 8 transformer layers (layers 4-11)
[Layer Freezing] Trainable params: 56,736,043 / 108,924,715 (52.1%)
[Layer Freezing] Training last 8 transformer layers (layers 4-11)
[Layer Freezing] Trainable params: 56,736,043 / 108,924,715 (52.1%)
[Layer Freezing] Training last 8 transformer layers (layers 4-11)
[Layer Freezing] Trainable params: 56,736,043 / 108,924,715 (52.1%)
[Round 2] T=5.00  α_ce=1.00  α_kd=0.00
 Round 2 | F1 0.0000 | P 0.0000 | R 0.0000 | Time 41.3s | Comm N/A | Local Avg F1: 0.0000

=== Round 3/100 ===
[Round 3] KD=ON | policy=ema_first
[Layer Freezing] Training last 8 transformer layers (layers 4-11)
[Layer Freezing] Trainable params: 56,736,043 / 108,924,715 (52.1%)
[Layer Freezing] Training last 8 transformer layers (layers 4-11)
[Layer Freezing] Trainable params: 56,736,043 / 108,924,715 (52.1%)
[Layer Freezing] Training last 8 transformer layers (layers 4-11)
[Layer Freezing] Trainable params: 56,736,043 / 108,924,715 (52.1%)
[Layer Freezing] Training last 8 transformer layers (layers 4-11)
[Layer Freezing] Trainable params: 56,736,043 / 108,924,715 (52.1%)
[Layer Freezing] Training last 8 transformer layers (layers 4-11)
[Layer Freezing] Trainable params: 56,736,043 / 108,924,715 (52.1%)
[Layer Freezing] Training last 8 transformer layers (layers 4-11)
[Layer Freezing] Trainable params: 56,736,043 / 108,924,715 (52.1%)
[Layer Freezing] Training last 8 transformer layers (layers 4-11)
[Layer Freezing] Trainable params: 56,736,043 / 108,924,715 (52.1%)
[Layer Freezing] Training last 8 transformer layers (layers 4-11)
[Layer Freezing] Trainable params: 56,736,043 / 108,924,715 (52.1%)
[Layer Freezing] Training last 8 transformer layers (layers 4-11)
[Layer Freezing] Trainable params: 56,736,043 / 108,924,715 (52.1%)
[Layer Freezing] Training last 8 transformer layers (layers 4-11)
[Layer Freezing] Trainable params: 56,736,043 / 108,924,715 (52.1%)
[Round 3] T=4.96  α_ce=1.00  α_kd=0.00
 Round 3 | F1 0.0003 | P 0.8750 | R 0.0002 | Time 41.4s | Comm N/A | Local Avg F1: 0.0011

=== Round 4/100 ===
[Round 4] KD=ON | policy=ema_first
[Layer Freezing] Training last 8 transformer layers (layers 4-11)
[Layer Freezing] Trainable params: 56,736,043 / 108,924,715 (52.1%)
[Layer Freezing] Training last 8 transformer layers (layers 4-11)
[Layer Freezing] Trainable params: 56,736,043 / 108,924,715 (52.1%)
[Layer Freezing] Training last 8 transformer layers (layers 4-11)
[Layer Freezing] Trainable params: 56,736,043 / 108,924,715 (52.1%)
[Layer Freezing] Training last 8 transformer layers (layers 4-11)
[Layer Freezing] Trainable params: 56,736,043 / 108,924,715 (52.1%)
[Layer Freezing] Training last 8 transformer layers (layers 4-11)
[Layer Freezing] Trainable params: 56,736,043 / 108,924,715 (52.1%)
[Layer Freezing] Training last 8 transformer layers (layers 4-11)
[Layer Freezing] Trainable params: 56,736,043 / 108,924,715 (52.1%)
[Layer Freezing] Training last 8 transformer layers (layers 4-11)
[Layer Freezing] Trainable params: 56,736,043 / 108,924,715 (52.1%)
[Layer Freezing] Training last 8 transformer layers (layers 4-11)
[Layer Freezing] Trainable params: 56,736,043 / 108,924,715 (52.1%)
[Layer Freezing] Training last 8 transformer layers (layers 4-11)
[Layer Freezing] Trainable params: 56,736,043 / 108,924,715 (52.1%)
[Layer Freezing] Training last 8 transformer layers (layers 4-11)
[Layer Freezing] Trainable params: 56,736,043 / 108,924,715 (52.1%)
[Round 4] T=4.93  α_ce=0.99  α_kd=0.01
 Round 4 | F1 0.0560 | P 0.6736 | R 0.0292 | Time 41.0s | Comm N/A | Local Avg F1: 0.0444

=== Round 5/100 ===
[Round 5] KD=ON | policy=ema_first
[Layer Freezing] Training last 8 transformer layers (layers 4-11)
[Layer Freezing] Trainable params: 56,736,043 / 108,924,715 (52.1%)
[Layer Freezing] Training last 8 transformer layers (layers 4-11)
[Layer Freezing] Trainable params: 56,736,043 / 108,924,715 (52.1%)
[Layer Freezing] Training last 8 transformer layers (layers 4-11)
[Layer Freezing] Trainable params: 56,736,043 / 108,924,715 (52.1%)
[Layer Freezing] Training last 8 transformer layers (layers 4-11)
[Layer Freezing] Trainable params: 56,736,043 / 108,924,715 (52.1%)
[Layer Freezing] Training last 8 transformer layers (layers 4-11)
[Layer Freezing] Trainable params: 56,736,043 / 108,924,715 (52.1%)
[Layer Freezing] Training last 8 transformer layers (layers 4-11)
[Layer Freezing] Trainable params: 56,736,043 / 108,924,715 (52.1%)
[Layer Freezing] Training last 8 transformer layers (layers 4-11)
[Layer Freezing] Trainable params: 56,736,043 / 108,924,715 (52.1%)
[Layer Freezing] Training last 8 transformer layers (layers 4-11)
[Layer Freezing] Trainable params: 56,736,043 / 108,924,715 (52.1%)
[Layer Freezing] Training last 8 transformer layers (layers 4-11)
[Layer Freezing] Trainable params: 56,736,043 / 108,924,715 (52.1%)
[Layer Freezing] Training last 8 transformer layers (layers 4-11)
[Layer Freezing] Trainable params: 56,736,043 / 108,924,715 (52.1%)
[Round 5] T=4.89  α_ce=0.99  α_kd=0.01
 Round 5 | F1 0.1105 | P 0.6623 | R 0.0603 | Time 41.5s | Comm N/A | Local Avg F1: 0.0735

=== Round 6/100 ===
[Round 6] KD=ON | policy=ema_first
[Layer Freezing] Training last 8 transformer layers (layers 4-11)
[Layer Freezing] Trainable params: 56,736,043 / 108,924,715 (52.1%)
[Layer Freezing] Training last 8 transformer layers (layers 4-11)
[Layer Freezing] Trainable params: 56,736,043 / 108,924,715 (52.1%)
[Layer Freezing] Training last 8 transformer layers (layers 4-11)
[Layer Freezing] Trainable params: 56,736,043 / 108,924,715 (52.1%)
[Layer Freezing] Training last 8 transformer layers (layers 4-11)
[Layer Freezing] Trainable params: 56,736,043 / 108,924,715 (52.1%)
[Layer Freezing] Training last 8 transformer layers (layers 4-11)
[Layer Freezing] Trainable params: 56,736,043 / 108,924,715 (52.1%)
[Layer Freezing] Training last 8 transformer layers (layers 4-11)
[Layer Freezing] Trainable params: 56,736,043 / 108,924,715 (52.1%)
[Layer Freezing] Training last 8 transformer layers (layers 4-11)
[Layer Freezing] Trainable params: 56,736,043 / 108,924,715 (52.1%)
[Layer Freezing] Training last 8 transformer layers (layers 4-11)
[Layer Freezing] Trainable params: 56,736,043 / 108,924,715 (52.1%)
[Layer Freezing] Training last 8 transformer layers (layers 4-11)
[Layer Freezing] Trainable params: 56,736,043 / 108,924,715 (52.1%)
[Layer Freezing] Training last 8 transformer layers (layers 4-11)
[Layer Freezing] Trainable params: 56,736,043 / 108,924,715 (52.1%)
[Round 6] T=4.86  α_ce=0.99  α_kd=0.01
 Round 6 | F1 0.1872 | P 0.5574 | R 0.1125 | Time 41.5s | Comm N/A | Local Avg F1: 0.1157

=== Round 7/100 ===
[Round 7] KD=ON | policy=ema_first
[Layer Freezing] Training last 8 transformer layers (layers 4-11)
[Layer Freezing] Trainable params: 56,736,043 / 108,924,715 (52.1%)
[Layer Freezing] Training last 8 transformer layers (layers 4-11)
[Layer Freezing] Trainable params: 56,736,043 / 108,924,715 (52.1%)
[Layer Freezing] Training last 8 transformer layers (layers 4-11)
[Layer Freezing] Trainable params: 56,736,043 / 108,924,715 (52.1%)
[Layer Freezing] Training last 8 transformer layers (layers 4-11)
[Layer Freezing] Trainable params: 56,736,043 / 108,924,715 (52.1%)
[Layer Freezing] Training last 8 transformer layers (layers 4-11)
[Layer Freezing] Trainable params: 56,736,043 / 108,924,715 (52.1%)
[Layer Freezing] Training last 8 transformer layers (layers 4-11)
[Layer Freezing] Trainable params: 56,736,043 / 108,924,715 (52.1%)
[Layer Freezing] Training last 8 transformer layers (layers 4-11)
[Layer Freezing] Trainable params: 56,736,043 / 108,924,715 (52.1%)
[Layer Freezing] Training last 8 transformer layers (layers 4-11)
[Layer Freezing] Trainable params: 56,736,043 / 108,924,715 (52.1%)
[Layer Freezing] Training last 8 transformer layers (layers 4-11)
[Layer Freezing] Trainable params: 56,736,043 / 108,924,715 (52.1%)
[Layer Freezing] Training last 8 transformer layers (layers 4-11)
[Layer Freezing] Trainable params: 56,736,043 / 108,924,715 (52.1%)
[Round 7] T=4.82  α_ce=0.98  α_kd=0.02
 Round 7 | F1 0.2080 | P 0.5490 | R 0.1283 | Time 41.6s | Comm N/A | Local Avg F1: 0.1402

=== Round 8/100 ===
[Round 8] KD=ON | policy=ema_first
[Layer Freezing] Training last 8 transformer layers (layers 4-11)
[Layer Freezing] Trainable params: 56,736,043 / 108,924,715 (52.1%)
[Layer Freezing] Training last 8 transformer layers (layers 4-11)
[Layer Freezing] Trainable params: 56,736,043 / 108,924,715 (52.1%)
[Layer Freezing] Training last 8 transformer layers (layers 4-11)
[Layer Freezing] Trainable params: 56,736,043 / 108,924,715 (52.1%)
[Layer Freezing] Training last 8 transformer layers (layers 4-11)
[Layer Freezing] Trainable params: 56,736,043 / 108,924,715 (52.1%)
[Layer Freezing] Training last 8 transformer layers (layers 4-11)
[Layer Freezing] Trainable params: 56,736,043 / 108,924,715 (52.1%)
[Layer Freezing] Training last 8 transformer layers (layers 4-11)
[Layer Freezing] Trainable params: 56,736,043 / 108,924,715 (52.1%)
[Layer Freezing] Training last 8 transformer layers (layers 4-11)
[Layer Freezing] Trainable params: 56,736,043 / 108,924,715 (52.1%)
[Layer Freezing] Training last 8 transformer layers (layers 4-11)
[Layer Freezing] Trainable params: 56,736,043 / 108,924,715 (52.1%)
[Layer Freezing] Training last 8 transformer layers (layers 4-11)
[Layer Freezing] Trainable params: 56,736,043 / 108,924,715 (52.1%)
[Layer Freezing] Training last 8 transformer layers (layers 4-11)
[Layer Freezing] Trainable params: 56,736,043 / 108,924,715 (52.1%)
[Round 8] T=4.79  α_ce=0.98  α_kd=0.02
 Round 8 | F1 0.2217 | P 0.5598 | R 0.1382 | Time 41.5s | Comm N/A | Local Avg F1: 0.1506

=== Round 9/100 ===
[Round 9] KD=ON | policy=ema_first
[Layer Freezing] Training last 8 transformer layers (layers 4-11)
[Layer Freezing] Trainable params: 56,736,043 / 108,924,715 (52.1%)
[Layer Freezing] Training last 8 transformer layers (layers 4-11)
[Layer Freezing] Trainable params: 56,736,043 / 108,924,715 (52.1%)
[Layer Freezing] Training last 8 transformer layers (layers 4-11)
[Layer Freezing] Trainable params: 56,736,043 / 108,924,715 (52.1%)
[Layer Freezing] Training last 8 transformer layers (layers 4-11)
[Layer Freezing] Trainable params: 56,736,043 / 108,924,715 (52.1%)
[Layer Freezing] Training last 8 transformer layers (layers 4-11)
[Layer Freezing] Trainable params: 56,736,043 / 108,924,715 (52.1%)
[Layer Freezing] Training last 8 transformer layers (layers 4-11)
[Layer Freezing] Trainable params: 56,736,043 / 108,924,715 (52.1%)
[Layer Freezing] Training last 8 transformer layers (layers 4-11)
[Layer Freezing] Trainable params: 56,736,043 / 108,924,715 (52.1%)
[Layer Freezing] Training last 8 transformer layers (layers 4-11)
[Layer Freezing] Trainable params: 56,736,043 / 108,924,715 (52.1%)
[Layer Freezing] Training last 8 transformer layers (layers 4-11)
[Layer Freezing] Trainable params: 56,736,043 / 108,924,715 (52.1%)
[Layer Freezing] Training last 8 transformer layers (layers 4-11)
[Layer Freezing] Trainable params: 56,736,043 / 108,924,715 (52.1%)
[Round 9] T=4.75  α_ce=0.98  α_kd=0.02
 Round 9 | F1 0.2874 | P 0.5183 | R 0.1988 | Time 41.3s | Comm N/A | Local Avg F1: 0.2021

=== Round 10/100 ===
[Round 10] KD=ON | policy=ema_first
[Layer Freezing] Training last 8 transformer layers (layers 4-11)
[Layer Freezing] Trainable params: 56,736,043 / 108,924,715 (52.1%)
[Layer Freezing] Training last 8 transformer layers (layers 4-11)
[Layer Freezing] Trainable params: 56,736,043 / 108,924,715 (52.1%)
[Layer Freezing] Training last 8 transformer layers (layers 4-11)
[Layer Freezing] Trainable params: 56,736,043 / 108,924,715 (52.1%)
[Layer Freezing] Training last 8 transformer layers (layers 4-11)
[Layer Freezing] Trainable params: 56,736,043 / 108,924,715 (52.1%)
[Layer Freezing] Training last 8 transformer layers (layers 4-11)
[Layer Freezing] Trainable params: 56,736,043 / 108,924,715 (52.1%)
[Layer Freezing] Training last 8 transformer layers (layers 4-11)
[Layer Freezing] Trainable params: 56,736,043 / 108,924,715 (52.1%)
[Layer Freezing] Training last 8 transformer layers (layers 4-11)
[Layer Freezing] Trainable params: 56,736,043 / 108,924,715 (52.1%)
[Layer Freezing] Training last 8 transformer layers (layers 4-11)
[Layer Freezing] Trainable params: 56,736,043 / 108,924,715 (52.1%)
[Layer Freezing] Training last 8 transformer layers (layers 4-11)
[Layer Freezing] Trainable params: 56,736,043 / 108,924,715 (52.1%)
[Layer Freezing] Training last 8 transformer layers (layers 4-11)
[Layer Freezing] Trainable params: 56,736,043 / 108,924,715 (52.1%)
[Round 10] T=4.71  α_ce=0.98  α_kd=0.02
 Round 10 | F1 0.3090 | P 0.5342 | R 0.2174 | Time 41.9s | Comm N/A | Local Avg F1: 0.2357

=== Round 11/100 ===
[Round 11] KD=ON | policy=ema_first
[Layer Freezing] Training last 8 transformer layers (layers 4-11)
[Layer Freezing] Trainable params: 56,736,043 / 108,924,715 (52.1%)
[Layer Freezing] Training last 8 transformer layers (layers 4-11)
[Layer Freezing] Trainable params: 56,736,043 / 108,924,715 (52.1%)
[Layer Freezing] Training last 8 transformer layers (layers 4-11)
[Layer Freezing] Trainable params: 56,736,043 / 108,924,715 (52.1%)
[Layer Freezing] Training last 8 transformer layers (layers 4-11)
[Layer Freezing] Trainable params: 56,736,043 / 108,924,715 (52.1%)
[Layer Freezing] Training last 8 transformer layers (layers 4-11)
[Layer Freezing] Trainable params: 56,736,043 / 108,924,715 (52.1%)
[Layer Freezing] Training last 8 transformer layers (layers 4-11)
[Layer Freezing] Trainable params: 56,736,043 / 108,924,715 (52.1%)
[Layer Freezing] Training last 8 transformer layers (layers 4-11)
[Layer Freezing] Trainable params: 56,736,043 / 108,924,715 (52.1%)
[Layer Freezing] Training last 8 transformer layers (layers 4-11)
[Layer Freezing] Trainable params: 56,736,043 / 108,924,715 (52.1%)
[Layer Freezing] Training last 8 transformer layers (layers 4-11)
[Layer Freezing] Trainable params: 56,736,043 / 108,924,715 (52.1%)
[Layer Freezing] Training last 8 transformer layers (layers 4-11)
[Layer Freezing] Trainable params: 56,736,043 / 108,924,715 (52.1%)
[Round 11] T=4.68  α_ce=0.97  α_kd=0.03
 Round 11 | F1 0.3231 | P 0.5550 | R 0.2279 | Time 41.7s | Comm N/A | Local Avg F1: 0.2462

=== Round 12/100 ===
[Round 12] KD=ON | policy=ema_first
[Layer Freezing] Training last 8 transformer layers (layers 4-11)
[Layer Freezing] Trainable params: 56,736,043 / 108,924,715 (52.1%)
[Layer Freezing] Training last 8 transformer layers (layers 4-11)
[Layer Freezing] Trainable params: 56,736,043 / 108,924,715 (52.1%)
[Layer Freezing] Training last 8 transformer layers (layers 4-11)
[Layer Freezing] Trainable params: 56,736,043 / 108,924,715 (52.1%)
[Layer Freezing] Training last 8 transformer layers (layers 4-11)
[Layer Freezing] Trainable params: 56,736,043 / 108,924,715 (52.1%)
[Layer Freezing] Training last 8 transformer layers (layers 4-11)
[Layer Freezing] Trainable params: 56,736,043 / 108,924,715 (52.1%)
[Layer Freezing] Training last 8 transformer layers (layers 4-11)
[Layer Freezing] Trainable params: 56,736,043 / 108,924,715 (52.1%)
[Layer Freezing] Training last 8 transformer layers (layers 4-11)
[Layer Freezing] Trainable params: 56,736,043 / 108,924,715 (52.1%)
[Layer Freezing] Training last 8 transformer layers (layers 4-11)
[Layer Freezing] Trainable params: 56,736,043 / 108,924,715 (52.1%)
[Layer Freezing] Training last 8 transformer layers (layers 4-11)
[Layer Freezing] Trainable params: 56,736,043 / 108,924,715 (52.1%)
[Layer Freezing] Training last 8 transformer layers (layers 4-11)
[Layer Freezing] Trainable params: 56,736,043 / 108,924,715 (52.1%)
[Round 12] T=4.64  α_ce=0.97  α_kd=0.03
 Round 12 | F1 0.3724 | P 0.5523 | R 0.2809 | Time 41.7s | Comm N/A | Local Avg F1: 0.2932

=== Round 13/100 ===
[Round 13] KD=ON | policy=ema_first
[Layer Freezing] Training last 8 transformer layers (layers 4-11)
[Layer Freezing] Trainable params: 56,736,043 / 108,924,715 (52.1%)
[Layer Freezing] Training last 8 transformer layers (layers 4-11)
[Layer Freezing] Trainable params: 56,736,043 / 108,924,715 (52.1%)
[Layer Freezing] Training last 8 transformer layers (layers 4-11)
[Layer Freezing] Trainable params: 56,736,043 / 108,924,715 (52.1%)
[Layer Freezing] Training last 8 transformer layers (layers 4-11)
[Layer Freezing] Trainable params: 56,736,043 / 108,924,715 (52.1%)
[Layer Freezing] Training last 8 transformer layers (layers 4-11)
[Layer Freezing] Trainable params: 56,736,043 / 108,924,715 (52.1%)
[Layer Freezing] Training last 8 transformer layers (layers 4-11)
[Layer Freezing] Trainable params: 56,736,043 / 108,924,715 (52.1%)
[Layer Freezing] Training last 8 transformer layers (layers 4-11)
[Layer Freezing] Trainable params: 56,736,043 / 108,924,715 (52.1%)
[Layer Freezing] Training last 8 transformer layers (layers 4-11)
[Layer Freezing] Trainable params: 56,736,043 / 108,924,715 (52.1%)
[Layer Freezing] Training last 8 transformer layers (layers 4-11)
[Layer Freezing] Trainable params: 56,736,043 / 108,924,715 (52.1%)
[Layer Freezing] Training last 8 transformer layers (layers 4-11)
[Layer Freezing] Trainable params: 56,736,043 / 108,924,715 (52.1%)
[Round 13] T=4.61  α_ce=0.97  α_kd=0.03
 Round 13 | F1 0.3763 | P 0.5761 | R 0.2793 | Time 40.8s | Comm N/A | Local Avg F1: 0.2931

=== Round 14/100 ===
[Round 14] KD=ON | policy=ema_first
[Layer Freezing] Training last 8 transformer layers (layers 4-11)
[Layer Freezing] Trainable params: 56,736,043 / 108,924,715 (52.1%)
[Layer Freezing] Training last 8 transformer layers (layers 4-11)
[Layer Freezing] Trainable params: 56,736,043 / 108,924,715 (52.1%)
[Layer Freezing] Training last 8 transformer layers (layers 4-11)
[Layer Freezing] Trainable params: 56,736,043 / 108,924,715 (52.1%)
[Layer Freezing] Training last 8 transformer layers (layers 4-11)
[Layer Freezing] Trainable params: 56,736,043 / 108,924,715 (52.1%)
[Layer Freezing] Training last 8 transformer layers (layers 4-11)
[Layer Freezing] Trainable params: 56,736,043 / 108,924,715 (52.1%)
[Layer Freezing] Training last 8 transformer layers (layers 4-11)
[Layer Freezing] Trainable params: 56,736,043 / 108,924,715 (52.1%)
[Layer Freezing] Training last 8 transformer layers (layers 4-11)
[Layer Freezing] Trainable params: 56,736,043 / 108,924,715 (52.1%)
[Layer Freezing] Training last 8 transformer layers (layers 4-11)
[Layer Freezing] Trainable params: 56,736,043 / 108,924,715 (52.1%)
[Layer Freezing] Training last 8 transformer layers (layers 4-11)
[Layer Freezing] Trainable params: 56,736,043 / 108,924,715 (52.1%)
[Layer Freezing] Training last 8 transformer layers (layers 4-11)
[Layer Freezing] Trainable params: 56,736,043 / 108,924,715 (52.1%)
[Round 14] T=4.57  α_ce=0.96  α_kd=0.04
 Round 14 | F1 0.4108 | P 0.5586 | R 0.3248 | Time 41.1s | Comm N/A | Local Avg F1: 0.3243

=== Round 15/100 ===
[Round 15] KD=ON | policy=ema_first
[Layer Freezing] Training last 8 transformer layers (layers 4-11)
[Layer Freezing] Trainable params: 56,736,043 / 108,924,715 (52.1%)
[Layer Freezing] Training last 8 transformer layers (layers 4-11)
[Layer Freezing] Trainable params: 56,736,043 / 108,924,715 (52.1%)
[Layer Freezing] Training last 8 transformer layers (layers 4-11)
[Layer Freezing] Trainable params: 56,736,043 / 108,924,715 (52.1%)
[Layer Freezing] Training last 8 transformer layers (layers 4-11)
[Layer Freezing] Trainable params: 56,736,043 / 108,924,715 (52.1%)
[Layer Freezing] Training last 8 transformer layers (layers 4-11)
[Layer Freezing] Trainable params: 56,736,043 / 108,924,715 (52.1%)
[Layer Freezing] Training last 8 transformer layers (layers 4-11)
[Layer Freezing] Trainable params: 56,736,043 / 108,924,715 (52.1%)
[Layer Freezing] Training last 8 transformer layers (layers 4-11)
[Layer Freezing] Trainable params: 56,736,043 / 108,924,715 (52.1%)
[Layer Freezing] Training last 8 transformer layers (layers 4-11)
[Layer Freezing] Trainable params: 56,736,043 / 108,924,715 (52.1%)
[Layer Freezing] Training last 8 transformer layers (layers 4-11)
[Layer Freezing] Trainable params: 56,736,043 / 108,924,715 (52.1%)
[Layer Freezing] Training last 8 transformer layers (layers 4-11)
[Layer Freezing] Trainable params: 56,736,043 / 108,924,715 (52.1%)
[Round 15] T=4.54  α_ce=0.96  α_kd=0.04
 Round 15 | F1 0.4162 | P 0.5900 | R 0.3215 | Time 41.1s | Comm N/A | Local Avg F1: 0.3361

=== Round 16/100 ===
[Round 16] KD=ON | policy=ema_first
[Layer Freezing] Training last 8 transformer layers (layers 4-11)
[Layer Freezing] Trainable params: 56,736,043 / 108,924,715 (52.1%)
[Layer Freezing] Training last 8 transformer layers (layers 4-11)
[Layer Freezing] Trainable params: 56,736,043 / 108,924,715 (52.1%)
[Layer Freezing] Training last 8 transformer layers (layers 4-11)
[Layer Freezing] Trainable params: 56,736,043 / 108,924,715 (52.1%)
[Layer Freezing] Training last 8 transformer layers (layers 4-11)
[Layer Freezing] Trainable params: 56,736,043 / 108,924,715 (52.1%)
[Layer Freezing] Training last 8 transformer layers (layers 4-11)
[Layer Freezing] Trainable params: 56,736,043 / 108,924,715 (52.1%)
[Layer Freezing] Training last 8 transformer layers (layers 4-11)
[Layer Freezing] Trainable params: 56,736,043 / 108,924,715 (52.1%)
[Layer Freezing] Training last 8 transformer layers (layers 4-11)
[Layer Freezing] Trainable params: 56,736,043 / 108,924,715 (52.1%)
[Layer Freezing] Training last 8 transformer layers (layers 4-11)
[Layer Freezing] Trainable params: 56,736,043 / 108,924,715 (52.1%)
[Layer Freezing] Training last 8 transformer layers (layers 4-11)
[Layer Freezing] Trainable params: 56,736,043 / 108,924,715 (52.1%)
[Layer Freezing] Training last 8 transformer layers (layers 4-11)
[Layer Freezing] Trainable params: 56,736,043 / 108,924,715 (52.1%)
[Round 16] T=4.50  α_ce=0.96  α_kd=0.04
 Round 16 | F1 0.4543 | P 0.5774 | R 0.3745 | Time 41.2s | Comm N/A | Local Avg F1: 0.3747

=== Round 17/100 ===
[Round 17] KD=ON | policy=ema_first
[Layer Freezing] Training last 8 transformer layers (layers 4-11)
[Layer Freezing] Trainable params: 56,736,043 / 108,924,715 (52.1%)
[Layer Freezing] Training last 8 transformer layers (layers 4-11)
[Layer Freezing] Trainable params: 56,736,043 / 108,924,715 (52.1%)
[Layer Freezing] Training last 8 transformer layers (layers 4-11)
[Layer Freezing] Trainable params: 56,736,043 / 108,924,715 (52.1%)
[Layer Freezing] Training last 8 transformer layers (layers 4-11)
[Layer Freezing] Trainable params: 56,736,043 / 108,924,715 (52.1%)
[Layer Freezing] Training last 8 transformer layers (layers 4-11)
[Layer Freezing] Trainable params: 56,736,043 / 108,924,715 (52.1%)
[Layer Freezing] Training last 8 transformer layers (layers 4-11)
[Layer Freezing] Trainable params: 56,736,043 / 108,924,715 (52.1%)
[Layer Freezing] Training last 8 transformer layers (layers 4-11)
[Layer Freezing] Trainable params: 56,736,043 / 108,924,715 (52.1%)
[Layer Freezing] Training last 8 transformer layers (layers 4-11)
[Layer Freezing] Trainable params: 56,736,043 / 108,924,715 (52.1%)
[Layer Freezing] Training last 8 transformer layers (layers 4-11)
[Layer Freezing] Trainable params: 56,736,043 / 108,924,715 (52.1%)
[Layer Freezing] Training last 8 transformer layers (layers 4-11)
[Layer Freezing] Trainable params: 56,736,043 / 108,924,715 (52.1%)
[Round 17] T=4.46  α_ce=0.95  α_kd=0.05
 Round 17 | F1 0.4532 | P 0.5853 | R 0.3698 | Time 40.9s | Comm N/A | Local Avg F1: 0.3678

=== Round 18/100 ===
[Round 18] KD=ON | policy=ema_first
[Layer Freezing] Training last 8 transformer layers (layers 4-11)
[Layer Freezing] Trainable params: 56,736,043 / 108,924,715 (52.1%)
[Layer Freezing] Training last 8 transformer layers (layers 4-11)
[Layer Freezing] Trainable params: 56,736,043 / 108,924,715 (52.1%)
[Layer Freezing] Training last 8 transformer layers (layers 4-11)
[Layer Freezing] Trainable params: 56,736,043 / 108,924,715 (52.1%)
[Layer Freezing] Training last 8 transformer layers (layers 4-11)
[Layer Freezing] Trainable params: 56,736,043 / 108,924,715 (52.1%)
[Layer Freezing] Training last 8 transformer layers (layers 4-11)
[Layer Freezing] Trainable params: 56,736,043 / 108,924,715 (52.1%)
[Layer Freezing] Training last 8 transformer layers (layers 4-11)
[Layer Freezing] Trainable params: 56,736,043 / 108,924,715 (52.1%)
[Layer Freezing] Training last 8 transformer layers (layers 4-11)
[Layer Freezing] Trainable params: 56,736,043 / 108,924,715 (52.1%)
[Layer Freezing] Training last 8 transformer layers (layers 4-11)
[Layer Freezing] Trainable params: 56,736,043 / 108,924,715 (52.1%)
[Layer Freezing] Training last 8 transformer layers (layers 4-11)
[Layer Freezing] Trainable params: 56,736,043 / 108,924,715 (52.1%)
[Layer Freezing] Training last 8 transformer layers (layers 4-11)
[Layer Freezing] Trainable params: 56,736,043 / 108,924,715 (52.1%)
[Round 18] T=4.43  α_ce=0.95  α_kd=0.05
 Round 18 | F1 0.4600 | P 0.5934 | R 0.3755 | Time 41.1s | Comm N/A | Local Avg F1: 0.3750

=== Round 19/100 ===
[Round 19] KD=ON | policy=ema_first
[Layer Freezing] Training last 8 transformer layers (layers 4-11)
[Layer Freezing] Trainable params: 56,736,043 / 108,924,715 (52.1%)
[Layer Freezing] Training last 8 transformer layers (layers 4-11)
[Layer Freezing] Trainable params: 56,736,043 / 108,924,715 (52.1%)
[Layer Freezing] Training last 8 transformer layers (layers 4-11)
[Layer Freezing] Trainable params: 56,736,043 / 108,924,715 (52.1%)
[Layer Freezing] Training last 8 transformer layers (layers 4-11)
[Layer Freezing] Trainable params: 56,736,043 / 108,924,715 (52.1%)
[Layer Freezing] Training last 8 transformer layers (layers 4-11)
[Layer Freezing] Trainable params: 56,736,043 / 108,924,715 (52.1%)
[Layer Freezing] Training last 8 transformer layers (layers 4-11)
[Layer Freezing] Trainable params: 56,736,043 / 108,924,715 (52.1%)
[Layer Freezing] Training last 8 transformer layers (layers 4-11)
[Layer Freezing] Trainable params: 56,736,043 / 108,924,715 (52.1%)
[Layer Freezing] Training last 8 transformer layers (layers 4-11)
[Layer Freezing] Trainable params: 56,736,043 / 108,924,715 (52.1%)
[Layer Freezing] Training last 8 transformer layers (layers 4-11)
[Layer Freezing] Trainable params: 56,736,043 / 108,924,715 (52.1%)
[Layer Freezing] Training last 8 transformer layers (layers 4-11)
[Layer Freezing] Trainable params: 56,736,043 / 108,924,715 (52.1%)
[Round 19] T=4.39  α_ce=0.95  α_kd=0.05
 Round 19 | F1 0.4585 | P 0.6053 | R 0.3690 | Time 41.1s | Comm N/A | Local Avg F1: 0.3791

=== Round 20/100 ===
[Round 20] KD=ON | policy=ema_first
[Layer Freezing] Training last 8 transformer layers (layers 4-11)
[Layer Freezing] Trainable params: 56,736,043 / 108,924,715 (52.1%)
[Layer Freezing] Training last 8 transformer layers (layers 4-11)
[Layer Freezing] Trainable params: 56,736,043 / 108,924,715 (52.1%)
[Layer Freezing] Training last 8 transformer layers (layers 4-11)
[Layer Freezing] Trainable params: 56,736,043 / 108,924,715 (52.1%)
[Layer Freezing] Training last 8 transformer layers (layers 4-11)
[Layer Freezing] Trainable params: 56,736,043 / 108,924,715 (52.1%)
[Layer Freezing] Training last 8 transformer layers (layers 4-11)
[Layer Freezing] Trainable params: 56,736,043 / 108,924,715 (52.1%)
[Layer Freezing] Training last 8 transformer layers (layers 4-11)
[Layer Freezing] Trainable params: 56,736,043 / 108,924,715 (52.1%)
[Layer Freezing] Training last 8 transformer layers (layers 4-11)
[Layer Freezing] Trainable params: 56,736,043 / 108,924,715 (52.1%)
[Layer Freezing] Training last 8 transformer layers (layers 4-11)
[Layer Freezing] Trainable params: 56,736,043 / 108,924,715 (52.1%)
[Layer Freezing] Training last 8 transformer layers (layers 4-11)
[Layer Freezing] Trainable params: 56,736,043 / 108,924,715 (52.1%)
[Layer Freezing] Training last 8 transformer layers (layers 4-11)
[Layer Freezing] Trainable params: 56,736,043 / 108,924,715 (52.1%)
[Round 20] T=4.36  α_ce=0.94  α_kd=0.06
 Round 20 | F1 0.4863 | P 0.5877 | R 0.4148 | Time 41.1s | Comm N/A | Local Avg F1: 0.4010

=== Round 21/100 ===
[Round 21] KD=ON | policy=ema_first
[Layer Freezing] Training last 8 transformer layers (layers 4-11)
[Layer Freezing] Trainable params: 56,736,043 / 108,924,715 (52.1%)
[Layer Freezing] Training last 8 transformer layers (layers 4-11)
[Layer Freezing] Trainable params: 56,736,043 / 108,924,715 (52.1%)
[Layer Freezing] Training last 8 transformer layers (layers 4-11)
[Layer Freezing] Trainable params: 56,736,043 / 108,924,715 (52.1%)
[Layer Freezing] Training last 8 transformer layers (layers 4-11)
[Layer Freezing] Trainable params: 56,736,043 / 108,924,715 (52.1%)
[Layer Freezing] Training last 8 transformer layers (layers 4-11)
[Layer Freezing] Trainable params: 56,736,043 / 108,924,715 (52.1%)
[Layer Freezing] Training last 8 transformer layers (layers 4-11)
[Layer Freezing] Trainable params: 56,736,043 / 108,924,715 (52.1%)
[Layer Freezing] Training last 8 transformer layers (layers 4-11)
[Layer Freezing] Trainable params: 56,736,043 / 108,924,715 (52.1%)
[Layer Freezing] Training last 8 transformer layers (layers 4-11)
[Layer Freezing] Trainable params: 56,736,043 / 108,924,715 (52.1%)
[Layer Freezing] Training last 8 transformer layers (layers 4-11)
[Layer Freezing] Trainable params: 56,736,043 / 108,924,715 (52.1%)
[Layer Freezing] Training last 8 transformer layers (layers 4-11)
[Layer Freezing] Trainable params: 56,736,043 / 108,924,715 (52.1%)
[Round 21] T=4.32  α_ce=0.94  α_kd=0.06
 Round 21 | F1 0.4788 | P 0.6163 | R 0.3915 | Time 40.9s | Comm N/A | Local Avg F1: 0.4000

=== Round 22/100 ===
[Round 22] KD=ON | policy=ema_first
[Layer Freezing] Training last 8 transformer layers (layers 4-11)
[Layer Freezing] Trainable params: 56,736,043 / 108,924,715 (52.1%)
[Layer Freezing] Training last 8 transformer layers (layers 4-11)
[Layer Freezing] Trainable params: 56,736,043 / 108,924,715 (52.1%)
[Layer Freezing] Training last 8 transformer layers (layers 4-11)
[Layer Freezing] Trainable params: 56,736,043 / 108,924,715 (52.1%)
[Layer Freezing] Training last 8 transformer layers (layers 4-11)
[Layer Freezing] Trainable params: 56,736,043 / 108,924,715 (52.1%)
[Layer Freezing] Training last 8 transformer layers (layers 4-11)
[Layer Freezing] Trainable params: 56,736,043 / 108,924,715 (52.1%)
[Layer Freezing] Training last 8 transformer layers (layers 4-11)
[Layer Freezing] Trainable params: 56,736,043 / 108,924,715 (52.1%)
[Layer Freezing] Training last 8 transformer layers (layers 4-11)
[Layer Freezing] Trainable params: 56,736,043 / 108,924,715 (52.1%)
[Layer Freezing] Training last 8 transformer layers (layers 4-11)
[Layer Freezing] Trainable params: 56,736,043 / 108,924,715 (52.1%)
[Layer Freezing] Training last 8 transformer layers (layers 4-11)
[Layer Freezing] Trainable params: 56,736,043 / 108,924,715 (52.1%)
[Layer Freezing] Training last 8 transformer layers (layers 4-11)
[Layer Freezing] Trainable params: 56,736,043 / 108,924,715 (52.1%)
[Round 22] T=4.29  α_ce=0.94  α_kd=0.06
 Round 22 | F1 0.4863 | P 0.6083 | R 0.4051 | Time 41.4s | Comm N/A | Local Avg F1: 0.4032

=== Round 23/100 ===
[Round 23] KD=ON | policy=ema_first
[Layer Freezing] Training last 8 transformer layers (layers 4-11)
[Layer Freezing] Trainable params: 56,736,043 / 108,924,715 (52.1%)
[Layer Freezing] Training last 8 transformer layers (layers 4-11)
[Layer Freezing] Trainable params: 56,736,043 / 108,924,715 (52.1%)
[Layer Freezing] Training last 8 transformer layers (layers 4-11)
[Layer Freezing] Trainable params: 56,736,043 / 108,924,715 (52.1%)
[Layer Freezing] Training last 8 transformer layers (layers 4-11)
[Layer Freezing] Trainable params: 56,736,043 / 108,924,715 (52.1%)
[Layer Freezing] Training last 8 transformer layers (layers 4-11)
[Layer Freezing] Trainable params: 56,736,043 / 108,924,715 (52.1%)
[Layer Freezing] Training last 8 transformer layers (layers 4-11)
[Layer Freezing] Trainable params: 56,736,043 / 108,924,715 (52.1%)
[Layer Freezing] Training last 8 transformer layers (layers 4-11)
[Layer Freezing] Trainable params: 56,736,043 / 108,924,715 (52.1%)
[Layer Freezing] Training last 8 transformer layers (layers 4-11)
[Layer Freezing] Trainable params: 56,736,043 / 108,924,715 (52.1%)
[Layer Freezing] Training last 8 transformer layers (layers 4-11)
[Layer Freezing] Trainable params: 56,736,043 / 108,924,715 (52.1%)
[Layer Freezing] Training last 8 transformer layers (layers 4-11)
[Layer Freezing] Trainable params: 56,736,043 / 108,924,715 (52.1%)
[Round 23] T=4.25  α_ce=0.94  α_kd=0.06
 Round 23 | F1 0.4976 | P 0.6018 | R 0.4242 | Time 41.2s | Comm N/A | Local Avg F1: 0.4117

=== Round 24/100 ===
[Round 24] KD=ON | policy=ema_first
[Layer Freezing] Training last 8 transformer layers (layers 4-11)
[Layer Freezing] Trainable params: 56,736,043 / 108,924,715 (52.1%)
[Layer Freezing] Training last 8 transformer layers (layers 4-11)
[Layer Freezing] Trainable params: 56,736,043 / 108,924,715 (52.1%)
[Layer Freezing] Training last 8 transformer layers (layers 4-11)
[Layer Freezing] Trainable params: 56,736,043 / 108,924,715 (52.1%)
[Layer Freezing] Training last 8 transformer layers (layers 4-11)
[Layer Freezing] Trainable params: 56,736,043 / 108,924,715 (52.1%)
[Layer Freezing] Training last 8 transformer layers (layers 4-11)
[Layer Freezing] Trainable params: 56,736,043 / 108,924,715 (52.1%)
[Layer Freezing] Training last 8 transformer layers (layers 4-11)
[Layer Freezing] Trainable params: 56,736,043 / 108,924,715 (52.1%)
[Layer Freezing] Training last 8 transformer layers (layers 4-11)
[Layer Freezing] Trainable params: 56,736,043 / 108,924,715 (52.1%)
[Layer Freezing] Training last 8 transformer layers (layers 4-11)
[Layer Freezing] Trainable params: 56,736,043 / 108,924,715 (52.1%)
[Layer Freezing] Training last 8 transformer layers (layers 4-11)
[Layer Freezing] Trainable params: 56,736,043 / 108,924,715 (52.1%)
[Layer Freezing] Training last 8 transformer layers (layers 4-11)
[Layer Freezing] Trainable params: 56,736,043 / 108,924,715 (52.1%)
[Round 24] T=4.21  α_ce=0.93  α_kd=0.07
 Round 24 | F1 0.4989 | P 0.6109 | R 0.4215 | Time 41.2s | Comm N/A | Local Avg F1: 0.4137

=== Round 25/100 ===
[Round 25] KD=ON | policy=ema_first
[Layer Freezing] Training last 8 transformer layers (layers 4-11)
[Layer Freezing] Trainable params: 56,736,043 / 108,924,715 (52.1%)
[Layer Freezing] Training last 8 transformer layers (layers 4-11)
[Layer Freezing] Trainable params: 56,736,043 / 108,924,715 (52.1%)
[Layer Freezing] Training last 8 transformer layers (layers 4-11)
[Layer Freezing] Trainable params: 56,736,043 / 108,924,715 (52.1%)
[Layer Freezing] Training last 8 transformer layers (layers 4-11)
[Layer Freezing] Trainable params: 56,736,043 / 108,924,715 (52.1%)
[Layer Freezing] Training last 8 transformer layers (layers 4-11)
[Layer Freezing] Trainable params: 56,736,043 / 108,924,715 (52.1%)
[Layer Freezing] Training last 8 transformer layers (layers 4-11)
[Layer Freezing] Trainable params: 56,736,043 / 108,924,715 (52.1%)
[Layer Freezing] Training last 8 transformer layers (layers 4-11)
[Layer Freezing] Trainable params: 56,736,043 / 108,924,715 (52.1%)
[Layer Freezing] Training last 8 transformer layers (layers 4-11)
[Layer Freezing] Trainable params: 56,736,043 / 108,924,715 (52.1%)
[Layer Freezing] Training last 8 transformer layers (layers 4-11)
[Layer Freezing] Trainable params: 56,736,043 / 108,924,715 (52.1%)
[Layer Freezing] Training last 8 transformer layers (layers 4-11)
[Layer Freezing] Trainable params: 56,736,043 / 108,924,715 (52.1%)
[Round 25] T=4.18  α_ce=0.93  α_kd=0.07
 Round 25 | F1 0.5129 | P 0.5994 | R 0.4482 | Time 40.9s | Comm N/A | Local Avg F1: 0.4283

=== Round 26/100 ===
[Round 26] KD=ON | policy=ema_first
[Layer Freezing] Training last 8 transformer layers (layers 4-11)
[Layer Freezing] Trainable params: 56,736,043 / 108,924,715 (52.1%)
[Layer Freezing] Training last 8 transformer layers (layers 4-11)
[Layer Freezing] Trainable params: 56,736,043 / 108,924,715 (52.1%)
[Layer Freezing] Training last 8 transformer layers (layers 4-11)
[Layer Freezing] Trainable params: 56,736,043 / 108,924,715 (52.1%)
[Layer Freezing] Training last 8 transformer layers (layers 4-11)
[Layer Freezing] Trainable params: 56,736,043 / 108,924,715 (52.1%)
[Layer Freezing] Training last 8 transformer layers (layers 4-11)
[Layer Freezing] Trainable params: 56,736,043 / 108,924,715 (52.1%)
[Layer Freezing] Training last 8 transformer layers (layers 4-11)
[Layer Freezing] Trainable params: 56,736,043 / 108,924,715 (52.1%)
[Layer Freezing] Training last 8 transformer layers (layers 4-11)
[Layer Freezing] Trainable params: 56,736,043 / 108,924,715 (52.1%)
[Layer Freezing] Training last 8 transformer layers (layers 4-11)
[Layer Freezing] Trainable params: 56,736,043 / 108,924,715 (52.1%)
[Layer Freezing] Training last 8 transformer layers (layers 4-11)
[Layer Freezing] Trainable params: 56,736,043 / 108,924,715 (52.1%)
[Layer Freezing] Training last 8 transformer layers (layers 4-11)
[Layer Freezing] Trainable params: 56,736,043 / 108,924,715 (52.1%)
[Round 26] T=4.14  α_ce=0.93  α_kd=0.07
 Round 26 | F1 0.5083 | P 0.6184 | R 0.4315 | Time 41.2s | Comm N/A | Local Avg F1: 0.4261

=== Round 27/100 ===
[Round 27] KD=ON | policy=ema_first
[Layer Freezing] Training last 8 transformer layers (layers 4-11)
[Layer Freezing] Trainable params: 56,736,043 / 108,924,715 (52.1%)
[Layer Freezing] Training last 8 transformer layers (layers 4-11)
[Layer Freezing] Trainable params: 56,736,043 / 108,924,715 (52.1%)
[Layer Freezing] Training last 8 transformer layers (layers 4-11)
[Layer Freezing] Trainable params: 56,736,043 / 108,924,715 (52.1%)
[Layer Freezing] Training last 8 transformer layers (layers 4-11)
[Layer Freezing] Trainable params: 56,736,043 / 108,924,715 (52.1%)
[Layer Freezing] Training last 8 transformer layers (layers 4-11)
[Layer Freezing] Trainable params: 56,736,043 / 108,924,715 (52.1%)
[Layer Freezing] Training last 8 transformer layers (layers 4-11)
[Layer Freezing] Trainable params: 56,736,043 / 108,924,715 (52.1%)
[Layer Freezing] Training last 8 transformer layers (layers 4-11)
[Layer Freezing] Trainable params: 56,736,043 / 108,924,715 (52.1%)
[Layer Freezing] Training last 8 transformer layers (layers 4-11)
[Layer Freezing] Trainable params: 56,736,043 / 108,924,715 (52.1%)
[Layer Freezing] Training last 8 transformer layers (layers 4-11)
[Layer Freezing] Trainable params: 56,736,043 / 108,924,715 (52.1%)
[Layer Freezing] Training last 8 transformer layers (layers 4-11)
[Layer Freezing] Trainable params: 56,736,043 / 108,924,715 (52.1%)
[Round 27] T=4.11  α_ce=0.92  α_kd=0.08
 Round 27 | F1 0.5145 | P 0.6128 | R 0.4435 | Time 41.2s | Comm N/A | Local Avg F1: 0.4287

=== Round 28/100 ===
[Round 28] KD=ON | policy=ema_first
[Layer Freezing] Training last 8 transformer layers (layers 4-11)
[Layer Freezing] Trainable params: 56,736,043 / 108,924,715 (52.1%)
[Layer Freezing] Training last 8 transformer layers (layers 4-11)
[Layer Freezing] Trainable params: 56,736,043 / 108,924,715 (52.1%)
[Layer Freezing] Training last 8 transformer layers (layers 4-11)
[Layer Freezing] Trainable params: 56,736,043 / 108,924,715 (52.1%)
[Layer Freezing] Training last 8 transformer layers (layers 4-11)
[Layer Freezing] Trainable params: 56,736,043 / 108,924,715 (52.1%)
[Layer Freezing] Training last 8 transformer layers (layers 4-11)
[Layer Freezing] Trainable params: 56,736,043 / 108,924,715 (52.1%)
[Layer Freezing] Training last 8 transformer layers (layers 4-11)
[Layer Freezing] Trainable params: 56,736,043 / 108,924,715 (52.1%)
[Layer Freezing] Training last 8 transformer layers (layers 4-11)
[Layer Freezing] Trainable params: 56,736,043 / 108,924,715 (52.1%)
[Layer Freezing] Training last 8 transformer layers (layers 4-11)
[Layer Freezing] Trainable params: 56,736,043 / 108,924,715 (52.1%)
[Layer Freezing] Training last 8 transformer layers (layers 4-11)
[Layer Freezing] Trainable params: 56,736,043 / 108,924,715 (52.1%)
[Layer Freezing] Training last 8 transformer layers (layers 4-11)
[Layer Freezing] Trainable params: 56,736,043 / 108,924,715 (52.1%)
[Round 28] T=4.07  α_ce=0.92  α_kd=0.08
 Round 28 | F1 0.5033 | P 0.6330 | R 0.4177 | Time 41.2s | Comm N/A | Local Avg F1: 0.4253

=== Round 29/100 ===
[Round 29] KD=ON | policy=ema_first
[Layer Freezing] Training last 8 transformer layers (layers 4-11)
[Layer Freezing] Trainable params: 56,736,043 / 108,924,715 (52.1%)
[Layer Freezing] Training last 8 transformer layers (layers 4-11)
[Layer Freezing] Trainable params: 56,736,043 / 108,924,715 (52.1%)
[Layer Freezing] Training last 8 transformer layers (layers 4-11)
[Layer Freezing] Trainable params: 56,736,043 / 108,924,715 (52.1%)
[Layer Freezing] Training last 8 transformer layers (layers 4-11)
[Layer Freezing] Trainable params: 56,736,043 / 108,924,715 (52.1%)
[Layer Freezing] Training last 8 transformer layers (layers 4-11)
[Layer Freezing] Trainable params: 56,736,043 / 108,924,715 (52.1%)
[Layer Freezing] Training last 8 transformer layers (layers 4-11)
[Layer Freezing] Trainable params: 56,736,043 / 108,924,715 (52.1%)
[Layer Freezing] Training last 8 transformer layers (layers 4-11)
[Layer Freezing] Trainable params: 56,736,043 / 108,924,715 (52.1%)
[Layer Freezing] Training last 8 transformer layers (layers 4-11)
[Layer Freezing] Trainable params: 56,736,043 / 108,924,715 (52.1%)
[Layer Freezing] Training last 8 transformer layers (layers 4-11)
[Layer Freezing] Trainable params: 56,736,043 / 108,924,715 (52.1%)
[Layer Freezing] Training last 8 transformer layers (layers 4-11)
[Layer Freezing] Trainable params: 56,736,043 / 108,924,715 (52.1%)
[Round 29] T=4.04  α_ce=0.92  α_kd=0.08
 Round 29 | F1 0.5286 | P 0.6017 | R 0.4714 | Time 40.9s | Comm N/A | Local Avg F1: 0.4440

=== Round 30/100 ===
[Round 30] KD=ON | policy=ema_first
[Layer Freezing] Training last 8 transformer layers (layers 4-11)
[Layer Freezing] Trainable params: 56,736,043 / 108,924,715 (52.1%)
[Layer Freezing] Training last 8 transformer layers (layers 4-11)
[Layer Freezing] Trainable params: 56,736,043 / 108,924,715 (52.1%)
[Layer Freezing] Training last 8 transformer layers (layers 4-11)
[Layer Freezing] Trainable params: 56,736,043 / 108,924,715 (52.1%)
[Layer Freezing] Training last 8 transformer layers (layers 4-11)
[Layer Freezing] Trainable params: 56,736,043 / 108,924,715 (52.1%)
[Layer Freezing] Training last 8 transformer layers (layers 4-11)
[Layer Freezing] Trainable params: 56,736,043 / 108,924,715 (52.1%)
[Layer Freezing] Training last 8 transformer layers (layers 4-11)
[Layer Freezing] Trainable params: 56,736,043 / 108,924,715 (52.1%)
[Layer Freezing] Training last 8 transformer layers (layers 4-11)
[Layer Freezing] Trainable params: 56,736,043 / 108,924,715 (52.1%)
[Layer Freezing] Training last 8 transformer layers (layers 4-11)
[Layer Freezing] Trainable params: 56,736,043 / 108,924,715 (52.1%)
[Layer Freezing] Training last 8 transformer layers (layers 4-11)
[Layer Freezing] Trainable params: 56,736,043 / 108,924,715 (52.1%)
[Layer Freezing] Training last 8 transformer layers (layers 4-11)
[Layer Freezing] Trainable params: 56,736,043 / 108,924,715 (52.1%)
[Round 30] T=4.00  α_ce=0.91  α_kd=0.09
 Round 30 | F1 0.5276 | P 0.6180 | R 0.4603 | Time 41.2s | Comm N/A | Local Avg F1: 0.4422

=== Round 31/100 ===
[Round 31] KD=ON | policy=ema_first
[Layer Freezing] Training last 8 transformer layers (layers 4-11)
[Layer Freezing] Trainable params: 56,736,043 / 108,924,715 (52.1%)
[Layer Freezing] Training last 8 transformer layers (layers 4-11)
[Layer Freezing] Trainable params: 56,736,043 / 108,924,715 (52.1%)
[Layer Freezing] Training last 8 transformer layers (layers 4-11)
[Layer Freezing] Trainable params: 56,736,043 / 108,924,715 (52.1%)
[Layer Freezing] Training last 8 transformer layers (layers 4-11)
[Layer Freezing] Trainable params: 56,736,043 / 108,924,715 (52.1%)
[Layer Freezing] Training last 8 transformer layers (layers 4-11)
[Layer Freezing] Trainable params: 56,736,043 / 108,924,715 (52.1%)
[Layer Freezing] Training last 8 transformer layers (layers 4-11)
[Layer Freezing] Trainable params: 56,736,043 / 108,924,715 (52.1%)
[Layer Freezing] Training last 8 transformer layers (layers 4-11)
[Layer Freezing] Trainable params: 56,736,043 / 108,924,715 (52.1%)
[Layer Freezing] Training last 8 transformer layers (layers 4-11)
[Layer Freezing] Trainable params: 56,736,043 / 108,924,715 (52.1%)
[Layer Freezing] Training last 8 transformer layers (layers 4-11)
[Layer Freezing] Trainable params: 56,736,043 / 108,924,715 (52.1%)
[Layer Freezing] Training last 8 transformer layers (layers 4-11)
[Layer Freezing] Trainable params: 56,736,043 / 108,924,715 (52.1%)
[Round 31] T=3.96  α_ce=0.91  α_kd=0.09
 Round 31 | F1 0.5345 | P 0.6195 | R 0.4700 | Time 41.6s | Comm N/A | Local Avg F1: 0.4523

=== Round 32/100 ===
[Round 32] KD=ON | policy=ema_first
[Layer Freezing] Training last 8 transformer layers (layers 4-11)
[Layer Freezing] Trainable params: 56,736,043 / 108,924,715 (52.1%)
[Layer Freezing] Training last 8 transformer layers (layers 4-11)
[Layer Freezing] Trainable params: 56,736,043 / 108,924,715 (52.1%)
[Layer Freezing] Training last 8 transformer layers (layers 4-11)
[Layer Freezing] Trainable params: 56,736,043 / 108,924,715 (52.1%)
[Layer Freezing] Training last 8 transformer layers (layers 4-11)
[Layer Freezing] Trainable params: 56,736,043 / 108,924,715 (52.1%)
[Layer Freezing] Training last 8 transformer layers (layers 4-11)
[Layer Freezing] Trainable params: 56,736,043 / 108,924,715 (52.1%)
[Layer Freezing] Training last 8 transformer layers (layers 4-11)
[Layer Freezing] Trainable params: 56,736,043 / 108,924,715 (52.1%)
[Layer Freezing] Training last 8 transformer layers (layers 4-11)
[Layer Freezing] Trainable params: 56,736,043 / 108,924,715 (52.1%)
[Layer Freezing] Training last 8 transformer layers (layers 4-11)
[Layer Freezing] Trainable params: 56,736,043 / 108,924,715 (52.1%)
[Layer Freezing] Training last 8 transformer layers (layers 4-11)
[Layer Freezing] Trainable params: 56,736,043 / 108,924,715 (52.1%)
[Layer Freezing] Training last 8 transformer layers (layers 4-11)
[Layer Freezing] Trainable params: 56,736,043 / 108,924,715 (52.1%)
[Round 32] T=3.93  α_ce=0.91  α_kd=0.09
 Round 32 | F1 0.5306 | P 0.6267 | R 0.4600 | Time 41.8s | Comm N/A | Local Avg F1: 0.4482

=== Round 33/100 ===
[Round 33] KD=ON | policy=ema_first
[Layer Freezing] Training last 8 transformer layers (layers 4-11)
[Layer Freezing] Trainable params: 56,736,043 / 108,924,715 (52.1%)
[Layer Freezing] Training last 8 transformer layers (layers 4-11)
[Layer Freezing] Trainable params: 56,736,043 / 108,924,715 (52.1%)
[Layer Freezing] Training last 8 transformer layers (layers 4-11)
[Layer Freezing] Trainable params: 56,736,043 / 108,924,715 (52.1%)
[Layer Freezing] Training last 8 transformer layers (layers 4-11)
[Layer Freezing] Trainable params: 56,736,043 / 108,924,715 (52.1%)
[Layer Freezing] Training last 8 transformer layers (layers 4-11)
[Layer Freezing] Trainable params: 56,736,043 / 108,924,715 (52.1%)
[Layer Freezing] Training last 8 transformer layers (layers 4-11)
[Layer Freezing] Trainable params: 56,736,043 / 108,924,715 (52.1%)
[Layer Freezing] Training last 8 transformer layers (layers 4-11)
[Layer Freezing] Trainable params: 56,736,043 / 108,924,715 (52.1%)
[Layer Freezing] Training last 8 transformer layers (layers 4-11)
[Layer Freezing] Trainable params: 56,736,043 / 108,924,715 (52.1%)
[Layer Freezing] Training last 8 transformer layers (layers 4-11)
[Layer Freezing] Trainable params: 56,736,043 / 108,924,715 (52.1%)
[Layer Freezing] Training last 8 transformer layers (layers 4-11)
[Layer Freezing] Trainable params: 56,736,043 / 108,924,715 (52.1%)
[Round 33] T=3.89  α_ce=0.91  α_kd=0.09
 Round 33 | F1 0.5302 | P 0.6243 | R 0.4608 | Time 41.4s | Comm N/A | Local Avg F1: 0.4544

=== Round 34/100 ===
[Round 34] KD=ON | policy=ema_first
[Layer Freezing] Training last 8 transformer layers (layers 4-11)
[Layer Freezing] Trainable params: 56,736,043 / 108,924,715 (52.1%)
[Layer Freezing] Training last 8 transformer layers (layers 4-11)
[Layer Freezing] Trainable params: 56,736,043 / 108,924,715 (52.1%)
[Layer Freezing] Training last 8 transformer layers (layers 4-11)
[Layer Freezing] Trainable params: 56,736,043 / 108,924,715 (52.1%)
[Layer Freezing] Training last 8 transformer layers (layers 4-11)
[Layer Freezing] Trainable params: 56,736,043 / 108,924,715 (52.1%)
[Layer Freezing] Training last 8 transformer layers (layers 4-11)
[Layer Freezing] Trainable params: 56,736,043 / 108,924,715 (52.1%)
[Layer Freezing] Training last 8 transformer layers (layers 4-11)
[Layer Freezing] Trainable params: 56,736,043 / 108,924,715 (52.1%)
[Layer Freezing] Training last 8 transformer layers (layers 4-11)
[Layer Freezing] Trainable params: 56,736,043 / 108,924,715 (52.1%)
[Layer Freezing] Training last 8 transformer layers (layers 4-11)
[Layer Freezing] Trainable params: 56,736,043 / 108,924,715 (52.1%)
[Layer Freezing] Training last 8 transformer layers (layers 4-11)
[Layer Freezing] Trainable params: 56,736,043 / 108,924,715 (52.1%)
[Layer Freezing] Training last 8 transformer layers (layers 4-11)
[Layer Freezing] Trainable params: 56,736,043 / 108,924,715 (52.1%)
[Round 34] T=3.86  α_ce=0.90  α_kd=0.10
 Round 34 | F1 0.5399 | P 0.6175 | R 0.4797 | Time 40.9s | Comm N/A | Local Avg F1: 0.4568

=== Round 35/100 ===
[Round 35] KD=ON | policy=ema_first
[Layer Freezing] Training last 8 transformer layers (layers 4-11)
[Layer Freezing] Trainable params: 56,736,043 / 108,924,715 (52.1%)
[Layer Freezing] Training last 8 transformer layers (layers 4-11)
[Layer Freezing] Trainable params: 56,736,043 / 108,924,715 (52.1%)
[Layer Freezing] Training last 8 transformer layers (layers 4-11)
[Layer Freezing] Trainable params: 56,736,043 / 108,924,715 (52.1%)
[Layer Freezing] Training last 8 transformer layers (layers 4-11)
[Layer Freezing] Trainable params: 56,736,043 / 108,924,715 (52.1%)
[Layer Freezing] Training last 8 transformer layers (layers 4-11)
[Layer Freezing] Trainable params: 56,736,043 / 108,924,715 (52.1%)
[Layer Freezing] Training last 8 transformer layers (layers 4-11)
[Layer Freezing] Trainable params: 56,736,043 / 108,924,715 (52.1%)
[Layer Freezing] Training last 8 transformer layers (layers 4-11)
[Layer Freezing] Trainable params: 56,736,043 / 108,924,715 (52.1%)
[Layer Freezing] Training last 8 transformer layers (layers 4-11)
[Layer Freezing] Trainable params: 56,736,043 / 108,924,715 (52.1%)
[Layer Freezing] Training last 8 transformer layers (layers 4-11)
[Layer Freezing] Trainable params: 56,736,043 / 108,924,715 (52.1%)
[Layer Freezing] Training last 8 transformer layers (layers 4-11)
[Layer Freezing] Trainable params: 56,736,043 / 108,924,715 (52.1%)
[Round 35] T=3.82  α_ce=0.90  α_kd=0.10
 Round 35 | F1 0.5393 | P 0.6261 | R 0.4736 | Time 41.5s | Comm N/A | Local Avg F1: 0.4553

=== Round 36/100 ===
[Round 36] KD=ON | policy=ema_first
[Layer Freezing] Training last 8 transformer layers (layers 4-11)
[Layer Freezing] Trainable params: 56,736,043 / 108,924,715 (52.1%)
[Layer Freezing] Training last 8 transformer layers (layers 4-11)
[Layer Freezing] Trainable params: 56,736,043 / 108,924,715 (52.1%)
[Layer Freezing] Training last 8 transformer layers (layers 4-11)
[Layer Freezing] Trainable params: 56,736,043 / 108,924,715 (52.1%)
[Layer Freezing] Training last 8 transformer layers (layers 4-11)
[Layer Freezing] Trainable params: 56,736,043 / 108,924,715 (52.1%)
[Layer Freezing] Training last 8 transformer layers (layers 4-11)
[Layer Freezing] Trainable params: 56,736,043 / 108,924,715 (52.1%)
[Layer Freezing] Training last 8 transformer layers (layers 4-11)
[Layer Freezing] Trainable params: 56,736,043 / 108,924,715 (52.1%)
[Layer Freezing] Training last 8 transformer layers (layers 4-11)
[Layer Freezing] Trainable params: 56,736,043 / 108,924,715 (52.1%)
[Layer Freezing] Training last 8 transformer layers (layers 4-11)
[Layer Freezing] Trainable params: 56,736,043 / 108,924,715 (52.1%)
[Layer Freezing] Training last 8 transformer layers (layers 4-11)
[Layer Freezing] Trainable params: 56,736,043 / 108,924,715 (52.1%)
[Layer Freezing] Training last 8 transformer layers (layers 4-11)
[Layer Freezing] Trainable params: 56,736,043 / 108,924,715 (52.1%)
[Round 36] T=3.79  α_ce=0.90  α_kd=0.10
 Round 36 | F1 0.5451 | P 0.6163 | R 0.4887 | Time 42.1s | Comm N/A | Local Avg F1: 0.4633

=== Round 37/100 ===
[Round 37] KD=ON | policy=ema_first
[Layer Freezing] Training last 8 transformer layers (layers 4-11)
[Layer Freezing] Trainable params: 56,736,043 / 108,924,715 (52.1%)
[Layer Freezing] Training last 8 transformer layers (layers 4-11)
[Layer Freezing] Trainable params: 56,736,043 / 108,924,715 (52.1%)
[Layer Freezing] Training last 8 transformer layers (layers 4-11)
[Layer Freezing] Trainable params: 56,736,043 / 108,924,715 (52.1%)
[Layer Freezing] Training last 8 transformer layers (layers 4-11)
[Layer Freezing] Trainable params: 56,736,043 / 108,924,715 (52.1%)
[Layer Freezing] Training last 8 transformer layers (layers 4-11)
[Layer Freezing] Trainable params: 56,736,043 / 108,924,715 (52.1%)
[Layer Freezing] Training last 8 transformer layers (layers 4-11)
[Layer Freezing] Trainable params: 56,736,043 / 108,924,715 (52.1%)
[Layer Freezing] Training last 8 transformer layers (layers 4-11)
[Layer Freezing] Trainable params: 56,736,043 / 108,924,715 (52.1%)
[Layer Freezing] Training last 8 transformer layers (layers 4-11)
[Layer Freezing] Trainable params: 56,736,043 / 108,924,715 (52.1%)
[Layer Freezing] Training last 8 transformer layers (layers 4-11)
[Layer Freezing] Trainable params: 56,736,043 / 108,924,715 (52.1%)
[Layer Freezing] Training last 8 transformer layers (layers 4-11)
[Layer Freezing] Trainable params: 56,736,043 / 108,924,715 (52.1%)
[Round 37] T=3.75  α_ce=0.89  α_kd=0.11
 Round 37 | F1 0.5443 | P 0.6273 | R 0.4806 | Time 41.8s | Comm N/A | Local Avg F1: 0.4672

=== Round 38/100 ===
[Round 38] KD=ON | policy=ema_first
[Layer Freezing] Training last 8 transformer layers (layers 4-11)
[Layer Freezing] Trainable params: 56,736,043 / 108,924,715 (52.1%)
[Layer Freezing] Training last 8 transformer layers (layers 4-11)
[Layer Freezing] Trainable params: 56,736,043 / 108,924,715 (52.1%)
[Layer Freezing] Training last 8 transformer layers (layers 4-11)
[Layer Freezing] Trainable params: 56,736,043 / 108,924,715 (52.1%)
[Layer Freezing] Training last 8 transformer layers (layers 4-11)
[Layer Freezing] Trainable params: 56,736,043 / 108,924,715 (52.1%)
[Layer Freezing] Training last 8 transformer layers (layers 4-11)
[Layer Freezing] Trainable params: 56,736,043 / 108,924,715 (52.1%)
[Layer Freezing] Training last 8 transformer layers (layers 4-11)
[Layer Freezing] Trainable params: 56,736,043 / 108,924,715 (52.1%)
[Layer Freezing] Training last 8 transformer layers (layers 4-11)
[Layer Freezing] Trainable params: 56,736,043 / 108,924,715 (52.1%)
[Layer Freezing] Training last 8 transformer layers (layers 4-11)
[Layer Freezing] Trainable params: 56,736,043 / 108,924,715 (52.1%)
[Layer Freezing] Training last 8 transformer layers (layers 4-11)
[Layer Freezing] Trainable params: 56,736,043 / 108,924,715 (52.1%)
[Layer Freezing] Training last 8 transformer layers (layers 4-11)
[Layer Freezing] Trainable params: 56,736,043 / 108,924,715 (52.1%)
[Round 38] T=3.71  α_ce=0.89  α_kd=0.11
 Round 38 | F1 0.5454 | P 0.6319 | R 0.4798 | Time 41.1s | Comm N/A | Local Avg F1: 0.4659

=== Round 39/100 ===
[Round 39] KD=ON | policy=ema_first
[Layer Freezing] Training last 8 transformer layers (layers 4-11)
[Layer Freezing] Trainable params: 56,736,043 / 108,924,715 (52.1%)
[Layer Freezing] Training last 8 transformer layers (layers 4-11)
[Layer Freezing] Trainable params: 56,736,043 / 108,924,715 (52.1%)
[Layer Freezing] Training last 8 transformer layers (layers 4-11)
[Layer Freezing] Trainable params: 56,736,043 / 108,924,715 (52.1%)
[Layer Freezing] Training last 8 transformer layers (layers 4-11)
[Layer Freezing] Trainable params: 56,736,043 / 108,924,715 (52.1%)
[Layer Freezing] Training last 8 transformer layers (layers 4-11)
[Layer Freezing] Trainable params: 56,736,043 / 108,924,715 (52.1%)
[Layer Freezing] Training last 8 transformer layers (layers 4-11)
[Layer Freezing] Trainable params: 56,736,043 / 108,924,715 (52.1%)
[Layer Freezing] Training last 8 transformer layers (layers 4-11)
[Layer Freezing] Trainable params: 56,736,043 / 108,924,715 (52.1%)
[Layer Freezing] Training last 8 transformer layers (layers 4-11)
[Layer Freezing] Trainable params: 56,736,043 / 108,924,715 (52.1%)
[Layer Freezing] Training last 8 transformer layers (layers 4-11)
[Layer Freezing] Trainable params: 56,736,043 / 108,924,715 (52.1%)
[Layer Freezing] Training last 8 transformer layers (layers 4-11)
[Layer Freezing] Trainable params: 56,736,043 / 108,924,715 (52.1%)
[Round 39] T=3.68  α_ce=0.89  α_kd=0.11
 Round 39 | F1 0.5535 | P 0.6235 | R 0.4977 | Time 41.6s | Comm N/A | Local Avg F1: 0.4739

=== Round 40/100 ===
[Round 40] KD=ON | policy=ema_first
[Layer Freezing] Training last 8 transformer layers (layers 4-11)
[Layer Freezing] Trainable params: 56,736,043 / 108,924,715 (52.1%)
[Layer Freezing] Training last 8 transformer layers (layers 4-11)
[Layer Freezing] Trainable params: 56,736,043 / 108,924,715 (52.1%)
[Layer Freezing] Training last 8 transformer layers (layers 4-11)
[Layer Freezing] Trainable params: 56,736,043 / 108,924,715 (52.1%)
[Layer Freezing] Training last 8 transformer layers (layers 4-11)
[Layer Freezing] Trainable params: 56,736,043 / 108,924,715 (52.1%)
[Layer Freezing] Training last 8 transformer layers (layers 4-11)
[Layer Freezing] Trainable params: 56,736,043 / 108,924,715 (52.1%)
[Layer Freezing] Training last 8 transformer layers (layers 4-11)
[Layer Freezing] Trainable params: 56,736,043 / 108,924,715 (52.1%)
[Layer Freezing] Training last 8 transformer layers (layers 4-11)
[Layer Freezing] Trainable params: 56,736,043 / 108,924,715 (52.1%)
[Layer Freezing] Training last 8 transformer layers (layers 4-11)
[Layer Freezing] Trainable params: 56,736,043 / 108,924,715 (52.1%)
[Layer Freezing] Training last 8 transformer layers (layers 4-11)
[Layer Freezing] Trainable params: 56,736,043 / 108,924,715 (52.1%)
[Layer Freezing] Training last 8 transformer layers (layers 4-11)
[Layer Freezing] Trainable params: 56,736,043 / 108,924,715 (52.1%)
[Round 40] T=3.64  α_ce=0.88  α_kd=0.12
 Round 40 | F1 0.5550 | P 0.6326 | R 0.4944 | Time 41.3s | Comm N/A | Local Avg F1: 0.4689

=== Round 41/100 ===
[Round 41] KD=ON | policy=ema_first
[Layer Freezing] Training last 8 transformer layers (layers 4-11)
[Layer Freezing] Trainable params: 56,736,043 / 108,924,715 (52.1%)
[Layer Freezing] Training last 8 transformer layers (layers 4-11)
[Layer Freezing] Trainable params: 56,736,043 / 108,924,715 (52.1%)
[Layer Freezing] Training last 8 transformer layers (layers 4-11)
[Layer Freezing] Trainable params: 56,736,043 / 108,924,715 (52.1%)
[Layer Freezing] Training last 8 transformer layers (layers 4-11)
[Layer Freezing] Trainable params: 56,736,043 / 108,924,715 (52.1%)
[Layer Freezing] Training last 8 transformer layers (layers 4-11)
[Layer Freezing] Trainable params: 56,736,043 / 108,924,715 (52.1%)
[Layer Freezing] Training last 8 transformer layers (layers 4-11)
[Layer Freezing] Trainable params: 56,736,043 / 108,924,715 (52.1%)
[Layer Freezing] Training last 8 transformer layers (layers 4-11)
[Layer Freezing] Trainable params: 56,736,043 / 108,924,715 (52.1%)
[Layer Freezing] Training last 8 transformer layers (layers 4-11)
[Layer Freezing] Trainable params: 56,736,043 / 108,924,715 (52.1%)
[Layer Freezing] Training last 8 transformer layers (layers 4-11)
[Layer Freezing] Trainable params: 56,736,043 / 108,924,715 (52.1%)
[Layer Freezing] Training last 8 transformer layers (layers 4-11)
[Layer Freezing] Trainable params: 56,736,043 / 108,924,715 (52.1%)
[Round 41] T=3.61  α_ce=0.88  α_kd=0.12
 Round 41 | F1 0.5498 | P 0.6238 | R 0.4914 | Time 41.2s | Comm N/A | Local Avg F1: 0.4696

=== Round 42/100 ===
[Round 42] KD=ON | policy=ema_first
[Layer Freezing] Training last 8 transformer layers (layers 4-11)
[Layer Freezing] Trainable params: 56,736,043 / 108,924,715 (52.1%)
[Layer Freezing] Training last 8 transformer layers (layers 4-11)
[Layer Freezing] Trainable params: 56,736,043 / 108,924,715 (52.1%)
[Layer Freezing] Training last 8 transformer layers (layers 4-11)
[Layer Freezing] Trainable params: 56,736,043 / 108,924,715 (52.1%)
[Layer Freezing] Training last 8 transformer layers (layers 4-11)
[Layer Freezing] Trainable params: 56,736,043 / 108,924,715 (52.1%)
[Layer Freezing] Training last 8 transformer layers (layers 4-11)
[Layer Freezing] Trainable params: 56,736,043 / 108,924,715 (52.1%)
[Layer Freezing] Training last 8 transformer layers (layers 4-11)
[Layer Freezing] Trainable params: 56,736,043 / 108,924,715 (52.1%)
[Layer Freezing] Training last 8 transformer layers (layers 4-11)
[Layer Freezing] Trainable params: 56,736,043 / 108,924,715 (52.1%)
[Layer Freezing] Training last 8 transformer layers (layers 4-11)
[Layer Freezing] Trainable params: 56,736,043 / 108,924,715 (52.1%)
[Layer Freezing] Training last 8 transformer layers (layers 4-11)
[Layer Freezing] Trainable params: 56,736,043 / 108,924,715 (52.1%)
[Layer Freezing] Training last 8 transformer layers (layers 4-11)
[Layer Freezing] Trainable params: 56,736,043 / 108,924,715 (52.1%)
[Round 42] T=3.57  α_ce=0.88  α_kd=0.12
 Round 42 | F1 0.5577 | P 0.6251 | R 0.5035 | Time 41.0s | Comm N/A | Local Avg F1: 0.4739

=== Round 43/100 ===
[Round 43] KD=ON | policy=ema_first
[Layer Freezing] Training last 8 transformer layers (layers 4-11)
[Layer Freezing] Trainable params: 56,736,043 / 108,924,715 (52.1%)
[Layer Freezing] Training last 8 transformer layers (layers 4-11)
[Layer Freezing] Trainable params: 56,736,043 / 108,924,715 (52.1%)
[Layer Freezing] Training last 8 transformer layers (layers 4-11)
[Layer Freezing] Trainable params: 56,736,043 / 108,924,715 (52.1%)
[Layer Freezing] Training last 8 transformer layers (layers 4-11)
[Layer Freezing] Trainable params: 56,736,043 / 108,924,715 (52.1%)
[Layer Freezing] Training last 8 transformer layers (layers 4-11)
[Layer Freezing] Trainable params: 56,736,043 / 108,924,715 (52.1%)
[Layer Freezing] Training last 8 transformer layers (layers 4-11)
[Layer Freezing] Trainable params: 56,736,043 / 108,924,715 (52.1%)
[Layer Freezing] Training last 8 transformer layers (layers 4-11)
[Layer Freezing] Trainable params: 56,736,043 / 108,924,715 (52.1%)
[Layer Freezing] Training last 8 transformer layers (layers 4-11)
[Layer Freezing] Trainable params: 56,736,043 / 108,924,715 (52.1%)
[Layer Freezing] Training last 8 transformer layers (layers 4-11)
[Layer Freezing] Trainable params: 56,736,043 / 108,924,715 (52.1%)
[Layer Freezing] Training last 8 transformer layers (layers 4-11)
[Layer Freezing] Trainable params: 56,736,043 / 108,924,715 (52.1%)
[Round 43] T=3.54  α_ce=0.87  α_kd=0.13
 Round 43 | F1 0.5574 | P 0.6313 | R 0.4990 | Time 41.4s | Comm N/A | Local Avg F1: 0.4764

=== Round 44/100 ===
[Round 44] KD=ON | policy=ema_first
[Layer Freezing] Training last 8 transformer layers (layers 4-11)
[Layer Freezing] Trainable params: 56,736,043 / 108,924,715 (52.1%)
[Layer Freezing] Training last 8 transformer layers (layers 4-11)
[Layer Freezing] Trainable params: 56,736,043 / 108,924,715 (52.1%)
[Layer Freezing] Training last 8 transformer layers (layers 4-11)
[Layer Freezing] Trainable params: 56,736,043 / 108,924,715 (52.1%)
[Layer Freezing] Training last 8 transformer layers (layers 4-11)
[Layer Freezing] Trainable params: 56,736,043 / 108,924,715 (52.1%)
[Layer Freezing] Training last 8 transformer layers (layers 4-11)
[Layer Freezing] Trainable params: 56,736,043 / 108,924,715 (52.1%)
[Layer Freezing] Training last 8 transformer layers (layers 4-11)
[Layer Freezing] Trainable params: 56,736,043 / 108,924,715 (52.1%)
[Layer Freezing] Training last 8 transformer layers (layers 4-11)
[Layer Freezing] Trainable params: 56,736,043 / 108,924,715 (52.1%)
[Layer Freezing] Training last 8 transformer layers (layers 4-11)
[Layer Freezing] Trainable params: 56,736,043 / 108,924,715 (52.1%)
[Layer Freezing] Training last 8 transformer layers (layers 4-11)
[Layer Freezing] Trainable params: 56,736,043 / 108,924,715 (52.1%)
[Layer Freezing] Training last 8 transformer layers (layers 4-11)
[Layer Freezing] Trainable params: 56,736,043 / 108,924,715 (52.1%)
[Round 44] T=3.50  α_ce=0.87  α_kd=0.13
 Round 44 | F1 0.5588 | P 0.6286 | R 0.5030 | Time 41.9s | Comm N/A | Local Avg F1: 0.4749

=== Round 45/100 ===
[Round 45] KD=ON | policy=ema_first
[Layer Freezing] Training last 8 transformer layers (layers 4-11)
[Layer Freezing] Trainable params: 56,736,043 / 108,924,715 (52.1%)
[Layer Freezing] Training last 8 transformer layers (layers 4-11)
[Layer Freezing] Trainable params: 56,736,043 / 108,924,715 (52.1%)
[Layer Freezing] Training last 8 transformer layers (layers 4-11)
[Layer Freezing] Trainable params: 56,736,043 / 108,924,715 (52.1%)
[Layer Freezing] Training last 8 transformer layers (layers 4-11)
[Layer Freezing] Trainable params: 56,736,043 / 108,924,715 (52.1%)
[Layer Freezing] Training last 8 transformer layers (layers 4-11)
[Layer Freezing] Trainable params: 56,736,043 / 108,924,715 (52.1%)
[Layer Freezing] Training last 8 transformer layers (layers 4-11)
[Layer Freezing] Trainable params: 56,736,043 / 108,924,715 (52.1%)
[Layer Freezing] Training last 8 transformer layers (layers 4-11)
[Layer Freezing] Trainable params: 56,736,043 / 108,924,715 (52.1%)
[Layer Freezing] Training last 8 transformer layers (layers 4-11)
[Layer Freezing] Trainable params: 56,736,043 / 108,924,715 (52.1%)
[Layer Freezing] Training last 8 transformer layers (layers 4-11)
[Layer Freezing] Trainable params: 56,736,043 / 108,924,715 (52.1%)
[Layer Freezing] Training last 8 transformer layers (layers 4-11)
[Layer Freezing] Trainable params: 56,736,043 / 108,924,715 (52.1%)
[Round 45] T=3.46  α_ce=0.87  α_kd=0.13
 Round 45 | F1 0.5620 | P 0.6234 | R 0.5116 | Time 42.2s | Comm N/A | Local Avg F1: 0.4783

=== Round 46/100 ===
[Round 46] KD=ON | policy=ema_first
[Layer Freezing] Training last 8 transformer layers (layers 4-11)
[Layer Freezing] Trainable params: 56,736,043 / 108,924,715 (52.1%)
[Layer Freezing] Training last 8 transformer layers (layers 4-11)
[Layer Freezing] Trainable params: 56,736,043 / 108,924,715 (52.1%)
[Layer Freezing] Training last 8 transformer layers (layers 4-11)
[Layer Freezing] Trainable params: 56,736,043 / 108,924,715 (52.1%)
[Layer Freezing] Training last 8 transformer layers (layers 4-11)
[Layer Freezing] Trainable params: 56,736,043 / 108,924,715 (52.1%)
[Layer Freezing] Training last 8 transformer layers (layers 4-11)
[Layer Freezing] Trainable params: 56,736,043 / 108,924,715 (52.1%)
[Layer Freezing] Training last 8 transformer layers (layers 4-11)
[Layer Freezing] Trainable params: 56,736,043 / 108,924,715 (52.1%)
[Layer Freezing] Training last 8 transformer layers (layers 4-11)
[Layer Freezing] Trainable params: 56,736,043 / 108,924,715 (52.1%)
[Layer Freezing] Training last 8 transformer layers (layers 4-11)
[Layer Freezing] Trainable params: 56,736,043 / 108,924,715 (52.1%)
[Layer Freezing] Training last 8 transformer layers (layers 4-11)
[Layer Freezing] Trainable params: 56,736,043 / 108,924,715 (52.1%)
[Layer Freezing] Training last 8 transformer layers (layers 4-11)
[Layer Freezing] Trainable params: 56,736,043 / 108,924,715 (52.1%)
[Round 46] T=3.43  α_ce=0.87  α_kd=0.13
 Round 46 | F1 0.5600 | P 0.6306 | R 0.5036 | Time 41.6s | Comm N/A | Local Avg F1: 0.4761

=== Round 47/100 ===
[Round 47] KD=ON | policy=ema_first
[Layer Freezing] Training last 8 transformer layers (layers 4-11)
[Layer Freezing] Trainable params: 56,736,043 / 108,924,715 (52.1%)
[Layer Freezing] Training last 8 transformer layers (layers 4-11)
[Layer Freezing] Trainable params: 56,736,043 / 108,924,715 (52.1%)
[Layer Freezing] Training last 8 transformer layers (layers 4-11)
[Layer Freezing] Trainable params: 56,736,043 / 108,924,715 (52.1%)
[Layer Freezing] Training last 8 transformer layers (layers 4-11)
[Layer Freezing] Trainable params: 56,736,043 / 108,924,715 (52.1%)
[Layer Freezing] Training last 8 transformer layers (layers 4-11)
[Layer Freezing] Trainable params: 56,736,043 / 108,924,715 (52.1%)
[Layer Freezing] Training last 8 transformer layers (layers 4-11)
[Layer Freezing] Trainable params: 56,736,043 / 108,924,715 (52.1%)
[Layer Freezing] Training last 8 transformer layers (layers 4-11)
[Layer Freezing] Trainable params: 56,736,043 / 108,924,715 (52.1%)
[Layer Freezing] Training last 8 transformer layers (layers 4-11)
[Layer Freezing] Trainable params: 56,736,043 / 108,924,715 (52.1%)
[Layer Freezing] Training last 8 transformer layers (layers 4-11)
[Layer Freezing] Trainable params: 56,736,043 / 108,924,715 (52.1%)
[Layer Freezing] Training last 8 transformer layers (layers 4-11)
[Layer Freezing] Trainable params: 56,736,043 / 108,924,715 (52.1%)
[Round 47] T=3.39  α_ce=0.86  α_kd=0.14
 Round 47 | F1 0.5607 | P 0.6263 | R 0.5076 | Time 41.8s | Comm N/A | Local Avg F1: 0.4771

=== Round 48/100 ===
[Round 48] KD=ON | policy=ema_first
[Layer Freezing] Training last 8 transformer layers (layers 4-11)
[Layer Freezing] Trainable params: 56,736,043 / 108,924,715 (52.1%)
[Layer Freezing] Training last 8 transformer layers (layers 4-11)
[Layer Freezing] Trainable params: 56,736,043 / 108,924,715 (52.1%)
[Layer Freezing] Training last 8 transformer layers (layers 4-11)
[Layer Freezing] Trainable params: 56,736,043 / 108,924,715 (52.1%)
[Layer Freezing] Training last 8 transformer layers (layers 4-11)
[Layer Freezing] Trainable params: 56,736,043 / 108,924,715 (52.1%)
[Layer Freezing] Training last 8 transformer layers (layers 4-11)
[Layer Freezing] Trainable params: 56,736,043 / 108,924,715 (52.1%)
[Layer Freezing] Training last 8 transformer layers (layers 4-11)
[Layer Freezing] Trainable params: 56,736,043 / 108,924,715 (52.1%)
[Layer Freezing] Training last 8 transformer layers (layers 4-11)
[Layer Freezing] Trainable params: 56,736,043 / 108,924,715 (52.1%)
[Layer Freezing] Training last 8 transformer layers (layers 4-11)
[Layer Freezing] Trainable params: 56,736,043 / 108,924,715 (52.1%)
[Layer Freezing] Training last 8 transformer layers (layers 4-11)
[Layer Freezing] Trainable params: 56,736,043 / 108,924,715 (52.1%)
[Layer Freezing] Training last 8 transformer layers (layers 4-11)
[Layer Freezing] Trainable params: 56,736,043 / 108,924,715 (52.1%)
[Round 48] T=3.36  α_ce=0.86  α_kd=0.14
 Round 48 | F1 0.5663 | P 0.6203 | R 0.5209 | Time 41.7s | Comm N/A | Local Avg F1: 0.4860

=== Round 49/100 ===
[Round 49] KD=ON | policy=ema_first
[Layer Freezing] Training last 8 transformer layers (layers 4-11)
[Layer Freezing] Trainable params: 56,736,043 / 108,924,715 (52.1%)
[Layer Freezing] Training last 8 transformer layers (layers 4-11)
[Layer Freezing] Trainable params: 56,736,043 / 108,924,715 (52.1%)
[Layer Freezing] Training last 8 transformer layers (layers 4-11)
[Layer Freezing] Trainable params: 56,736,043 / 108,924,715 (52.1%)
[Layer Freezing] Training last 8 transformer layers (layers 4-11)
[Layer Freezing] Trainable params: 56,736,043 / 108,924,715 (52.1%)
[Layer Freezing] Training last 8 transformer layers (layers 4-11)
[Layer Freezing] Trainable params: 56,736,043 / 108,924,715 (52.1%)
[Layer Freezing] Training last 8 transformer layers (layers 4-11)
[Layer Freezing] Trainable params: 56,736,043 / 108,924,715 (52.1%)
[Layer Freezing] Training last 8 transformer layers (layers 4-11)
[Layer Freezing] Trainable params: 56,736,043 / 108,924,715 (52.1%)
[Layer Freezing] Training last 8 transformer layers (layers 4-11)
[Layer Freezing] Trainable params: 56,736,043 / 108,924,715 (52.1%)
[Layer Freezing] Training last 8 transformer layers (layers 4-11)
[Layer Freezing] Trainable params: 56,736,043 / 108,924,715 (52.1%)
[Layer Freezing] Training last 8 transformer layers (layers 4-11)
[Layer Freezing] Trainable params: 56,736,043 / 108,924,715 (52.1%)
[Round 49] T=3.32  α_ce=0.86  α_kd=0.14
 Round 49 | F1 0.5584 | P 0.6338 | R 0.4990 | Time 41.2s | Comm N/A | Local Avg F1: 0.4806

=== Round 50/100 ===
[Round 50] KD=ON | policy=ema_first
[Layer Freezing] Training last 8 transformer layers (layers 4-11)
[Layer Freezing] Trainable params: 56,736,043 / 108,924,715 (52.1%)
[Layer Freezing] Training last 8 transformer layers (layers 4-11)
[Layer Freezing] Trainable params: 56,736,043 / 108,924,715 (52.1%)
[Layer Freezing] Training last 8 transformer layers (layers 4-11)
[Layer Freezing] Trainable params: 56,736,043 / 108,924,715 (52.1%)
[Layer Freezing] Training last 8 transformer layers (layers 4-11)
[Layer Freezing] Trainable params: 56,736,043 / 108,924,715 (52.1%)
[Layer Freezing] Training last 8 transformer layers (layers 4-11)
[Layer Freezing] Trainable params: 56,736,043 / 108,924,715 (52.1%)
[Layer Freezing] Training last 8 transformer layers (layers 4-11)
[Layer Freezing] Trainable params: 56,736,043 / 108,924,715 (52.1%)
[Layer Freezing] Training last 8 transformer layers (layers 4-11)
[Layer Freezing] Trainable params: 56,736,043 / 108,924,715 (52.1%)
[Layer Freezing] Training last 8 transformer layers (layers 4-11)
[Layer Freezing] Trainable params: 56,736,043 / 108,924,715 (52.1%)
[Layer Freezing] Training last 8 transformer layers (layers 4-11)
[Layer Freezing] Trainable params: 56,736,043 / 108,924,715 (52.1%)
[Layer Freezing] Training last 8 transformer layers (layers 4-11)
[Layer Freezing] Trainable params: 56,736,043 / 108,924,715 (52.1%)
[Round 50] T=3.29  α_ce=0.85  α_kd=0.15
 Round 50 | F1 0.5653 | P 0.6278 | R 0.5141 | Time 41.3s | Comm N/A | Local Avg F1: 0.4860

=== Round 51/100 ===
[Round 51] KD=ON | policy=ema_first
[Layer Freezing] Training last 8 transformer layers (layers 4-11)
[Layer Freezing] Trainable params: 56,736,043 / 108,924,715 (52.1%)
[Layer Freezing] Training last 8 transformer layers (layers 4-11)
[Layer Freezing] Trainable params: 56,736,043 / 108,924,715 (52.1%)
[Layer Freezing] Training last 8 transformer layers (layers 4-11)
[Layer Freezing] Trainable params: 56,736,043 / 108,924,715 (52.1%)
[Layer Freezing] Training last 8 transformer layers (layers 4-11)
[Layer Freezing] Trainable params: 56,736,043 / 108,924,715 (52.1%)
[Layer Freezing] Training last 8 transformer layers (layers 4-11)
[Layer Freezing] Trainable params: 56,736,043 / 108,924,715 (52.1%)
[Layer Freezing] Training last 8 transformer layers (layers 4-11)
[Layer Freezing] Trainable params: 56,736,043 / 108,924,715 (52.1%)
[Layer Freezing] Training last 8 transformer layers (layers 4-11)
[Layer Freezing] Trainable params: 56,736,043 / 108,924,715 (52.1%)
[Layer Freezing] Training last 8 transformer layers (layers 4-11)
[Layer Freezing] Trainable params: 56,736,043 / 108,924,715 (52.1%)
[Layer Freezing] Training last 8 transformer layers (layers 4-11)
[Layer Freezing] Trainable params: 56,736,043 / 108,924,715 (52.1%)
[Layer Freezing] Training last 8 transformer layers (layers 4-11)
[Layer Freezing] Trainable params: 56,736,043 / 108,924,715 (52.1%)
[Round 51] T=3.25  α_ce=0.85  α_kd=0.15
