日志文件：logs/run_20250820_053631.log

== FedSAD 0.01== 
📁 从本地加载模型: /root/autodl-tmp/new/fedner/models/microsoft_BiomedNLP-PubMedBERT-base-uncased-abstract
Some weights of BertForTokenClassification were not initialized from the model checkpoint at /root/autodl-tmp/new/fedner/models/microsoft_BiomedNLP-PubMedBERT-base-uncased-abstract and are newly initialized because the shapes did not match:
- classifier.bias: found shape torch.Size([2]) in the checkpoint and torch.Size([43]) in the model instantiated
- classifier.weight: found shape torch.Size([2, 768]) in the checkpoint and torch.Size([43, 768]) in the model instantiated
You should probably TRAIN this model on a down-stream task to be able to use it for predictions and inference.
Using device: cuda
📁 从本地加载模型: /root/autodl-tmp/new/fedner/models/microsoft_BiomedNLP-PubMedBERT-base-uncased-abstract
Some weights of BertForTokenClassification were not initialized from the model checkpoint at /root/autodl-tmp/new/fedner/models/microsoft_BiomedNLP-PubMedBERT-base-uncased-abstract and are newly initialized because the shapes did not match:
- classifier.bias: found shape torch.Size([2]) in the checkpoint and torch.Size([43]) in the model instantiated
- classifier.weight: found shape torch.Size([2, 768]) in the checkpoint and torch.Size([43, 768]) in the model instantiated
You should probably TRAIN this model on a down-stream task to be able to use it for predictions and inference.

============================================================
EXPERIMENT CONFIGURATION
============================================================
Algorithm: FedSAD | Clients: 10 (100% per round) | Rounds: 100, Local epochs: 2 | Training: Last 4 layers | Sampling: 200 samples per client (random) | Data: Non-IID (α=0.01)
------------------------------------------------------------
Algorithm-specific parameters for FedSAD:
  - use_distillation: True
  - kd_start_round: 2
  - teacher_policy: ema_first
  - temperature_start: 5.0, temperature_end: 1.5
  - alpha_ce_start: 1.0, alpha_ce_end: 0.7
  - alpha_kd_start: 0.0, alpha_kd_end: 0.3
  - hidden_distill: False, alpha_hidden: 0.0
  - o_downweight: 1.0
============================================================

Model initialized: 108,924,715/108,924,715 trainable params (100.0%)

=== Round 1/100 ===
[Round 1] KD=OFF | policy=ema_first
[Layer Freezing] Training last 4 transformer layers (layers 8-11)
[Layer Freezing] Trainable params: 28,384,555 / 108,924,715 (26.1%)
/root/miniconda3/lib/python3.12/site-packages/torch/nn/modules/module.py:1762: FutureWarning: `encoder_attention_mask` is deprecated and will be removed in version 4.55.0 for `BertSdpaSelfAttention.forward`.
  return forward_call(*args, **kwargs)
[Layer Freezing] Training last 4 transformer layers (layers 8-11)
[Layer Freezing] Trainable params: 28,384,555 / 108,924,715 (26.1%)
[Layer Freezing] Training last 4 transformer layers (layers 8-11)
[Layer Freezing] Trainable params: 28,384,555 / 108,924,715 (26.1%)
[Layer Freezing] Training last 4 transformer layers (layers 8-11)
[Layer Freezing] Trainable params: 28,384,555 / 108,924,715 (26.1%)
[Layer Freezing] Training last 4 transformer layers (layers 8-11)
[Layer Freezing] Trainable params: 28,384,555 / 108,924,715 (26.1%)
[Layer Freezing] Training last 4 transformer layers (layers 8-11)
[Layer Freezing] Trainable params: 28,384,555 / 108,924,715 (26.1%)
[Layer Freezing] Training last 4 transformer layers (layers 8-11)
[Layer Freezing] Trainable params: 28,384,555 / 108,924,715 (26.1%)
[Layer Freezing] Training last 4 transformer layers (layers 8-11)
[Layer Freezing] Trainable params: 28,384,555 / 108,924,715 (26.1%)
[Layer Freezing] Training last 4 transformer layers (layers 8-11)
[Layer Freezing] Trainable params: 28,384,555 / 108,924,715 (26.1%)
[Layer Freezing] Training last 4 transformer layers (layers 8-11)
[Layer Freezing] Trainable params: 28,384,555 / 108,924,715 (26.1%)
[Round 1] T=5.00  α_ce=1.00  α_kd=0.00
/root/miniconda3/lib/python3.12/site-packages/seqeval/metrics/v1.py:57: UndefinedMetricWarning: Precision is ill-defined and being set to 0.0 due to no predicted samples. Use `zero_division` parameter to control this behavior.
  _warn_prf(average, modifier, msg_start, len(result))
/root/miniconda3/lib/python3.12/site-packages/seqeval/metrics/v1.py:159: UndefinedMetricWarning: F-score is ill-defined and being set to 0.0 due to no true nor predicted samples. Use `zero_division` parameter to control this behavior.
  _warn_prf(
/root/miniconda3/lib/python3.12/site-packages/seqeval/metrics/v1.py:57: UndefinedMetricWarning: Recall is ill-defined and being set to 0.0 due to no true samples. Use `zero_division` parameter to control this behavior.
  _warn_prf(average, modifier, msg_start, len(result))
 Round 1 | F1 0.0000 | P 0.0000 | R 0.0000 | Time 43.5s | Comm N/A | Local Avg F1: 0.0000

=== Round 2/100 ===
[Round 2] KD=ON | policy=ema_first
[Layer Freezing] Training last 4 transformer layers (layers 8-11)
[Layer Freezing] Trainable params: 28,384,555 / 108,924,715 (26.1%)
[Layer Freezing] Training last 4 transformer layers (layers 8-11)
[Layer Freezing] Trainable params: 28,384,555 / 108,924,715 (26.1%)
[Layer Freezing] Training last 4 transformer layers (layers 8-11)
[Layer Freezing] Trainable params: 28,384,555 / 108,924,715 (26.1%)
[Layer Freezing] Training last 4 transformer layers (layers 8-11)
[Layer Freezing] Trainable params: 28,384,555 / 108,924,715 (26.1%)
[Layer Freezing] Training last 4 transformer layers (layers 8-11)
[Layer Freezing] Trainable params: 28,384,555 / 108,924,715 (26.1%)
[Layer Freezing] Training last 4 transformer layers (layers 8-11)
[Layer Freezing] Trainable params: 28,384,555 / 108,924,715 (26.1%)
[Layer Freezing] Training last 4 transformer layers (layers 8-11)
[Layer Freezing] Trainable params: 28,384,555 / 108,924,715 (26.1%)
[Layer Freezing] Training last 4 transformer layers (layers 8-11)
[Layer Freezing] Trainable params: 28,384,555 / 108,924,715 (26.1%)
[Layer Freezing] Training last 4 transformer layers (layers 8-11)
[Layer Freezing] Trainable params: 28,384,555 / 108,924,715 (26.1%)
[Layer Freezing] Training last 4 transformer layers (layers 8-11)
[Layer Freezing] Trainable params: 28,384,555 / 108,924,715 (26.1%)
[Round 2] T=5.00  α_ce=1.00  α_kd=0.00
 Round 2 | F1 0.0000 | P 0.0000 | R 0.0000 | Time 45.6s | Comm N/A | Local Avg F1: 0.0000

=== Round 3/100 ===
[Round 3] KD=ON | policy=ema_first
[Layer Freezing] Training last 4 transformer layers (layers 8-11)
[Layer Freezing] Trainable params: 28,384,555 / 108,924,715 (26.1%)
[Layer Freezing] Training last 4 transformer layers (layers 8-11)
[Layer Freezing] Trainable params: 28,384,555 / 108,924,715 (26.1%)
[Layer Freezing] Training last 4 transformer layers (layers 8-11)
[Layer Freezing] Trainable params: 28,384,555 / 108,924,715 (26.1%)
[Layer Freezing] Training last 4 transformer layers (layers 8-11)
[Layer Freezing] Trainable params: 28,384,555 / 108,924,715 (26.1%)
[Layer Freezing] Training last 4 transformer layers (layers 8-11)
[Layer Freezing] Trainable params: 28,384,555 / 108,924,715 (26.1%)
[Layer Freezing] Training last 4 transformer layers (layers 8-11)
[Layer Freezing] Trainable params: 28,384,555 / 108,924,715 (26.1%)
[Layer Freezing] Training last 4 transformer layers (layers 8-11)
[Layer Freezing] Trainable params: 28,384,555 / 108,924,715 (26.1%)
[Layer Freezing] Training last 4 transformer layers (layers 8-11)
[Layer Freezing] Trainable params: 28,384,555 / 108,924,715 (26.1%)
[Layer Freezing] Training last 4 transformer layers (layers 8-11)
[Layer Freezing] Trainable params: 28,384,555 / 108,924,715 (26.1%)
[Layer Freezing] Training last 4 transformer layers (layers 8-11)
[Layer Freezing] Trainable params: 28,384,555 / 108,924,715 (26.1%)
[Round 3] T=4.96  α_ce=1.00  α_kd=0.00
 Round 3 | F1 0.0000 | P 0.0000 | R 0.0000 | Time 45.1s | Comm N/A | Local Avg F1: 0.0000

=== Round 4/100 ===
[Round 4] KD=ON | policy=ema_first
[Layer Freezing] Training last 4 transformer layers (layers 8-11)
[Layer Freezing] Trainable params: 28,384,555 / 108,924,715 (26.1%)
[Layer Freezing] Training last 4 transformer layers (layers 8-11)
[Layer Freezing] Trainable params: 28,384,555 / 108,924,715 (26.1%)
[Layer Freezing] Training last 4 transformer layers (layers 8-11)
[Layer Freezing] Trainable params: 28,384,555 / 108,924,715 (26.1%)
[Layer Freezing] Training last 4 transformer layers (layers 8-11)
[Layer Freezing] Trainable params: 28,384,555 / 108,924,715 (26.1%)
[Layer Freezing] Training last 4 transformer layers (layers 8-11)
[Layer Freezing] Trainable params: 28,384,555 / 108,924,715 (26.1%)
[Layer Freezing] Training last 4 transformer layers (layers 8-11)
[Layer Freezing] Trainable params: 28,384,555 / 108,924,715 (26.1%)
[Layer Freezing] Training last 4 transformer layers (layers 8-11)
[Layer Freezing] Trainable params: 28,384,555 / 108,924,715 (26.1%)
[Layer Freezing] Training last 4 transformer layers (layers 8-11)
[Layer Freezing] Trainable params: 28,384,555 / 108,924,715 (26.1%)
[Layer Freezing] Training last 4 transformer layers (layers 8-11)
[Layer Freezing] Trainable params: 28,384,555 / 108,924,715 (26.1%)
[Layer Freezing] Training last 4 transformer layers (layers 8-11)
[Layer Freezing] Trainable params: 28,384,555 / 108,924,715 (26.1%)
[Round 4] T=4.93  α_ce=0.99  α_kd=0.01
 Round 4 | F1 0.0047 | P 0.7310 | R 0.0023 | Time 46.3s | Comm N/A | Local Avg F1: 0.0040

=== Round 5/100 ===
[Round 5] KD=ON | policy=ema_first
[Layer Freezing] Training last 4 transformer layers (layers 8-11)
[Layer Freezing] Trainable params: 28,384,555 / 108,924,715 (26.1%)
[Layer Freezing] Training last 4 transformer layers (layers 8-11)
[Layer Freezing] Trainable params: 28,384,555 / 108,924,715 (26.1%)
[Layer Freezing] Training last 4 transformer layers (layers 8-11)
[Layer Freezing] Trainable params: 28,384,555 / 108,924,715 (26.1%)
[Layer Freezing] Training last 4 transformer layers (layers 8-11)
[Layer Freezing] Trainable params: 28,384,555 / 108,924,715 (26.1%)
[Layer Freezing] Training last 4 transformer layers (layers 8-11)
[Layer Freezing] Trainable params: 28,384,555 / 108,924,715 (26.1%)
[Layer Freezing] Training last 4 transformer layers (layers 8-11)
[Layer Freezing] Trainable params: 28,384,555 / 108,924,715 (26.1%)
[Layer Freezing] Training last 4 transformer layers (layers 8-11)
[Layer Freezing] Trainable params: 28,384,555 / 108,924,715 (26.1%)
[Layer Freezing] Training last 4 transformer layers (layers 8-11)
[Layer Freezing] Trainable params: 28,384,555 / 108,924,715 (26.1%)
[Layer Freezing] Training last 4 transformer layers (layers 8-11)
[Layer Freezing] Trainable params: 28,384,555 / 108,924,715 (26.1%)
[Layer Freezing] Training last 4 transformer layers (layers 8-11)
[Layer Freezing] Trainable params: 28,384,555 / 108,924,715 (26.1%)
[Round 5] T=4.89  α_ce=0.99  α_kd=0.01
 Round 5 | F1 0.0235 | P 0.7245 | R 0.0119 | Time 44.9s | Comm N/A | Local Avg F1: 0.0200

=== Round 6/100 ===
[Round 6] KD=ON | policy=ema_first
[Layer Freezing] Training last 4 transformer layers (layers 8-11)
[Layer Freezing] Trainable params: 28,384,555 / 108,924,715 (26.1%)
[Layer Freezing] Training last 4 transformer layers (layers 8-11)
[Layer Freezing] Trainable params: 28,384,555 / 108,924,715 (26.1%)
[Layer Freezing] Training last 4 transformer layers (layers 8-11)
[Layer Freezing] Trainable params: 28,384,555 / 108,924,715 (26.1%)
[Layer Freezing] Training last 4 transformer layers (layers 8-11)
[Layer Freezing] Trainable params: 28,384,555 / 108,924,715 (26.1%)
[Layer Freezing] Training last 4 transformer layers (layers 8-11)
[Layer Freezing] Trainable params: 28,384,555 / 108,924,715 (26.1%)
[Layer Freezing] Training last 4 transformer layers (layers 8-11)
[Layer Freezing] Trainable params: 28,384,555 / 108,924,715 (26.1%)
[Layer Freezing] Training last 4 transformer layers (layers 8-11)
[Layer Freezing] Trainable params: 28,384,555 / 108,924,715 (26.1%)
[Layer Freezing] Training last 4 transformer layers (layers 8-11)
[Layer Freezing] Trainable params: 28,384,555 / 108,924,715 (26.1%)
[Layer Freezing] Training last 4 transformer layers (layers 8-11)
[Layer Freezing] Trainable params: 28,384,555 / 108,924,715 (26.1%)
[Layer Freezing] Training last 4 transformer layers (layers 8-11)
[Layer Freezing] Trainable params: 28,384,555 / 108,924,715 (26.1%)
[Round 6] T=4.86  α_ce=0.99  α_kd=0.01
 Round 6 | F1 0.0971 | P 0.6471 | R 0.0525 | Time 44.5s | Comm N/A | Local Avg F1: 0.0654

=== Round 7/100 ===
[Round 7] KD=ON | policy=ema_first
[Layer Freezing] Training last 4 transformer layers (layers 8-11)
[Layer Freezing] Trainable params: 28,384,555 / 108,924,715 (26.1%)
[Layer Freezing] Training last 4 transformer layers (layers 8-11)
[Layer Freezing] Trainable params: 28,384,555 / 108,924,715 (26.1%)
[Layer Freezing] Training last 4 transformer layers (layers 8-11)
[Layer Freezing] Trainable params: 28,384,555 / 108,924,715 (26.1%)
[Layer Freezing] Training last 4 transformer layers (layers 8-11)
[Layer Freezing] Trainable params: 28,384,555 / 108,924,715 (26.1%)
[Layer Freezing] Training last 4 transformer layers (layers 8-11)
[Layer Freezing] Trainable params: 28,384,555 / 108,924,715 (26.1%)
[Layer Freezing] Training last 4 transformer layers (layers 8-11)
[Layer Freezing] Trainable params: 28,384,555 / 108,924,715 (26.1%)
[Layer Freezing] Training last 4 transformer layers (layers 8-11)
[Layer Freezing] Trainable params: 28,384,555 / 108,924,715 (26.1%)
[Layer Freezing] Training last 4 transformer layers (layers 8-11)
[Layer Freezing] Trainable params: 28,384,555 / 108,924,715 (26.1%)
[Layer Freezing] Training last 4 transformer layers (layers 8-11)
[Layer Freezing] Trainable params: 28,384,555 / 108,924,715 (26.1%)
[Layer Freezing] Training last 4 transformer layers (layers 8-11)
[Layer Freezing] Trainable params: 28,384,555 / 108,924,715 (26.1%)
[Round 7] T=4.82  α_ce=0.98  α_kd=0.02
 Round 7 | F1 0.0973 | P 0.6518 | R 0.0526 | Time 45.4s | Comm N/A | Local Avg F1: 0.0662

=== Round 8/100 ===
[Round 8] KD=ON | policy=ema_first
[Layer Freezing] Training last 4 transformer layers (layers 8-11)
[Layer Freezing] Trainable params: 28,384,555 / 108,924,715 (26.1%)
[Layer Freezing] Training last 4 transformer layers (layers 8-11)
[Layer Freezing] Trainable params: 28,384,555 / 108,924,715 (26.1%)
[Layer Freezing] Training last 4 transformer layers (layers 8-11)
[Layer Freezing] Trainable params: 28,384,555 / 108,924,715 (26.1%)
[Layer Freezing] Training last 4 transformer layers (layers 8-11)
[Layer Freezing] Trainable params: 28,384,555 / 108,924,715 (26.1%)
[Layer Freezing] Training last 4 transformer layers (layers 8-11)
[Layer Freezing] Trainable params: 28,384,555 / 108,924,715 (26.1%)
[Layer Freezing] Training last 4 transformer layers (layers 8-11)
[Layer Freezing] Trainable params: 28,384,555 / 108,924,715 (26.1%)
[Layer Freezing] Training last 4 transformer layers (layers 8-11)
[Layer Freezing] Trainable params: 28,384,555 / 108,924,715 (26.1%)
[Layer Freezing] Training last 4 transformer layers (layers 8-11)
[Layer Freezing] Trainable params: 28,384,555 / 108,924,715 (26.1%)
[Layer Freezing] Training last 4 transformer layers (layers 8-11)
[Layer Freezing] Trainable params: 28,384,555 / 108,924,715 (26.1%)
[Layer Freezing] Training last 4 transformer layers (layers 8-11)
[Layer Freezing] Trainable params: 28,384,555 / 108,924,715 (26.1%)
[Round 8] T=4.79  α_ce=0.98  α_kd=0.02
 Round 8 | F1 0.1330 | P 0.6008 | R 0.0748 | Time 45.1s | Comm N/A | Local Avg F1: 0.0865

=== Round 9/100 ===
[Round 9] KD=ON | policy=ema_first
[Layer Freezing] Training last 4 transformer layers (layers 8-11)
[Layer Freezing] Trainable params: 28,384,555 / 108,924,715 (26.1%)
[Layer Freezing] Training last 4 transformer layers (layers 8-11)
[Layer Freezing] Trainable params: 28,384,555 / 108,924,715 (26.1%)
[Layer Freezing] Training last 4 transformer layers (layers 8-11)
[Layer Freezing] Trainable params: 28,384,555 / 108,924,715 (26.1%)
[Layer Freezing] Training last 4 transformer layers (layers 8-11)
[Layer Freezing] Trainable params: 28,384,555 / 108,924,715 (26.1%)
[Layer Freezing] Training last 4 transformer layers (layers 8-11)
[Layer Freezing] Trainable params: 28,384,555 / 108,924,715 (26.1%)
[Layer Freezing] Training last 4 transformer layers (layers 8-11)
[Layer Freezing] Trainable params: 28,384,555 / 108,924,715 (26.1%)
[Layer Freezing] Training last 4 transformer layers (layers 8-11)
[Layer Freezing] Trainable params: 28,384,555 / 108,924,715 (26.1%)
[Layer Freezing] Training last 4 transformer layers (layers 8-11)
[Layer Freezing] Trainable params: 28,384,555 / 108,924,715 (26.1%)
[Layer Freezing] Training last 4 transformer layers (layers 8-11)
[Layer Freezing] Trainable params: 28,384,555 / 108,924,715 (26.1%)
[Layer Freezing] Training last 4 transformer layers (layers 8-11)
[Layer Freezing] Trainable params: 28,384,555 / 108,924,715 (26.1%)
[Round 9] T=4.75  α_ce=0.98  α_kd=0.02
 Round 9 | F1 0.1745 | P 0.5512 | R 0.1037 | Time 44.2s | Comm N/A | Local Avg F1: 0.1147

=== Round 10/100 ===
[Round 10] KD=ON | policy=ema_first
[Layer Freezing] Training last 4 transformer layers (layers 8-11)
[Layer Freezing] Trainable params: 28,384,555 / 108,924,715 (26.1%)
[Layer Freezing] Training last 4 transformer layers (layers 8-11)
[Layer Freezing] Trainable params: 28,384,555 / 108,924,715 (26.1%)
[Layer Freezing] Training last 4 transformer layers (layers 8-11)
[Layer Freezing] Trainable params: 28,384,555 / 108,924,715 (26.1%)
[Layer Freezing] Training last 4 transformer layers (layers 8-11)
[Layer Freezing] Trainable params: 28,384,555 / 108,924,715 (26.1%)
[Layer Freezing] Training last 4 transformer layers (layers 8-11)
[Layer Freezing] Trainable params: 28,384,555 / 108,924,715 (26.1%)
[Layer Freezing] Training last 4 transformer layers (layers 8-11)
[Layer Freezing] Trainable params: 28,384,555 / 108,924,715 (26.1%)
[Layer Freezing] Training last 4 transformer layers (layers 8-11)
[Layer Freezing] Trainable params: 28,384,555 / 108,924,715 (26.1%)
[Layer Freezing] Training last 4 transformer layers (layers 8-11)
[Layer Freezing] Trainable params: 28,384,555 / 108,924,715 (26.1%)
[Layer Freezing] Training last 4 transformer layers (layers 8-11)
[Layer Freezing] Trainable params: 28,384,555 / 108,924,715 (26.1%)
[Layer Freezing] Training last 4 transformer layers (layers 8-11)
[Layer Freezing] Trainable params: 28,384,555 / 108,924,715 (26.1%)
[Round 10] T=4.71  α_ce=0.98  α_kd=0.02
 Round 10 | F1 0.1539 | P 0.5797 | R 0.0887 | Time 46.3s | Comm N/A | Local Avg F1: 0.1095

=== Round 11/100 ===
[Round 11] KD=ON | policy=ema_first
[Layer Freezing] Training last 4 transformer layers (layers 8-11)
[Layer Freezing] Trainable params: 28,384,555 / 108,924,715 (26.1%)
[Layer Freezing] Training last 4 transformer layers (layers 8-11)
[Layer Freezing] Trainable params: 28,384,555 / 108,924,715 (26.1%)
[Layer Freezing] Training last 4 transformer layers (layers 8-11)
[Layer Freezing] Trainable params: 28,384,555 / 108,924,715 (26.1%)
[Layer Freezing] Training last 4 transformer layers (layers 8-11)
[Layer Freezing] Trainable params: 28,384,555 / 108,924,715 (26.1%)
[Layer Freezing] Training last 4 transformer layers (layers 8-11)
[Layer Freezing] Trainable params: 28,384,555 / 108,924,715 (26.1%)
[Layer Freezing] Training last 4 transformer layers (layers 8-11)
[Layer Freezing] Trainable params: 28,384,555 / 108,924,715 (26.1%)
[Layer Freezing] Training last 4 transformer layers (layers 8-11)
[Layer Freezing] Trainable params: 28,384,555 / 108,924,715 (26.1%)
[Layer Freezing] Training last 4 transformer layers (layers 8-11)
[Layer Freezing] Trainable params: 28,384,555 / 108,924,715 (26.1%)
[Layer Freezing] Training last 4 transformer layers (layers 8-11)
[Layer Freezing] Trainable params: 28,384,555 / 108,924,715 (26.1%)
[Layer Freezing] Training last 4 transformer layers (layers 8-11)
[Layer Freezing] Trainable params: 28,384,555 / 108,924,715 (26.1%)
[Round 11] T=4.68  α_ce=0.97  α_kd=0.03
 Round 11 | F1 0.1827 | P 0.5611 | R 0.1091 | Time 45.2s | Comm N/A | Local Avg F1: 0.1347

=== Round 12/100 ===
[Round 12] KD=ON | policy=ema_first
[Layer Freezing] Training last 4 transformer layers (layers 8-11)
[Layer Freezing] Trainable params: 28,384,555 / 108,924,715 (26.1%)
[Layer Freezing] Training last 4 transformer layers (layers 8-11)
[Layer Freezing] Trainable params: 28,384,555 / 108,924,715 (26.1%)
[Layer Freezing] Training last 4 transformer layers (layers 8-11)
[Layer Freezing] Trainable params: 28,384,555 / 108,924,715 (26.1%)
[Layer Freezing] Training last 4 transformer layers (layers 8-11)
[Layer Freezing] Trainable params: 28,384,555 / 108,924,715 (26.1%)
[Layer Freezing] Training last 4 transformer layers (layers 8-11)
[Layer Freezing] Trainable params: 28,384,555 / 108,924,715 (26.1%)
[Layer Freezing] Training last 4 transformer layers (layers 8-11)
[Layer Freezing] Trainable params: 28,384,555 / 108,924,715 (26.1%)
[Layer Freezing] Training last 4 transformer layers (layers 8-11)
[Layer Freezing] Trainable params: 28,384,555 / 108,924,715 (26.1%)
[Layer Freezing] Training last 4 transformer layers (layers 8-11)
[Layer Freezing] Trainable params: 28,384,555 / 108,924,715 (26.1%)
[Layer Freezing] Training last 4 transformer layers (layers 8-11)
[Layer Freezing] Trainable params: 28,384,555 / 108,924,715 (26.1%)
[Layer Freezing] Training last 4 transformer layers (layers 8-11)
[Layer Freezing] Trainable params: 28,384,555 / 108,924,715 (26.1%)
[Round 12] T=4.64  α_ce=0.97  α_kd=0.03
 Round 12 | F1 0.2088 | P 0.5449 | R 0.1291 | Time 44.6s | Comm N/A | Local Avg F1: 0.1609

=== Round 13/100 ===
[Round 13] KD=ON | policy=ema_first
[Layer Freezing] Training last 4 transformer layers (layers 8-11)
[Layer Freezing] Trainable params: 28,384,555 / 108,924,715 (26.1%)
[Layer Freezing] Training last 4 transformer layers (layers 8-11)
[Layer Freezing] Trainable params: 28,384,555 / 108,924,715 (26.1%)
[Layer Freezing] Training last 4 transformer layers (layers 8-11)
[Layer Freezing] Trainable params: 28,384,555 / 108,924,715 (26.1%)
[Layer Freezing] Training last 4 transformer layers (layers 8-11)
[Layer Freezing] Trainable params: 28,384,555 / 108,924,715 (26.1%)
[Layer Freezing] Training last 4 transformer layers (layers 8-11)
[Layer Freezing] Trainable params: 28,384,555 / 108,924,715 (26.1%)
[Layer Freezing] Training last 4 transformer layers (layers 8-11)
[Layer Freezing] Trainable params: 28,384,555 / 108,924,715 (26.1%)
[Layer Freezing] Training last 4 transformer layers (layers 8-11)
[Layer Freezing] Trainable params: 28,384,555 / 108,924,715 (26.1%)
[Layer Freezing] Training last 4 transformer layers (layers 8-11)
[Layer Freezing] Trainable params: 28,384,555 / 108,924,715 (26.1%)
[Layer Freezing] Training last 4 transformer layers (layers 8-11)
[Layer Freezing] Trainable params: 28,384,555 / 108,924,715 (26.1%)
[Layer Freezing] Training last 4 transformer layers (layers 8-11)
[Layer Freezing] Trainable params: 28,384,555 / 108,924,715 (26.1%)
[Round 13] T=4.61  α_ce=0.97  α_kd=0.03
 Round 13 | F1 0.2108 | P 0.5649 | R 0.1296 | Time 45.9s | Comm N/A | Local Avg F1: 0.1633

=== Round 14/100 ===
[Round 14] KD=ON | policy=ema_first
[Layer Freezing] Training last 4 transformer layers (layers 8-11)
[Layer Freezing] Trainable params: 28,384,555 / 108,924,715 (26.1%)
[Layer Freezing] Training last 4 transformer layers (layers 8-11)
[Layer Freezing] Trainable params: 28,384,555 / 108,924,715 (26.1%)
[Layer Freezing] Training last 4 transformer layers (layers 8-11)
[Layer Freezing] Trainable params: 28,384,555 / 108,924,715 (26.1%)
[Layer Freezing] Training last 4 transformer layers (layers 8-11)
[Layer Freezing] Trainable params: 28,384,555 / 108,924,715 (26.1%)
[Layer Freezing] Training last 4 transformer layers (layers 8-11)
[Layer Freezing] Trainable params: 28,384,555 / 108,924,715 (26.1%)
[Layer Freezing] Training last 4 transformer layers (layers 8-11)
[Layer Freezing] Trainable params: 28,384,555 / 108,924,715 (26.1%)
[Layer Freezing] Training last 4 transformer layers (layers 8-11)
[Layer Freezing] Trainable params: 28,384,555 / 108,924,715 (26.1%)
[Layer Freezing] Training last 4 transformer layers (layers 8-11)
[Layer Freezing] Trainable params: 28,384,555 / 108,924,715 (26.1%)
[Layer Freezing] Training last 4 transformer layers (layers 8-11)
[Layer Freezing] Trainable params: 28,384,555 / 108,924,715 (26.1%)
[Layer Freezing] Training last 4 transformer layers (layers 8-11)
[Layer Freezing] Trainable params: 28,384,555 / 108,924,715 (26.1%)
[Round 14] T=4.57  α_ce=0.96  α_kd=0.04
 Round 14 | F1 0.2410 | P 0.5597 | R 0.1536 | Time 45.6s | Comm N/A | Local Avg F1: 0.1878

=== Round 15/100 ===
[Round 15] KD=ON | policy=ema_first
[Layer Freezing] Training last 4 transformer layers (layers 8-11)
[Layer Freezing] Trainable params: 28,384,555 / 108,924,715 (26.1%)
[Layer Freezing] Training last 4 transformer layers (layers 8-11)
[Layer Freezing] Trainable params: 28,384,555 / 108,924,715 (26.1%)
[Layer Freezing] Training last 4 transformer layers (layers 8-11)
[Layer Freezing] Trainable params: 28,384,555 / 108,924,715 (26.1%)
[Layer Freezing] Training last 4 transformer layers (layers 8-11)
[Layer Freezing] Trainable params: 28,384,555 / 108,924,715 (26.1%)
[Layer Freezing] Training last 4 transformer layers (layers 8-11)
[Layer Freezing] Trainable params: 28,384,555 / 108,924,715 (26.1%)
[Layer Freezing] Training last 4 transformer layers (layers 8-11)
[Layer Freezing] Trainable params: 28,384,555 / 108,924,715 (26.1%)
[Layer Freezing] Training last 4 transformer layers (layers 8-11)
[Layer Freezing] Trainable params: 28,384,555 / 108,924,715 (26.1%)
[Layer Freezing] Training last 4 transformer layers (layers 8-11)
[Layer Freezing] Trainable params: 28,384,555 / 108,924,715 (26.1%)
[Layer Freezing] Training last 4 transformer layers (layers 8-11)
[Layer Freezing] Trainable params: 28,384,555 / 108,924,715 (26.1%)
[Layer Freezing] Training last 4 transformer layers (layers 8-11)
[Layer Freezing] Trainable params: 28,384,555 / 108,924,715 (26.1%)
[Round 15] T=4.54  α_ce=0.96  α_kd=0.04
 Round 15 | F1 0.2423 | P 0.5679 | R 0.1540 | Time 46.0s | Comm N/A | Local Avg F1: 0.1832

=== Round 16/100 ===
[Round 16] KD=ON | policy=ema_first
[Layer Freezing] Training last 4 transformer layers (layers 8-11)
[Layer Freezing] Trainable params: 28,384,555 / 108,924,715 (26.1%)
[Layer Freezing] Training last 4 transformer layers (layers 8-11)
[Layer Freezing] Trainable params: 28,384,555 / 108,924,715 (26.1%)
[Layer Freezing] Training last 4 transformer layers (layers 8-11)
[Layer Freezing] Trainable params: 28,384,555 / 108,924,715 (26.1%)
[Layer Freezing] Training last 4 transformer layers (layers 8-11)
[Layer Freezing] Trainable params: 28,384,555 / 108,924,715 (26.1%)
[Layer Freezing] Training last 4 transformer layers (layers 8-11)
[Layer Freezing] Trainable params: 28,384,555 / 108,924,715 (26.1%)
[Layer Freezing] Training last 4 transformer layers (layers 8-11)
[Layer Freezing] Trainable params: 28,384,555 / 108,924,715 (26.1%)
[Layer Freezing] Training last 4 transformer layers (layers 8-11)
[Layer Freezing] Trainable params: 28,384,555 / 108,924,715 (26.1%)
[Layer Freezing] Training last 4 transformer layers (layers 8-11)
[Layer Freezing] Trainable params: 28,384,555 / 108,924,715 (26.1%)
[Layer Freezing] Training last 4 transformer layers (layers 8-11)
[Layer Freezing] Trainable params: 28,384,555 / 108,924,715 (26.1%)
[Layer Freezing] Training last 4 transformer layers (layers 8-11)
[Layer Freezing] Trainable params: 28,384,555 / 108,924,715 (26.1%)
[Round 16] T=4.50  α_ce=0.96  α_kd=0.04
 Round 16 | F1 0.2852 | P 0.5551 | R 0.1919 | Time 46.4s | Comm N/A | Local Avg F1: 0.2205

=== Round 17/100 ===
[Round 17] KD=ON | policy=ema_first
[Layer Freezing] Training last 4 transformer layers (layers 8-11)
[Layer Freezing] Trainable params: 28,384,555 / 108,924,715 (26.1%)
[Layer Freezing] Training last 4 transformer layers (layers 8-11)
[Layer Freezing] Trainable params: 28,384,555 / 108,924,715 (26.1%)
[Layer Freezing] Training last 4 transformer layers (layers 8-11)
[Layer Freezing] Trainable params: 28,384,555 / 108,924,715 (26.1%)
[Layer Freezing] Training last 4 transformer layers (layers 8-11)
[Layer Freezing] Trainable params: 28,384,555 / 108,924,715 (26.1%)
[Layer Freezing] Training last 4 transformer layers (layers 8-11)
[Layer Freezing] Trainable params: 28,384,555 / 108,924,715 (26.1%)
[Layer Freezing] Training last 4 transformer layers (layers 8-11)
[Layer Freezing] Trainable params: 28,384,555 / 108,924,715 (26.1%)
[Layer Freezing] Training last 4 transformer layers (layers 8-11)
[Layer Freezing] Trainable params: 28,384,555 / 108,924,715 (26.1%)
[Layer Freezing] Training last 4 transformer layers (layers 8-11)
[Layer Freezing] Trainable params: 28,384,555 / 108,924,715 (26.1%)
[Layer Freezing] Training last 4 transformer layers (layers 8-11)
[Layer Freezing] Trainable params: 28,384,555 / 108,924,715 (26.1%)
[Layer Freezing] Training last 4 transformer layers (layers 8-11)
[Layer Freezing] Trainable params: 28,384,555 / 108,924,715 (26.1%)
[Round 17] T=4.46  α_ce=0.95  α_kd=0.05
 Round 17 | F1 0.2926 | P 0.5692 | R 0.1969 | Time 45.9s | Comm N/A | Local Avg F1: 0.2258

=== Round 18/100 ===
[Round 18] KD=ON | policy=ema_first
[Layer Freezing] Training last 4 transformer layers (layers 8-11)
[Layer Freezing] Trainable params: 28,384,555 / 108,924,715 (26.1%)
[Layer Freezing] Training last 4 transformer layers (layers 8-11)
[Layer Freezing] Trainable params: 28,384,555 / 108,924,715 (26.1%)
[Layer Freezing] Training last 4 transformer layers (layers 8-11)
[Layer Freezing] Trainable params: 28,384,555 / 108,924,715 (26.1%)
[Layer Freezing] Training last 4 transformer layers (layers 8-11)
[Layer Freezing] Trainable params: 28,384,555 / 108,924,715 (26.1%)
[Layer Freezing] Training last 4 transformer layers (layers 8-11)
[Layer Freezing] Trainable params: 28,384,555 / 108,924,715 (26.1%)
[Layer Freezing] Training last 4 transformer layers (layers 8-11)
[Layer Freezing] Trainable params: 28,384,555 / 108,924,715 (26.1%)
[Layer Freezing] Training last 4 transformer layers (layers 8-11)
[Layer Freezing] Trainable params: 28,384,555 / 108,924,715 (26.1%)
[Layer Freezing] Training last 4 transformer layers (layers 8-11)
[Layer Freezing] Trainable params: 28,384,555 / 108,924,715 (26.1%)
[Layer Freezing] Training last 4 transformer layers (layers 8-11)
[Layer Freezing] Trainable params: 28,384,555 / 108,924,715 (26.1%)
[Layer Freezing] Training last 4 transformer layers (layers 8-11)
[Layer Freezing] Trainable params: 28,384,555 / 108,924,715 (26.1%)
[Round 18] T=4.43  α_ce=0.95  α_kd=0.05
 Round 18 | F1 0.3104 | P 0.5809 | R 0.2117 | Time 45.0s | Comm N/A | Local Avg F1: 0.2457

=== Round 19/100 ===
[Round 19] KD=ON | policy=ema_first
[Layer Freezing] Training last 4 transformer layers (layers 8-11)
[Layer Freezing] Trainable params: 28,384,555 / 108,924,715 (26.1%)
[Layer Freezing] Training last 4 transformer layers (layers 8-11)
[Layer Freezing] Trainable params: 28,384,555 / 108,924,715 (26.1%)
[Layer Freezing] Training last 4 transformer layers (layers 8-11)
[Layer Freezing] Trainable params: 28,384,555 / 108,924,715 (26.1%)
[Layer Freezing] Training last 4 transformer layers (layers 8-11)
[Layer Freezing] Trainable params: 28,384,555 / 108,924,715 (26.1%)
[Layer Freezing] Training last 4 transformer layers (layers 8-11)
[Layer Freezing] Trainable params: 28,384,555 / 108,924,715 (26.1%)
[Layer Freezing] Training last 4 transformer layers (layers 8-11)
[Layer Freezing] Trainable params: 28,384,555 / 108,924,715 (26.1%)
[Layer Freezing] Training last 4 transformer layers (layers 8-11)
[Layer Freezing] Trainable params: 28,384,555 / 108,924,715 (26.1%)
[Layer Freezing] Training last 4 transformer layers (layers 8-11)
[Layer Freezing] Trainable params: 28,384,555 / 108,924,715 (26.1%)
[Layer Freezing] Training last 4 transformer layers (layers 8-11)
[Layer Freezing] Trainable params: 28,384,555 / 108,924,715 (26.1%)
[Layer Freezing] Training last 4 transformer layers (layers 8-11)
[Layer Freezing] Trainable params: 28,384,555 / 108,924,715 (26.1%)
[Round 19] T=4.39  α_ce=0.95  α_kd=0.05
 Round 19 | F1 0.3008 | P 0.5876 | R 0.2022 | Time 46.1s | Comm N/A | Local Avg F1: 0.2445

=== Round 20/100 ===
[Round 20] KD=ON | policy=ema_first
[Layer Freezing] Training last 4 transformer layers (layers 8-11)
[Layer Freezing] Trainable params: 28,384,555 / 108,924,715 (26.1%)
[Layer Freezing] Training last 4 transformer layers (layers 8-11)
[Layer Freezing] Trainable params: 28,384,555 / 108,924,715 (26.1%)
[Layer Freezing] Training last 4 transformer layers (layers 8-11)
[Layer Freezing] Trainable params: 28,384,555 / 108,924,715 (26.1%)
[Layer Freezing] Training last 4 transformer layers (layers 8-11)
[Layer Freezing] Trainable params: 28,384,555 / 108,924,715 (26.1%)
[Layer Freezing] Training last 4 transformer layers (layers 8-11)
[Layer Freezing] Trainable params: 28,384,555 / 108,924,715 (26.1%)
[Layer Freezing] Training last 4 transformer layers (layers 8-11)
[Layer Freezing] Trainable params: 28,384,555 / 108,924,715 (26.1%)
[Layer Freezing] Training last 4 transformer layers (layers 8-11)
[Layer Freezing] Trainable params: 28,384,555 / 108,924,715 (26.1%)
[Layer Freezing] Training last 4 transformer layers (layers 8-11)
[Layer Freezing] Trainable params: 28,384,555 / 108,924,715 (26.1%)
[Layer Freezing] Training last 4 transformer layers (layers 8-11)
[Layer Freezing] Trainable params: 28,384,555 / 108,924,715 (26.1%)
[Layer Freezing] Training last 4 transformer layers (layers 8-11)
[Layer Freezing] Trainable params: 28,384,555 / 108,924,715 (26.1%)
[Round 20] T=4.36  α_ce=0.94  α_kd=0.06
 Round 20 | F1 0.3353 | P 0.5641 | R 0.2385 | Time 45.2s | Comm N/A | Local Avg F1: 0.2723

=== Round 21/100 ===
[Round 21] KD=ON | policy=ema_first
[Layer Freezing] Training last 4 transformer layers (layers 8-11)
[Layer Freezing] Trainable params: 28,384,555 / 108,924,715 (26.1%)
[Layer Freezing] Training last 4 transformer layers (layers 8-11)
[Layer Freezing] Trainable params: 28,384,555 / 108,924,715 (26.1%)
[Layer Freezing] Training last 4 transformer layers (layers 8-11)
[Layer Freezing] Trainable params: 28,384,555 / 108,924,715 (26.1%)
[Layer Freezing] Training last 4 transformer layers (layers 8-11)
[Layer Freezing] Trainable params: 28,384,555 / 108,924,715 (26.1%)
[Layer Freezing] Training last 4 transformer layers (layers 8-11)
[Layer Freezing] Trainable params: 28,384,555 / 108,924,715 (26.1%)
[Layer Freezing] Training last 4 transformer layers (layers 8-11)
[Layer Freezing] Trainable params: 28,384,555 / 108,924,715 (26.1%)
[Layer Freezing] Training last 4 transformer layers (layers 8-11)
[Layer Freezing] Trainable params: 28,384,555 / 108,924,715 (26.1%)
[Layer Freezing] Training last 4 transformer layers (layers 8-11)
[Layer Freezing] Trainable params: 28,384,555 / 108,924,715 (26.1%)
[Layer Freezing] Training last 4 transformer layers (layers 8-11)
[Layer Freezing] Trainable params: 28,384,555 / 108,924,715 (26.1%)
[Layer Freezing] Training last 4 transformer layers (layers 8-11)
[Layer Freezing] Trainable params: 28,384,555 / 108,924,715 (26.1%)
[Round 21] T=4.32  α_ce=0.94  α_kd=0.06
 Round 21 | F1 0.3467 | P 0.5799 | R 0.2472 | Time 45.7s | Comm N/A | Local Avg F1: 0.2836

=== Round 22/100 ===
[Round 22] KD=ON | policy=ema_first
[Layer Freezing] Training last 4 transformer layers (layers 8-11)
[Layer Freezing] Trainable params: 28,384,555 / 108,924,715 (26.1%)
[Layer Freezing] Training last 4 transformer layers (layers 8-11)
[Layer Freezing] Trainable params: 28,384,555 / 108,924,715 (26.1%)
[Layer Freezing] Training last 4 transformer layers (layers 8-11)
[Layer Freezing] Trainable params: 28,384,555 / 108,924,715 (26.1%)
[Layer Freezing] Training last 4 transformer layers (layers 8-11)
[Layer Freezing] Trainable params: 28,384,555 / 108,924,715 (26.1%)
[Layer Freezing] Training last 4 transformer layers (layers 8-11)
[Layer Freezing] Trainable params: 28,384,555 / 108,924,715 (26.1%)
[Layer Freezing] Training last 4 transformer layers (layers 8-11)
[Layer Freezing] Trainable params: 28,384,555 / 108,924,715 (26.1%)
[Layer Freezing] Training last 4 transformer layers (layers 8-11)
[Layer Freezing] Trainable params: 28,384,555 / 108,924,715 (26.1%)
[Layer Freezing] Training last 4 transformer layers (layers 8-11)
[Layer Freezing] Trainable params: 28,384,555 / 108,924,715 (26.1%)
[Layer Freezing] Training last 4 transformer layers (layers 8-11)
[Layer Freezing] Trainable params: 28,384,555 / 108,924,715 (26.1%)
[Layer Freezing] Training last 4 transformer layers (layers 8-11)
[Layer Freezing] Trainable params: 28,384,555 / 108,924,715 (26.1%)
[Round 22] T=4.29  α_ce=0.94  α_kd=0.06
 Round 22 | F1 0.3771 | P 0.5663 | R 0.2826 | Time 46.3s | Comm N/A | Local Avg F1: 0.3058

=== Round 23/100 ===
[Round 23] KD=ON | policy=ema_first
[Layer Freezing] Training last 4 transformer layers (layers 8-11)
[Layer Freezing] Trainable params: 28,384,555 / 108,924,715 (26.1%)
[Layer Freezing] Training last 4 transformer layers (layers 8-11)
[Layer Freezing] Trainable params: 28,384,555 / 108,924,715 (26.1%)
[Layer Freezing] Training last 4 transformer layers (layers 8-11)
[Layer Freezing] Trainable params: 28,384,555 / 108,924,715 (26.1%)
[Layer Freezing] Training last 4 transformer layers (layers 8-11)
[Layer Freezing] Trainable params: 28,384,555 / 108,924,715 (26.1%)
[Layer Freezing] Training last 4 transformer layers (layers 8-11)
[Layer Freezing] Trainable params: 28,384,555 / 108,924,715 (26.1%)
[Layer Freezing] Training last 4 transformer layers (layers 8-11)
[Layer Freezing] Trainable params: 28,384,555 / 108,924,715 (26.1%)
[Layer Freezing] Training last 4 transformer layers (layers 8-11)
[Layer Freezing] Trainable params: 28,384,555 / 108,924,715 (26.1%)
[Layer Freezing] Training last 4 transformer layers (layers 8-11)
[Layer Freezing] Trainable params: 28,384,555 / 108,924,715 (26.1%)
[Layer Freezing] Training last 4 transformer layers (layers 8-11)
[Layer Freezing] Trainable params: 28,384,555 / 108,924,715 (26.1%)
[Layer Freezing] Training last 4 transformer layers (layers 8-11)
[Layer Freezing] Trainable params: 28,384,555 / 108,924,715 (26.1%)
[Round 23] T=4.25  α_ce=0.94  α_kd=0.06
 Round 23 | F1 0.3707 | P 0.5752 | R 0.2735 | Time 45.1s | Comm N/A | Local Avg F1: 0.3089

=== Round 24/100 ===
[Round 24] KD=ON | policy=ema_first
[Layer Freezing] Training last 4 transformer layers (layers 8-11)
[Layer Freezing] Trainable params: 28,384,555 / 108,924,715 (26.1%)
[Layer Freezing] Training last 4 transformer layers (layers 8-11)
[Layer Freezing] Trainable params: 28,384,555 / 108,924,715 (26.1%)
[Layer Freezing] Training last 4 transformer layers (layers 8-11)
[Layer Freezing] Trainable params: 28,384,555 / 108,924,715 (26.1%)
[Layer Freezing] Training last 4 transformer layers (layers 8-11)
[Layer Freezing] Trainable params: 28,384,555 / 108,924,715 (26.1%)
[Layer Freezing] Training last 4 transformer layers (layers 8-11)
[Layer Freezing] Trainable params: 28,384,555 / 108,924,715 (26.1%)
[Layer Freezing] Training last 4 transformer layers (layers 8-11)
[Layer Freezing] Trainable params: 28,384,555 / 108,924,715 (26.1%)
[Layer Freezing] Training last 4 transformer layers (layers 8-11)
[Layer Freezing] Trainable params: 28,384,555 / 108,924,715 (26.1%)
[Layer Freezing] Training last 4 transformer layers (layers 8-11)
[Layer Freezing] Trainable params: 28,384,555 / 108,924,715 (26.1%)
[Layer Freezing] Training last 4 transformer layers (layers 8-11)
[Layer Freezing] Trainable params: 28,384,555 / 108,924,715 (26.1%)
[Layer Freezing] Training last 4 transformer layers (layers 8-11)
[Layer Freezing] Trainable params: 28,384,555 / 108,924,715 (26.1%)
[Round 24] T=4.21  α_ce=0.93  α_kd=0.07
 Round 24 | F1 0.3717 | P 0.5747 | R 0.2747 | Time 46.0s | Comm N/A | Local Avg F1: 0.3099

=== Round 25/100 ===
[Round 25] KD=ON | policy=ema_first
[Layer Freezing] Training last 4 transformer layers (layers 8-11)
[Layer Freezing] Trainable params: 28,384,555 / 108,924,715 (26.1%)
[Layer Freezing] Training last 4 transformer layers (layers 8-11)
[Layer Freezing] Trainable params: 28,384,555 / 108,924,715 (26.1%)
[Layer Freezing] Training last 4 transformer layers (layers 8-11)
[Layer Freezing] Trainable params: 28,384,555 / 108,924,715 (26.1%)
[Layer Freezing] Training last 4 transformer layers (layers 8-11)
[Layer Freezing] Trainable params: 28,384,555 / 108,924,715 (26.1%)
[Layer Freezing] Training last 4 transformer layers (layers 8-11)
[Layer Freezing] Trainable params: 28,384,555 / 108,924,715 (26.1%)
[Layer Freezing] Training last 4 transformer layers (layers 8-11)
[Layer Freezing] Trainable params: 28,384,555 / 108,924,715 (26.1%)
[Layer Freezing] Training last 4 transformer layers (layers 8-11)
[Layer Freezing] Trainable params: 28,384,555 / 108,924,715 (26.1%)
[Layer Freezing] Training last 4 transformer layers (layers 8-11)
[Layer Freezing] Trainable params: 28,384,555 / 108,924,715 (26.1%)
[Layer Freezing] Training last 4 transformer layers (layers 8-11)
[Layer Freezing] Trainable params: 28,384,555 / 108,924,715 (26.1%)
[Layer Freezing] Training last 4 transformer layers (layers 8-11)
[Layer Freezing] Trainable params: 28,384,555 / 108,924,715 (26.1%)
[Round 25] T=4.18  α_ce=0.93  α_kd=0.07
 Round 25 | F1 0.3952 | P 0.5646 | R 0.3040 | Time 46.3s | Comm N/A | Local Avg F1: 0.3335

=== Round 26/100 ===
[Round 26] KD=ON | policy=ema_first
[Layer Freezing] Training last 4 transformer layers (layers 8-11)
[Layer Freezing] Trainable params: 28,384,555 / 108,924,715 (26.1%)
[Layer Freezing] Training last 4 transformer layers (layers 8-11)
[Layer Freezing] Trainable params: 28,384,555 / 108,924,715 (26.1%)
[Layer Freezing] Training last 4 transformer layers (layers 8-11)
[Layer Freezing] Trainable params: 28,384,555 / 108,924,715 (26.1%)
[Layer Freezing] Training last 4 transformer layers (layers 8-11)
[Layer Freezing] Trainable params: 28,384,555 / 108,924,715 (26.1%)
[Layer Freezing] Training last 4 transformer layers (layers 8-11)
[Layer Freezing] Trainable params: 28,384,555 / 108,924,715 (26.1%)
[Layer Freezing] Training last 4 transformer layers (layers 8-11)
[Layer Freezing] Trainable params: 28,384,555 / 108,924,715 (26.1%)
[Layer Freezing] Training last 4 transformer layers (layers 8-11)
[Layer Freezing] Trainable params: 28,384,555 / 108,924,715 (26.1%)
[Layer Freezing] Training last 4 transformer layers (layers 8-11)
[Layer Freezing] Trainable params: 28,384,555 / 108,924,715 (26.1%)
[Layer Freezing] Training last 4 transformer layers (layers 8-11)
[Layer Freezing] Trainable params: 28,384,555 / 108,924,715 (26.1%)
[Layer Freezing] Training last 4 transformer layers (layers 8-11)
[Layer Freezing] Trainable params: 28,384,555 / 108,924,715 (26.1%)
[Round 26] T=4.14  α_ce=0.93  α_kd=0.07
 Round 26 | F1 0.3915 | P 0.5817 | R 0.2951 | Time 45.2s | Comm N/A | Local Avg F1: 0.3378

=== Round 27/100 ===
[Round 27] KD=ON | policy=ema_first
[Layer Freezing] Training last 4 transformer layers (layers 8-11)
[Layer Freezing] Trainable params: 28,384,555 / 108,924,715 (26.1%)
[Layer Freezing] Training last 4 transformer layers (layers 8-11)
[Layer Freezing] Trainable params: 28,384,555 / 108,924,715 (26.1%)
[Layer Freezing] Training last 4 transformer layers (layers 8-11)
[Layer Freezing] Trainable params: 28,384,555 / 108,924,715 (26.1%)
[Layer Freezing] Training last 4 transformer layers (layers 8-11)
[Layer Freezing] Trainable params: 28,384,555 / 108,924,715 (26.1%)
[Layer Freezing] Training last 4 transformer layers (layers 8-11)
[Layer Freezing] Trainable params: 28,384,555 / 108,924,715 (26.1%)
[Layer Freezing] Training last 4 transformer layers (layers 8-11)
[Layer Freezing] Trainable params: 28,384,555 / 108,924,715 (26.1%)
[Layer Freezing] Training last 4 transformer layers (layers 8-11)
[Layer Freezing] Trainable params: 28,384,555 / 108,924,715 (26.1%)
[Layer Freezing] Training last 4 transformer layers (layers 8-11)
[Layer Freezing] Trainable params: 28,384,555 / 108,924,715 (26.1%)
[Layer Freezing] Training last 4 transformer layers (layers 8-11)
[Layer Freezing] Trainable params: 28,384,555 / 108,924,715 (26.1%)
[Layer Freezing] Training last 4 transformer layers (layers 8-11)
[Layer Freezing] Trainable params: 28,384,555 / 108,924,715 (26.1%)
[Round 27] T=4.11  α_ce=0.92  α_kd=0.08
 Round 27 | F1 0.4074 | P 0.5775 | R 0.3147 | Time 46.1s | Comm N/A | Local Avg F1: 0.3455

=== Round 28/100 ===
[Round 28] KD=ON | policy=ema_first
[Layer Freezing] Training last 4 transformer layers (layers 8-11)
[Layer Freezing] Trainable params: 28,384,555 / 108,924,715 (26.1%)
[Layer Freezing] Training last 4 transformer layers (layers 8-11)
[Layer Freezing] Trainable params: 28,384,555 / 108,924,715 (26.1%)
[Layer Freezing] Training last 4 transformer layers (layers 8-11)
[Layer Freezing] Trainable params: 28,384,555 / 108,924,715 (26.1%)
[Layer Freezing] Training last 4 transformer layers (layers 8-11)
[Layer Freezing] Trainable params: 28,384,555 / 108,924,715 (26.1%)
[Layer Freezing] Training last 4 transformer layers (layers 8-11)
[Layer Freezing] Trainable params: 28,384,555 / 108,924,715 (26.1%)
[Layer Freezing] Training last 4 transformer layers (layers 8-11)
[Layer Freezing] Trainable params: 28,384,555 / 108,924,715 (26.1%)
[Layer Freezing] Training last 4 transformer layers (layers 8-11)
[Layer Freezing] Trainable params: 28,384,555 / 108,924,715 (26.1%)
[Layer Freezing] Training last 4 transformer layers (layers 8-11)
[Layer Freezing] Trainable params: 28,384,555 / 108,924,715 (26.1%)
[Layer Freezing] Training last 4 transformer layers (layers 8-11)
[Layer Freezing] Trainable params: 28,384,555 / 108,924,715 (26.1%)
[Layer Freezing] Training last 4 transformer layers (layers 8-11)
[Layer Freezing] Trainable params: 28,384,555 / 108,924,715 (26.1%)
[Round 28] T=4.07  α_ce=0.92  α_kd=0.08
 Round 28 | F1 0.3930 | P 0.5935 | R 0.2937 | Time 45.8s | Comm N/A | Local Avg F1: 0.3401

=== Round 29/100 ===
[Round 29] KD=ON | policy=ema_first
[Layer Freezing] Training last 4 transformer layers (layers 8-11)
[Layer Freezing] Trainable params: 28,384,555 / 108,924,715 (26.1%)
[Layer Freezing] Training last 4 transformer layers (layers 8-11)
[Layer Freezing] Trainable params: 28,384,555 / 108,924,715 (26.1%)
[Layer Freezing] Training last 4 transformer layers (layers 8-11)
[Layer Freezing] Trainable params: 28,384,555 / 108,924,715 (26.1%)
[Layer Freezing] Training last 4 transformer layers (layers 8-11)
[Layer Freezing] Trainable params: 28,384,555 / 108,924,715 (26.1%)
[Layer Freezing] Training last 4 transformer layers (layers 8-11)
[Layer Freezing] Trainable params: 28,384,555 / 108,924,715 (26.1%)
[Layer Freezing] Training last 4 transformer layers (layers 8-11)
[Layer Freezing] Trainable params: 28,384,555 / 108,924,715 (26.1%)
[Layer Freezing] Training last 4 transformer layers (layers 8-11)
[Layer Freezing] Trainable params: 28,384,555 / 108,924,715 (26.1%)
[Layer Freezing] Training last 4 transformer layers (layers 8-11)
[Layer Freezing] Trainable params: 28,384,555 / 108,924,715 (26.1%)
[Layer Freezing] Training last 4 transformer layers (layers 8-11)
[Layer Freezing] Trainable params: 28,384,555 / 108,924,715 (26.1%)
[Layer Freezing] Training last 4 transformer layers (layers 8-11)
[Layer Freezing] Trainable params: 28,384,555 / 108,924,715 (26.1%)
[Round 29] T=4.04  α_ce=0.92  α_kd=0.08
 Round 29 | F1 0.4268 | P 0.5774 | R 0.3385 | Time 45.3s | Comm N/A | Local Avg F1: 0.3586

=== Round 30/100 ===
[Round 30] KD=ON | policy=ema_first
[Layer Freezing] Training last 4 transformer layers (layers 8-11)
[Layer Freezing] Trainable params: 28,384,555 / 108,924,715 (26.1%)
[Layer Freezing] Training last 4 transformer layers (layers 8-11)
[Layer Freezing] Trainable params: 28,384,555 / 108,924,715 (26.1%)
[Layer Freezing] Training last 4 transformer layers (layers 8-11)
[Layer Freezing] Trainable params: 28,384,555 / 108,924,715 (26.1%)
[Layer Freezing] Training last 4 transformer layers (layers 8-11)
[Layer Freezing] Trainable params: 28,384,555 / 108,924,715 (26.1%)
[Layer Freezing] Training last 4 transformer layers (layers 8-11)
[Layer Freezing] Trainable params: 28,384,555 / 108,924,715 (26.1%)
[Layer Freezing] Training last 4 transformer layers (layers 8-11)
[Layer Freezing] Trainable params: 28,384,555 / 108,924,715 (26.1%)
[Layer Freezing] Training last 4 transformer layers (layers 8-11)
[Layer Freezing] Trainable params: 28,384,555 / 108,924,715 (26.1%)
[Layer Freezing] Training last 4 transformer layers (layers 8-11)
[Layer Freezing] Trainable params: 28,384,555 / 108,924,715 (26.1%)
[Layer Freezing] Training last 4 transformer layers (layers 8-11)
[Layer Freezing] Trainable params: 28,384,555 / 108,924,715 (26.1%)
[Layer Freezing] Training last 4 transformer layers (layers 8-11)
[Layer Freezing] Trainable params: 28,384,555 / 108,924,715 (26.1%)
[Round 30] T=4.00  α_ce=0.91  α_kd=0.09
 Round 30 | F1 0.4229 | P 0.5911 | R 0.3292 | Time 45.9s | Comm N/A | Local Avg F1: 0.3553

=== Round 31/100 ===
[Round 31] KD=ON | policy=ema_first
[Layer Freezing] Training last 4 transformer layers (layers 8-11)
[Layer Freezing] Trainable params: 28,384,555 / 108,924,715 (26.1%)
[Layer Freezing] Training last 4 transformer layers (layers 8-11)
[Layer Freezing] Trainable params: 28,384,555 / 108,924,715 (26.1%)
[Layer Freezing] Training last 4 transformer layers (layers 8-11)
[Layer Freezing] Trainable params: 28,384,555 / 108,924,715 (26.1%)
[Layer Freezing] Training last 4 transformer layers (layers 8-11)
[Layer Freezing] Trainable params: 28,384,555 / 108,924,715 (26.1%)
[Layer Freezing] Training last 4 transformer layers (layers 8-11)
[Layer Freezing] Trainable params: 28,384,555 / 108,924,715 (26.1%)
[Layer Freezing] Training last 4 transformer layers (layers 8-11)
[Layer Freezing] Trainable params: 28,384,555 / 108,924,715 (26.1%)
[Layer Freezing] Training last 4 transformer layers (layers 8-11)
[Layer Freezing] Trainable params: 28,384,555 / 108,924,715 (26.1%)
[Layer Freezing] Training last 4 transformer layers (layers 8-11)
[Layer Freezing] Trainable params: 28,384,555 / 108,924,715 (26.1%)
[Layer Freezing] Training last 4 transformer layers (layers 8-11)
[Layer Freezing] Trainable params: 28,384,555 / 108,924,715 (26.1%)
[Layer Freezing] Training last 4 transformer layers (layers 8-11)
[Layer Freezing] Trainable params: 28,384,555 / 108,924,715 (26.1%)
[Round 31] T=3.96  α_ce=0.91  α_kd=0.09
 Round 31 | F1 0.4346 | P 0.5864 | R 0.3453 | Time 46.8s | Comm N/A | Local Avg F1: 0.3685

=== Round 32/100 ===
[Round 32] KD=ON | policy=ema_first
[Layer Freezing] Training last 4 transformer layers (layers 8-11)
[Layer Freezing] Trainable params: 28,384,555 / 108,924,715 (26.1%)
[Layer Freezing] Training last 4 transformer layers (layers 8-11)
[Layer Freezing] Trainable params: 28,384,555 / 108,924,715 (26.1%)
[Layer Freezing] Training last 4 transformer layers (layers 8-11)
[Layer Freezing] Trainable params: 28,384,555 / 108,924,715 (26.1%)
[Layer Freezing] Training last 4 transformer layers (layers 8-11)
[Layer Freezing] Trainable params: 28,384,555 / 108,924,715 (26.1%)
[Layer Freezing] Training last 4 transformer layers (layers 8-11)
[Layer Freezing] Trainable params: 28,384,555 / 108,924,715 (26.1%)
[Layer Freezing] Training last 4 transformer layers (layers 8-11)
[Layer Freezing] Trainable params: 28,384,555 / 108,924,715 (26.1%)
[Layer Freezing] Training last 4 transformer layers (layers 8-11)
[Layer Freezing] Trainable params: 28,384,555 / 108,924,715 (26.1%)
[Layer Freezing] Training last 4 transformer layers (layers 8-11)
[Layer Freezing] Trainable params: 28,384,555 / 108,924,715 (26.1%)
[Layer Freezing] Training last 4 transformer layers (layers 8-11)
[Layer Freezing] Trainable params: 28,384,555 / 108,924,715 (26.1%)
[Layer Freezing] Training last 4 transformer layers (layers 8-11)
[Layer Freezing] Trainable params: 28,384,555 / 108,924,715 (26.1%)
[Round 32] T=3.93  α_ce=0.91  α_kd=0.09
 Round 32 | F1 0.4344 | P 0.5926 | R 0.3429 | Time 45.8s | Comm N/A | Local Avg F1: 0.3665

=== Round 33/100 ===
[Round 33] KD=ON | policy=ema_first
[Layer Freezing] Training last 4 transformer layers (layers 8-11)
[Layer Freezing] Trainable params: 28,384,555 / 108,924,715 (26.1%)
[Layer Freezing] Training last 4 transformer layers (layers 8-11)
[Layer Freezing] Trainable params: 28,384,555 / 108,924,715 (26.1%)
[Layer Freezing] Training last 4 transformer layers (layers 8-11)
[Layer Freezing] Trainable params: 28,384,555 / 108,924,715 (26.1%)
[Layer Freezing] Training last 4 transformer layers (layers 8-11)
[Layer Freezing] Trainable params: 28,384,555 / 108,924,715 (26.1%)
[Layer Freezing] Training last 4 transformer layers (layers 8-11)
[Layer Freezing] Trainable params: 28,384,555 / 108,924,715 (26.1%)
[Layer Freezing] Training last 4 transformer layers (layers 8-11)
[Layer Freezing] Trainable params: 28,384,555 / 108,924,715 (26.1%)
[Layer Freezing] Training last 4 transformer layers (layers 8-11)
[Layer Freezing] Trainable params: 28,384,555 / 108,924,715 (26.1%)
[Layer Freezing] Training last 4 transformer layers (layers 8-11)
[Layer Freezing] Trainable params: 28,384,555 / 108,924,715 (26.1%)
[Layer Freezing] Training last 4 transformer layers (layers 8-11)
[Layer Freezing] Trainable params: 28,384,555 / 108,924,715 (26.1%)
[Layer Freezing] Training last 4 transformer layers (layers 8-11)
[Layer Freezing] Trainable params: 28,384,555 / 108,924,715 (26.1%)
[Round 33] T=3.89  α_ce=0.91  α_kd=0.09
 Round 33 | F1 0.4350 | P 0.5890 | R 0.3449 | Time 44.6s | Comm N/A | Local Avg F1: 0.3705

=== Round 34/100 ===
[Round 34] KD=ON | policy=ema_first
[Layer Freezing] Training last 4 transformer layers (layers 8-11)
[Layer Freezing] Trainable params: 28,384,555 / 108,924,715 (26.1%)
[Layer Freezing] Training last 4 transformer layers (layers 8-11)
[Layer Freezing] Trainable params: 28,384,555 / 108,924,715 (26.1%)
[Layer Freezing] Training last 4 transformer layers (layers 8-11)
[Layer Freezing] Trainable params: 28,384,555 / 108,924,715 (26.1%)
[Layer Freezing] Training last 4 transformer layers (layers 8-11)
[Layer Freezing] Trainable params: 28,384,555 / 108,924,715 (26.1%)
[Layer Freezing] Training last 4 transformer layers (layers 8-11)
[Layer Freezing] Trainable params: 28,384,555 / 108,924,715 (26.1%)
[Layer Freezing] Training last 4 transformer layers (layers 8-11)
[Layer Freezing] Trainable params: 28,384,555 / 108,924,715 (26.1%)
[Layer Freezing] Training last 4 transformer layers (layers 8-11)
[Layer Freezing] Trainable params: 28,384,555 / 108,924,715 (26.1%)
[Layer Freezing] Training last 4 transformer layers (layers 8-11)
[Layer Freezing] Trainable params: 28,384,555 / 108,924,715 (26.1%)
[Layer Freezing] Training last 4 transformer layers (layers 8-11)
[Layer Freezing] Trainable params: 28,384,555 / 108,924,715 (26.1%)
[Layer Freezing] Training last 4 transformer layers (layers 8-11)
[Layer Freezing] Trainable params: 28,384,555 / 108,924,715 (26.1%)
[Round 34] T=3.86  α_ce=0.90  α_kd=0.10
 Round 34 | F1 0.4521 | P 0.5802 | R 0.3703 | Time 45.8s | Comm N/A | Local Avg F1: 0.3801

=== Round 35/100 ===
[Round 35] KD=ON | policy=ema_first
[Layer Freezing] Training last 4 transformer layers (layers 8-11)
[Layer Freezing] Trainable params: 28,384,555 / 108,924,715 (26.1%)
[Layer Freezing] Training last 4 transformer layers (layers 8-11)
[Layer Freezing] Trainable params: 28,384,555 / 108,924,715 (26.1%)
[Layer Freezing] Training last 4 transformer layers (layers 8-11)
[Layer Freezing] Trainable params: 28,384,555 / 108,924,715 (26.1%)
[Layer Freezing] Training last 4 transformer layers (layers 8-11)
[Layer Freezing] Trainable params: 28,384,555 / 108,924,715 (26.1%)
[Layer Freezing] Training last 4 transformer layers (layers 8-11)
[Layer Freezing] Trainable params: 28,384,555 / 108,924,715 (26.1%)
[Layer Freezing] Training last 4 transformer layers (layers 8-11)
[Layer Freezing] Trainable params: 28,384,555 / 108,924,715 (26.1%)
[Layer Freezing] Training last 4 transformer layers (layers 8-11)
[Layer Freezing] Trainable params: 28,384,555 / 108,924,715 (26.1%)
[Layer Freezing] Training last 4 transformer layers (layers 8-11)
[Layer Freezing] Trainable params: 28,384,555 / 108,924,715 (26.1%)
[Layer Freezing] Training last 4 transformer layers (layers 8-11)
[Layer Freezing] Trainable params: 28,384,555 / 108,924,715 (26.1%)
[Layer Freezing] Training last 4 transformer layers (layers 8-11)
[Layer Freezing] Trainable params: 28,384,555 / 108,924,715 (26.1%)
[Round 35] T=3.82  α_ce=0.90  α_kd=0.10
 Round 35 | F1 0.4545 | P 0.5911 | R 0.3692 | Time 46.2s | Comm N/A | Local Avg F1: 0.3851

=== Round 36/100 ===
[Round 36] KD=ON | policy=ema_first
[Layer Freezing] Training last 4 transformer layers (layers 8-11)
[Layer Freezing] Trainable params: 28,384,555 / 108,924,715 (26.1%)
[Layer Freezing] Training last 4 transformer layers (layers 8-11)
[Layer Freezing] Trainable params: 28,384,555 / 108,924,715 (26.1%)
[Layer Freezing] Training last 4 transformer layers (layers 8-11)
[Layer Freezing] Trainable params: 28,384,555 / 108,924,715 (26.1%)
[Layer Freezing] Training last 4 transformer layers (layers 8-11)
[Layer Freezing] Trainable params: 28,384,555 / 108,924,715 (26.1%)
[Layer Freezing] Training last 4 transformer layers (layers 8-11)
[Layer Freezing] Trainable params: 28,384,555 / 108,924,715 (26.1%)
[Layer Freezing] Training last 4 transformer layers (layers 8-11)
[Layer Freezing] Trainable params: 28,384,555 / 108,924,715 (26.1%)
[Layer Freezing] Training last 4 transformer layers (layers 8-11)
[Layer Freezing] Trainable params: 28,384,555 / 108,924,715 (26.1%)
[Layer Freezing] Training last 4 transformer layers (layers 8-11)
[Layer Freezing] Trainable params: 28,384,555 / 108,924,715 (26.1%)
[Layer Freezing] Training last 4 transformer layers (layers 8-11)
[Layer Freezing] Trainable params: 28,384,555 / 108,924,715 (26.1%)
[Layer Freezing] Training last 4 transformer layers (layers 8-11)
[Layer Freezing] Trainable params: 28,384,555 / 108,924,715 (26.1%)
[Round 36] T=3.79  α_ce=0.90  α_kd=0.10
 Round 36 | F1 0.4611 | P 0.5834 | R 0.3811 | Time 45.7s | Comm N/A | Local Avg F1: 0.3925

=== Round 37/100 ===
[Round 37] KD=ON | policy=ema_first
[Layer Freezing] Training last 4 transformer layers (layers 8-11)
[Layer Freezing] Trainable params: 28,384,555 / 108,924,715 (26.1%)
[Layer Freezing] Training last 4 transformer layers (layers 8-11)
[Layer Freezing] Trainable params: 28,384,555 / 108,924,715 (26.1%)
[Layer Freezing] Training last 4 transformer layers (layers 8-11)
[Layer Freezing] Trainable params: 28,384,555 / 108,924,715 (26.1%)
[Layer Freezing] Training last 4 transformer layers (layers 8-11)
[Layer Freezing] Trainable params: 28,384,555 / 108,924,715 (26.1%)
[Layer Freezing] Training last 4 transformer layers (layers 8-11)
[Layer Freezing] Trainable params: 28,384,555 / 108,924,715 (26.1%)
[Layer Freezing] Training last 4 transformer layers (layers 8-11)
[Layer Freezing] Trainable params: 28,384,555 / 108,924,715 (26.1%)
[Layer Freezing] Training last 4 transformer layers (layers 8-11)
[Layer Freezing] Trainable params: 28,384,555 / 108,924,715 (26.1%)
[Layer Freezing] Training last 4 transformer layers (layers 8-11)
[Layer Freezing] Trainable params: 28,384,555 / 108,924,715 (26.1%)
[Layer Freezing] Training last 4 transformer layers (layers 8-11)
[Layer Freezing] Trainable params: 28,384,555 / 108,924,715 (26.1%)
[Layer Freezing] Training last 4 transformer layers (layers 8-11)
[Layer Freezing] Trainable params: 28,384,555 / 108,924,715 (26.1%)
[Round 37] T=3.75  α_ce=0.89  α_kd=0.11
 Round 37 | F1 0.4631 | P 0.5881 | R 0.3819 | Time 46.8s | Comm N/A | Local Avg F1: 0.3948

=== Round 38/100 ===
[Round 38] KD=ON | policy=ema_first
[Layer Freezing] Training last 4 transformer layers (layers 8-11)
[Layer Freezing] Trainable params: 28,384,555 / 108,924,715 (26.1%)
[Layer Freezing] Training last 4 transformer layers (layers 8-11)
[Layer Freezing] Trainable params: 28,384,555 / 108,924,715 (26.1%)
[Layer Freezing] Training last 4 transformer layers (layers 8-11)
[Layer Freezing] Trainable params: 28,384,555 / 108,924,715 (26.1%)
[Layer Freezing] Training last 4 transformer layers (layers 8-11)
[Layer Freezing] Trainable params: 28,384,555 / 108,924,715 (26.1%)
[Layer Freezing] Training last 4 transformer layers (layers 8-11)
[Layer Freezing] Trainable params: 28,384,555 / 108,924,715 (26.1%)
[Layer Freezing] Training last 4 transformer layers (layers 8-11)
[Layer Freezing] Trainable params: 28,384,555 / 108,924,715 (26.1%)
[Layer Freezing] Training last 4 transformer layers (layers 8-11)
[Layer Freezing] Trainable params: 28,384,555 / 108,924,715 (26.1%)
[Layer Freezing] Training last 4 transformer layers (layers 8-11)
[Layer Freezing] Trainable params: 28,384,555 / 108,924,715 (26.1%)
[Layer Freezing] Training last 4 transformer layers (layers 8-11)
[Layer Freezing] Trainable params: 28,384,555 / 108,924,715 (26.1%)
[Layer Freezing] Training last 4 transformer layers (layers 8-11)
[Layer Freezing] Trainable params: 28,384,555 / 108,924,715 (26.1%)
[Round 38] T=3.71  α_ce=0.89  α_kd=0.11
 Round 38 | F1 0.4595 | P 0.5943 | R 0.3746 | Time 45.6s | Comm N/A | Local Avg F1: 0.3923

=== Round 39/100 ===
[Round 39] KD=ON | policy=ema_first
[Layer Freezing] Training last 4 transformer layers (layers 8-11)
[Layer Freezing] Trainable params: 28,384,555 / 108,924,715 (26.1%)
[Layer Freezing] Training last 4 transformer layers (layers 8-11)
[Layer Freezing] Trainable params: 28,384,555 / 108,924,715 (26.1%)
[Layer Freezing] Training last 4 transformer layers (layers 8-11)
[Layer Freezing] Trainable params: 28,384,555 / 108,924,715 (26.1%)
[Layer Freezing] Training last 4 transformer layers (layers 8-11)
[Layer Freezing] Trainable params: 28,384,555 / 108,924,715 (26.1%)
[Layer Freezing] Training last 4 transformer layers (layers 8-11)
[Layer Freezing] Trainable params: 28,384,555 / 108,924,715 (26.1%)
[Layer Freezing] Training last 4 transformer layers (layers 8-11)
[Layer Freezing] Trainable params: 28,384,555 / 108,924,715 (26.1%)
[Layer Freezing] Training last 4 transformer layers (layers 8-11)
[Layer Freezing] Trainable params: 28,384,555 / 108,924,715 (26.1%)
[Layer Freezing] Training last 4 transformer layers (layers 8-11)
[Layer Freezing] Trainable params: 28,384,555 / 108,924,715 (26.1%)
[Layer Freezing] Training last 4 transformer layers (layers 8-11)
[Layer Freezing] Trainable params: 28,384,555 / 108,924,715 (26.1%)
[Layer Freezing] Training last 4 transformer layers (layers 8-11)
[Layer Freezing] Trainable params: 28,384,555 / 108,924,715 (26.1%)
[Round 39] T=3.68  α_ce=0.89  α_kd=0.11
 Round 39 | F1 0.4751 | P 0.5843 | R 0.4003 | Time 45.5s | Comm N/A | Local Avg F1: 0.4080

=== Round 40/100 ===
[Round 40] KD=ON | policy=ema_first
[Layer Freezing] Training last 4 transformer layers (layers 8-11)
[Layer Freezing] Trainable params: 28,384,555 / 108,924,715 (26.1%)
[Layer Freezing] Training last 4 transformer layers (layers 8-11)
[Layer Freezing] Trainable params: 28,384,555 / 108,924,715 (26.1%)
[Layer Freezing] Training last 4 transformer layers (layers 8-11)
[Layer Freezing] Trainable params: 28,384,555 / 108,924,715 (26.1%)
[Layer Freezing] Training last 4 transformer layers (layers 8-11)
[Layer Freezing] Trainable params: 28,384,555 / 108,924,715 (26.1%)
[Layer Freezing] Training last 4 transformer layers (layers 8-11)
[Layer Freezing] Trainable params: 28,384,555 / 108,924,715 (26.1%)
[Layer Freezing] Training last 4 transformer layers (layers 8-11)
[Layer Freezing] Trainable params: 28,384,555 / 108,924,715 (26.1%)
[Layer Freezing] Training last 4 transformer layers (layers 8-11)
[Layer Freezing] Trainable params: 28,384,555 / 108,924,715 (26.1%)
[Layer Freezing] Training last 4 transformer layers (layers 8-11)
[Layer Freezing] Trainable params: 28,384,555 / 108,924,715 (26.1%)
[Layer Freezing] Training last 4 transformer layers (layers 8-11)
[Layer Freezing] Trainable params: 28,384,555 / 108,924,715 (26.1%)
[Layer Freezing] Training last 4 transformer layers (layers 8-11)
[Layer Freezing] Trainable params: 28,384,555 / 108,924,715 (26.1%)
[Round 40] T=3.64  α_ce=0.88  α_kd=0.12
 Round 40 | F1 0.4710 | P 0.5970 | R 0.3889 | Time 46.2s | Comm N/A | Local Avg F1: 0.4046

=== Round 41/100 ===
[Round 41] KD=ON | policy=ema_first
[Layer Freezing] Training last 4 transformer layers (layers 8-11)
[Layer Freezing] Trainable params: 28,384,555 / 108,924,715 (26.1%)
[Layer Freezing] Training last 4 transformer layers (layers 8-11)
[Layer Freezing] Trainable params: 28,384,555 / 108,924,715 (26.1%)
[Layer Freezing] Training last 4 transformer layers (layers 8-11)
[Layer Freezing] Trainable params: 28,384,555 / 108,924,715 (26.1%)
[Layer Freezing] Training last 4 transformer layers (layers 8-11)
[Layer Freezing] Trainable params: 28,384,555 / 108,924,715 (26.1%)
[Layer Freezing] Training last 4 transformer layers (layers 8-11)
[Layer Freezing] Trainable params: 28,384,555 / 108,924,715 (26.1%)
[Layer Freezing] Training last 4 transformer layers (layers 8-11)
[Layer Freezing] Trainable params: 28,384,555 / 108,924,715 (26.1%)
[Layer Freezing] Training last 4 transformer layers (layers 8-11)
[Layer Freezing] Trainable params: 28,384,555 / 108,924,715 (26.1%)
[Layer Freezing] Training last 4 transformer layers (layers 8-11)
[Layer Freezing] Trainable params: 28,384,555 / 108,924,715 (26.1%)
[Layer Freezing] Training last 4 transformer layers (layers 8-11)
[Layer Freezing] Trainable params: 28,384,555 / 108,924,715 (26.1%)
[Layer Freezing] Training last 4 transformer layers (layers 8-11)
[Layer Freezing] Trainable params: 28,384,555 / 108,924,715 (26.1%)
[Round 41] T=3.61  α_ce=0.88  α_kd=0.12
 Round 41 | F1 0.4754 | P 0.5901 | R 0.3980 | Time 45.9s | Comm N/A | Local Avg F1: 0.4044

=== Round 42/100 ===
[Round 42] KD=ON | policy=ema_first
[Layer Freezing] Training last 4 transformer layers (layers 8-11)
[Layer Freezing] Trainable params: 28,384,555 / 108,924,715 (26.1%)
[Layer Freezing] Training last 4 transformer layers (layers 8-11)
[Layer Freezing] Trainable params: 28,384,555 / 108,924,715 (26.1%)
[Layer Freezing] Training last 4 transformer layers (layers 8-11)
[Layer Freezing] Trainable params: 28,384,555 / 108,924,715 (26.1%)
[Layer Freezing] Training last 4 transformer layers (layers 8-11)
[Layer Freezing] Trainable params: 28,384,555 / 108,924,715 (26.1%)
[Layer Freezing] Training last 4 transformer layers (layers 8-11)
[Layer Freezing] Trainable params: 28,384,555 / 108,924,715 (26.1%)
[Layer Freezing] Training last 4 transformer layers (layers 8-11)
[Layer Freezing] Trainable params: 28,384,555 / 108,924,715 (26.1%)
[Layer Freezing] Training last 4 transformer layers (layers 8-11)
[Layer Freezing] Trainable params: 28,384,555 / 108,924,715 (26.1%)
[Layer Freezing] Training last 4 transformer layers (layers 8-11)
[Layer Freezing] Trainable params: 28,384,555 / 108,924,715 (26.1%)
[Layer Freezing] Training last 4 transformer layers (layers 8-11)
[Layer Freezing] Trainable params: 28,384,555 / 108,924,715 (26.1%)
[Layer Freezing] Training last 4 transformer layers (layers 8-11)
[Layer Freezing] Trainable params: 28,384,555 / 108,924,715 (26.1%)
[Round 42] T=3.57  α_ce=0.88  α_kd=0.12
 Round 42 | F1 0.4843 | P 0.5943 | R 0.4086 | Time 46.3s | Comm N/A | Local Avg F1: 0.4103

=== Round 43/100 ===
[Round 43] KD=ON | policy=ema_first
[Layer Freezing] Training last 4 transformer layers (layers 8-11)
[Layer Freezing] Trainable params: 28,384,555 / 108,924,715 (26.1%)
[Layer Freezing] Training last 4 transformer layers (layers 8-11)
[Layer Freezing] Trainable params: 28,384,555 / 108,924,715 (26.1%)
[Layer Freezing] Training last 4 transformer layers (layers 8-11)
[Layer Freezing] Trainable params: 28,384,555 / 108,924,715 (26.1%)
[Layer Freezing] Training last 4 transformer layers (layers 8-11)
[Layer Freezing] Trainable params: 28,384,555 / 108,924,715 (26.1%)
[Layer Freezing] Training last 4 transformer layers (layers 8-11)
[Layer Freezing] Trainable params: 28,384,555 / 108,924,715 (26.1%)
[Layer Freezing] Training last 4 transformer layers (layers 8-11)
[Layer Freezing] Trainable params: 28,384,555 / 108,924,715 (26.1%)
[Layer Freezing] Training last 4 transformer layers (layers 8-11)
[Layer Freezing] Trainable params: 28,384,555 / 108,924,715 (26.1%)
[Layer Freezing] Training last 4 transformer layers (layers 8-11)
[Layer Freezing] Trainable params: 28,384,555 / 108,924,715 (26.1%)
[Layer Freezing] Training last 4 transformer layers (layers 8-11)
[Layer Freezing] Trainable params: 28,384,555 / 108,924,715 (26.1%)
[Layer Freezing] Training last 4 transformer layers (layers 8-11)
[Layer Freezing] Trainable params: 28,384,555 / 108,924,715 (26.1%)
[Round 43] T=3.54  α_ce=0.87  α_kd=0.13
 Round 43 | F1 0.4728 | P 0.6109 | R 0.3856 | Time 45.9s | Comm N/A | Local Avg F1: 0.3990

=== Round 44/100 ===
[Round 44] KD=ON | policy=ema_first
[Layer Freezing] Training last 4 transformer layers (layers 8-11)
[Layer Freezing] Trainable params: 28,384,555 / 108,924,715 (26.1%)
[Layer Freezing] Training last 4 transformer layers (layers 8-11)
[Layer Freezing] Trainable params: 28,384,555 / 108,924,715 (26.1%)
[Layer Freezing] Training last 4 transformer layers (layers 8-11)
[Layer Freezing] Trainable params: 28,384,555 / 108,924,715 (26.1%)
[Layer Freezing] Training last 4 transformer layers (layers 8-11)
[Layer Freezing] Trainable params: 28,384,555 / 108,924,715 (26.1%)
[Layer Freezing] Training last 4 transformer layers (layers 8-11)
[Layer Freezing] Trainable params: 28,384,555 / 108,924,715 (26.1%)
[Layer Freezing] Training last 4 transformer layers (layers 8-11)
[Layer Freezing] Trainable params: 28,384,555 / 108,924,715 (26.1%)
[Layer Freezing] Training last 4 transformer layers (layers 8-11)
[Layer Freezing] Trainable params: 28,384,555 / 108,924,715 (26.1%)
[Layer Freezing] Training last 4 transformer layers (layers 8-11)
[Layer Freezing] Trainable params: 28,384,555 / 108,924,715 (26.1%)
[Layer Freezing] Training last 4 transformer layers (layers 8-11)
[Layer Freezing] Trainable params: 28,384,555 / 108,924,715 (26.1%)
[Layer Freezing] Training last 4 transformer layers (layers 8-11)
[Layer Freezing] Trainable params: 28,384,555 / 108,924,715 (26.1%)
[Round 44] T=3.50  α_ce=0.87  α_kd=0.13
 Round 44 | F1 0.4867 | P 0.5922 | R 0.4131 | Time 46.9s | Comm N/A | Local Avg F1: 0.4170

=== Round 45/100 ===
[Round 45] KD=ON | policy=ema_first
[Layer Freezing] Training last 4 transformer layers (layers 8-11)
[Layer Freezing] Trainable params: 28,384,555 / 108,924,715 (26.1%)
[Layer Freezing] Training last 4 transformer layers (layers 8-11)
[Layer Freezing] Trainable params: 28,384,555 / 108,924,715 (26.1%)
[Layer Freezing] Training last 4 transformer layers (layers 8-11)
[Layer Freezing] Trainable params: 28,384,555 / 108,924,715 (26.1%)
[Layer Freezing] Training last 4 transformer layers (layers 8-11)
[Layer Freezing] Trainable params: 28,384,555 / 108,924,715 (26.1%)
[Layer Freezing] Training last 4 transformer layers (layers 8-11)
[Layer Freezing] Trainable params: 28,384,555 / 108,924,715 (26.1%)
[Layer Freezing] Training last 4 transformer layers (layers 8-11)
[Layer Freezing] Trainable params: 28,384,555 / 108,924,715 (26.1%)
[Layer Freezing] Training last 4 transformer layers (layers 8-11)
[Layer Freezing] Trainable params: 28,384,555 / 108,924,715 (26.1%)
[Layer Freezing] Training last 4 transformer layers (layers 8-11)
[Layer Freezing] Trainable params: 28,384,555 / 108,924,715 (26.1%)
[Layer Freezing] Training last 4 transformer layers (layers 8-11)
[Layer Freezing] Trainable params: 28,384,555 / 108,924,715 (26.1%)
[Layer Freezing] Training last 4 transformer layers (layers 8-11)
[Layer Freezing] Trainable params: 28,384,555 / 108,924,715 (26.1%)
[Round 45] T=3.46  α_ce=0.87  α_kd=0.13
 Round 45 | F1 0.4861 | P 0.5987 | R 0.4092 | Time 45.8s | Comm N/A | Local Avg F1: 0.4135

=== Round 46/100 ===
[Round 46] KD=ON | policy=ema_first
[Layer Freezing] Training last 4 transformer layers (layers 8-11)
[Layer Freezing] Trainable params: 28,384,555 / 108,924,715 (26.1%)
[Layer Freezing] Training last 4 transformer layers (layers 8-11)
[Layer Freezing] Trainable params: 28,384,555 / 108,924,715 (26.1%)
[Layer Freezing] Training last 4 transformer layers (layers 8-11)
[Layer Freezing] Trainable params: 28,384,555 / 108,924,715 (26.1%)
[Layer Freezing] Training last 4 transformer layers (layers 8-11)
[Layer Freezing] Trainable params: 28,384,555 / 108,924,715 (26.1%)
[Layer Freezing] Training last 4 transformer layers (layers 8-11)
[Layer Freezing] Trainable params: 28,384,555 / 108,924,715 (26.1%)
[Layer Freezing] Training last 4 transformer layers (layers 8-11)
[Layer Freezing] Trainable params: 28,384,555 / 108,924,715 (26.1%)
[Layer Freezing] Training last 4 transformer layers (layers 8-11)
[Layer Freezing] Trainable params: 28,384,555 / 108,924,715 (26.1%)
[Layer Freezing] Training last 4 transformer layers (layers 8-11)
[Layer Freezing] Trainable params: 28,384,555 / 108,924,715 (26.1%)
[Layer Freezing] Training last 4 transformer layers (layers 8-11)
[Layer Freezing] Trainable params: 28,384,555 / 108,924,715 (26.1%)
[Layer Freezing] Training last 4 transformer layers (layers 8-11)
[Layer Freezing] Trainable params: 28,384,555 / 108,924,715 (26.1%)
[Round 46] T=3.43  α_ce=0.87  α_kd=0.13
 Round 46 | F1 0.4845 | P 0.6031 | R 0.4048 | Time 45.7s | Comm N/A | Local Avg F1: 0.4163

=== Round 47/100 ===
[Round 47] KD=ON | policy=ema_first
[Layer Freezing] Training last 4 transformer layers (layers 8-11)
[Layer Freezing] Trainable params: 28,384,555 / 108,924,715 (26.1%)
[Layer Freezing] Training last 4 transformer layers (layers 8-11)
[Layer Freezing] Trainable params: 28,384,555 / 108,924,715 (26.1%)
[Layer Freezing] Training last 4 transformer layers (layers 8-11)
[Layer Freezing] Trainable params: 28,384,555 / 108,924,715 (26.1%)
[Layer Freezing] Training last 4 transformer layers (layers 8-11)
[Layer Freezing] Trainable params: 28,384,555 / 108,924,715 (26.1%)
[Layer Freezing] Training last 4 transformer layers (layers 8-11)
[Layer Freezing] Trainable params: 28,384,555 / 108,924,715 (26.1%)
[Layer Freezing] Training last 4 transformer layers (layers 8-11)
[Layer Freezing] Trainable params: 28,384,555 / 108,924,715 (26.1%)
[Layer Freezing] Training last 4 transformer layers (layers 8-11)
[Layer Freezing] Trainable params: 28,384,555 / 108,924,715 (26.1%)
[Layer Freezing] Training last 4 transformer layers (layers 8-11)
[Layer Freezing] Trainable params: 28,384,555 / 108,924,715 (26.1%)
[Layer Freezing] Training last 4 transformer layers (layers 8-11)
[Layer Freezing] Trainable params: 28,384,555 / 108,924,715 (26.1%)
[Layer Freezing] Training last 4 transformer layers (layers 8-11)
[Layer Freezing] Trainable params: 28,384,555 / 108,924,715 (26.1%)
[Round 47] T=3.39  α_ce=0.86  α_kd=0.14
 Round 47 | F1 0.4946 | P 0.5872 | R 0.4272 | Time 45.3s | Comm N/A | Local Avg F1: 0.4221

=== Round 48/100 ===
[Round 48] KD=ON | policy=ema_first
[Layer Freezing] Training last 4 transformer layers (layers 8-11)
[Layer Freezing] Trainable params: 28,384,555 / 108,924,715 (26.1%)
[Layer Freezing] Training last 4 transformer layers (layers 8-11)
[Layer Freezing] Trainable params: 28,384,555 / 108,924,715 (26.1%)
[Layer Freezing] Training last 4 transformer layers (layers 8-11)
[Layer Freezing] Trainable params: 28,384,555 / 108,924,715 (26.1%)
[Layer Freezing] Training last 4 transformer layers (layers 8-11)
[Layer Freezing] Trainable params: 28,384,555 / 108,924,715 (26.1%)
[Layer Freezing] Training last 4 transformer layers (layers 8-11)
[Layer Freezing] Trainable params: 28,384,555 / 108,924,715 (26.1%)
[Layer Freezing] Training last 4 transformer layers (layers 8-11)
[Layer Freezing] Trainable params: 28,384,555 / 108,924,715 (26.1%)
[Layer Freezing] Training last 4 transformer layers (layers 8-11)
[Layer Freezing] Trainable params: 28,384,555 / 108,924,715 (26.1%)
[Layer Freezing] Training last 4 transformer layers (layers 8-11)
[Layer Freezing] Trainable params: 28,384,555 / 108,924,715 (26.1%)
[Layer Freezing] Training last 4 transformer layers (layers 8-11)
[Layer Freezing] Trainable params: 28,384,555 / 108,924,715 (26.1%)
[Layer Freezing] Training last 4 transformer layers (layers 8-11)
[Layer Freezing] Trainable params: 28,384,555 / 108,924,715 (26.1%)
[Round 48] T=3.36  α_ce=0.86  α_kd=0.14
 Round 48 | F1 0.4934 | P 0.5880 | R 0.4251 | Time 45.4s | Comm N/A | Local Avg F1: 0.4271

=== Round 49/100 ===
[Round 49] KD=ON | policy=ema_first
[Layer Freezing] Training last 4 transformer layers (layers 8-11)
[Layer Freezing] Trainable params: 28,384,555 / 108,924,715 (26.1%)
[Layer Freezing] Training last 4 transformer layers (layers 8-11)
[Layer Freezing] Trainable params: 28,384,555 / 108,924,715 (26.1%)
[Layer Freezing] Training last 4 transformer layers (layers 8-11)
[Layer Freezing] Trainable params: 28,384,555 / 108,924,715 (26.1%)
[Layer Freezing] Training last 4 transformer layers (layers 8-11)
[Layer Freezing] Trainable params: 28,384,555 / 108,924,715 (26.1%)
[Layer Freezing] Training last 4 transformer layers (layers 8-11)
[Layer Freezing] Trainable params: 28,384,555 / 108,924,715 (26.1%)
[Layer Freezing] Training last 4 transformer layers (layers 8-11)
[Layer Freezing] Trainable params: 28,384,555 / 108,924,715 (26.1%)
[Layer Freezing] Training last 4 transformer layers (layers 8-11)
[Layer Freezing] Trainable params: 28,384,555 / 108,924,715 (26.1%)
[Layer Freezing] Training last 4 transformer layers (layers 8-11)
[Layer Freezing] Trainable params: 28,384,555 / 108,924,715 (26.1%)
[Layer Freezing] Training last 4 transformer layers (layers 8-11)
[Layer Freezing] Trainable params: 28,384,555 / 108,924,715 (26.1%)
[Layer Freezing] Training last 4 transformer layers (layers 8-11)
[Layer Freezing] Trainable params: 28,384,555 / 108,924,715 (26.1%)
[Round 49] T=3.32  α_ce=0.86  α_kd=0.14
 Round 49 | F1 0.4867 | P 0.6060 | R 0.4066 | Time 46.3s | Comm N/A | Local Avg F1: 0.4202

=== Round 50/100 ===
[Round 50] KD=ON | policy=ema_first
[Layer Freezing] Training last 4 transformer layers (layers 8-11)
[Layer Freezing] Trainable params: 28,384,555 / 108,924,715 (26.1%)
[Layer Freezing] Training last 4 transformer layers (layers 8-11)
[Layer Freezing] Trainable params: 28,384,555 / 108,924,715 (26.1%)
[Layer Freezing] Training last 4 transformer layers (layers 8-11)
[Layer Freezing] Trainable params: 28,384,555 / 108,924,715 (26.1%)
[Layer Freezing] Training last 4 transformer layers (layers 8-11)
[Layer Freezing] Trainable params: 28,384,555 / 108,924,715 (26.1%)
[Layer Freezing] Training last 4 transformer layers (layers 8-11)
[Layer Freezing] Trainable params: 28,384,555 / 108,924,715 (26.1%)
[Layer Freezing] Training last 4 transformer layers (layers 8-11)
[Layer Freezing] Trainable params: 28,384,555 / 108,924,715 (26.1%)
[Layer Freezing] Training last 4 transformer layers (layers 8-11)
[Layer Freezing] Trainable params: 28,384,555 / 108,924,715 (26.1%)
[Layer Freezing] Training last 4 transformer layers (layers 8-11)
[Layer Freezing] Trainable params: 28,384,555 / 108,924,715 (26.1%)
[Layer Freezing] Training last 4 transformer layers (layers 8-11)
[Layer Freezing] Trainable params: 28,384,555 / 108,924,715 (26.1%)
[Layer Freezing] Training last 4 transformer layers (layers 8-11)
[Layer Freezing] Trainable params: 28,384,555 / 108,924,715 (26.1%)
[Round 50] T=3.29  α_ce=0.85  α_kd=0.15
 Round 50 | F1 0.4917 | P 0.6054 | R 0.4139 | Time 45.0s | Comm N/A | Local Avg F1: 0.4240

=== Round 51/100 ===
[Round 51] KD=ON | policy=ema_first
[Layer Freezing] Training last 4 transformer layers (layers 8-11)
[Layer Freezing] Trainable params: 28,384,555 / 108,924,715 (26.1%)
[Layer Freezing] Training last 4 transformer layers (layers 8-11)
[Layer Freezing] Trainable params: 28,384,555 / 108,924,715 (26.1%)
[Layer Freezing] Training last 4 transformer layers (layers 8-11)
[Layer Freezing] Trainable params: 28,384,555 / 108,924,715 (26.1%)
[Layer Freezing] Training last 4 transformer layers (layers 8-11)
[Layer Freezing] Trainable params: 28,384,555 / 108,924,715 (26.1%)
[Layer Freezing] Training last 4 transformer layers (layers 8-11)
[Layer Freezing] Trainable params: 28,384,555 / 108,924,715 (26.1%)
[Layer Freezing] Training last 4 transformer layers (layers 8-11)
[Layer Freezing] Trainable params: 28,384,555 / 108,924,715 (26.1%)
[Layer Freezing] Training last 4 transformer layers (layers 8-11)
[Layer Freezing] Trainable params: 28,384,555 / 108,924,715 (26.1%)
[Layer Freezing] Training last 4 transformer layers (layers 8-11)
[Layer Freezing] Trainable params: 28,384,555 / 108,924,715 (26.1%)
[Layer Freezing] Training last 4 transformer layers (layers 8-11)
[Layer Freezing] Trainable params: 28,384,555 / 108,924,715 (26.1%)
[Layer Freezing] Training last 4 transformer layers (layers 8-11)
[Layer Freezing] Trainable params: 28,384,555 / 108,924,715 (26.1%)
[Round 51] T=3.25  α_ce=0.85  α_kd=0.15
 Round 51 | F1 0.4886 | P 0.6134 | R 0.4061 | Time 46.5s | Comm N/A | Local Avg F1: 0.4199

=== Round 52/100 ===
[Round 52] KD=ON | policy=ema_first
[Layer Freezing] Training last 4 transformer layers (layers 8-11)
[Layer Freezing] Trainable params: 28,384,555 / 108,924,715 (26.1%)
[Layer Freezing] Training last 4 transformer layers (layers 8-11)
[Layer Freezing] Trainable params: 28,384,555 / 108,924,715 (26.1%)
[Layer Freezing] Training last 4 transformer layers (layers 8-11)
[Layer Freezing] Trainable params: 28,384,555 / 108,924,715 (26.1%)
[Layer Freezing] Training last 4 transformer layers (layers 8-11)
[Layer Freezing] Trainable params: 28,384,555 / 108,924,715 (26.1%)
[Layer Freezing] Training last 4 transformer layers (layers 8-11)
[Layer Freezing] Trainable params: 28,384,555 / 108,924,715 (26.1%)
[Layer Freezing] Training last 4 transformer layers (layers 8-11)
[Layer Freezing] Trainable params: 28,384,555 / 108,924,715 (26.1%)
[Layer Freezing] Training last 4 transformer layers (layers 8-11)
[Layer Freezing] Trainable params: 28,384,555 / 108,924,715 (26.1%)
[Layer Freezing] Training last 4 transformer layers (layers 8-11)
[Layer Freezing] Trainable params: 28,384,555 / 108,924,715 (26.1%)
[Layer Freezing] Training last 4 transformer layers (layers 8-11)
[Layer Freezing] Trainable params: 28,384,555 / 108,924,715 (26.1%)
[Layer Freezing] Training last 4 transformer layers (layers 8-11)
[Layer Freezing] Trainable params: 28,384,555 / 108,924,715 (26.1%)
[Round 52] T=3.21  α_ce=0.85  α_kd=0.15
 Round 52 | F1 0.5052 | P 0.6029 | R 0.4348 | Time 46.4s | Comm N/A | Local Avg F1: 0.4328

=== Round 53/100 ===
[Round 53] KD=ON | policy=ema_first
[Layer Freezing] Training last 4 transformer layers (layers 8-11)
[Layer Freezing] Trainable params: 28,384,555 / 108,924,715 (26.1%)
[Layer Freezing] Training last 4 transformer layers (layers 8-11)
[Layer Freezing] Trainable params: 28,384,555 / 108,924,715 (26.1%)
[Layer Freezing] Training last 4 transformer layers (layers 8-11)
[Layer Freezing] Trainable params: 28,384,555 / 108,924,715 (26.1%)
[Layer Freezing] Training last 4 transformer layers (layers 8-11)
[Layer Freezing] Trainable params: 28,384,555 / 108,924,715 (26.1%)
[Layer Freezing] Training last 4 transformer layers (layers 8-11)
[Layer Freezing] Trainable params: 28,384,555 / 108,924,715 (26.1%)
[Layer Freezing] Training last 4 transformer layers (layers 8-11)
[Layer Freezing] Trainable params: 28,384,555 / 108,924,715 (26.1%)
[Layer Freezing] Training last 4 transformer layers (layers 8-11)
[Layer Freezing] Trainable params: 28,384,555 / 108,924,715 (26.1%)
[Layer Freezing] Training last 4 transformer layers (layers 8-11)
[Layer Freezing] Trainable params: 28,384,555 / 108,924,715 (26.1%)
[Layer Freezing] Training last 4 transformer layers (layers 8-11)
[Layer Freezing] Trainable params: 28,384,555 / 108,924,715 (26.1%)
[Layer Freezing] Training last 4 transformer layers (layers 8-11)
[Layer Freezing] Trainable params: 28,384,555 / 108,924,715 (26.1%)
[Round 53] T=3.18  α_ce=0.84  α_kd=0.16
 Round 53 | F1 0.4948 | P 0.6145 | R 0.4141 | Time 45.8s | Comm N/A | Local Avg F1: 0.4284

=== Round 54/100 ===
[Round 54] KD=ON | policy=ema_first
[Layer Freezing] Training last 4 transformer layers (layers 8-11)
[Layer Freezing] Trainable params: 28,384,555 / 108,924,715 (26.1%)
[Layer Freezing] Training last 4 transformer layers (layers 8-11)
[Layer Freezing] Trainable params: 28,384,555 / 108,924,715 (26.1%)
[Layer Freezing] Training last 4 transformer layers (layers 8-11)
[Layer Freezing] Trainable params: 28,384,555 / 108,924,715 (26.1%)
[Layer Freezing] Training last 4 transformer layers (layers 8-11)
[Layer Freezing] Trainable params: 28,384,555 / 108,924,715 (26.1%)
[Layer Freezing] Training last 4 transformer layers (layers 8-11)
[Layer Freezing] Trainable params: 28,384,555 / 108,924,715 (26.1%)
[Layer Freezing] Training last 4 transformer layers (layers 8-11)
[Layer Freezing] Trainable params: 28,384,555 / 108,924,715 (26.1%)
[Layer Freezing] Training last 4 transformer layers (layers 8-11)
[Layer Freezing] Trainable params: 28,384,555 / 108,924,715 (26.1%)
[Layer Freezing] Training last 4 transformer layers (layers 8-11)
[Layer Freezing] Trainable params: 28,384,555 / 108,924,715 (26.1%)
[Layer Freezing] Training last 4 transformer layers (layers 8-11)
[Layer Freezing] Trainable params: 28,384,555 / 108,924,715 (26.1%)
[Layer Freezing] Training last 4 transformer layers (layers 8-11)
[Layer Freezing] Trainable params: 28,384,555 / 108,924,715 (26.1%)
[Round 54] T=3.14  α_ce=0.84  α_kd=0.16
 Round 54 | F1 0.4844 | P 0.6231 | R 0.3962 | Time 45.8s | Comm N/A | Local Avg F1: 0.4196

=== Round 55/100 ===
[Round 55] KD=ON | policy=ema_first
[Layer Freezing] Training last 4 transformer layers (layers 8-11)
[Layer Freezing] Trainable params: 28,384,555 / 108,924,715 (26.1%)
[Layer Freezing] Training last 4 transformer layers (layers 8-11)
[Layer Freezing] Trainable params: 28,384,555 / 108,924,715 (26.1%)
[Layer Freezing] Training last 4 transformer layers (layers 8-11)
[Layer Freezing] Trainable params: 28,384,555 / 108,924,715 (26.1%)
[Layer Freezing] Training last 4 transformer layers (layers 8-11)
[Layer Freezing] Trainable params: 28,384,555 / 108,924,715 (26.1%)
[Layer Freezing] Training last 4 transformer layers (layers 8-11)
[Layer Freezing] Trainable params: 28,384,555 / 108,924,715 (26.1%)
[Layer Freezing] Training last 4 transformer layers (layers 8-11)
[Layer Freezing] Trainable params: 28,384,555 / 108,924,715 (26.1%)
[Layer Freezing] Training last 4 transformer layers (layers 8-11)
[Layer Freezing] Trainable params: 28,384,555 / 108,924,715 (26.1%)
[Layer Freezing] Training last 4 transformer layers (layers 8-11)
[Layer Freezing] Trainable params: 28,384,555 / 108,924,715 (26.1%)
[Layer Freezing] Training last 4 transformer layers (layers 8-11)
[Layer Freezing] Trainable params: 28,384,555 / 108,924,715 (26.1%)
[Layer Freezing] Training last 4 transformer layers (layers 8-11)
[Layer Freezing] Trainable params: 28,384,555 / 108,924,715 (26.1%)
[Round 55] T=3.11  α_ce=0.84  α_kd=0.16
 Round 55 | F1 0.5055 | P 0.5988 | R 0.4374 | Time 46.6s | Comm N/A | Local Avg F1: 0.4342

=== Round 56/100 ===
[Round 56] KD=ON | policy=ema_first
[Layer Freezing] Training last 4 transformer layers (layers 8-11)
[Layer Freezing] Trainable params: 28,384,555 / 108,924,715 (26.1%)
[Layer Freezing] Training last 4 transformer layers (layers 8-11)
[Layer Freezing] Trainable params: 28,384,555 / 108,924,715 (26.1%)
[Layer Freezing] Training last 4 transformer layers (layers 8-11)
[Layer Freezing] Trainable params: 28,384,555 / 108,924,715 (26.1%)
[Layer Freezing] Training last 4 transformer layers (layers 8-11)
[Layer Freezing] Trainable params: 28,384,555 / 108,924,715 (26.1%)
[Layer Freezing] Training last 4 transformer layers (layers 8-11)
[Layer Freezing] Trainable params: 28,384,555 / 108,924,715 (26.1%)
[Layer Freezing] Training last 4 transformer layers (layers 8-11)
[Layer Freezing] Trainable params: 28,384,555 / 108,924,715 (26.1%)
[Layer Freezing] Training last 4 transformer layers (layers 8-11)
[Layer Freezing] Trainable params: 28,384,555 / 108,924,715 (26.1%)
[Layer Freezing] Training last 4 transformer layers (layers 8-11)
[Layer Freezing] Trainable params: 28,384,555 / 108,924,715 (26.1%)
[Layer Freezing] Training last 4 transformer layers (layers 8-11)
[Layer Freezing] Trainable params: 28,384,555 / 108,924,715 (26.1%)
[Layer Freezing] Training last 4 transformer layers (layers 8-11)
[Layer Freezing] Trainable params: 28,384,555 / 108,924,715 (26.1%)
[Round 56] T=3.07  α_ce=0.83  α_kd=0.17
 Round 56 | F1 0.5082 | P 0.6016 | R 0.4400 | Time 46.4s | Comm N/A | Local Avg F1: 0.4332

=== Round 57/100 ===
[Round 57] KD=ON | policy=ema_first
[Layer Freezing] Training last 4 transformer layers (layers 8-11)
[Layer Freezing] Trainable params: 28,384,555 / 108,924,715 (26.1%)
[Layer Freezing] Training last 4 transformer layers (layers 8-11)
[Layer Freezing] Trainable params: 28,384,555 / 108,924,715 (26.1%)
[Layer Freezing] Training last 4 transformer layers (layers 8-11)
[Layer Freezing] Trainable params: 28,384,555 / 108,924,715 (26.1%)
[Layer Freezing] Training last 4 transformer layers (layers 8-11)
[Layer Freezing] Trainable params: 28,384,555 / 108,924,715 (26.1%)
[Layer Freezing] Training last 4 transformer layers (layers 8-11)
[Layer Freezing] Trainable params: 28,384,555 / 108,924,715 (26.1%)
[Layer Freezing] Training last 4 transformer layers (layers 8-11)
[Layer Freezing] Trainable params: 28,384,555 / 108,924,715 (26.1%)
[Layer Freezing] Training last 4 transformer layers (layers 8-11)
[Layer Freezing] Trainable params: 28,384,555 / 108,924,715 (26.1%)
[Layer Freezing] Training last 4 transformer layers (layers 8-11)
[Layer Freezing] Trainable params: 28,384,555 / 108,924,715 (26.1%)
[Layer Freezing] Training last 4 transformer layers (layers 8-11)
[Layer Freezing] Trainable params: 28,384,555 / 108,924,715 (26.1%)
[Layer Freezing] Training last 4 transformer layers (layers 8-11)
[Layer Freezing] Trainable params: 28,384,555 / 108,924,715 (26.1%)
[Round 57] T=3.04  α_ce=0.83  α_kd=0.17
 Round 57 | F1 0.5062 | P 0.6097 | R 0.4327 | Time 46.0s | Comm N/A | Local Avg F1: 0.4321

=== Round 58/100 ===
[Round 58] KD=ON | policy=ema_first
[Layer Freezing] Training last 4 transformer layers (layers 8-11)
[Layer Freezing] Trainable params: 28,384,555 / 108,924,715 (26.1%)
[Layer Freezing] Training last 4 transformer layers (layers 8-11)
[Layer Freezing] Trainable params: 28,384,555 / 108,924,715 (26.1%)
[Layer Freezing] Training last 4 transformer layers (layers 8-11)
[Layer Freezing] Trainable params: 28,384,555 / 108,924,715 (26.1%)
[Layer Freezing] Training last 4 transformer layers (layers 8-11)
[Layer Freezing] Trainable params: 28,384,555 / 108,924,715 (26.1%)
[Layer Freezing] Training last 4 transformer layers (layers 8-11)
[Layer Freezing] Trainable params: 28,384,555 / 108,924,715 (26.1%)
[Layer Freezing] Training last 4 transformer layers (layers 8-11)
[Layer Freezing] Trainable params: 28,384,555 / 108,924,715 (26.1%)
[Layer Freezing] Training last 4 transformer layers (layers 8-11)
[Layer Freezing] Trainable params: 28,384,555 / 108,924,715 (26.1%)
[Layer Freezing] Training last 4 transformer layers (layers 8-11)
[Layer Freezing] Trainable params: 28,384,555 / 108,924,715 (26.1%)
[Layer Freezing] Training last 4 transformer layers (layers 8-11)
[Layer Freezing] Trainable params: 28,384,555 / 108,924,715 (26.1%)
[Layer Freezing] Training last 4 transformer layers (layers 8-11)
[Layer Freezing] Trainable params: 28,384,555 / 108,924,715 (26.1%)
[Round 58] T=3.00  α_ce=0.83  α_kd=0.17
 Round 58 | F1 0.5016 | P 0.6139 | R 0.4240 | Time 45.9s | Comm N/A | Local Avg F1: 0.4295

=== Round 59/100 ===
[Round 59] KD=ON | policy=ema_first
[Layer Freezing] Training last 4 transformer layers (layers 8-11)
[Layer Freezing] Trainable params: 28,384,555 / 108,924,715 (26.1%)
[Layer Freezing] Training last 4 transformer layers (layers 8-11)
[Layer Freezing] Trainable params: 28,384,555 / 108,924,715 (26.1%)
[Layer Freezing] Training last 4 transformer layers (layers 8-11)
[Layer Freezing] Trainable params: 28,384,555 / 108,924,715 (26.1%)
[Layer Freezing] Training last 4 transformer layers (layers 8-11)
[Layer Freezing] Trainable params: 28,384,555 / 108,924,715 (26.1%)
[Layer Freezing] Training last 4 transformer layers (layers 8-11)
[Layer Freezing] Trainable params: 28,384,555 / 108,924,715 (26.1%)
[Layer Freezing] Training last 4 transformer layers (layers 8-11)
[Layer Freezing] Trainable params: 28,384,555 / 108,924,715 (26.1%)
[Layer Freezing] Training last 4 transformer layers (layers 8-11)
[Layer Freezing] Trainable params: 28,384,555 / 108,924,715 (26.1%)
[Layer Freezing] Training last 4 transformer layers (layers 8-11)
[Layer Freezing] Trainable params: 28,384,555 / 108,924,715 (26.1%)
[Layer Freezing] Training last 4 transformer layers (layers 8-11)
[Layer Freezing] Trainable params: 28,384,555 / 108,924,715 (26.1%)
[Layer Freezing] Training last 4 transformer layers (layers 8-11)
[Layer Freezing] Trainable params: 28,384,555 / 108,924,715 (26.1%)
[Round 59] T=2.96  α_ce=0.83  α_kd=0.17
 Round 59 | F1 0.5070 | P 0.6114 | R 0.4330 | Time 47.0s | Comm N/A | Local Avg F1: 0.4353

=== Round 60/100 ===
[Round 60] KD=ON | policy=ema_first
[Layer Freezing] Training last 4 transformer layers (layers 8-11)
[Layer Freezing] Trainable params: 28,384,555 / 108,924,715 (26.1%)
[Layer Freezing] Training last 4 transformer layers (layers 8-11)
[Layer Freezing] Trainable params: 28,384,555 / 108,924,715 (26.1%)
[Layer Freezing] Training last 4 transformer layers (layers 8-11)
[Layer Freezing] Trainable params: 28,384,555 / 108,924,715 (26.1%)
[Layer Freezing] Training last 4 transformer layers (layers 8-11)
[Layer Freezing] Trainable params: 28,384,555 / 108,924,715 (26.1%)
[Layer Freezing] Training last 4 transformer layers (layers 8-11)
[Layer Freezing] Trainable params: 28,384,555 / 108,924,715 (26.1%)
[Layer Freezing] Training last 4 transformer layers (layers 8-11)
[Layer Freezing] Trainable params: 28,384,555 / 108,924,715 (26.1%)
[Layer Freezing] Training last 4 transformer layers (layers 8-11)
[Layer Freezing] Trainable params: 28,384,555 / 108,924,715 (26.1%)
[Layer Freezing] Training last 4 transformer layers (layers 8-11)
[Layer Freezing] Trainable params: 28,384,555 / 108,924,715 (26.1%)
[Layer Freezing] Training last 4 transformer layers (layers 8-11)
[Layer Freezing] Trainable params: 28,384,555 / 108,924,715 (26.1%)
[Layer Freezing] Training last 4 transformer layers (layers 8-11)
[Layer Freezing] Trainable params: 28,384,555 / 108,924,715 (26.1%)
[Round 60] T=2.93  α_ce=0.82  α_kd=0.18
 Round 60 | F1 0.5018 | P 0.6096 | R 0.4263 | Time 44.7s | Comm N/A | Local Avg F1: 0.4340

=== Round 61/100 ===
[Round 61] KD=ON | policy=ema_first
[Layer Freezing] Training last 4 transformer layers (layers 8-11)
[Layer Freezing] Trainable params: 28,384,555 / 108,924,715 (26.1%)
[Layer Freezing] Training last 4 transformer layers (layers 8-11)
[Layer Freezing] Trainable params: 28,384,555 / 108,924,715 (26.1%)
[Layer Freezing] Training last 4 transformer layers (layers 8-11)
[Layer Freezing] Trainable params: 28,384,555 / 108,924,715 (26.1%)
[Layer Freezing] Training last 4 transformer layers (layers 8-11)
[Layer Freezing] Trainable params: 28,384,555 / 108,924,715 (26.1%)
[Layer Freezing] Training last 4 transformer layers (layers 8-11)
[Layer Freezing] Trainable params: 28,384,555 / 108,924,715 (26.1%)
[Layer Freezing] Training last 4 transformer layers (layers 8-11)
[Layer Freezing] Trainable params: 28,384,555 / 108,924,715 (26.1%)
[Layer Freezing] Training last 4 transformer layers (layers 8-11)
[Layer Freezing] Trainable params: 28,384,555 / 108,924,715 (26.1%)
[Layer Freezing] Training last 4 transformer layers (layers 8-11)
[Layer Freezing] Trainable params: 28,384,555 / 108,924,715 (26.1%)
[Layer Freezing] Training last 4 transformer layers (layers 8-11)
[Layer Freezing] Trainable params: 28,384,555 / 108,924,715 (26.1%)
[Layer Freezing] Training last 4 transformer layers (layers 8-11)
[Layer Freezing] Trainable params: 28,384,555 / 108,924,715 (26.1%)
[Round 61] T=2.89  α_ce=0.82  α_kd=0.18
 Round 61 | F1 0.5056 | P 0.6136 | R 0.4299 | Time 46.6s | Comm N/A | Local Avg F1: 0.4335

=== Round 62/100 ===
[Round 62] KD=ON | policy=ema_first
[Layer Freezing] Training last 4 transformer layers (layers 8-11)
[Layer Freezing] Trainable params: 28,384,555 / 108,924,715 (26.1%)
[Layer Freezing] Training last 4 transformer layers (layers 8-11)
[Layer Freezing] Trainable params: 28,384,555 / 108,924,715 (26.1%)
[Layer Freezing] Training last 4 transformer layers (layers 8-11)
[Layer Freezing] Trainable params: 28,384,555 / 108,924,715 (26.1%)
[Layer Freezing] Training last 4 transformer layers (layers 8-11)
[Layer Freezing] Trainable params: 28,384,555 / 108,924,715 (26.1%)
[Layer Freezing] Training last 4 transformer layers (layers 8-11)
[Layer Freezing] Trainable params: 28,384,555 / 108,924,715 (26.1%)
[Layer Freezing] Training last 4 transformer layers (layers 8-11)
[Layer Freezing] Trainable params: 28,384,555 / 108,924,715 (26.1%)
[Layer Freezing] Training last 4 transformer layers (layers 8-11)
[Layer Freezing] Trainable params: 28,384,555 / 108,924,715 (26.1%)
[Layer Freezing] Training last 4 transformer layers (layers 8-11)
[Layer Freezing] Trainable params: 28,384,555 / 108,924,715 (26.1%)
[Layer Freezing] Training last 4 transformer layers (layers 8-11)
[Layer Freezing] Trainable params: 28,384,555 / 108,924,715 (26.1%)
[Layer Freezing] Training last 4 transformer layers (layers 8-11)
[Layer Freezing] Trainable params: 28,384,555 / 108,924,715 (26.1%)
[Round 62] T=2.86  α_ce=0.82  α_kd=0.18
 Round 62 | F1 0.5196 | P 0.6038 | R 0.4560 | Time 45.2s | Comm N/A | Local Avg F1: 0.4433

=== Round 63/100 ===
[Round 63] KD=ON | policy=ema_first
[Layer Freezing] Training last 4 transformer layers (layers 8-11)
[Layer Freezing] Trainable params: 28,384,555 / 108,924,715 (26.1%)
[Layer Freezing] Training last 4 transformer layers (layers 8-11)
[Layer Freezing] Trainable params: 28,384,555 / 108,924,715 (26.1%)
[Layer Freezing] Training last 4 transformer layers (layers 8-11)
[Layer Freezing] Trainable params: 28,384,555 / 108,924,715 (26.1%)
[Layer Freezing] Training last 4 transformer layers (layers 8-11)
[Layer Freezing] Trainable params: 28,384,555 / 108,924,715 (26.1%)
[Layer Freezing] Training last 4 transformer layers (layers 8-11)
[Layer Freezing] Trainable params: 28,384,555 / 108,924,715 (26.1%)
[Layer Freezing] Training last 4 transformer layers (layers 8-11)
[Layer Freezing] Trainable params: 28,384,555 / 108,924,715 (26.1%)
[Layer Freezing] Training last 4 transformer layers (layers 8-11)
[Layer Freezing] Trainable params: 28,384,555 / 108,924,715 (26.1%)
[Layer Freezing] Training last 4 transformer layers (layers 8-11)
[Layer Freezing] Trainable params: 28,384,555 / 108,924,715 (26.1%)
[Layer Freezing] Training last 4 transformer layers (layers 8-11)
[Layer Freezing] Trainable params: 28,384,555 / 108,924,715 (26.1%)
[Layer Freezing] Training last 4 transformer layers (layers 8-11)
[Layer Freezing] Trainable params: 28,384,555 / 108,924,715 (26.1%)
[Round 63] T=2.82  α_ce=0.81  α_kd=0.19
 Round 63 | F1 0.5073 | P 0.6158 | R 0.4313 | Time 46.1s | Comm N/A | Local Avg F1: 0.4348

=== Round 64/100 ===
[Round 64] KD=ON | policy=ema_first
[Layer Freezing] Training last 4 transformer layers (layers 8-11)
[Layer Freezing] Trainable params: 28,384,555 / 108,924,715 (26.1%)
[Layer Freezing] Training last 4 transformer layers (layers 8-11)
[Layer Freezing] Trainable params: 28,384,555 / 108,924,715 (26.1%)
[Layer Freezing] Training last 4 transformer layers (layers 8-11)
[Layer Freezing] Trainable params: 28,384,555 / 108,924,715 (26.1%)
[Layer Freezing] Training last 4 transformer layers (layers 8-11)
[Layer Freezing] Trainable params: 28,384,555 / 108,924,715 (26.1%)
[Layer Freezing] Training last 4 transformer layers (layers 8-11)
[Layer Freezing] Trainable params: 28,384,555 / 108,924,715 (26.1%)
[Layer Freezing] Training last 4 transformer layers (layers 8-11)
[Layer Freezing] Trainable params: 28,384,555 / 108,924,715 (26.1%)
[Layer Freezing] Training last 4 transformer layers (layers 8-11)
[Layer Freezing] Trainable params: 28,384,555 / 108,924,715 (26.1%)
[Layer Freezing] Training last 4 transformer layers (layers 8-11)
[Layer Freezing] Trainable params: 28,384,555 / 108,924,715 (26.1%)
[Layer Freezing] Training last 4 transformer layers (layers 8-11)
[Layer Freezing] Trainable params: 28,384,555 / 108,924,715 (26.1%)
[Layer Freezing] Training last 4 transformer layers (layers 8-11)
[Layer Freezing] Trainable params: 28,384,555 / 108,924,715 (26.1%)
[Round 64] T=2.79  α_ce=0.81  α_kd=0.19
 Round 64 | F1 0.5176 | P 0.6057 | R 0.4518 | Time 46.4s | Comm N/A | Local Avg F1: 0.4440

=== Round 65/100 ===
[Round 65] KD=ON | policy=ema_first
[Layer Freezing] Training last 4 transformer layers (layers 8-11)
[Layer Freezing] Trainable params: 28,384,555 / 108,924,715 (26.1%)
[Layer Freezing] Training last 4 transformer layers (layers 8-11)
[Layer Freezing] Trainable params: 28,384,555 / 108,924,715 (26.1%)
[Layer Freezing] Training last 4 transformer layers (layers 8-11)
[Layer Freezing] Trainable params: 28,384,555 / 108,924,715 (26.1%)
[Layer Freezing] Training last 4 transformer layers (layers 8-11)
[Layer Freezing] Trainable params: 28,384,555 / 108,924,715 (26.1%)
[Layer Freezing] Training last 4 transformer layers (layers 8-11)
[Layer Freezing] Trainable params: 28,384,555 / 108,924,715 (26.1%)
[Layer Freezing] Training last 4 transformer layers (layers 8-11)
[Layer Freezing] Trainable params: 28,384,555 / 108,924,715 (26.1%)
[Layer Freezing] Training last 4 transformer layers (layers 8-11)
[Layer Freezing] Trainable params: 28,384,555 / 108,924,715 (26.1%)
[Layer Freezing] Training last 4 transformer layers (layers 8-11)
[Layer Freezing] Trainable params: 28,384,555 / 108,924,715 (26.1%)
[Layer Freezing] Training last 4 transformer layers (layers 8-11)
[Layer Freezing] Trainable params: 28,384,555 / 108,924,715 (26.1%)
[Layer Freezing] Training last 4 transformer layers (layers 8-11)
[Layer Freezing] Trainable params: 28,384,555 / 108,924,715 (26.1%)
[Round 65] T=2.75  α_ce=0.81  α_kd=0.19
 Round 65 | F1 0.5057 | P 0.6189 | R 0.4275 | Time 45.4s | Comm N/A | Local Avg F1: 0.4379

=== Round 66/100 ===
[Round 66] KD=ON | policy=ema_first
[Layer Freezing] Training last 4 transformer layers (layers 8-11)
[Layer Freezing] Trainable params: 28,384,555 / 108,924,715 (26.1%)
[Layer Freezing] Training last 4 transformer layers (layers 8-11)
[Layer Freezing] Trainable params: 28,384,555 / 108,924,715 (26.1%)
[Layer Freezing] Training last 4 transformer layers (layers 8-11)
[Layer Freezing] Trainable params: 28,384,555 / 108,924,715 (26.1%)
[Layer Freezing] Training last 4 transformer layers (layers 8-11)
[Layer Freezing] Trainable params: 28,384,555 / 108,924,715 (26.1%)
[Layer Freezing] Training last 4 transformer layers (layers 8-11)
[Layer Freezing] Trainable params: 28,384,555 / 108,924,715 (26.1%)
[Layer Freezing] Training last 4 transformer layers (layers 8-11)
[Layer Freezing] Trainable params: 28,384,555 / 108,924,715 (26.1%)
[Layer Freezing] Training last 4 transformer layers (layers 8-11)
[Layer Freezing] Trainable params: 28,384,555 / 108,924,715 (26.1%)
[Layer Freezing] Training last 4 transformer layers (layers 8-11)
[Layer Freezing] Trainable params: 28,384,555 / 108,924,715 (26.1%)
[Layer Freezing] Training last 4 transformer layers (layers 8-11)
[Layer Freezing] Trainable params: 28,384,555 / 108,924,715 (26.1%)
[Layer Freezing] Training last 4 transformer layers (layers 8-11)
[Layer Freezing] Trainable params: 28,384,555 / 108,924,715 (26.1%)
[Round 66] T=2.71  α_ce=0.80  α_kd=0.20
 Round 66 | F1 0.5166 | P 0.6052 | R 0.4506 | Time 44.5s | Comm N/A | Local Avg F1: 0.4453

=== Round 67/100 ===
[Round 67] KD=ON | policy=ema_first
[Layer Freezing] Training last 4 transformer layers (layers 8-11)
[Layer Freezing] Trainable params: 28,384,555 / 108,924,715 (26.1%)
[Layer Freezing] Training last 4 transformer layers (layers 8-11)
[Layer Freezing] Trainable params: 28,384,555 / 108,924,715 (26.1%)
[Layer Freezing] Training last 4 transformer layers (layers 8-11)
[Layer Freezing] Trainable params: 28,384,555 / 108,924,715 (26.1%)
[Layer Freezing] Training last 4 transformer layers (layers 8-11)
[Layer Freezing] Trainable params: 28,384,555 / 108,924,715 (26.1%)
[Layer Freezing] Training last 4 transformer layers (layers 8-11)
[Layer Freezing] Trainable params: 28,384,555 / 108,924,715 (26.1%)
[Layer Freezing] Training last 4 transformer layers (layers 8-11)
[Layer Freezing] Trainable params: 28,384,555 / 108,924,715 (26.1%)
[Layer Freezing] Training last 4 transformer layers (layers 8-11)
[Layer Freezing] Trainable params: 28,384,555 / 108,924,715 (26.1%)
[Layer Freezing] Training last 4 transformer layers (layers 8-11)
[Layer Freezing] Trainable params: 28,384,555 / 108,924,715 (26.1%)
[Layer Freezing] Training last 4 transformer layers (layers 8-11)
[Layer Freezing] Trainable params: 28,384,555 / 108,924,715 (26.1%)
[Layer Freezing] Training last 4 transformer layers (layers 8-11)
[Layer Freezing] Trainable params: 28,384,555 / 108,924,715 (26.1%)
[Round 67] T=2.68  α_ce=0.80  α_kd=0.20
 Round 67 | F1 0.5142 | P 0.6167 | R 0.4410 | Time 46.3s | Comm N/A | Local Avg F1: 0.4428

=== Round 68/100 ===
[Round 68] KD=ON | policy=ema_first
[Layer Freezing] Training last 4 transformer layers (layers 8-11)
[Layer Freezing] Trainable params: 28,384,555 / 108,924,715 (26.1%)
[Layer Freezing] Training last 4 transformer layers (layers 8-11)
[Layer Freezing] Trainable params: 28,384,555 / 108,924,715 (26.1%)
[Layer Freezing] Training last 4 transformer layers (layers 8-11)
[Layer Freezing] Trainable params: 28,384,555 / 108,924,715 (26.1%)
[Layer Freezing] Training last 4 transformer layers (layers 8-11)
[Layer Freezing] Trainable params: 28,384,555 / 108,924,715 (26.1%)
[Layer Freezing] Training last 4 transformer layers (layers 8-11)
[Layer Freezing] Trainable params: 28,384,555 / 108,924,715 (26.1%)
[Layer Freezing] Training last 4 transformer layers (layers 8-11)
[Layer Freezing] Trainable params: 28,384,555 / 108,924,715 (26.1%)
[Layer Freezing] Training last 4 transformer layers (layers 8-11)
[Layer Freezing] Trainable params: 28,384,555 / 108,924,715 (26.1%)
[Layer Freezing] Training last 4 transformer layers (layers 8-11)
[Layer Freezing] Trainable params: 28,384,555 / 108,924,715 (26.1%)
[Layer Freezing] Training last 4 transformer layers (layers 8-11)
[Layer Freezing] Trainable params: 28,384,555 / 108,924,715 (26.1%)
[Layer Freezing] Training last 4 transformer layers (layers 8-11)
[Layer Freezing] Trainable params: 28,384,555 / 108,924,715 (26.1%)
[Round 68] T=2.64  α_ce=0.80  α_kd=0.20
 Round 68 | F1 0.5154 | P 0.6159 | R 0.4431 | Time 46.2s | Comm N/A | Local Avg F1: 0.4424

=== Round 69/100 ===
[Round 69] KD=ON | policy=ema_first
[Layer Freezing] Training last 4 transformer layers (layers 8-11)
[Layer Freezing] Trainable params: 28,384,555 / 108,924,715 (26.1%)
[Layer Freezing] Training last 4 transformer layers (layers 8-11)
[Layer Freezing] Trainable params: 28,384,555 / 108,924,715 (26.1%)
[Layer Freezing] Training last 4 transformer layers (layers 8-11)
[Layer Freezing] Trainable params: 28,384,555 / 108,924,715 (26.1%)
[Layer Freezing] Training last 4 transformer layers (layers 8-11)
[Layer Freezing] Trainable params: 28,384,555 / 108,924,715 (26.1%)
[Layer Freezing] Training last 4 transformer layers (layers 8-11)
[Layer Freezing] Trainable params: 28,384,555 / 108,924,715 (26.1%)
[Layer Freezing] Training last 4 transformer layers (layers 8-11)
[Layer Freezing] Trainable params: 28,384,555 / 108,924,715 (26.1%)
[Layer Freezing] Training last 4 transformer layers (layers 8-11)
[Layer Freezing] Trainable params: 28,384,555 / 108,924,715 (26.1%)
[Layer Freezing] Training last 4 transformer layers (layers 8-11)
[Layer Freezing] Trainable params: 28,384,555 / 108,924,715 (26.1%)
[Layer Freezing] Training last 4 transformer layers (layers 8-11)
[Layer Freezing] Trainable params: 28,384,555 / 108,924,715 (26.1%)
[Layer Freezing] Training last 4 transformer layers (layers 8-11)
[Layer Freezing] Trainable params: 28,384,555 / 108,924,715 (26.1%)
[Round 69] T=2.61  α_ce=0.79  α_kd=0.21
 Round 69 | F1 0.5253 | P 0.6027 | R 0.4654 | Time 45.2s | Comm N/A | Local Avg F1: 0.4484

=== Round 70/100 ===
[Round 70] KD=ON | policy=ema_first
[Layer Freezing] Training last 4 transformer layers (layers 8-11)
[Layer Freezing] Trainable params: 28,384,555 / 108,924,715 (26.1%)
[Layer Freezing] Training last 4 transformer layers (layers 8-11)
[Layer Freezing] Trainable params: 28,384,555 / 108,924,715 (26.1%)
[Layer Freezing] Training last 4 transformer layers (layers 8-11)
[Layer Freezing] Trainable params: 28,384,555 / 108,924,715 (26.1%)
[Layer Freezing] Training last 4 transformer layers (layers 8-11)
[Layer Freezing] Trainable params: 28,384,555 / 108,924,715 (26.1%)
[Layer Freezing] Training last 4 transformer layers (layers 8-11)
[Layer Freezing] Trainable params: 28,384,555 / 108,924,715 (26.1%)
[Layer Freezing] Training last 4 transformer layers (layers 8-11)
[Layer Freezing] Trainable params: 28,384,555 / 108,924,715 (26.1%)
[Layer Freezing] Training last 4 transformer layers (layers 8-11)
[Layer Freezing] Trainable params: 28,384,555 / 108,924,715 (26.1%)
[Layer Freezing] Training last 4 transformer layers (layers 8-11)
[Layer Freezing] Trainable params: 28,384,555 / 108,924,715 (26.1%)
[Layer Freezing] Training last 4 transformer layers (layers 8-11)
[Layer Freezing] Trainable params: 28,384,555 / 108,924,715 (26.1%)
[Layer Freezing] Training last 4 transformer layers (layers 8-11)
[Layer Freezing] Trainable params: 28,384,555 / 108,924,715 (26.1%)
[Round 70] T=2.57  α_ce=0.79  α_kd=0.21
 Round 70 | F1 0.5204 | P 0.6202 | R 0.4483 | Time 46.5s | Comm N/A | Local Avg F1: 0.4473

=== Round 71/100 ===
[Round 71] KD=ON | policy=ema_first
[Layer Freezing] Training last 4 transformer layers (layers 8-11)
[Layer Freezing] Trainable params: 28,384,555 / 108,924,715 (26.1%)
[Layer Freezing] Training last 4 transformer layers (layers 8-11)
[Layer Freezing] Trainable params: 28,384,555 / 108,924,715 (26.1%)
[Layer Freezing] Training last 4 transformer layers (layers 8-11)
[Layer Freezing] Trainable params: 28,384,555 / 108,924,715 (26.1%)
[Layer Freezing] Training last 4 transformer layers (layers 8-11)
[Layer Freezing] Trainable params: 28,384,555 / 108,924,715 (26.1%)
[Layer Freezing] Training last 4 transformer layers (layers 8-11)
[Layer Freezing] Trainable params: 28,384,555 / 108,924,715 (26.1%)
[Layer Freezing] Training last 4 transformer layers (layers 8-11)
[Layer Freezing] Trainable params: 28,384,555 / 108,924,715 (26.1%)
[Layer Freezing] Training last 4 transformer layers (layers 8-11)
[Layer Freezing] Trainable params: 28,384,555 / 108,924,715 (26.1%)
[Layer Freezing] Training last 4 transformer layers (layers 8-11)
[Layer Freezing] Trainable params: 28,384,555 / 108,924,715 (26.1%)
[Layer Freezing] Training last 4 transformer layers (layers 8-11)
[Layer Freezing] Trainable params: 28,384,555 / 108,924,715 (26.1%)
[Layer Freezing] Training last 4 transformer layers (layers 8-11)
[Layer Freezing] Trainable params: 28,384,555 / 108,924,715 (26.1%)
[Round 71] T=2.54  α_ce=0.79  α_kd=0.21
 Round 71 | F1 0.5251 | P 0.6102 | R 0.4609 | Time 45.7s | Comm N/A | Local Avg F1: 0.4522

=== Round 72/100 ===
[Round 72] KD=ON | policy=ema_first
[Layer Freezing] Training last 4 transformer layers (layers 8-11)
[Layer Freezing] Trainable params: 28,384,555 / 108,924,715 (26.1%)
[Layer Freezing] Training last 4 transformer layers (layers 8-11)
[Layer Freezing] Trainable params: 28,384,555 / 108,924,715 (26.1%)
[Layer Freezing] Training last 4 transformer layers (layers 8-11)
[Layer Freezing] Trainable params: 28,384,555 / 108,924,715 (26.1%)
[Layer Freezing] Training last 4 transformer layers (layers 8-11)
[Layer Freezing] Trainable params: 28,384,555 / 108,924,715 (26.1%)
[Layer Freezing] Training last 4 transformer layers (layers 8-11)
[Layer Freezing] Trainable params: 28,384,555 / 108,924,715 (26.1%)
[Layer Freezing] Training last 4 transformer layers (layers 8-11)
[Layer Freezing] Trainable params: 28,384,555 / 108,924,715 (26.1%)
[Layer Freezing] Training last 4 transformer layers (layers 8-11)
[Layer Freezing] Trainable params: 28,384,555 / 108,924,715 (26.1%)
[Layer Freezing] Training last 4 transformer layers (layers 8-11)
[Layer Freezing] Trainable params: 28,384,555 / 108,924,715 (26.1%)
[Layer Freezing] Training last 4 transformer layers (layers 8-11)
[Layer Freezing] Trainable params: 28,384,555 / 108,924,715 (26.1%)
[Layer Freezing] Training last 4 transformer layers (layers 8-11)
[Layer Freezing] Trainable params: 28,384,555 / 108,924,715 (26.1%)
[Round 72] T=2.50  α_ce=0.79  α_kd=0.21
 Round 72 | F1 0.5258 | P 0.6056 | R 0.4646 | Time 45.5s | Comm N/A | Local Avg F1: 0.4536

=== Round 73/100 ===
[Round 73] KD=ON | policy=ema_first
[Layer Freezing] Training last 4 transformer layers (layers 8-11)
[Layer Freezing] Trainable params: 28,384,555 / 108,924,715 (26.1%)
[Layer Freezing] Training last 4 transformer layers (layers 8-11)
[Layer Freezing] Trainable params: 28,384,555 / 108,924,715 (26.1%)
[Layer Freezing] Training last 4 transformer layers (layers 8-11)
[Layer Freezing] Trainable params: 28,384,555 / 108,924,715 (26.1%)
[Layer Freezing] Training last 4 transformer layers (layers 8-11)
[Layer Freezing] Trainable params: 28,384,555 / 108,924,715 (26.1%)
[Layer Freezing] Training last 4 transformer layers (layers 8-11)
[Layer Freezing] Trainable params: 28,384,555 / 108,924,715 (26.1%)
[Layer Freezing] Training last 4 transformer layers (layers 8-11)
[Layer Freezing] Trainable params: 28,384,555 / 108,924,715 (26.1%)
[Layer Freezing] Training last 4 transformer layers (layers 8-11)
[Layer Freezing] Trainable params: 28,384,555 / 108,924,715 (26.1%)
[Layer Freezing] Training last 4 transformer layers (layers 8-11)
[Layer Freezing] Trainable params: 28,384,555 / 108,924,715 (26.1%)
[Layer Freezing] Training last 4 transformer layers (layers 8-11)
[Layer Freezing] Trainable params: 28,384,555 / 108,924,715 (26.1%)
[Layer Freezing] Training last 4 transformer layers (layers 8-11)
[Layer Freezing] Trainable params: 28,384,555 / 108,924,715 (26.1%)
[Round 73] T=2.46  α_ce=0.78  α_kd=0.22
 Round 73 | F1 0.5296 | P 0.6018 | R 0.4729 | Time 46.1s | Comm N/A | Local Avg F1: 0.4575

=== Round 74/100 ===
[Round 74] KD=ON | policy=ema_first
[Layer Freezing] Training last 4 transformer layers (layers 8-11)
[Layer Freezing] Trainable params: 28,384,555 / 108,924,715 (26.1%)
[Layer Freezing] Training last 4 transformer layers (layers 8-11)
[Layer Freezing] Trainable params: 28,384,555 / 108,924,715 (26.1%)
[Layer Freezing] Training last 4 transformer layers (layers 8-11)
[Layer Freezing] Trainable params: 28,384,555 / 108,924,715 (26.1%)
[Layer Freezing] Training last 4 transformer layers (layers 8-11)
[Layer Freezing] Trainable params: 28,384,555 / 108,924,715 (26.1%)
[Layer Freezing] Training last 4 transformer layers (layers 8-11)
[Layer Freezing] Trainable params: 28,384,555 / 108,924,715 (26.1%)
[Layer Freezing] Training last 4 transformer layers (layers 8-11)
[Layer Freezing] Trainable params: 28,384,555 / 108,924,715 (26.1%)
[Layer Freezing] Training last 4 transformer layers (layers 8-11)
[Layer Freezing] Trainable params: 28,384,555 / 108,924,715 (26.1%)
[Layer Freezing] Training last 4 transformer layers (layers 8-11)
[Layer Freezing] Trainable params: 28,384,555 / 108,924,715 (26.1%)
[Layer Freezing] Training last 4 transformer layers (layers 8-11)
[Layer Freezing] Trainable params: 28,384,555 / 108,924,715 (26.1%)
[Layer Freezing] Training last 4 transformer layers (layers 8-11)
[Layer Freezing] Trainable params: 28,384,555 / 108,924,715 (26.1%)
[Round 74] T=2.43  α_ce=0.78  α_kd=0.22
 Round 74 | F1 0.5275 | P 0.6095 | R 0.4649 | Time 47.0s | Comm N/A | Local Avg F1: 0.4513

=== Round 75/100 ===
[Round 75] KD=ON | policy=ema_first
[Layer Freezing] Training last 4 transformer layers (layers 8-11)
[Layer Freezing] Trainable params: 28,384,555 / 108,924,715 (26.1%)
[Layer Freezing] Training last 4 transformer layers (layers 8-11)
[Layer Freezing] Trainable params: 28,384,555 / 108,924,715 (26.1%)
[Layer Freezing] Training last 4 transformer layers (layers 8-11)
[Layer Freezing] Trainable params: 28,384,555 / 108,924,715 (26.1%)
[Layer Freezing] Training last 4 transformer layers (layers 8-11)
[Layer Freezing] Trainable params: 28,384,555 / 108,924,715 (26.1%)
[Layer Freezing] Training last 4 transformer layers (layers 8-11)
[Layer Freezing] Trainable params: 28,384,555 / 108,924,715 (26.1%)
[Layer Freezing] Training last 4 transformer layers (layers 8-11)
[Layer Freezing] Trainable params: 28,384,555 / 108,924,715 (26.1%)
[Layer Freezing] Training last 4 transformer layers (layers 8-11)
[Layer Freezing] Trainable params: 28,384,555 / 108,924,715 (26.1%)
[Layer Freezing] Training last 4 transformer layers (layers 8-11)
[Layer Freezing] Trainable params: 28,384,555 / 108,924,715 (26.1%)
[Layer Freezing] Training last 4 transformer layers (layers 8-11)
[Layer Freezing] Trainable params: 28,384,555 / 108,924,715 (26.1%)
[Layer Freezing] Training last 4 transformer layers (layers 8-11)
[Layer Freezing] Trainable params: 28,384,555 / 108,924,715 (26.1%)
[Round 75] T=2.39  α_ce=0.78  α_kd=0.22
 Round 75 | F1 0.5228 | P 0.6184 | R 0.4528 | Time 45.8s | Comm N/A | Local Avg F1: 0.4512

=== Round 76/100 ===
[Round 76] KD=ON | policy=ema_first
[Layer Freezing] Training last 4 transformer layers (layers 8-11)
[Layer Freezing] Trainable params: 28,384,555 / 108,924,715 (26.1%)
[Layer Freezing] Training last 4 transformer layers (layers 8-11)
[Layer Freezing] Trainable params: 28,384,555 / 108,924,715 (26.1%)
[Layer Freezing] Training last 4 transformer layers (layers 8-11)
[Layer Freezing] Trainable params: 28,384,555 / 108,924,715 (26.1%)
[Layer Freezing] Training last 4 transformer layers (layers 8-11)
[Layer Freezing] Trainable params: 28,384,555 / 108,924,715 (26.1%)
[Layer Freezing] Training last 4 transformer layers (layers 8-11)
[Layer Freezing] Trainable params: 28,384,555 / 108,924,715 (26.1%)
[Layer Freezing] Training last 4 transformer layers (layers 8-11)
[Layer Freezing] Trainable params: 28,384,555 / 108,924,715 (26.1%)
[Layer Freezing] Training last 4 transformer layers (layers 8-11)
[Layer Freezing] Trainable params: 28,384,555 / 108,924,715 (26.1%)
[Layer Freezing] Training last 4 transformer layers (layers 8-11)
[Layer Freezing] Trainable params: 28,384,555 / 108,924,715 (26.1%)
[Layer Freezing] Training last 4 transformer layers (layers 8-11)
[Layer Freezing] Trainable params: 28,384,555 / 108,924,715 (26.1%)
[Layer Freezing] Training last 4 transformer layers (layers 8-11)
[Layer Freezing] Trainable params: 28,384,555 / 108,924,715 (26.1%)
[Round 76] T=2.36  α_ce=0.77  α_kd=0.23
 Round 76 | F1 0.5361 | P 0.6059 | R 0.4807 | Time 46.7s | Comm N/A | Local Avg F1: 0.4653

=== Round 77/100 ===
[Round 77] KD=ON | policy=ema_first
[Layer Freezing] Training last 4 transformer layers (layers 8-11)
[Layer Freezing] Trainable params: 28,384,555 / 108,924,715 (26.1%)
[Layer Freezing] Training last 4 transformer layers (layers 8-11)
[Layer Freezing] Trainable params: 28,384,555 / 108,924,715 (26.1%)
[Layer Freezing] Training last 4 transformer layers (layers 8-11)
[Layer Freezing] Trainable params: 28,384,555 / 108,924,715 (26.1%)
[Layer Freezing] Training last 4 transformer layers (layers 8-11)
[Layer Freezing] Trainable params: 28,384,555 / 108,924,715 (26.1%)
[Layer Freezing] Training last 4 transformer layers (layers 8-11)
[Layer Freezing] Trainable params: 28,384,555 / 108,924,715 (26.1%)
[Layer Freezing] Training last 4 transformer layers (layers 8-11)
[Layer Freezing] Trainable params: 28,384,555 / 108,924,715 (26.1%)
[Layer Freezing] Training last 4 transformer layers (layers 8-11)
[Layer Freezing] Trainable params: 28,384,555 / 108,924,715 (26.1%)
[Layer Freezing] Training last 4 transformer layers (layers 8-11)
[Layer Freezing] Trainable params: 28,384,555 / 108,924,715 (26.1%)
[Layer Freezing] Training last 4 transformer layers (layers 8-11)
[Layer Freezing] Trainable params: 28,384,555 / 108,924,715 (26.1%)
[Layer Freezing] Training last 4 transformer layers (layers 8-11)
[Layer Freezing] Trainable params: 28,384,555 / 108,924,715 (26.1%)
[Round 77] T=2.32  α_ce=0.77  α_kd=0.23
 Round 77 | F1 0.5298 | P 0.6130 | R 0.4666 | Time 45.1s | Comm N/A | Local Avg F1: 0.4576

=== Round 78/100 ===
[Round 78] KD=ON | policy=ema_first
[Layer Freezing] Training last 4 transformer layers (layers 8-11)
[Layer Freezing] Trainable params: 28,384,555 / 108,924,715 (26.1%)
[Layer Freezing] Training last 4 transformer layers (layers 8-11)
[Layer Freezing] Trainable params: 28,384,555 / 108,924,715 (26.1%)
[Layer Freezing] Training last 4 transformer layers (layers 8-11)
[Layer Freezing] Trainable params: 28,384,555 / 108,924,715 (26.1%)
[Layer Freezing] Training last 4 transformer layers (layers 8-11)
[Layer Freezing] Trainable params: 28,384,555 / 108,924,715 (26.1%)
[Layer Freezing] Training last 4 transformer layers (layers 8-11)
[Layer Freezing] Trainable params: 28,384,555 / 108,924,715 (26.1%)
[Layer Freezing] Training last 4 transformer layers (layers 8-11)
[Layer Freezing] Trainable params: 28,384,555 / 108,924,715 (26.1%)
[Layer Freezing] Training last 4 transformer layers (layers 8-11)
[Layer Freezing] Trainable params: 28,384,555 / 108,924,715 (26.1%)
[Layer Freezing] Training last 4 transformer layers (layers 8-11)
[Layer Freezing] Trainable params: 28,384,555 / 108,924,715 (26.1%)
[Layer Freezing] Training last 4 transformer layers (layers 8-11)
[Layer Freezing] Trainable params: 28,384,555 / 108,924,715 (26.1%)
[Layer Freezing] Training last 4 transformer layers (layers 8-11)
[Layer Freezing] Trainable params: 28,384,555 / 108,924,715 (26.1%)
[Round 78] T=2.29  α_ce=0.77  α_kd=0.23
 Round 78 | F1 0.5251 | P 0.6190 | R 0.4560 | Time 46.1s | Comm N/A | Local Avg F1: 0.4531

=== Round 79/100 ===
[Round 79] KD=ON | policy=ema_first
[Layer Freezing] Training last 4 transformer layers (layers 8-11)
[Layer Freezing] Trainable params: 28,384,555 / 108,924,715 (26.1%)
[Layer Freezing] Training last 4 transformer layers (layers 8-11)
[Layer Freezing] Trainable params: 28,384,555 / 108,924,715 (26.1%)
[Layer Freezing] Training last 4 transformer layers (layers 8-11)
[Layer Freezing] Trainable params: 28,384,555 / 108,924,715 (26.1%)
[Layer Freezing] Training last 4 transformer layers (layers 8-11)
[Layer Freezing] Trainable params: 28,384,555 / 108,924,715 (26.1%)
[Layer Freezing] Training last 4 transformer layers (layers 8-11)
[Layer Freezing] Trainable params: 28,384,555 / 108,924,715 (26.1%)
[Layer Freezing] Training last 4 transformer layers (layers 8-11)
[Layer Freezing] Trainable params: 28,384,555 / 108,924,715 (26.1%)
[Layer Freezing] Training last 4 transformer layers (layers 8-11)
[Layer Freezing] Trainable params: 28,384,555 / 108,924,715 (26.1%)
[Layer Freezing] Training last 4 transformer layers (layers 8-11)
[Layer Freezing] Trainable params: 28,384,555 / 108,924,715 (26.1%)
[Layer Freezing] Training last 4 transformer layers (layers 8-11)
[Layer Freezing] Trainable params: 28,384,555 / 108,924,715 (26.1%)
[Layer Freezing] Training last 4 transformer layers (layers 8-11)
[Layer Freezing] Trainable params: 28,384,555 / 108,924,715 (26.1%)
[Round 79] T=2.25  α_ce=0.76  α_kd=0.24
 Round 79 | F1 0.5332 | P 0.6148 | R 0.4708 | Time 45.8s | Comm N/A | Local Avg F1: 0.4578

=== Round 80/100 ===
[Round 80] KD=ON | policy=ema_first
[Layer Freezing] Training last 4 transformer layers (layers 8-11)
[Layer Freezing] Trainable params: 28,384,555 / 108,924,715 (26.1%)
[Layer Freezing] Training last 4 transformer layers (layers 8-11)
[Layer Freezing] Trainable params: 28,384,555 / 108,924,715 (26.1%)
[Layer Freezing] Training last 4 transformer layers (layers 8-11)
[Layer Freezing] Trainable params: 28,384,555 / 108,924,715 (26.1%)
[Layer Freezing] Training last 4 transformer layers (layers 8-11)
[Layer Freezing] Trainable params: 28,384,555 / 108,924,715 (26.1%)
[Layer Freezing] Training last 4 transformer layers (layers 8-11)
[Layer Freezing] Trainable params: 28,384,555 / 108,924,715 (26.1%)
[Layer Freezing] Training last 4 transformer layers (layers 8-11)
[Layer Freezing] Trainable params: 28,384,555 / 108,924,715 (26.1%)
[Layer Freezing] Training last 4 transformer layers (layers 8-11)
[Layer Freezing] Trainable params: 28,384,555 / 108,924,715 (26.1%)
[Layer Freezing] Training last 4 transformer layers (layers 8-11)
[Layer Freezing] Trainable params: 28,384,555 / 108,924,715 (26.1%)
[Layer Freezing] Training last 4 transformer layers (layers 8-11)
[Layer Freezing] Trainable params: 28,384,555 / 108,924,715 (26.1%)
[Layer Freezing] Training last 4 transformer layers (layers 8-11)
[Layer Freezing] Trainable params: 28,384,555 / 108,924,715 (26.1%)
[Round 80] T=2.21  α_ce=0.76  α_kd=0.24
 Round 80 | F1 0.5365 | P 0.6087 | R 0.4797 | Time 45.3s | Comm N/A | Local Avg F1: 0.4594

=== Round 81/100 ===
[Round 81] KD=ON | policy=ema_first
[Layer Freezing] Training last 4 transformer layers (layers 8-11)
[Layer Freezing] Trainable params: 28,384,555 / 108,924,715 (26.1%)
[Layer Freezing] Training last 4 transformer layers (layers 8-11)
[Layer Freezing] Trainable params: 28,384,555 / 108,924,715 (26.1%)
[Layer Freezing] Training last 4 transformer layers (layers 8-11)
[Layer Freezing] Trainable params: 28,384,555 / 108,924,715 (26.1%)
[Layer Freezing] Training last 4 transformer layers (layers 8-11)
[Layer Freezing] Trainable params: 28,384,555 / 108,924,715 (26.1%)
[Layer Freezing] Training last 4 transformer layers (layers 8-11)
[Layer Freezing] Trainable params: 28,384,555 / 108,924,715 (26.1%)
[Layer Freezing] Training last 4 transformer layers (layers 8-11)
[Layer Freezing] Trainable params: 28,384,555 / 108,924,715 (26.1%)
[Layer Freezing] Training last 4 transformer layers (layers 8-11)
[Layer Freezing] Trainable params: 28,384,555 / 108,924,715 (26.1%)
[Layer Freezing] Training last 4 transformer layers (layers 8-11)
[Layer Freezing] Trainable params: 28,384,555 / 108,924,715 (26.1%)
[Layer Freezing] Training last 4 transformer layers (layers 8-11)
[Layer Freezing] Trainable params: 28,384,555 / 108,924,715 (26.1%)
[Layer Freezing] Training last 4 transformer layers (layers 8-11)
[Layer Freezing] Trainable params: 28,384,555 / 108,924,715 (26.1%)
[Round 81] T=2.18  α_ce=0.76  α_kd=0.24
 Round 81 | F1 0.5196 | P 0.6229 | R 0.4457 | Time 45.2s | Comm N/A | Local Avg F1: 0.4501

=== Round 82/100 ===
[Round 82] KD=ON | policy=ema_first
[Layer Freezing] Training last 4 transformer layers (layers 8-11)
[Layer Freezing] Trainable params: 28,384,555 / 108,924,715 (26.1%)
[Layer Freezing] Training last 4 transformer layers (layers 8-11)
[Layer Freezing] Trainable params: 28,384,555 / 108,924,715 (26.1%)
[Layer Freezing] Training last 4 transformer layers (layers 8-11)
[Layer Freezing] Trainable params: 28,384,555 / 108,924,715 (26.1%)
[Layer Freezing] Training last 4 transformer layers (layers 8-11)
[Layer Freezing] Trainable params: 28,384,555 / 108,924,715 (26.1%)
[Layer Freezing] Training last 4 transformer layers (layers 8-11)
[Layer Freezing] Trainable params: 28,384,555 / 108,924,715 (26.1%)
[Layer Freezing] Training last 4 transformer layers (layers 8-11)
[Layer Freezing] Trainable params: 28,384,555 / 108,924,715 (26.1%)
[Layer Freezing] Training last 4 transformer layers (layers 8-11)
[Layer Freezing] Trainable params: 28,384,555 / 108,924,715 (26.1%)
[Layer Freezing] Training last 4 transformer layers (layers 8-11)
[Layer Freezing] Trainable params: 28,384,555 / 108,924,715 (26.1%)
[Layer Freezing] Training last 4 transformer layers (layers 8-11)
[Layer Freezing] Trainable params: 28,384,555 / 108,924,715 (26.1%)
[Layer Freezing] Training last 4 transformer layers (layers 8-11)
[Layer Freezing] Trainable params: 28,384,555 / 108,924,715 (26.1%)
[Round 82] T=2.14  α_ce=0.76  α_kd=0.24
 Round 82 | F1 0.5299 | P 0.6093 | R 0.4688 | Time 46.0s | Comm N/A | Local Avg F1: 0.4593

=== Round 83/100 ===
[Round 83] KD=ON | policy=ema_first
[Layer Freezing] Training last 4 transformer layers (layers 8-11)
[Layer Freezing] Trainable params: 28,384,555 / 108,924,715 (26.1%)
[Layer Freezing] Training last 4 transformer layers (layers 8-11)
[Layer Freezing] Trainable params: 28,384,555 / 108,924,715 (26.1%)
[Layer Freezing] Training last 4 transformer layers (layers 8-11)
[Layer Freezing] Trainable params: 28,384,555 / 108,924,715 (26.1%)
[Layer Freezing] Training last 4 transformer layers (layers 8-11)
[Layer Freezing] Trainable params: 28,384,555 / 108,924,715 (26.1%)
[Layer Freezing] Training last 4 transformer layers (layers 8-11)
[Layer Freezing] Trainable params: 28,384,555 / 108,924,715 (26.1%)
[Layer Freezing] Training last 4 transformer layers (layers 8-11)
[Layer Freezing] Trainable params: 28,384,555 / 108,924,715 (26.1%)
[Layer Freezing] Training last 4 transformer layers (layers 8-11)
[Layer Freezing] Trainable params: 28,384,555 / 108,924,715 (26.1%)
[Layer Freezing] Training last 4 transformer layers (layers 8-11)
[Layer Freezing] Trainable params: 28,384,555 / 108,924,715 (26.1%)
[Layer Freezing] Training last 4 transformer layers (layers 8-11)
[Layer Freezing] Trainable params: 28,384,555 / 108,924,715 (26.1%)
[Layer Freezing] Training last 4 transformer layers (layers 8-11)
[Layer Freezing] Trainable params: 28,384,555 / 108,924,715 (26.1%)
[Round 83] T=2.11  α_ce=0.75  α_kd=0.25
 Round 83 | F1 0.5346 | P 0.6063 | R 0.4781 | Time 45.9s | Comm N/A | Local Avg F1: 0.4599

=== Round 84/100 ===
[Round 84] KD=ON | policy=ema_first
[Layer Freezing] Training last 4 transformer layers (layers 8-11)
[Layer Freezing] Trainable params: 28,384,555 / 108,924,715 (26.1%)
[Layer Freezing] Training last 4 transformer layers (layers 8-11)
[Layer Freezing] Trainable params: 28,384,555 / 108,924,715 (26.1%)
[Layer Freezing] Training last 4 transformer layers (layers 8-11)
[Layer Freezing] Trainable params: 28,384,555 / 108,924,715 (26.1%)
[Layer Freezing] Training last 4 transformer layers (layers 8-11)
[Layer Freezing] Trainable params: 28,384,555 / 108,924,715 (26.1%)
[Layer Freezing] Training last 4 transformer layers (layers 8-11)
[Layer Freezing] Trainable params: 28,384,555 / 108,924,715 (26.1%)
[Layer Freezing] Training last 4 transformer layers (layers 8-11)
[Layer Freezing] Trainable params: 28,384,555 / 108,924,715 (26.1%)
[Layer Freezing] Training last 4 transformer layers (layers 8-11)
[Layer Freezing] Trainable params: 28,384,555 / 108,924,715 (26.1%)
[Layer Freezing] Training last 4 transformer layers (layers 8-11)
[Layer Freezing] Trainable params: 28,384,555 / 108,924,715 (26.1%)
[Layer Freezing] Training last 4 transformer layers (layers 8-11)
[Layer Freezing] Trainable params: 28,384,555 / 108,924,715 (26.1%)
[Layer Freezing] Training last 4 transformer layers (layers 8-11)
[Layer Freezing] Trainable params: 28,384,555 / 108,924,715 (26.1%)
[Round 84] T=2.07  α_ce=0.75  α_kd=0.25
 Round 84 | F1 0.5424 | P 0.6079 | R 0.4897 | Time 45.2s | Comm N/A | Local Avg F1: 0.4613

=== Round 85/100 ===
[Round 85] KD=ON | policy=ema_first
[Layer Freezing] Training last 4 transformer layers (layers 8-11)
[Layer Freezing] Trainable params: 28,384,555 / 108,924,715 (26.1%)
[Layer Freezing] Training last 4 transformer layers (layers 8-11)
[Layer Freezing] Trainable params: 28,384,555 / 108,924,715 (26.1%)
[Layer Freezing] Training last 4 transformer layers (layers 8-11)
[Layer Freezing] Trainable params: 28,384,555 / 108,924,715 (26.1%)
[Layer Freezing] Training last 4 transformer layers (layers 8-11)
[Layer Freezing] Trainable params: 28,384,555 / 108,924,715 (26.1%)
[Layer Freezing] Training last 4 transformer layers (layers 8-11)
[Layer Freezing] Trainable params: 28,384,555 / 108,924,715 (26.1%)
[Layer Freezing] Training last 4 transformer layers (layers 8-11)
[Layer Freezing] Trainable params: 28,384,555 / 108,924,715 (26.1%)
[Layer Freezing] Training last 4 transformer layers (layers 8-11)
[Layer Freezing] Trainable params: 28,384,555 / 108,924,715 (26.1%)
[Layer Freezing] Training last 4 transformer layers (layers 8-11)
[Layer Freezing] Trainable params: 28,384,555 / 108,924,715 (26.1%)
[Layer Freezing] Training last 4 transformer layers (layers 8-11)
[Layer Freezing] Trainable params: 28,384,555 / 108,924,715 (26.1%)
[Layer Freezing] Training last 4 transformer layers (layers 8-11)
[Layer Freezing] Trainable params: 28,384,555 / 108,924,715 (26.1%)
[Round 85] T=2.04  α_ce=0.75  α_kd=0.25
 Round 85 | F1 0.5272 | P 0.6242 | R 0.4563 | Time 45.9s | Comm N/A | Local Avg F1: 0.4536

=== Round 86/100 ===
[Round 86] KD=ON | policy=ema_first
[Layer Freezing] Training last 4 transformer layers (layers 8-11)
[Layer Freezing] Trainable params: 28,384,555 / 108,924,715 (26.1%)
[Layer Freezing] Training last 4 transformer layers (layers 8-11)
[Layer Freezing] Trainable params: 28,384,555 / 108,924,715 (26.1%)
[Layer Freezing] Training last 4 transformer layers (layers 8-11)
[Layer Freezing] Trainable params: 28,384,555 / 108,924,715 (26.1%)
[Layer Freezing] Training last 4 transformer layers (layers 8-11)
[Layer Freezing] Trainable params: 28,384,555 / 108,924,715 (26.1%)
[Layer Freezing] Training last 4 transformer layers (layers 8-11)
[Layer Freezing] Trainable params: 28,384,555 / 108,924,715 (26.1%)
[Layer Freezing] Training last 4 transformer layers (layers 8-11)
[Layer Freezing] Trainable params: 28,384,555 / 108,924,715 (26.1%)
[Layer Freezing] Training last 4 transformer layers (layers 8-11)
[Layer Freezing] Trainable params: 28,384,555 / 108,924,715 (26.1%)
[Layer Freezing] Training last 4 transformer layers (layers 8-11)
[Layer Freezing] Trainable params: 28,384,555 / 108,924,715 (26.1%)
[Layer Freezing] Training last 4 transformer layers (layers 8-11)
[Layer Freezing] Trainable params: 28,384,555 / 108,924,715 (26.1%)
[Layer Freezing] Training last 4 transformer layers (layers 8-11)
[Layer Freezing] Trainable params: 28,384,555 / 108,924,715 (26.1%)
[Round 86] T=2.00  α_ce=0.74  α_kd=0.26
 Round 86 | F1 0.5349 | P 0.6106 | R 0.4758 | Time 45.9s | Comm N/A | Local Avg F1: 0.4582

=== Round 87/100 ===
[Round 87] KD=ON | policy=ema_first
[Layer Freezing] Training last 4 transformer layers (layers 8-11)
[Layer Freezing] Trainable params: 28,384,555 / 108,924,715 (26.1%)
[Layer Freezing] Training last 4 transformer layers (layers 8-11)
[Layer Freezing] Trainable params: 28,384,555 / 108,924,715 (26.1%)
[Layer Freezing] Training last 4 transformer layers (layers 8-11)
[Layer Freezing] Trainable params: 28,384,555 / 108,924,715 (26.1%)
[Layer Freezing] Training last 4 transformer layers (layers 8-11)
[Layer Freezing] Trainable params: 28,384,555 / 108,924,715 (26.1%)
[Layer Freezing] Training last 4 transformer layers (layers 8-11)
[Layer Freezing] Trainable params: 28,384,555 / 108,924,715 (26.1%)
[Layer Freezing] Training last 4 transformer layers (layers 8-11)
[Layer Freezing] Trainable params: 28,384,555 / 108,924,715 (26.1%)
[Layer Freezing] Training last 4 transformer layers (layers 8-11)
[Layer Freezing] Trainable params: 28,384,555 / 108,924,715 (26.1%)
[Layer Freezing] Training last 4 transformer layers (layers 8-11)
[Layer Freezing] Trainable params: 28,384,555 / 108,924,715 (26.1%)
[Layer Freezing] Training last 4 transformer layers (layers 8-11)
[Layer Freezing] Trainable params: 28,384,555 / 108,924,715 (26.1%)
[Layer Freezing] Training last 4 transformer layers (layers 8-11)
[Layer Freezing] Trainable params: 28,384,555 / 108,924,715 (26.1%)
[Round 87] T=1.96  α_ce=0.74  α_kd=0.26
 Round 87 | F1 0.5409 | P 0.6066 | R 0.4880 | Time 45.8s | Comm N/A | Local Avg F1: 0.4614

=== Round 88/100 ===
[Round 88] KD=ON | policy=ema_first
[Layer Freezing] Training last 4 transformer layers (layers 8-11)
[Layer Freezing] Trainable params: 28,384,555 / 108,924,715 (26.1%)
[Layer Freezing] Training last 4 transformer layers (layers 8-11)
[Layer Freezing] Trainable params: 28,384,555 / 108,924,715 (26.1%)
[Layer Freezing] Training last 4 transformer layers (layers 8-11)
[Layer Freezing] Trainable params: 28,384,555 / 108,924,715 (26.1%)
[Layer Freezing] Training last 4 transformer layers (layers 8-11)
[Layer Freezing] Trainable params: 28,384,555 / 108,924,715 (26.1%)
[Layer Freezing] Training last 4 transformer layers (layers 8-11)
[Layer Freezing] Trainable params: 28,384,555 / 108,924,715 (26.1%)
[Layer Freezing] Training last 4 transformer layers (layers 8-11)
[Layer Freezing] Trainable params: 28,384,555 / 108,924,715 (26.1%)
[Layer Freezing] Training last 4 transformer layers (layers 8-11)
[Layer Freezing] Trainable params: 28,384,555 / 108,924,715 (26.1%)
[Layer Freezing] Training last 4 transformer layers (layers 8-11)
[Layer Freezing] Trainable params: 28,384,555 / 108,924,715 (26.1%)
[Layer Freezing] Training last 4 transformer layers (layers 8-11)
[Layer Freezing] Trainable params: 28,384,555 / 108,924,715 (26.1%)
[Layer Freezing] Training last 4 transformer layers (layers 8-11)
[Layer Freezing] Trainable params: 28,384,555 / 108,924,715 (26.1%)
[Round 88] T=1.93  α_ce=0.74  α_kd=0.26
 Round 88 | F1 0.5389 | P 0.6071 | R 0.4844 | Time 45.9s | Comm N/A | Local Avg F1: 0.4639

=== Round 89/100 ===
[Round 89] KD=ON | policy=ema_first
[Layer Freezing] Training last 4 transformer layers (layers 8-11)
[Layer Freezing] Trainable params: 28,384,555 / 108,924,715 (26.1%)
[Layer Freezing] Training last 4 transformer layers (layers 8-11)
[Layer Freezing] Trainable params: 28,384,555 / 108,924,715 (26.1%)
[Layer Freezing] Training last 4 transformer layers (layers 8-11)
[Layer Freezing] Trainable params: 28,384,555 / 108,924,715 (26.1%)
[Layer Freezing] Training last 4 transformer layers (layers 8-11)
[Layer Freezing] Trainable params: 28,384,555 / 108,924,715 (26.1%)
[Layer Freezing] Training last 4 transformer layers (layers 8-11)
[Layer Freezing] Trainable params: 28,384,555 / 108,924,715 (26.1%)
[Layer Freezing] Training last 4 transformer layers (layers 8-11)
[Layer Freezing] Trainable params: 28,384,555 / 108,924,715 (26.1%)
[Layer Freezing] Training last 4 transformer layers (layers 8-11)
[Layer Freezing] Trainable params: 28,384,555 / 108,924,715 (26.1%)
[Layer Freezing] Training last 4 transformer layers (layers 8-11)
[Layer Freezing] Trainable params: 28,384,555 / 108,924,715 (26.1%)
[Layer Freezing] Training last 4 transformer layers (layers 8-11)
[Layer Freezing] Trainable params: 28,384,555 / 108,924,715 (26.1%)
[Layer Freezing] Training last 4 transformer layers (layers 8-11)
[Layer Freezing] Trainable params: 28,384,555 / 108,924,715 (26.1%)
[Round 89] T=1.89  α_ce=0.73  α_kd=0.27
 Round 89 | F1 0.5360 | P 0.6107 | R 0.4775 | Time 46.5s | Comm N/A | Local Avg F1: 0.4610

=== Round 90/100 ===
[Round 90] KD=ON | policy=ema_first
[Layer Freezing] Training last 4 transformer layers (layers 8-11)
[Layer Freezing] Trainable params: 28,384,555 / 108,924,715 (26.1%)
[Layer Freezing] Training last 4 transformer layers (layers 8-11)
[Layer Freezing] Trainable params: 28,384,555 / 108,924,715 (26.1%)
[Layer Freezing] Training last 4 transformer layers (layers 8-11)
[Layer Freezing] Trainable params: 28,384,555 / 108,924,715 (26.1%)
[Layer Freezing] Training last 4 transformer layers (layers 8-11)
[Layer Freezing] Trainable params: 28,384,555 / 108,924,715 (26.1%)
[Layer Freezing] Training last 4 transformer layers (layers 8-11)
[Layer Freezing] Trainable params: 28,384,555 / 108,924,715 (26.1%)
[Layer Freezing] Training last 4 transformer layers (layers 8-11)
[Layer Freezing] Trainable params: 28,384,555 / 108,924,715 (26.1%)
[Layer Freezing] Training last 4 transformer layers (layers 8-11)
[Layer Freezing] Trainable params: 28,384,555 / 108,924,715 (26.1%)
[Layer Freezing] Training last 4 transformer layers (layers 8-11)
[Layer Freezing] Trainable params: 28,384,555 / 108,924,715 (26.1%)
[Layer Freezing] Training last 4 transformer layers (layers 8-11)
[Layer Freezing] Trainable params: 28,384,555 / 108,924,715 (26.1%)
[Layer Freezing] Training last 4 transformer layers (layers 8-11)
[Layer Freezing] Trainable params: 28,384,555 / 108,924,715 (26.1%)
[Round 90] T=1.86  α_ce=0.73  α_kd=0.27
 Round 90 | F1 0.5394 | P 0.6132 | R 0.4814 | Time 45.0s | Comm N/A | Local Avg F1: 0.4649

=== Round 91/100 ===
[Round 91] KD=ON | policy=ema_first
[Layer Freezing] Training last 4 transformer layers (layers 8-11)
[Layer Freezing] Trainable params: 28,384,555 / 108,924,715 (26.1%)
[Layer Freezing] Training last 4 transformer layers (layers 8-11)
[Layer Freezing] Trainable params: 28,384,555 / 108,924,715 (26.1%)
[Layer Freezing] Training last 4 transformer layers (layers 8-11)
[Layer Freezing] Trainable params: 28,384,555 / 108,924,715 (26.1%)
[Layer Freezing] Training last 4 transformer layers (layers 8-11)
[Layer Freezing] Trainable params: 28,384,555 / 108,924,715 (26.1%)
[Layer Freezing] Training last 4 transformer layers (layers 8-11)
[Layer Freezing] Trainable params: 28,384,555 / 108,924,715 (26.1%)
[Layer Freezing] Training last 4 transformer layers (layers 8-11)
[Layer Freezing] Trainable params: 28,384,555 / 108,924,715 (26.1%)
[Layer Freezing] Training last 4 transformer layers (layers 8-11)
[Layer Freezing] Trainable params: 28,384,555 / 108,924,715 (26.1%)
[Layer Freezing] Training last 4 transformer layers (layers 8-11)
[Layer Freezing] Trainable params: 28,384,555 / 108,924,715 (26.1%)
[Layer Freezing] Training last 4 transformer layers (layers 8-11)
[Layer Freezing] Trainable params: 28,384,555 / 108,924,715 (26.1%)
[Layer Freezing] Training last 4 transformer layers (layers 8-11)
[Layer Freezing] Trainable params: 28,384,555 / 108,924,715 (26.1%)
[Round 91] T=1.82  α_ce=0.73  α_kd=0.27
 Round 91 | F1 0.5365 | P 0.6137 | R 0.4766 | Time 46.3s | Comm N/A | Local Avg F1: 0.4631

=== Round 92/100 ===
[Round 92] KD=ON | policy=ema_first
[Layer Freezing] Training last 4 transformer layers (layers 8-11)
[Layer Freezing] Trainable params: 28,384,555 / 108,924,715 (26.1%)
[Layer Freezing] Training last 4 transformer layers (layers 8-11)
[Layer Freezing] Trainable params: 28,384,555 / 108,924,715 (26.1%)
[Layer Freezing] Training last 4 transformer layers (layers 8-11)
[Layer Freezing] Trainable params: 28,384,555 / 108,924,715 (26.1%)
[Layer Freezing] Training last 4 transformer layers (layers 8-11)
[Layer Freezing] Trainable params: 28,384,555 / 108,924,715 (26.1%)
[Layer Freezing] Training last 4 transformer layers (layers 8-11)
[Layer Freezing] Trainable params: 28,384,555 / 108,924,715 (26.1%)
[Layer Freezing] Training last 4 transformer layers (layers 8-11)
[Layer Freezing] Trainable params: 28,384,555 / 108,924,715 (26.1%)
[Layer Freezing] Training last 4 transformer layers (layers 8-11)
[Layer Freezing] Trainable params: 28,384,555 / 108,924,715 (26.1%)
[Layer Freezing] Training last 4 transformer layers (layers 8-11)
[Layer Freezing] Trainable params: 28,384,555 / 108,924,715 (26.1%)
[Layer Freezing] Training last 4 transformer layers (layers 8-11)
[Layer Freezing] Trainable params: 28,384,555 / 108,924,715 (26.1%)
[Layer Freezing] Training last 4 transformer layers (layers 8-11)
[Layer Freezing] Trainable params: 28,384,555 / 108,924,715 (26.1%)
[Round 92] T=1.79  α_ce=0.72  α_kd=0.28
 Round 92 | F1 0.5417 | P 0.6095 | R 0.4875 | Time 46.3s | Comm N/A | Local Avg F1: 0.4641

=== Round 93/100 ===
[Round 93] KD=ON | policy=ema_first
[Layer Freezing] Training last 4 transformer layers (layers 8-11)
[Layer Freezing] Trainable params: 28,384,555 / 108,924,715 (26.1%)
[Layer Freezing] Training last 4 transformer layers (layers 8-11)
[Layer Freezing] Trainable params: 28,384,555 / 108,924,715 (26.1%)
[Layer Freezing] Training last 4 transformer layers (layers 8-11)
[Layer Freezing] Trainable params: 28,384,555 / 108,924,715 (26.1%)
[Layer Freezing] Training last 4 transformer layers (layers 8-11)
[Layer Freezing] Trainable params: 28,384,555 / 108,924,715 (26.1%)
[Layer Freezing] Training last 4 transformer layers (layers 8-11)
[Layer Freezing] Trainable params: 28,384,555 / 108,924,715 (26.1%)
[Layer Freezing] Training last 4 transformer layers (layers 8-11)
[Layer Freezing] Trainable params: 28,384,555 / 108,924,715 (26.1%)
[Layer Freezing] Training last 4 transformer layers (layers 8-11)
[Layer Freezing] Trainable params: 28,384,555 / 108,924,715 (26.1%)
[Layer Freezing] Training last 4 transformer layers (layers 8-11)
[Layer Freezing] Trainable params: 28,384,555 / 108,924,715 (26.1%)
[Layer Freezing] Training last 4 transformer layers (layers 8-11)
[Layer Freezing] Trainable params: 28,384,555 / 108,924,715 (26.1%)
[Layer Freezing] Training last 4 transformer layers (layers 8-11)
[Layer Freezing] Trainable params: 28,384,555 / 108,924,715 (26.1%)
[Round 93] T=1.75  α_ce=0.72  α_kd=0.28
 Round 93 | F1 0.5379 | P 0.6106 | R 0.4806 | Time 45.5s | Comm N/A | Local Avg F1: 0.4643

=== Round 94/100 ===
[Round 94] KD=ON | policy=ema_first
[Layer Freezing] Training last 4 transformer layers (layers 8-11)
[Layer Freezing] Trainable params: 28,384,555 / 108,924,715 (26.1%)
[Layer Freezing] Training last 4 transformer layers (layers 8-11)
[Layer Freezing] Trainable params: 28,384,555 / 108,924,715 (26.1%)
[Layer Freezing] Training last 4 transformer layers (layers 8-11)
[Layer Freezing] Trainable params: 28,384,555 / 108,924,715 (26.1%)
[Layer Freezing] Training last 4 transformer layers (layers 8-11)
[Layer Freezing] Trainable params: 28,384,555 / 108,924,715 (26.1%)
[Layer Freezing] Training last 4 transformer layers (layers 8-11)
[Layer Freezing] Trainable params: 28,384,555 / 108,924,715 (26.1%)
[Layer Freezing] Training last 4 transformer layers (layers 8-11)
[Layer Freezing] Trainable params: 28,384,555 / 108,924,715 (26.1%)
[Layer Freezing] Training last 4 transformer layers (layers 8-11)
[Layer Freezing] Trainable params: 28,384,555 / 108,924,715 (26.1%)
[Layer Freezing] Training last 4 transformer layers (layers 8-11)
[Layer Freezing] Trainable params: 28,384,555 / 108,924,715 (26.1%)
[Layer Freezing] Training last 4 transformer layers (layers 8-11)
[Layer Freezing] Trainable params: 28,384,555 / 108,924,715 (26.1%)
[Layer Freezing] Training last 4 transformer layers (layers 8-11)
[Layer Freezing] Trainable params: 28,384,555 / 108,924,715 (26.1%)
[Round 94] T=1.71  α_ce=0.72  α_kd=0.28
 Round 94 | F1 0.5425 | P 0.6031 | R 0.4929 | Time 46.5s | Comm N/A | Local Avg F1: 0.4670

=== Round 95/100 ===
[Round 95] KD=ON | policy=ema_first
[Layer Freezing] Training last 4 transformer layers (layers 8-11)
[Layer Freezing] Trainable params: 28,384,555 / 108,924,715 (26.1%)
[Layer Freezing] Training last 4 transformer layers (layers 8-11)
[Layer Freezing] Trainable params: 28,384,555 / 108,924,715 (26.1%)
[Layer Freezing] Training last 4 transformer layers (layers 8-11)
[Layer Freezing] Trainable params: 28,384,555 / 108,924,715 (26.1%)
[Layer Freezing] Training last 4 transformer layers (layers 8-11)
[Layer Freezing] Trainable params: 28,384,555 / 108,924,715 (26.1%)
[Layer Freezing] Training last 4 transformer layers (layers 8-11)
[Layer Freezing] Trainable params: 28,384,555 / 108,924,715 (26.1%)
[Layer Freezing] Training last 4 transformer layers (layers 8-11)
[Layer Freezing] Trainable params: 28,384,555 / 108,924,715 (26.1%)
[Layer Freezing] Training last 4 transformer layers (layers 8-11)
[Layer Freezing] Trainable params: 28,384,555 / 108,924,715 (26.1%)
[Layer Freezing] Training last 4 transformer layers (layers 8-11)
[Layer Freezing] Trainable params: 28,384,555 / 108,924,715 (26.1%)
[Layer Freezing] Training last 4 transformer layers (layers 8-11)
[Layer Freezing] Trainable params: 28,384,555 / 108,924,715 (26.1%)
[Layer Freezing] Training last 4 transformer layers (layers 8-11)
[Layer Freezing] Trainable params: 28,384,555 / 108,924,715 (26.1%)
[Round 95] T=1.68  α_ce=0.72  α_kd=0.28
 Round 95 | F1 0.5405 | P 0.6095 | R 0.4855 | Time 46.4s | Comm N/A | Local Avg F1: 0.4655

=== Round 96/100 ===
[Round 96] KD=ON | policy=ema_first
[Layer Freezing] Training last 4 transformer layers (layers 8-11)
[Layer Freezing] Trainable params: 28,384,555 / 108,924,715 (26.1%)
[Layer Freezing] Training last 4 transformer layers (layers 8-11)
[Layer Freezing] Trainable params: 28,384,555 / 108,924,715 (26.1%)
[Layer Freezing] Training last 4 transformer layers (layers 8-11)
[Layer Freezing] Trainable params: 28,384,555 / 108,924,715 (26.1%)
[Layer Freezing] Training last 4 transformer layers (layers 8-11)
[Layer Freezing] Trainable params: 28,384,555 / 108,924,715 (26.1%)
[Layer Freezing] Training last 4 transformer layers (layers 8-11)
[Layer Freezing] Trainable params: 28,384,555 / 108,924,715 (26.1%)
[Layer Freezing] Training last 4 transformer layers (layers 8-11)
[Layer Freezing] Trainable params: 28,384,555 / 108,924,715 (26.1%)
[Layer Freezing] Training last 4 transformer layers (layers 8-11)
[Layer Freezing] Trainable params: 28,384,555 / 108,924,715 (26.1%)
[Layer Freezing] Training last 4 transformer layers (layers 8-11)
[Layer Freezing] Trainable params: 28,384,555 / 108,924,715 (26.1%)
[Layer Freezing] Training last 4 transformer layers (layers 8-11)
[Layer Freezing] Trainable params: 28,384,555 / 108,924,715 (26.1%)
[Layer Freezing] Training last 4 transformer layers (layers 8-11)
[Layer Freezing] Trainable params: 28,384,555 / 108,924,715 (26.1%)
[Round 96] T=1.64  α_ce=0.71  α_kd=0.29
 Round 96 | F1 0.5372 | P 0.6213 | R 0.4731 | Time 45.8s | Comm N/A | Local Avg F1: 0.4638

=== Round 97/100 ===
[Round 97] KD=ON | policy=ema_first
[Layer Freezing] Training last 4 transformer layers (layers 8-11)
[Layer Freezing] Trainable params: 28,384,555 / 108,924,715 (26.1%)
[Layer Freezing] Training last 4 transformer layers (layers 8-11)
[Layer Freezing] Trainable params: 28,384,555 / 108,924,715 (26.1%)
[Layer Freezing] Training last 4 transformer layers (layers 8-11)
[Layer Freezing] Trainable params: 28,384,555 / 108,924,715 (26.1%)
[Layer Freezing] Training last 4 transformer layers (layers 8-11)
[Layer Freezing] Trainable params: 28,384,555 / 108,924,715 (26.1%)
[Layer Freezing] Training last 4 transformer layers (layers 8-11)
[Layer Freezing] Trainable params: 28,384,555 / 108,924,715 (26.1%)
[Layer Freezing] Training last 4 transformer layers (layers 8-11)
[Layer Freezing] Trainable params: 28,384,555 / 108,924,715 (26.1%)
[Layer Freezing] Training last 4 transformer layers (layers 8-11)
[Layer Freezing] Trainable params: 28,384,555 / 108,924,715 (26.1%)
[Layer Freezing] Training last 4 transformer layers (layers 8-11)
[Layer Freezing] Trainable params: 28,384,555 / 108,924,715 (26.1%)
[Layer Freezing] Training last 4 transformer layers (layers 8-11)
[Layer Freezing] Trainable params: 28,384,555 / 108,924,715 (26.1%)
[Layer Freezing] Training last 4 transformer layers (layers 8-11)
[Layer Freezing] Trainable params: 28,384,555 / 108,924,715 (26.1%)
[Round 97] T=1.61  α_ce=0.71  α_kd=0.29
 Round 97 | F1 0.5431 | P 0.6147 | R 0.4865 | Time 45.6s | Comm N/A | Local Avg F1: 0.4686

=== Round 98/100 ===
[Round 98] KD=ON | policy=ema_first
[Layer Freezing] Training last 4 transformer layers (layers 8-11)
[Layer Freezing] Trainable params: 28,384,555 / 108,924,715 (26.1%)
[Layer Freezing] Training last 4 transformer layers (layers 8-11)
[Layer Freezing] Trainable params: 28,384,555 / 108,924,715 (26.1%)
[Layer Freezing] Training last 4 transformer layers (layers 8-11)
[Layer Freezing] Trainable params: 28,384,555 / 108,924,715 (26.1%)
[Layer Freezing] Training last 4 transformer layers (layers 8-11)
[Layer Freezing] Trainable params: 28,384,555 / 108,924,715 (26.1%)
[Layer Freezing] Training last 4 transformer layers (layers 8-11)
[Layer Freezing] Trainable params: 28,384,555 / 108,924,715 (26.1%)
[Layer Freezing] Training last 4 transformer layers (layers 8-11)
[Layer Freezing] Trainable params: 28,384,555 / 108,924,715 (26.1%)
[Layer Freezing] Training last 4 transformer layers (layers 8-11)
[Layer Freezing] Trainable params: 28,384,555 / 108,924,715 (26.1%)
[Layer Freezing] Training last 4 transformer layers (layers 8-11)
[Layer Freezing] Trainable params: 28,384,555 / 108,924,715 (26.1%)
[Layer Freezing] Training last 4 transformer layers (layers 8-11)
[Layer Freezing] Trainable params: 28,384,555 / 108,924,715 (26.1%)
[Layer Freezing] Training last 4 transformer layers (layers 8-11)
[Layer Freezing] Trainable params: 28,384,555 / 108,924,715 (26.1%)
[Round 98] T=1.57  α_ce=0.71  α_kd=0.29
 Round 98 | F1 0.5489 | P 0.6041 | R 0.5030 | Time 46.0s | Comm N/A | Local Avg F1: 0.4721

=== Round 99/100 ===
[Round 99] KD=ON | policy=ema_first
[Layer Freezing] Training last 4 transformer layers (layers 8-11)
[Layer Freezing] Trainable params: 28,384,555 / 108,924,715 (26.1%)
[Layer Freezing] Training last 4 transformer layers (layers 8-11)
[Layer Freezing] Trainable params: 28,384,555 / 108,924,715 (26.1%)
[Layer Freezing] Training last 4 transformer layers (layers 8-11)
[Layer Freezing] Trainable params: 28,384,555 / 108,924,715 (26.1%)
[Layer Freezing] Training last 4 transformer layers (layers 8-11)
[Layer Freezing] Trainable params: 28,384,555 / 108,924,715 (26.1%)
[Layer Freezing] Training last 4 transformer layers (layers 8-11)
[Layer Freezing] Trainable params: 28,384,555 / 108,924,715 (26.1%)
[Layer Freezing] Training last 4 transformer layers (layers 8-11)
[Layer Freezing] Trainable params: 28,384,555 / 108,924,715 (26.1%)
[Layer Freezing] Training last 4 transformer layers (layers 8-11)
[Layer Freezing] Trainable params: 28,384,555 / 108,924,715 (26.1%)
[Layer Freezing] Training last 4 transformer layers (layers 8-11)
[Layer Freezing] Trainable params: 28,384,555 / 108,924,715 (26.1%)
[Layer Freezing] Training last 4 transformer layers (layers 8-11)
[Layer Freezing] Trainable params: 28,384,555 / 108,924,715 (26.1%)
[Layer Freezing] Training last 4 transformer layers (layers 8-11)
[Layer Freezing] Trainable params: 28,384,555 / 108,924,715 (26.1%)
[Round 99] T=1.54  α_ce=0.70  α_kd=0.30
 Round 99 | F1 0.5467 | P 0.6180 | R 0.4902 | Time 45.6s | Comm N/A | Local Avg F1: 0.4717

=== Round 100/100 ===
[Round 100] KD=ON | policy=ema_first
[Layer Freezing] Training last 4 transformer layers (layers 8-11)
[Layer Freezing] Trainable params: 28,384,555 / 108,924,715 (26.1%)
[Layer Freezing] Training last 4 transformer layers (layers 8-11)
[Layer Freezing] Trainable params: 28,384,555 / 108,924,715 (26.1%)
[Layer Freezing] Training last 4 transformer layers (layers 8-11)
[Layer Freezing] Trainable params: 28,384,555 / 108,924,715 (26.1%)
[Layer Freezing] Training last 4 transformer layers (layers 8-11)
[Layer Freezing] Trainable params: 28,384,555 / 108,924,715 (26.1%)
[Layer Freezing] Training last 4 transformer layers (layers 8-11)
[Layer Freezing] Trainable params: 28,384,555 / 108,924,715 (26.1%)
[Layer Freezing] Training last 4 transformer layers (layers 8-11)
[Layer Freezing] Trainable params: 28,384,555 / 108,924,715 (26.1%)
[Layer Freezing] Training last 4 transformer layers (layers 8-11)
[Layer Freezing] Trainable params: 28,384,555 / 108,924,715 (26.1%)
[Layer Freezing] Training last 4 transformer layers (layers 8-11)
[Layer Freezing] Trainable params: 28,384,555 / 108,924,715 (26.1%)
[Layer Freezing] Training last 4 transformer layers (layers 8-11)
[Layer Freezing] Trainable params: 28,384,555 / 108,924,715 (26.1%)
[Layer Freezing] Training last 4 transformer layers (layers 8-11)
[Layer Freezing] Trainable params: 28,384,555 / 108,924,715 (26.1%)
[Round 100] T=1.50  α_ce=0.70  α_kd=0.30
 Round 100 | F1 0.5481 | P 0.6084 | R 0.4986 | Time 46.4s | Comm N/A | Local Avg F1: 0.4736
[save_json] Saved: results/FedSAD_20250820_053648/fed_results.json
[save_json] Backup: results/FedSAD_20250820_053648/fed_results_20250820_065307.json
== FedSAD 0.01==
📁 从本地加载模型: /root/autodl-tmp/new/fedner/models/microsoft_BiomedNLP-PubMedBERT-base-uncased-abstract
Some weights of BertForTokenClassification were not initialized from the model checkpoint at /root/autodl-tmp/new/fedner/models/microsoft_BiomedNLP-PubMedBERT-base-uncased-abstract and are newly initialized because the shapes did not match:
- classifier.bias: found shape torch.Size([2]) in the checkpoint and torch.Size([43]) in the model instantiated
- classifier.weight: found shape torch.Size([2, 768]) in the checkpoint and torch.Size([43, 768]) in the model instantiated
You should probably TRAIN this model on a down-stream task to be able to use it for predictions and inference.
Using device: cuda
📁 从本地加载模型: /root/autodl-tmp/new/fedner/models/microsoft_BiomedNLP-PubMedBERT-base-uncased-abstract
Some weights of BertForTokenClassification were not initialized from the model checkpoint at /root/autodl-tmp/new/fedner/models/microsoft_BiomedNLP-PubMedBERT-base-uncased-abstract and are newly initialized because the shapes did not match:
- classifier.bias: found shape torch.Size([2]) in the checkpoint and torch.Size([43]) in the model instantiated
- classifier.weight: found shape torch.Size([2, 768]) in the checkpoint and torch.Size([43, 768]) in the model instantiated
You should probably TRAIN this model on a down-stream task to be able to use it for predictions and inference.

============================================================
EXPERIMENT CONFIGURATION
============================================================
Algorithm: FedSAD | Clients: 10 (100% per round) | Rounds: 100, Local epochs: 2 | Training: Last 4 layers | Sampling: 200 samples per client (random) | Data: Non-IID (α=0.01)
------------------------------------------------------------
Algorithm-specific parameters for FedSAD:
  - use_distillation: True
  - kd_start_round: 2
  - teacher_policy: prev_global
  - temperature_start: 5.0, temperature_end: 1.5
  - alpha_ce_start: 1.0, alpha_ce_end: 0.7
  - alpha_kd_start: 0.0, alpha_kd_end: 0.3
  - hidden_distill: False, alpha_hidden: 0.0
  - o_downweight: 1.0
============================================================

Model initialized: 108,924,715/108,924,715 trainable params (100.0%)

=== Round 1/100 ===
[Round 1] KD=OFF | policy=prev_global
[Layer Freezing] Training last 4 transformer layers (layers 8-11)
[Layer Freezing] Trainable params: 28,384,555 / 108,924,715 (26.1%)
/root/miniconda3/lib/python3.12/site-packages/torch/nn/modules/module.py:1762: FutureWarning: `encoder_attention_mask` is deprecated and will be removed in version 4.55.0 for `BertSdpaSelfAttention.forward`.
  return forward_call(*args, **kwargs)
[Layer Freezing] Training last 4 transformer layers (layers 8-11)
[Layer Freezing] Trainable params: 28,384,555 / 108,924,715 (26.1%)
[Layer Freezing] Training last 4 transformer layers (layers 8-11)
[Layer Freezing] Trainable params: 28,384,555 / 108,924,715 (26.1%)
[Layer Freezing] Training last 4 transformer layers (layers 8-11)
[Layer Freezing] Trainable params: 28,384,555 / 108,924,715 (26.1%)
[Layer Freezing] Training last 4 transformer layers (layers 8-11)
[Layer Freezing] Trainable params: 28,384,555 / 108,924,715 (26.1%)
[Layer Freezing] Training last 4 transformer layers (layers 8-11)
[Layer Freezing] Trainable params: 28,384,555 / 108,924,715 (26.1%)
[Layer Freezing] Training last 4 transformer layers (layers 8-11)
[Layer Freezing] Trainable params: 28,384,555 / 108,924,715 (26.1%)
[Layer Freezing] Training last 4 transformer layers (layers 8-11)
[Layer Freezing] Trainable params: 28,384,555 / 108,924,715 (26.1%)
[Layer Freezing] Training last 4 transformer layers (layers 8-11)
[Layer Freezing] Trainable params: 28,384,555 / 108,924,715 (26.1%)
[Layer Freezing] Training last 4 transformer layers (layers 8-11)
[Layer Freezing] Trainable params: 28,384,555 / 108,924,715 (26.1%)
[Round 1] T=5.00  α_ce=1.00  α_kd=0.00
/root/miniconda3/lib/python3.12/site-packages/seqeval/metrics/v1.py:57: UndefinedMetricWarning: Precision is ill-defined and being set to 0.0 due to no predicted samples. Use `zero_division` parameter to control this behavior.
  _warn_prf(average, modifier, msg_start, len(result))
/root/miniconda3/lib/python3.12/site-packages/seqeval/metrics/v1.py:159: UndefinedMetricWarning: F-score is ill-defined and being set to 0.0 due to no true nor predicted samples. Use `zero_division` parameter to control this behavior.
  _warn_prf(
/root/miniconda3/lib/python3.12/site-packages/seqeval/metrics/v1.py:57: UndefinedMetricWarning: Recall is ill-defined and being set to 0.0 due to no true samples. Use `zero_division` parameter to control this behavior.
  _warn_prf(average, modifier, msg_start, len(result))
 Round 1 | F1 0.0000 | P 0.0000 | R 0.0000 | Time 42.2s | Comm N/A | Local Avg F1: 0.0000

=== Round 2/100 ===
[Round 2] KD=ON | policy=prev_global
[Layer Freezing] Training last 4 transformer layers (layers 8-11)
[Layer Freezing] Trainable params: 28,384,555 / 108,924,715 (26.1%)
[Layer Freezing] Training last 4 transformer layers (layers 8-11)
[Layer Freezing] Trainable params: 28,384,555 / 108,924,715 (26.1%)
[Layer Freezing] Training last 4 transformer layers (layers 8-11)
[Layer Freezing] Trainable params: 28,384,555 / 108,924,715 (26.1%)
[Layer Freezing] Training last 4 transformer layers (layers 8-11)
[Layer Freezing] Trainable params: 28,384,555 / 108,924,715 (26.1%)
[Layer Freezing] Training last 4 transformer layers (layers 8-11)
[Layer Freezing] Trainable params: 28,384,555 / 108,924,715 (26.1%)
[Layer Freezing] Training last 4 transformer layers (layers 8-11)
[Layer Freezing] Trainable params: 28,384,555 / 108,924,715 (26.1%)
[Layer Freezing] Training last 4 transformer layers (layers 8-11)
[Layer Freezing] Trainable params: 28,384,555 / 108,924,715 (26.1%)
[Layer Freezing] Training last 4 transformer layers (layers 8-11)
[Layer Freezing] Trainable params: 28,384,555 / 108,924,715 (26.1%)
[Layer Freezing] Training last 4 transformer layers (layers 8-11)
[Layer Freezing] Trainable params: 28,384,555 / 108,924,715 (26.1%)
[Layer Freezing] Training last 4 transformer layers (layers 8-11)
[Layer Freezing] Trainable params: 28,384,555 / 108,924,715 (26.1%)
[Round 2] T=5.00  α_ce=1.00  α_kd=0.00
 Round 2 | F1 0.0000 | P 0.0000 | R 0.0000 | Time 45.7s | Comm N/A | Local Avg F1: 0.0000

=== Round 3/100 ===
[Round 3] KD=ON | policy=prev_global
[Layer Freezing] Training last 4 transformer layers (layers 8-11)
[Layer Freezing] Trainable params: 28,384,555 / 108,924,715 (26.1%)
[Layer Freezing] Training last 4 transformer layers (layers 8-11)
[Layer Freezing] Trainable params: 28,384,555 / 108,924,715 (26.1%)
[Layer Freezing] Training last 4 transformer layers (layers 8-11)
[Layer Freezing] Trainable params: 28,384,555 / 108,924,715 (26.1%)
[Layer Freezing] Training last 4 transformer layers (layers 8-11)
[Layer Freezing] Trainable params: 28,384,555 / 108,924,715 (26.1%)
[Layer Freezing] Training last 4 transformer layers (layers 8-11)
[Layer Freezing] Trainable params: 28,384,555 / 108,924,715 (26.1%)
[Layer Freezing] Training last 4 transformer layers (layers 8-11)
[Layer Freezing] Trainable params: 28,384,555 / 108,924,715 (26.1%)
[Layer Freezing] Training last 4 transformer layers (layers 8-11)
[Layer Freezing] Trainable params: 28,384,555 / 108,924,715 (26.1%)
[Layer Freezing] Training last 4 transformer layers (layers 8-11)
[Layer Freezing] Trainable params: 28,384,555 / 108,924,715 (26.1%)
[Layer Freezing] Training last 4 transformer layers (layers 8-11)
[Layer Freezing] Trainable params: 28,384,555 / 108,924,715 (26.1%)
[Layer Freezing] Training last 4 transformer layers (layers 8-11)
[Layer Freezing] Trainable params: 28,384,555 / 108,924,715 (26.1%)
[Round 3] T=4.96  α_ce=1.00  α_kd=0.00
 Round 3 | F1 0.0000 | P 0.0000 | R 0.0000 | Time 45.0s | Comm N/A | Local Avg F1: 0.0000

=== Round 4/100 ===
[Round 4] KD=ON | policy=prev_global
[Layer Freezing] Training last 4 transformer layers (layers 8-11)
[Layer Freezing] Trainable params: 28,384,555 / 108,924,715 (26.1%)
[Layer Freezing] Training last 4 transformer layers (layers 8-11)
[Layer Freezing] Trainable params: 28,384,555 / 108,924,715 (26.1%)
[Layer Freezing] Training last 4 transformer layers (layers 8-11)
[Layer Freezing] Trainable params: 28,384,555 / 108,924,715 (26.1%)
[Layer Freezing] Training last 4 transformer layers (layers 8-11)
[Layer Freezing] Trainable params: 28,384,555 / 108,924,715 (26.1%)
[Layer Freezing] Training last 4 transformer layers (layers 8-11)
[Layer Freezing] Trainable params: 28,384,555 / 108,924,715 (26.1%)
[Layer Freezing] Training last 4 transformer layers (layers 8-11)
[Layer Freezing] Trainable params: 28,384,555 / 108,924,715 (26.1%)
[Layer Freezing] Training last 4 transformer layers (layers 8-11)
[Layer Freezing] Trainable params: 28,384,555 / 108,924,715 (26.1%)
[Layer Freezing] Training last 4 transformer layers (layers 8-11)
[Layer Freezing] Trainable params: 28,384,555 / 108,924,715 (26.1%)
[Layer Freezing] Training last 4 transformer layers (layers 8-11)
[Layer Freezing] Trainable params: 28,384,555 / 108,924,715 (26.1%)
[Layer Freezing] Training last 4 transformer layers (layers 8-11)
[Layer Freezing] Trainable params: 28,384,555 / 108,924,715 (26.1%)
[Round 4] T=4.93  α_ce=0.99  α_kd=0.01
 Round 4 | F1 0.0051 | P 0.6946 | R 0.0026 | Time 45.7s | Comm N/A | Local Avg F1: 0.0045

=== Round 5/100 ===
[Round 5] KD=ON | policy=prev_global
[Layer Freezing] Training last 4 transformer layers (layers 8-11)
[Layer Freezing] Trainable params: 28,384,555 / 108,924,715 (26.1%)
[Layer Freezing] Training last 4 transformer layers (layers 8-11)
[Layer Freezing] Trainable params: 28,384,555 / 108,924,715 (26.1%)
[Layer Freezing] Training last 4 transformer layers (layers 8-11)
[Layer Freezing] Trainable params: 28,384,555 / 108,924,715 (26.1%)
[Layer Freezing] Training last 4 transformer layers (layers 8-11)
[Layer Freezing] Trainable params: 28,384,555 / 108,924,715 (26.1%)
[Layer Freezing] Training last 4 transformer layers (layers 8-11)
[Layer Freezing] Trainable params: 28,384,555 / 108,924,715 (26.1%)
[Layer Freezing] Training last 4 transformer layers (layers 8-11)
[Layer Freezing] Trainable params: 28,384,555 / 108,924,715 (26.1%)
[Layer Freezing] Training last 4 transformer layers (layers 8-11)
[Layer Freezing] Trainable params: 28,384,555 / 108,924,715 (26.1%)
[Layer Freezing] Training last 4 transformer layers (layers 8-11)
[Layer Freezing] Trainable params: 28,384,555 / 108,924,715 (26.1%)
[Layer Freezing] Training last 4 transformer layers (layers 8-11)
[Layer Freezing] Trainable params: 28,384,555 / 108,924,715 (26.1%)
[Layer Freezing] Training last 4 transformer layers (layers 8-11)
[Layer Freezing] Trainable params: 28,384,555 / 108,924,715 (26.1%)
[Round 5] T=4.89  α_ce=0.99  α_kd=0.01
 Round 5 | F1 0.0244 | P 0.7156 | R 0.0124 | Time 44.7s | Comm N/A | Local Avg F1: 0.0204

=== Round 6/100 ===
[Round 6] KD=ON | policy=prev_global
[Layer Freezing] Training last 4 transformer layers (layers 8-11)
[Layer Freezing] Trainable params: 28,384,555 / 108,924,715 (26.1%)
[Layer Freezing] Training last 4 transformer layers (layers 8-11)
[Layer Freezing] Trainable params: 28,384,555 / 108,924,715 (26.1%)
[Layer Freezing] Training last 4 transformer layers (layers 8-11)
[Layer Freezing] Trainable params: 28,384,555 / 108,924,715 (26.1%)
[Layer Freezing] Training last 4 transformer layers (layers 8-11)
[Layer Freezing] Trainable params: 28,384,555 / 108,924,715 (26.1%)
[Layer Freezing] Training last 4 transformer layers (layers 8-11)
[Layer Freezing] Trainable params: 28,384,555 / 108,924,715 (26.1%)
[Layer Freezing] Training last 4 transformer layers (layers 8-11)
[Layer Freezing] Trainable params: 28,384,555 / 108,924,715 (26.1%)
[Layer Freezing] Training last 4 transformer layers (layers 8-11)
[Layer Freezing] Trainable params: 28,384,555 / 108,924,715 (26.1%)
[Layer Freezing] Training last 4 transformer layers (layers 8-11)
[Layer Freezing] Trainable params: 28,384,555 / 108,924,715 (26.1%)
[Layer Freezing] Training last 4 transformer layers (layers 8-11)
[Layer Freezing] Trainable params: 28,384,555 / 108,924,715 (26.1%)
[Layer Freezing] Training last 4 transformer layers (layers 8-11)
[Layer Freezing] Trainable params: 28,384,555 / 108,924,715 (26.1%)
[Round 6] T=4.86  α_ce=0.99  α_kd=0.01
 Round 6 | F1 0.0999 | P 0.6397 | R 0.0542 | Time 44.9s | Comm N/A | Local Avg F1: 0.0664

=== Round 7/100 ===
[Round 7] KD=ON | policy=prev_global
[Layer Freezing] Training last 4 transformer layers (layers 8-11)
[Layer Freezing] Trainable params: 28,384,555 / 108,924,715 (26.1%)
[Layer Freezing] Training last 4 transformer layers (layers 8-11)
[Layer Freezing] Trainable params: 28,384,555 / 108,924,715 (26.1%)
[Layer Freezing] Training last 4 transformer layers (layers 8-11)
[Layer Freezing] Trainable params: 28,384,555 / 108,924,715 (26.1%)
[Layer Freezing] Training last 4 transformer layers (layers 8-11)
[Layer Freezing] Trainable params: 28,384,555 / 108,924,715 (26.1%)
[Layer Freezing] Training last 4 transformer layers (layers 8-11)
[Layer Freezing] Trainable params: 28,384,555 / 108,924,715 (26.1%)
[Layer Freezing] Training last 4 transformer layers (layers 8-11)
[Layer Freezing] Trainable params: 28,384,555 / 108,924,715 (26.1%)
[Layer Freezing] Training last 4 transformer layers (layers 8-11)
[Layer Freezing] Trainable params: 28,384,555 / 108,924,715 (26.1%)
[Layer Freezing] Training last 4 transformer layers (layers 8-11)
[Layer Freezing] Trainable params: 28,384,555 / 108,924,715 (26.1%)
[Layer Freezing] Training last 4 transformer layers (layers 8-11)
[Layer Freezing] Trainable params: 28,384,555 / 108,924,715 (26.1%)
[Layer Freezing] Training last 4 transformer layers (layers 8-11)
[Layer Freezing] Trainable params: 28,384,555 / 108,924,715 (26.1%)
[Round 7] T=4.82  α_ce=0.98  α_kd=0.02
 Round 7 | F1 0.0999 | P 0.6415 | R 0.0542 | Time 45.8s | Comm N/A | Local Avg F1: 0.0678

=== Round 8/100 ===
[Round 8] KD=ON | policy=prev_global
[Layer Freezing] Training last 4 transformer layers (layers 8-11)
[Layer Freezing] Trainable params: 28,384,555 / 108,924,715 (26.1%)
[Layer Freezing] Training last 4 transformer layers (layers 8-11)
[Layer Freezing] Trainable params: 28,384,555 / 108,924,715 (26.1%)
[Layer Freezing] Training last 4 transformer layers (layers 8-11)
[Layer Freezing] Trainable params: 28,384,555 / 108,924,715 (26.1%)
[Layer Freezing] Training last 4 transformer layers (layers 8-11)
[Layer Freezing] Trainable params: 28,384,555 / 108,924,715 (26.1%)
[Layer Freezing] Training last 4 transformer layers (layers 8-11)
[Layer Freezing] Trainable params: 28,384,555 / 108,924,715 (26.1%)
[Layer Freezing] Training last 4 transformer layers (layers 8-11)
[Layer Freezing] Trainable params: 28,384,555 / 108,924,715 (26.1%)
[Layer Freezing] Training last 4 transformer layers (layers 8-11)
[Layer Freezing] Trainable params: 28,384,555 / 108,924,715 (26.1%)
[Layer Freezing] Training last 4 transformer layers (layers 8-11)
[Layer Freezing] Trainable params: 28,384,555 / 108,924,715 (26.1%)
[Layer Freezing] Training last 4 transformer layers (layers 8-11)
[Layer Freezing] Trainable params: 28,384,555 / 108,924,715 (26.1%)
[Layer Freezing] Training last 4 transformer layers (layers 8-11)
[Layer Freezing] Trainable params: 28,384,555 / 108,924,715 (26.1%)
[Round 8] T=4.79  α_ce=0.98  α_kd=0.02
 Round 8 | F1 0.1345 | P 0.5938 | R 0.0758 | Time 45.4s | Comm N/A | Local Avg F1: 0.0877

=== Round 9/100 ===
[Round 9] KD=ON | policy=prev_global
[Layer Freezing] Training last 4 transformer layers (layers 8-11)
[Layer Freezing] Trainable params: 28,384,555 / 108,924,715 (26.1%)
[Layer Freezing] Training last 4 transformer layers (layers 8-11)
[Layer Freezing] Trainable params: 28,384,555 / 108,924,715 (26.1%)
[Layer Freezing] Training last 4 transformer layers (layers 8-11)
[Layer Freezing] Trainable params: 28,384,555 / 108,924,715 (26.1%)
[Layer Freezing] Training last 4 transformer layers (layers 8-11)
[Layer Freezing] Trainable params: 28,384,555 / 108,924,715 (26.1%)
[Layer Freezing] Training last 4 transformer layers (layers 8-11)
[Layer Freezing] Trainable params: 28,384,555 / 108,924,715 (26.1%)
[Layer Freezing] Training last 4 transformer layers (layers 8-11)
[Layer Freezing] Trainable params: 28,384,555 / 108,924,715 (26.1%)
[Layer Freezing] Training last 4 transformer layers (layers 8-11)
[Layer Freezing] Trainable params: 28,384,555 / 108,924,715 (26.1%)
[Layer Freezing] Training last 4 transformer layers (layers 8-11)
[Layer Freezing] Trainable params: 28,384,555 / 108,924,715 (26.1%)
[Layer Freezing] Training last 4 transformer layers (layers 8-11)
[Layer Freezing] Trainable params: 28,384,555 / 108,924,715 (26.1%)
[Layer Freezing] Training last 4 transformer layers (layers 8-11)
[Layer Freezing] Trainable params: 28,384,555 / 108,924,715 (26.1%)
[Round 9] T=4.75  α_ce=0.98  α_kd=0.02
 Round 9 | F1 0.1760 | P 0.5430 | R 0.1050 | Time 44.8s | Comm N/A | Local Avg F1: 0.1168

=== Round 10/100 ===
[Round 10] KD=ON | policy=prev_global
[Layer Freezing] Training last 4 transformer layers (layers 8-11)
[Layer Freezing] Trainable params: 28,384,555 / 108,924,715 (26.1%)
[Layer Freezing] Training last 4 transformer layers (layers 8-11)
[Layer Freezing] Trainable params: 28,384,555 / 108,924,715 (26.1%)
[Layer Freezing] Training last 4 transformer layers (layers 8-11)
[Layer Freezing] Trainable params: 28,384,555 / 108,924,715 (26.1%)
[Layer Freezing] Training last 4 transformer layers (layers 8-11)
[Layer Freezing] Trainable params: 28,384,555 / 108,924,715 (26.1%)
[Layer Freezing] Training last 4 transformer layers (layers 8-11)
[Layer Freezing] Trainable params: 28,384,555 / 108,924,715 (26.1%)
[Layer Freezing] Training last 4 transformer layers (layers 8-11)
[Layer Freezing] Trainable params: 28,384,555 / 108,924,715 (26.1%)
[Layer Freezing] Training last 4 transformer layers (layers 8-11)
[Layer Freezing] Trainable params: 28,384,555 / 108,924,715 (26.1%)
[Layer Freezing] Training last 4 transformer layers (layers 8-11)
[Layer Freezing] Trainable params: 28,384,555 / 108,924,715 (26.1%)
[Layer Freezing] Training last 4 transformer layers (layers 8-11)
[Layer Freezing] Trainable params: 28,384,555 / 108,924,715 (26.1%)
[Layer Freezing] Training last 4 transformer layers (layers 8-11)
[Layer Freezing] Trainable params: 28,384,555 / 108,924,715 (26.1%)
[Round 10] T=4.71  α_ce=0.98  α_kd=0.02
 Round 10 | F1 0.1579 | P 0.5698 | R 0.0917 | Time 45.8s | Comm N/A | Local Avg F1: 0.1137

=== Round 11/100 ===
[Round 11] KD=ON | policy=prev_global
[Layer Freezing] Training last 4 transformer layers (layers 8-11)
[Layer Freezing] Trainable params: 28,384,555 / 108,924,715 (26.1%)
[Layer Freezing] Training last 4 transformer layers (layers 8-11)
[Layer Freezing] Trainable params: 28,384,555 / 108,924,715 (26.1%)
[Layer Freezing] Training last 4 transformer layers (layers 8-11)
[Layer Freezing] Trainable params: 28,384,555 / 108,924,715 (26.1%)
[Layer Freezing] Training last 4 transformer layers (layers 8-11)
[Layer Freezing] Trainable params: 28,384,555 / 108,924,715 (26.1%)
[Layer Freezing] Training last 4 transformer layers (layers 8-11)
[Layer Freezing] Trainable params: 28,384,555 / 108,924,715 (26.1%)
[Layer Freezing] Training last 4 transformer layers (layers 8-11)
[Layer Freezing] Trainable params: 28,384,555 / 108,924,715 (26.1%)
[Layer Freezing] Training last 4 transformer layers (layers 8-11)
[Layer Freezing] Trainable params: 28,384,555 / 108,924,715 (26.1%)
[Layer Freezing] Training last 4 transformer layers (layers 8-11)
[Layer Freezing] Trainable params: 28,384,555 / 108,924,715 (26.1%)
[Layer Freezing] Training last 4 transformer layers (layers 8-11)
[Layer Freezing] Trainable params: 28,384,555 / 108,924,715 (26.1%)
[Layer Freezing] Training last 4 transformer layers (layers 8-11)
[Layer Freezing] Trainable params: 28,384,555 / 108,924,715 (26.1%)
[Round 11] T=4.68  α_ce=0.97  α_kd=0.03
 Round 11 | F1 0.1859 | P 0.5555 | R 0.1116 | Time 46.1s | Comm N/A | Local Avg F1: 0.1380

=== Round 12/100 ===
[Round 12] KD=ON | policy=prev_global
[Layer Freezing] Training last 4 transformer layers (layers 8-11)
[Layer Freezing] Trainable params: 28,384,555 / 108,924,715 (26.1%)
[Layer Freezing] Training last 4 transformer layers (layers 8-11)
[Layer Freezing] Trainable params: 28,384,555 / 108,924,715 (26.1%)
[Layer Freezing] Training last 4 transformer layers (layers 8-11)
[Layer Freezing] Trainable params: 28,384,555 / 108,924,715 (26.1%)
[Layer Freezing] Training last 4 transformer layers (layers 8-11)
[Layer Freezing] Trainable params: 28,384,555 / 108,924,715 (26.1%)
[Layer Freezing] Training last 4 transformer layers (layers 8-11)
[Layer Freezing] Trainable params: 28,384,555 / 108,924,715 (26.1%)
[Layer Freezing] Training last 4 transformer layers (layers 8-11)
[Layer Freezing] Trainable params: 28,384,555 / 108,924,715 (26.1%)
[Layer Freezing] Training last 4 transformer layers (layers 8-11)
[Layer Freezing] Trainable params: 28,384,555 / 108,924,715 (26.1%)
[Layer Freezing] Training last 4 transformer layers (layers 8-11)
[Layer Freezing] Trainable params: 28,384,555 / 108,924,715 (26.1%)
[Layer Freezing] Training last 4 transformer layers (layers 8-11)
[Layer Freezing] Trainable params: 28,384,555 / 108,924,715 (26.1%)
[Layer Freezing] Training last 4 transformer layers (layers 8-11)
[Layer Freezing] Trainable params: 28,384,555 / 108,924,715 (26.1%)
[Round 12] T=4.64  α_ce=0.97  α_kd=0.03
 Round 12 | F1 0.2151 | P 0.5387 | R 0.1344 | Time 46.2s | Comm N/A | Local Avg F1: 0.1681

=== Round 13/100 ===
[Round 13] KD=ON | policy=prev_global
[Layer Freezing] Training last 4 transformer layers (layers 8-11)
[Layer Freezing] Trainable params: 28,384,555 / 108,924,715 (26.1%)
[Layer Freezing] Training last 4 transformer layers (layers 8-11)
[Layer Freezing] Trainable params: 28,384,555 / 108,924,715 (26.1%)
[Layer Freezing] Training last 4 transformer layers (layers 8-11)
[Layer Freezing] Trainable params: 28,384,555 / 108,924,715 (26.1%)
[Layer Freezing] Training last 4 transformer layers (layers 8-11)
[Layer Freezing] Trainable params: 28,384,555 / 108,924,715 (26.1%)
[Layer Freezing] Training last 4 transformer layers (layers 8-11)
[Layer Freezing] Trainable params: 28,384,555 / 108,924,715 (26.1%)
[Layer Freezing] Training last 4 transformer layers (layers 8-11)
[Layer Freezing] Trainable params: 28,384,555 / 108,924,715 (26.1%)
[Layer Freezing] Training last 4 transformer layers (layers 8-11)
[Layer Freezing] Trainable params: 28,384,555 / 108,924,715 (26.1%)
[Layer Freezing] Training last 4 transformer layers (layers 8-11)
[Layer Freezing] Trainable params: 28,384,555 / 108,924,715 (26.1%)
[Layer Freezing] Training last 4 transformer layers (layers 8-11)
[Layer Freezing] Trainable params: 28,384,555 / 108,924,715 (26.1%)
[Layer Freezing] Training last 4 transformer layers (layers 8-11)
[Layer Freezing] Trainable params: 28,384,555 / 108,924,715 (26.1%)
[Round 13] T=4.61  α_ce=0.97  α_kd=0.03
 Round 13 | F1 0.2168 | P 0.5603 | R 0.1344 | Time 45.2s | Comm N/A | Local Avg F1: 0.1692

=== Round 14/100 ===
[Round 14] KD=ON | policy=prev_global
[Layer Freezing] Training last 4 transformer layers (layers 8-11)
[Layer Freezing] Trainable params: 28,384,555 / 108,924,715 (26.1%)
[Layer Freezing] Training last 4 transformer layers (layers 8-11)
[Layer Freezing] Trainable params: 28,384,555 / 108,924,715 (26.1%)
[Layer Freezing] Training last 4 transformer layers (layers 8-11)
[Layer Freezing] Trainable params: 28,384,555 / 108,924,715 (26.1%)
[Layer Freezing] Training last 4 transformer layers (layers 8-11)
[Layer Freezing] Trainable params: 28,384,555 / 108,924,715 (26.1%)
[Layer Freezing] Training last 4 transformer layers (layers 8-11)
[Layer Freezing] Trainable params: 28,384,555 / 108,924,715 (26.1%)
[Layer Freezing] Training last 4 transformer layers (layers 8-11)
[Layer Freezing] Trainable params: 28,384,555 / 108,924,715 (26.1%)
[Layer Freezing] Training last 4 transformer layers (layers 8-11)
[Layer Freezing] Trainable params: 28,384,555 / 108,924,715 (26.1%)
[Layer Freezing] Training last 4 transformer layers (layers 8-11)
[Layer Freezing] Trainable params: 28,384,555 / 108,924,715 (26.1%)
[Layer Freezing] Training last 4 transformer layers (layers 8-11)
[Layer Freezing] Trainable params: 28,384,555 / 108,924,715 (26.1%)
[Layer Freezing] Training last 4 transformer layers (layers 8-11)
[Layer Freezing] Trainable params: 28,384,555 / 108,924,715 (26.1%)
[Round 14] T=4.57  α_ce=0.96  α_kd=0.04
 Round 14 | F1 0.2494 | P 0.5549 | R 0.1608 | Time 45.6s | Comm N/A | Local Avg F1: 0.1941

=== Round 15/100 ===
[Round 15] KD=ON | policy=prev_global
[Layer Freezing] Training last 4 transformer layers (layers 8-11)
[Layer Freezing] Trainable params: 28,384,555 / 108,924,715 (26.1%)
[Layer Freezing] Training last 4 transformer layers (layers 8-11)
[Layer Freezing] Trainable params: 28,384,555 / 108,924,715 (26.1%)
[Layer Freezing] Training last 4 transformer layers (layers 8-11)
[Layer Freezing] Trainable params: 28,384,555 / 108,924,715 (26.1%)
[Layer Freezing] Training last 4 transformer layers (layers 8-11)
[Layer Freezing] Trainable params: 28,384,555 / 108,924,715 (26.1%)
[Layer Freezing] Training last 4 transformer layers (layers 8-11)
[Layer Freezing] Trainable params: 28,384,555 / 108,924,715 (26.1%)
[Layer Freezing] Training last 4 transformer layers (layers 8-11)
[Layer Freezing] Trainable params: 28,384,555 / 108,924,715 (26.1%)
[Layer Freezing] Training last 4 transformer layers (layers 8-11)
[Layer Freezing] Trainable params: 28,384,555 / 108,924,715 (26.1%)
[Layer Freezing] Training last 4 transformer layers (layers 8-11)
[Layer Freezing] Trainable params: 28,384,555 / 108,924,715 (26.1%)
[Layer Freezing] Training last 4 transformer layers (layers 8-11)
[Layer Freezing] Trainable params: 28,384,555 / 108,924,715 (26.1%)
[Layer Freezing] Training last 4 transformer layers (layers 8-11)
[Layer Freezing] Trainable params: 28,384,555 / 108,924,715 (26.1%)
[Round 15] T=4.54  α_ce=0.96  α_kd=0.04
 Round 15 | F1 0.2491 | P 0.5633 | R 0.1599 | Time 45.0s | Comm N/A | Local Avg F1: 0.1887

=== Round 16/100 ===
[Round 16] KD=ON | policy=prev_global
[Layer Freezing] Training last 4 transformer layers (layers 8-11)
[Layer Freezing] Trainable params: 28,384,555 / 108,924,715 (26.1%)
[Layer Freezing] Training last 4 transformer layers (layers 8-11)
[Layer Freezing] Trainable params: 28,384,555 / 108,924,715 (26.1%)
[Layer Freezing] Training last 4 transformer layers (layers 8-11)
[Layer Freezing] Trainable params: 28,384,555 / 108,924,715 (26.1%)
[Layer Freezing] Training last 4 transformer layers (layers 8-11)
[Layer Freezing] Trainable params: 28,384,555 / 108,924,715 (26.1%)
[Layer Freezing] Training last 4 transformer layers (layers 8-11)
[Layer Freezing] Trainable params: 28,384,555 / 108,924,715 (26.1%)
[Layer Freezing] Training last 4 transformer layers (layers 8-11)
[Layer Freezing] Trainable params: 28,384,555 / 108,924,715 (26.1%)
[Layer Freezing] Training last 4 transformer layers (layers 8-11)
[Layer Freezing] Trainable params: 28,384,555 / 108,924,715 (26.1%)
[Layer Freezing] Training last 4 transformer layers (layers 8-11)
[Layer Freezing] Trainable params: 28,384,555 / 108,924,715 (26.1%)
[Layer Freezing] Training last 4 transformer layers (layers 8-11)
[Layer Freezing] Trainable params: 28,384,555 / 108,924,715 (26.1%)
[Layer Freezing] Training last 4 transformer layers (layers 8-11)
[Layer Freezing] Trainable params: 28,384,555 / 108,924,715 (26.1%)
[Round 16] T=4.50  α_ce=0.96  α_kd=0.04
 Round 16 | F1 0.2947 | P 0.5476 | R 0.2016 | Time 45.8s | Comm N/A | Local Avg F1: 0.2320

=== Round 17/100 ===
[Round 17] KD=ON | policy=prev_global
[Layer Freezing] Training last 4 transformer layers (layers 8-11)
[Layer Freezing] Trainable params: 28,384,555 / 108,924,715 (26.1%)
[Layer Freezing] Training last 4 transformer layers (layers 8-11)
[Layer Freezing] Trainable params: 28,384,555 / 108,924,715 (26.1%)
[Layer Freezing] Training last 4 transformer layers (layers 8-11)
[Layer Freezing] Trainable params: 28,384,555 / 108,924,715 (26.1%)
[Layer Freezing] Training last 4 transformer layers (layers 8-11)
[Layer Freezing] Trainable params: 28,384,555 / 108,924,715 (26.1%)
[Layer Freezing] Training last 4 transformer layers (layers 8-11)
[Layer Freezing] Trainable params: 28,384,555 / 108,924,715 (26.1%)
[Layer Freezing] Training last 4 transformer layers (layers 8-11)
[Layer Freezing] Trainable params: 28,384,555 / 108,924,715 (26.1%)
[Layer Freezing] Training last 4 transformer layers (layers 8-11)
[Layer Freezing] Trainable params: 28,384,555 / 108,924,715 (26.1%)
[Layer Freezing] Training last 4 transformer layers (layers 8-11)
[Layer Freezing] Trainable params: 28,384,555 / 108,924,715 (26.1%)
[Layer Freezing] Training last 4 transformer layers (layers 8-11)
[Layer Freezing] Trainable params: 28,384,555 / 108,924,715 (26.1%)
[Layer Freezing] Training last 4 transformer layers (layers 8-11)
[Layer Freezing] Trainable params: 28,384,555 / 108,924,715 (26.1%)
[Round 17] T=4.46  α_ce=0.95  α_kd=0.05
 Round 17 | F1 0.3007 | P 0.5646 | R 0.2049 | Time 45.2s | Comm N/A | Local Avg F1: 0.2313

=== Round 18/100 ===
[Round 18] KD=ON | policy=prev_global
[Layer Freezing] Training last 4 transformer layers (layers 8-11)
[Layer Freezing] Trainable params: 28,384,555 / 108,924,715 (26.1%)
[Layer Freezing] Training last 4 transformer layers (layers 8-11)
[Layer Freezing] Trainable params: 28,384,555 / 108,924,715 (26.1%)
[Layer Freezing] Training last 4 transformer layers (layers 8-11)
[Layer Freezing] Trainable params: 28,384,555 / 108,924,715 (26.1%)
[Layer Freezing] Training last 4 transformer layers (layers 8-11)
[Layer Freezing] Trainable params: 28,384,555 / 108,924,715 (26.1%)
[Layer Freezing] Training last 4 transformer layers (layers 8-11)
[Layer Freezing] Trainable params: 28,384,555 / 108,924,715 (26.1%)
[Layer Freezing] Training last 4 transformer layers (layers 8-11)
[Layer Freezing] Trainable params: 28,384,555 / 108,924,715 (26.1%)
[Layer Freezing] Training last 4 transformer layers (layers 8-11)
[Layer Freezing] Trainable params: 28,384,555 / 108,924,715 (26.1%)
[Layer Freezing] Training last 4 transformer layers (layers 8-11)
[Layer Freezing] Trainable params: 28,384,555 / 108,924,715 (26.1%)
[Layer Freezing] Training last 4 transformer layers (layers 8-11)
[Layer Freezing] Trainable params: 28,384,555 / 108,924,715 (26.1%)
[Layer Freezing] Training last 4 transformer layers (layers 8-11)
[Layer Freezing] Trainable params: 28,384,555 / 108,924,715 (26.1%)
[Round 18] T=4.43  α_ce=0.95  α_kd=0.05
 Round 18 | F1 0.3176 | P 0.5748 | R 0.2194 | Time 45.2s | Comm N/A | Local Avg F1: 0.2523

=== Round 19/100 ===
[Round 19] KD=ON | policy=prev_global
[Layer Freezing] Training last 4 transformer layers (layers 8-11)
[Layer Freezing] Trainable params: 28,384,555 / 108,924,715 (26.1%)
[Layer Freezing] Training last 4 transformer layers (layers 8-11)
[Layer Freezing] Trainable params: 28,384,555 / 108,924,715 (26.1%)
[Layer Freezing] Training last 4 transformer layers (layers 8-11)
[Layer Freezing] Trainable params: 28,384,555 / 108,924,715 (26.1%)
[Layer Freezing] Training last 4 transformer layers (layers 8-11)
[Layer Freezing] Trainable params: 28,384,555 / 108,924,715 (26.1%)
[Layer Freezing] Training last 4 transformer layers (layers 8-11)
[Layer Freezing] Trainable params: 28,384,555 / 108,924,715 (26.1%)
[Layer Freezing] Training last 4 transformer layers (layers 8-11)
[Layer Freezing] Trainable params: 28,384,555 / 108,924,715 (26.1%)
[Layer Freezing] Training last 4 transformer layers (layers 8-11)
[Layer Freezing] Trainable params: 28,384,555 / 108,924,715 (26.1%)
[Layer Freezing] Training last 4 transformer layers (layers 8-11)
[Layer Freezing] Trainable params: 28,384,555 / 108,924,715 (26.1%)
[Layer Freezing] Training last 4 transformer layers (layers 8-11)
[Layer Freezing] Trainable params: 28,384,555 / 108,924,715 (26.1%)
[Layer Freezing] Training last 4 transformer layers (layers 8-11)
[Layer Freezing] Trainable params: 28,384,555 / 108,924,715 (26.1%)
[Round 19] T=4.39  α_ce=0.95  α_kd=0.05
 Round 19 | F1 0.3106 | P 0.5799 | R 0.2121 | Time 46.3s | Comm N/A | Local Avg F1: 0.2536

=== Round 20/100 ===
[Round 20] KD=ON | policy=prev_global
[Layer Freezing] Training last 4 transformer layers (layers 8-11)
[Layer Freezing] Trainable params: 28,384,555 / 108,924,715 (26.1%)
[Layer Freezing] Training last 4 transformer layers (layers 8-11)
[Layer Freezing] Trainable params: 28,384,555 / 108,924,715 (26.1%)
[Layer Freezing] Training last 4 transformer layers (layers 8-11)
[Layer Freezing] Trainable params: 28,384,555 / 108,924,715 (26.1%)
[Layer Freezing] Training last 4 transformer layers (layers 8-11)
[Layer Freezing] Trainable params: 28,384,555 / 108,924,715 (26.1%)
[Layer Freezing] Training last 4 transformer layers (layers 8-11)
[Layer Freezing] Trainable params: 28,384,555 / 108,924,715 (26.1%)
[Layer Freezing] Training last 4 transformer layers (layers 8-11)
[Layer Freezing] Trainable params: 28,384,555 / 108,924,715 (26.1%)
[Layer Freezing] Training last 4 transformer layers (layers 8-11)
[Layer Freezing] Trainable params: 28,384,555 / 108,924,715 (26.1%)
[Layer Freezing] Training last 4 transformer layers (layers 8-11)
[Layer Freezing] Trainable params: 28,384,555 / 108,924,715 (26.1%)
[Layer Freezing] Training last 4 transformer layers (layers 8-11)
[Layer Freezing] Trainable params: 28,384,555 / 108,924,715 (26.1%)
[Layer Freezing] Training last 4 transformer layers (layers 8-11)
[Layer Freezing] Trainable params: 28,384,555 / 108,924,715 (26.1%)
[Round 20] T=4.36  α_ce=0.94  α_kd=0.06
 Round 20 | F1 0.3442 | P 0.5572 | R 0.2490 | Time 46.0s | Comm N/A | Local Avg F1: 0.2808

=== Round 21/100 ===
[Round 21] KD=ON | policy=prev_global
[Layer Freezing] Training last 4 transformer layers (layers 8-11)
[Layer Freezing] Trainable params: 28,384,555 / 108,924,715 (26.1%)
[Layer Freezing] Training last 4 transformer layers (layers 8-11)
[Layer Freezing] Trainable params: 28,384,555 / 108,924,715 (26.1%)
[Layer Freezing] Training last 4 transformer layers (layers 8-11)
[Layer Freezing] Trainable params: 28,384,555 / 108,924,715 (26.1%)
[Layer Freezing] Training last 4 transformer layers (layers 8-11)
[Layer Freezing] Trainable params: 28,384,555 / 108,924,715 (26.1%)
[Layer Freezing] Training last 4 transformer layers (layers 8-11)
[Layer Freezing] Trainable params: 28,384,555 / 108,924,715 (26.1%)
[Layer Freezing] Training last 4 transformer layers (layers 8-11)
[Layer Freezing] Trainable params: 28,384,555 / 108,924,715 (26.1%)
[Layer Freezing] Training last 4 transformer layers (layers 8-11)
[Layer Freezing] Trainable params: 28,384,555 / 108,924,715 (26.1%)
[Layer Freezing] Training last 4 transformer layers (layers 8-11)
[Layer Freezing] Trainable params: 28,384,555 / 108,924,715 (26.1%)
[Layer Freezing] Training last 4 transformer layers (layers 8-11)
[Layer Freezing] Trainable params: 28,384,555 / 108,924,715 (26.1%)
[Layer Freezing] Training last 4 transformer layers (layers 8-11)
[Layer Freezing] Trainable params: 28,384,555 / 108,924,715 (26.1%)
[Round 21] T=4.32  α_ce=0.94  α_kd=0.06
 Round 21 | F1 0.3532 | P 0.5736 | R 0.2552 | Time 44.9s | Comm N/A | Local Avg F1: 0.2902

=== Round 22/100 ===
[Round 22] KD=ON | policy=prev_global
[Layer Freezing] Training last 4 transformer layers (layers 8-11)
[Layer Freezing] Trainable params: 28,384,555 / 108,924,715 (26.1%)
[Layer Freezing] Training last 4 transformer layers (layers 8-11)
[Layer Freezing] Trainable params: 28,384,555 / 108,924,715 (26.1%)
[Layer Freezing] Training last 4 transformer layers (layers 8-11)
[Layer Freezing] Trainable params: 28,384,555 / 108,924,715 (26.1%)
[Layer Freezing] Training last 4 transformer layers (layers 8-11)
[Layer Freezing] Trainable params: 28,384,555 / 108,924,715 (26.1%)
[Layer Freezing] Training last 4 transformer layers (layers 8-11)
[Layer Freezing] Trainable params: 28,384,555 / 108,924,715 (26.1%)
[Layer Freezing] Training last 4 transformer layers (layers 8-11)
[Layer Freezing] Trainable params: 28,384,555 / 108,924,715 (26.1%)
[Layer Freezing] Training last 4 transformer layers (layers 8-11)
[Layer Freezing] Trainable params: 28,384,555 / 108,924,715 (26.1%)
[Layer Freezing] Training last 4 transformer layers (layers 8-11)
[Layer Freezing] Trainable params: 28,384,555 / 108,924,715 (26.1%)
[Layer Freezing] Training last 4 transformer layers (layers 8-11)
[Layer Freezing] Trainable params: 28,384,555 / 108,924,715 (26.1%)
[Layer Freezing] Training last 4 transformer layers (layers 8-11)
[Layer Freezing] Trainable params: 28,384,555 / 108,924,715 (26.1%)
[Round 22] T=4.29  α_ce=0.94  α_kd=0.06
 Round 22 | F1 0.3868 | P 0.5569 | R 0.2963 | Time 46.3s | Comm N/A | Local Avg F1: 0.3145

=== Round 23/100 ===
[Round 23] KD=ON | policy=prev_global
[Layer Freezing] Training last 4 transformer layers (layers 8-11)
[Layer Freezing] Trainable params: 28,384,555 / 108,924,715 (26.1%)
[Layer Freezing] Training last 4 transformer layers (layers 8-11)
[Layer Freezing] Trainable params: 28,384,555 / 108,924,715 (26.1%)
[Layer Freezing] Training last 4 transformer layers (layers 8-11)
[Layer Freezing] Trainable params: 28,384,555 / 108,924,715 (26.1%)
[Layer Freezing] Training last 4 transformer layers (layers 8-11)
[Layer Freezing] Trainable params: 28,384,555 / 108,924,715 (26.1%)
[Layer Freezing] Training last 4 transformer layers (layers 8-11)
[Layer Freezing] Trainable params: 28,384,555 / 108,924,715 (26.1%)
[Layer Freezing] Training last 4 transformer layers (layers 8-11)
[Layer Freezing] Trainable params: 28,384,555 / 108,924,715 (26.1%)
[Layer Freezing] Training last 4 transformer layers (layers 8-11)
[Layer Freezing] Trainable params: 28,384,555 / 108,924,715 (26.1%)
[Layer Freezing] Training last 4 transformer layers (layers 8-11)
[Layer Freezing] Trainable params: 28,384,555 / 108,924,715 (26.1%)
[Layer Freezing] Training last 4 transformer layers (layers 8-11)
[Layer Freezing] Trainable params: 28,384,555 / 108,924,715 (26.1%)
[Layer Freezing] Training last 4 transformer layers (layers 8-11)
[Layer Freezing] Trainable params: 28,384,555 / 108,924,715 (26.1%)
[Round 23] T=4.25  α_ce=0.94  α_kd=0.06
 Round 23 | F1 0.3786 | P 0.5703 | R 0.2834 | Time 46.0s | Comm N/A | Local Avg F1: 0.3148

=== Round 24/100 ===
[Round 24] KD=ON | policy=prev_global
[Layer Freezing] Training last 4 transformer layers (layers 8-11)
[Layer Freezing] Trainable params: 28,384,555 / 108,924,715 (26.1%)
[Layer Freezing] Training last 4 transformer layers (layers 8-11)
[Layer Freezing] Trainable params: 28,384,555 / 108,924,715 (26.1%)
[Layer Freezing] Training last 4 transformer layers (layers 8-11)
[Layer Freezing] Trainable params: 28,384,555 / 108,924,715 (26.1%)
[Layer Freezing] Training last 4 transformer layers (layers 8-11)
[Layer Freezing] Trainable params: 28,384,555 / 108,924,715 (26.1%)
[Layer Freezing] Training last 4 transformer layers (layers 8-11)
[Layer Freezing] Trainable params: 28,384,555 / 108,924,715 (26.1%)
[Layer Freezing] Training last 4 transformer layers (layers 8-11)
[Layer Freezing] Trainable params: 28,384,555 / 108,924,715 (26.1%)
[Layer Freezing] Training last 4 transformer layers (layers 8-11)
[Layer Freezing] Trainable params: 28,384,555 / 108,924,715 (26.1%)
[Layer Freezing] Training last 4 transformer layers (layers 8-11)
[Layer Freezing] Trainable params: 28,384,555 / 108,924,715 (26.1%)
[Layer Freezing] Training last 4 transformer layers (layers 8-11)
[Layer Freezing] Trainable params: 28,384,555 / 108,924,715 (26.1%)
[Layer Freezing] Training last 4 transformer layers (layers 8-11)
[Layer Freezing] Trainable params: 28,384,555 / 108,924,715 (26.1%)
[Round 24] T=4.21  α_ce=0.93  α_kd=0.07
 Round 24 | F1 0.3800 | P 0.5696 | R 0.2851 | Time 45.7s | Comm N/A | Local Avg F1: 0.3171

=== Round 25/100 ===
[Round 25] KD=ON | policy=prev_global
[Layer Freezing] Training last 4 transformer layers (layers 8-11)
[Layer Freezing] Trainable params: 28,384,555 / 108,924,715 (26.1%)
[Layer Freezing] Training last 4 transformer layers (layers 8-11)
[Layer Freezing] Trainable params: 28,384,555 / 108,924,715 (26.1%)
[Layer Freezing] Training last 4 transformer layers (layers 8-11)
[Layer Freezing] Trainable params: 28,384,555 / 108,924,715 (26.1%)
[Layer Freezing] Training last 4 transformer layers (layers 8-11)
[Layer Freezing] Trainable params: 28,384,555 / 108,924,715 (26.1%)
[Layer Freezing] Training last 4 transformer layers (layers 8-11)
[Layer Freezing] Trainable params: 28,384,555 / 108,924,715 (26.1%)
[Layer Freezing] Training last 4 transformer layers (layers 8-11)
[Layer Freezing] Trainable params: 28,384,555 / 108,924,715 (26.1%)
[Layer Freezing] Training last 4 transformer layers (layers 8-11)
[Layer Freezing] Trainable params: 28,384,555 / 108,924,715 (26.1%)
[Layer Freezing] Training last 4 transformer layers (layers 8-11)
[Layer Freezing] Trainable params: 28,384,555 / 108,924,715 (26.1%)
[Layer Freezing] Training last 4 transformer layers (layers 8-11)
[Layer Freezing] Trainable params: 28,384,555 / 108,924,715 (26.1%)
[Layer Freezing] Training last 4 transformer layers (layers 8-11)
[Layer Freezing] Trainable params: 28,384,555 / 108,924,715 (26.1%)
[Round 25] T=4.18  α_ce=0.93  α_kd=0.07
 Round 25 | F1 0.4036 | P 0.5563 | R 0.3166 | Time 45.4s | Comm N/A | Local Avg F1: 0.3395

=== Round 26/100 ===
[Round 26] KD=ON | policy=prev_global
[Layer Freezing] Training last 4 transformer layers (layers 8-11)
[Layer Freezing] Trainable params: 28,384,555 / 108,924,715 (26.1%)
[Layer Freezing] Training last 4 transformer layers (layers 8-11)
[Layer Freezing] Trainable params: 28,384,555 / 108,924,715 (26.1%)
[Layer Freezing] Training last 4 transformer layers (layers 8-11)
[Layer Freezing] Trainable params: 28,384,555 / 108,924,715 (26.1%)
[Layer Freezing] Training last 4 transformer layers (layers 8-11)
[Layer Freezing] Trainable params: 28,384,555 / 108,924,715 (26.1%)
[Layer Freezing] Training last 4 transformer layers (layers 8-11)
[Layer Freezing] Trainable params: 28,384,555 / 108,924,715 (26.1%)
[Layer Freezing] Training last 4 transformer layers (layers 8-11)
[Layer Freezing] Trainable params: 28,384,555 / 108,924,715 (26.1%)
[Layer Freezing] Training last 4 transformer layers (layers 8-11)
[Layer Freezing] Trainable params: 28,384,555 / 108,924,715 (26.1%)
[Layer Freezing] Training last 4 transformer layers (layers 8-11)
[Layer Freezing] Trainable params: 28,384,555 / 108,924,715 (26.1%)
[Layer Freezing] Training last 4 transformer layers (layers 8-11)
[Layer Freezing] Trainable params: 28,384,555 / 108,924,715 (26.1%)
[Layer Freezing] Training last 4 transformer layers (layers 8-11)
[Layer Freezing] Trainable params: 28,384,555 / 108,924,715 (26.1%)
[Round 26] T=4.14  α_ce=0.93  α_kd=0.07
 Round 26 | F1 0.3955 | P 0.5785 | R 0.3004 | Time 45.3s | Comm N/A | Local Avg F1: 0.3407

=== Round 27/100 ===
[Round 27] KD=ON | policy=prev_global
[Layer Freezing] Training last 4 transformer layers (layers 8-11)
[Layer Freezing] Trainable params: 28,384,555 / 108,924,715 (26.1%)
[Layer Freezing] Training last 4 transformer layers (layers 8-11)
[Layer Freezing] Trainable params: 28,384,555 / 108,924,715 (26.1%)
[Layer Freezing] Training last 4 transformer layers (layers 8-11)
[Layer Freezing] Trainable params: 28,384,555 / 108,924,715 (26.1%)
[Layer Freezing] Training last 4 transformer layers (layers 8-11)
[Layer Freezing] Trainable params: 28,384,555 / 108,924,715 (26.1%)
[Layer Freezing] Training last 4 transformer layers (layers 8-11)
[Layer Freezing] Trainable params: 28,384,555 / 108,924,715 (26.1%)
[Layer Freezing] Training last 4 transformer layers (layers 8-11)
[Layer Freezing] Trainable params: 28,384,555 / 108,924,715 (26.1%)
[Layer Freezing] Training last 4 transformer layers (layers 8-11)
[Layer Freezing] Trainable params: 28,384,555 / 108,924,715 (26.1%)
[Layer Freezing] Training last 4 transformer layers (layers 8-11)
[Layer Freezing] Trainable params: 28,384,555 / 108,924,715 (26.1%)
[Layer Freezing] Training last 4 transformer layers (layers 8-11)
[Layer Freezing] Trainable params: 28,384,555 / 108,924,715 (26.1%)
[Layer Freezing] Training last 4 transformer layers (layers 8-11)
[Layer Freezing] Trainable params: 28,384,555 / 108,924,715 (26.1%)
[Round 27] T=4.11  α_ce=0.92  α_kd=0.08
 Round 27 | F1 0.4127 | P 0.5751 | R 0.3218 | Time 44.9s | Comm N/A | Local Avg F1: 0.3491

=== Round 28/100 ===
[Round 28] KD=ON | policy=prev_global
[Layer Freezing] Training last 4 transformer layers (layers 8-11)
[Layer Freezing] Trainable params: 28,384,555 / 108,924,715 (26.1%)
[Layer Freezing] Training last 4 transformer layers (layers 8-11)
[Layer Freezing] Trainable params: 28,384,555 / 108,924,715 (26.1%)
[Layer Freezing] Training last 4 transformer layers (layers 8-11)
[Layer Freezing] Trainable params: 28,384,555 / 108,924,715 (26.1%)
[Layer Freezing] Training last 4 transformer layers (layers 8-11)
[Layer Freezing] Trainable params: 28,384,555 / 108,924,715 (26.1%)
[Layer Freezing] Training last 4 transformer layers (layers 8-11)
[Layer Freezing] Trainable params: 28,384,555 / 108,924,715 (26.1%)
[Layer Freezing] Training last 4 transformer layers (layers 8-11)
[Layer Freezing] Trainable params: 28,384,555 / 108,924,715 (26.1%)
[Layer Freezing] Training last 4 transformer layers (layers 8-11)
[Layer Freezing] Trainable params: 28,384,555 / 108,924,715 (26.1%)
[Layer Freezing] Training last 4 transformer layers (layers 8-11)
[Layer Freezing] Trainable params: 28,384,555 / 108,924,715 (26.1%)
[Layer Freezing] Training last 4 transformer layers (layers 8-11)
[Layer Freezing] Trainable params: 28,384,555 / 108,924,715 (26.1%)
[Layer Freezing] Training last 4 transformer layers (layers 8-11)
[Layer Freezing] Trainable params: 28,384,555 / 108,924,715 (26.1%)
[Round 28] T=4.07  α_ce=0.92  α_kd=0.08
 Round 28 | F1 0.4011 | P 0.5866 | R 0.3047 | Time 46.1s | Comm N/A | Local Avg F1: 0.3464

=== Round 29/100 ===
[Round 29] KD=ON | policy=prev_global
[Layer Freezing] Training last 4 transformer layers (layers 8-11)
[Layer Freezing] Trainable params: 28,384,555 / 108,924,715 (26.1%)
[Layer Freezing] Training last 4 transformer layers (layers 8-11)
[Layer Freezing] Trainable params: 28,384,555 / 108,924,715 (26.1%)
[Layer Freezing] Training last 4 transformer layers (layers 8-11)
[Layer Freezing] Trainable params: 28,384,555 / 108,924,715 (26.1%)
[Layer Freezing] Training last 4 transformer layers (layers 8-11)
[Layer Freezing] Trainable params: 28,384,555 / 108,924,715 (26.1%)
[Layer Freezing] Training last 4 transformer layers (layers 8-11)
[Layer Freezing] Trainable params: 28,384,555 / 108,924,715 (26.1%)
[Layer Freezing] Training last 4 transformer layers (layers 8-11)
[Layer Freezing] Trainable params: 28,384,555 / 108,924,715 (26.1%)
[Layer Freezing] Training last 4 transformer layers (layers 8-11)
[Layer Freezing] Trainable params: 28,384,555 / 108,924,715 (26.1%)
[Layer Freezing] Training last 4 transformer layers (layers 8-11)
[Layer Freezing] Trainable params: 28,384,555 / 108,924,715 (26.1%)
[Layer Freezing] Training last 4 transformer layers (layers 8-11)
[Layer Freezing] Trainable params: 28,384,555 / 108,924,715 (26.1%)
[Layer Freezing] Training last 4 transformer layers (layers 8-11)
[Layer Freezing] Trainable params: 28,384,555 / 108,924,715 (26.1%)
[Round 29] T=4.04  α_ce=0.92  α_kd=0.08
 Round 29 | F1 0.4309 | P 0.5726 | R 0.3454 | Time 45.2s | Comm N/A | Local Avg F1: 0.3618

=== Round 30/100 ===
[Round 30] KD=ON | policy=prev_global
[Layer Freezing] Training last 4 transformer layers (layers 8-11)
[Layer Freezing] Trainable params: 28,384,555 / 108,924,715 (26.1%)
[Layer Freezing] Training last 4 transformer layers (layers 8-11)
[Layer Freezing] Trainable params: 28,384,555 / 108,924,715 (26.1%)
[Layer Freezing] Training last 4 transformer layers (layers 8-11)
[Layer Freezing] Trainable params: 28,384,555 / 108,924,715 (26.1%)
[Layer Freezing] Training last 4 transformer layers (layers 8-11)
[Layer Freezing] Trainable params: 28,384,555 / 108,924,715 (26.1%)
[Layer Freezing] Training last 4 transformer layers (layers 8-11)
[Layer Freezing] Trainable params: 28,384,555 / 108,924,715 (26.1%)
[Layer Freezing] Training last 4 transformer layers (layers 8-11)
[Layer Freezing] Trainable params: 28,384,555 / 108,924,715 (26.1%)
[Layer Freezing] Training last 4 transformer layers (layers 8-11)
[Layer Freezing] Trainable params: 28,384,555 / 108,924,715 (26.1%)
[Layer Freezing] Training last 4 transformer layers (layers 8-11)
[Layer Freezing] Trainable params: 28,384,555 / 108,924,715 (26.1%)
[Layer Freezing] Training last 4 transformer layers (layers 8-11)
[Layer Freezing] Trainable params: 28,384,555 / 108,924,715 (26.1%)
[Layer Freezing] Training last 4 transformer layers (layers 8-11)
[Layer Freezing] Trainable params: 28,384,555 / 108,924,715 (26.1%)
[Round 30] T=4.00  α_ce=0.91  α_kd=0.09
 Round 30 | F1 0.4312 | P 0.5847 | R 0.3415 | Time 45.2s | Comm N/A | Local Avg F1: 0.3624

=== Round 31/100 ===
[Round 31] KD=ON | policy=prev_global
[Layer Freezing] Training last 4 transformer layers (layers 8-11)
[Layer Freezing] Trainable params: 28,384,555 / 108,924,715 (26.1%)
[Layer Freezing] Training last 4 transformer layers (layers 8-11)
[Layer Freezing] Trainable params: 28,384,555 / 108,924,715 (26.1%)
[Layer Freezing] Training last 4 transformer layers (layers 8-11)
[Layer Freezing] Trainable params: 28,384,555 / 108,924,715 (26.1%)
[Layer Freezing] Training last 4 transformer layers (layers 8-11)
[Layer Freezing] Trainable params: 28,384,555 / 108,924,715 (26.1%)
[Layer Freezing] Training last 4 transformer layers (layers 8-11)
[Layer Freezing] Trainable params: 28,384,555 / 108,924,715 (26.1%)
[Layer Freezing] Training last 4 transformer layers (layers 8-11)
[Layer Freezing] Trainable params: 28,384,555 / 108,924,715 (26.1%)
[Layer Freezing] Training last 4 transformer layers (layers 8-11)
[Layer Freezing] Trainable params: 28,384,555 / 108,924,715 (26.1%)
[Layer Freezing] Training last 4 transformer layers (layers 8-11)
[Layer Freezing] Trainable params: 28,384,555 / 108,924,715 (26.1%)
[Layer Freezing] Training last 4 transformer layers (layers 8-11)
[Layer Freezing] Trainable params: 28,384,555 / 108,924,715 (26.1%)
[Layer Freezing] Training last 4 transformer layers (layers 8-11)
[Layer Freezing] Trainable params: 28,384,555 / 108,924,715 (26.1%)
[Round 31] T=3.96  α_ce=0.91  α_kd=0.09
 Round 31 | F1 0.4353 | P 0.5843 | R 0.3469 | Time 46.4s | Comm N/A | Local Avg F1: 0.3709

=== Round 32/100 ===
[Round 32] KD=ON | policy=prev_global
[Layer Freezing] Training last 4 transformer layers (layers 8-11)
[Layer Freezing] Trainable params: 28,384,555 / 108,924,715 (26.1%)
[Layer Freezing] Training last 4 transformer layers (layers 8-11)
[Layer Freezing] Trainable params: 28,384,555 / 108,924,715 (26.1%)
[Layer Freezing] Training last 4 transformer layers (layers 8-11)
[Layer Freezing] Trainable params: 28,384,555 / 108,924,715 (26.1%)
[Layer Freezing] Training last 4 transformer layers (layers 8-11)
[Layer Freezing] Trainable params: 28,384,555 / 108,924,715 (26.1%)
[Layer Freezing] Training last 4 transformer layers (layers 8-11)
[Layer Freezing] Trainable params: 28,384,555 / 108,924,715 (26.1%)
[Layer Freezing] Training last 4 transformer layers (layers 8-11)
[Layer Freezing] Trainable params: 28,384,555 / 108,924,715 (26.1%)
[Layer Freezing] Training last 4 transformer layers (layers 8-11)
[Layer Freezing] Trainable params: 28,384,555 / 108,924,715 (26.1%)
[Layer Freezing] Training last 4 transformer layers (layers 8-11)
[Layer Freezing] Trainable params: 28,384,555 / 108,924,715 (26.1%)
[Layer Freezing] Training last 4 transformer layers (layers 8-11)
[Layer Freezing] Trainable params: 28,384,555 / 108,924,715 (26.1%)
[Layer Freezing] Training last 4 transformer layers (layers 8-11)
[Layer Freezing] Trainable params: 28,384,555 / 108,924,715 (26.1%)
[Round 32] T=3.93  α_ce=0.91  α_kd=0.09
 Round 32 | F1 0.4385 | P 0.5886 | R 0.3495 | Time 45.2s | Comm N/A | Local Avg F1: 0.3691

=== Round 33/100 ===
[Round 33] KD=ON | policy=prev_global
[Layer Freezing] Training last 4 transformer layers (layers 8-11)
[Layer Freezing] Trainable params: 28,384,555 / 108,924,715 (26.1%)
[Layer Freezing] Training last 4 transformer layers (layers 8-11)
[Layer Freezing] Trainable params: 28,384,555 / 108,924,715 (26.1%)
[Layer Freezing] Training last 4 transformer layers (layers 8-11)
[Layer Freezing] Trainable params: 28,384,555 / 108,924,715 (26.1%)
[Layer Freezing] Training last 4 transformer layers (layers 8-11)
[Layer Freezing] Trainable params: 28,384,555 / 108,924,715 (26.1%)
[Layer Freezing] Training last 4 transformer layers (layers 8-11)
[Layer Freezing] Trainable params: 28,384,555 / 108,924,715 (26.1%)
[Layer Freezing] Training last 4 transformer layers (layers 8-11)
[Layer Freezing] Trainable params: 28,384,555 / 108,924,715 (26.1%)
[Layer Freezing] Training last 4 transformer layers (layers 8-11)
[Layer Freezing] Trainable params: 28,384,555 / 108,924,715 (26.1%)
[Layer Freezing] Training last 4 transformer layers (layers 8-11)
[Layer Freezing] Trainable params: 28,384,555 / 108,924,715 (26.1%)
[Layer Freezing] Training last 4 transformer layers (layers 8-11)
[Layer Freezing] Trainable params: 28,384,555 / 108,924,715 (26.1%)
[Layer Freezing] Training last 4 transformer layers (layers 8-11)
[Layer Freezing] Trainable params: 28,384,555 / 108,924,715 (26.1%)
[Round 33] T=3.89  α_ce=0.91  α_kd=0.09
 Round 33 | F1 0.4344 | P 0.5889 | R 0.3441 | Time 44.2s | Comm N/A | Local Avg F1: 0.3703

=== Round 34/100 ===
[Round 34] KD=ON | policy=prev_global
[Layer Freezing] Training last 4 transformer layers (layers 8-11)
[Layer Freezing] Trainable params: 28,384,555 / 108,924,715 (26.1%)
[Layer Freezing] Training last 4 transformer layers (layers 8-11)
[Layer Freezing] Trainable params: 28,384,555 / 108,924,715 (26.1%)
[Layer Freezing] Training last 4 transformer layers (layers 8-11)
[Layer Freezing] Trainable params: 28,384,555 / 108,924,715 (26.1%)
[Layer Freezing] Training last 4 transformer layers (layers 8-11)
[Layer Freezing] Trainable params: 28,384,555 / 108,924,715 (26.1%)
[Layer Freezing] Training last 4 transformer layers (layers 8-11)
[Layer Freezing] Trainable params: 28,384,555 / 108,924,715 (26.1%)
[Layer Freezing] Training last 4 transformer layers (layers 8-11)
[Layer Freezing] Trainable params: 28,384,555 / 108,924,715 (26.1%)
[Layer Freezing] Training last 4 transformer layers (layers 8-11)
[Layer Freezing] Trainable params: 28,384,555 / 108,924,715 (26.1%)
[Layer Freezing] Training last 4 transformer layers (layers 8-11)
[Layer Freezing] Trainable params: 28,384,555 / 108,924,715 (26.1%)
[Layer Freezing] Training last 4 transformer layers (layers 8-11)
[Layer Freezing] Trainable params: 28,384,555 / 108,924,715 (26.1%)
[Layer Freezing] Training last 4 transformer layers (layers 8-11)
[Layer Freezing] Trainable params: 28,384,555 / 108,924,715 (26.1%)
[Round 34] T=3.86  α_ce=0.90  α_kd=0.10
 Round 34 | F1 0.4552 | P 0.5744 | R 0.3770 | Time 45.7s | Comm N/A | Local Avg F1: 0.3835

=== Round 35/100 ===
[Round 35] KD=ON | policy=prev_global
[Layer Freezing] Training last 4 transformer layers (layers 8-11)
[Layer Freezing] Trainable params: 28,384,555 / 108,924,715 (26.1%)
[Layer Freezing] Training last 4 transformer layers (layers 8-11)
[Layer Freezing] Trainable params: 28,384,555 / 108,924,715 (26.1%)
[Layer Freezing] Training last 4 transformer layers (layers 8-11)
[Layer Freezing] Trainable params: 28,384,555 / 108,924,715 (26.1%)
[Layer Freezing] Training last 4 transformer layers (layers 8-11)
[Layer Freezing] Trainable params: 28,384,555 / 108,924,715 (26.1%)
[Layer Freezing] Training last 4 transformer layers (layers 8-11)
[Layer Freezing] Trainable params: 28,384,555 / 108,924,715 (26.1%)
[Layer Freezing] Training last 4 transformer layers (layers 8-11)
[Layer Freezing] Trainable params: 28,384,555 / 108,924,715 (26.1%)
[Layer Freezing] Training last 4 transformer layers (layers 8-11)
[Layer Freezing] Trainable params: 28,384,555 / 108,924,715 (26.1%)
[Layer Freezing] Training last 4 transformer layers (layers 8-11)
[Layer Freezing] Trainable params: 28,384,555 / 108,924,715 (26.1%)
[Layer Freezing] Training last 4 transformer layers (layers 8-11)
[Layer Freezing] Trainable params: 28,384,555 / 108,924,715 (26.1%)
[Layer Freezing] Training last 4 transformer layers (layers 8-11)
[Layer Freezing] Trainable params: 28,384,555 / 108,924,715 (26.1%)
[Round 35] T=3.82  α_ce=0.90  α_kd=0.10
 Round 35 | F1 0.4552 | P 0.5888 | R 0.3710 | Time 45.4s | Comm N/A | Local Avg F1: 0.3868

=== Round 36/100 ===
[Round 36] KD=ON | policy=prev_global
[Layer Freezing] Training last 4 transformer layers (layers 8-11)
[Layer Freezing] Trainable params: 28,384,555 / 108,924,715 (26.1%)
[Layer Freezing] Training last 4 transformer layers (layers 8-11)
[Layer Freezing] Trainable params: 28,384,555 / 108,924,715 (26.1%)
[Layer Freezing] Training last 4 transformer layers (layers 8-11)
[Layer Freezing] Trainable params: 28,384,555 / 108,924,715 (26.1%)
[Layer Freezing] Training last 4 transformer layers (layers 8-11)
[Layer Freezing] Trainable params: 28,384,555 / 108,924,715 (26.1%)
[Layer Freezing] Training last 4 transformer layers (layers 8-11)
[Layer Freezing] Trainable params: 28,384,555 / 108,924,715 (26.1%)
[Layer Freezing] Training last 4 transformer layers (layers 8-11)
[Layer Freezing] Trainable params: 28,384,555 / 108,924,715 (26.1%)
[Layer Freezing] Training last 4 transformer layers (layers 8-11)
[Layer Freezing] Trainable params: 28,384,555 / 108,924,715 (26.1%)
[Layer Freezing] Training last 4 transformer layers (layers 8-11)
[Layer Freezing] Trainable params: 28,384,555 / 108,924,715 (26.1%)
[Layer Freezing] Training last 4 transformer layers (layers 8-11)
[Layer Freezing] Trainable params: 28,384,555 / 108,924,715 (26.1%)
[Layer Freezing] Training last 4 transformer layers (layers 8-11)
[Layer Freezing] Trainable params: 28,384,555 / 108,924,715 (26.1%)
[Round 36] T=3.79  α_ce=0.90  α_kd=0.10
 Round 36 | F1 0.4621 | P 0.5827 | R 0.3828 | Time 46.0s | Comm N/A | Local Avg F1: 0.3934

=== Round 37/100 ===
[Round 37] KD=ON | policy=prev_global
[Layer Freezing] Training last 4 transformer layers (layers 8-11)
[Layer Freezing] Trainable params: 28,384,555 / 108,924,715 (26.1%)
[Layer Freezing] Training last 4 transformer layers (layers 8-11)
[Layer Freezing] Trainable params: 28,384,555 / 108,924,715 (26.1%)
[Layer Freezing] Training last 4 transformer layers (layers 8-11)
[Layer Freezing] Trainable params: 28,384,555 / 108,924,715 (26.1%)
[Layer Freezing] Training last 4 transformer layers (layers 8-11)
[Layer Freezing] Trainable params: 28,384,555 / 108,924,715 (26.1%)
[Layer Freezing] Training last 4 transformer layers (layers 8-11)
[Layer Freezing] Trainable params: 28,384,555 / 108,924,715 (26.1%)
[Layer Freezing] Training last 4 transformer layers (layers 8-11)
[Layer Freezing] Trainable params: 28,384,555 / 108,924,715 (26.1%)
[Layer Freezing] Training last 4 transformer layers (layers 8-11)
[Layer Freezing] Trainable params: 28,384,555 / 108,924,715 (26.1%)
[Layer Freezing] Training last 4 transformer layers (layers 8-11)
[Layer Freezing] Trainable params: 28,384,555 / 108,924,715 (26.1%)
[Layer Freezing] Training last 4 transformer layers (layers 8-11)
[Layer Freezing] Trainable params: 28,384,555 / 108,924,715 (26.1%)
[Layer Freezing] Training last 4 transformer layers (layers 8-11)
[Layer Freezing] Trainable params: 28,384,555 / 108,924,715 (26.1%)
[Round 37] T=3.75  α_ce=0.89  α_kd=0.11
 Round 37 | F1 0.4615 | P 0.5897 | R 0.3790 | Time 45.7s | Comm N/A | Local Avg F1: 0.3950

=== Round 38/100 ===
[Round 38] KD=ON | policy=prev_global
[Layer Freezing] Training last 4 transformer layers (layers 8-11)
[Layer Freezing] Trainable params: 28,384,555 / 108,924,715 (26.1%)
[Layer Freezing] Training last 4 transformer layers (layers 8-11)
[Layer Freezing] Trainable params: 28,384,555 / 108,924,715 (26.1%)
[Layer Freezing] Training last 4 transformer layers (layers 8-11)
[Layer Freezing] Trainable params: 28,384,555 / 108,924,715 (26.1%)
[Layer Freezing] Training last 4 transformer layers (layers 8-11)
[Layer Freezing] Trainable params: 28,384,555 / 108,924,715 (26.1%)
[Layer Freezing] Training last 4 transformer layers (layers 8-11)
[Layer Freezing] Trainable params: 28,384,555 / 108,924,715 (26.1%)
[Layer Freezing] Training last 4 transformer layers (layers 8-11)
[Layer Freezing] Trainable params: 28,384,555 / 108,924,715 (26.1%)
[Layer Freezing] Training last 4 transformer layers (layers 8-11)
[Layer Freezing] Trainable params: 28,384,555 / 108,924,715 (26.1%)
[Layer Freezing] Training last 4 transformer layers (layers 8-11)
[Layer Freezing] Trainable params: 28,384,555 / 108,924,715 (26.1%)
[Layer Freezing] Training last 4 transformer layers (layers 8-11)
[Layer Freezing] Trainable params: 28,384,555 / 108,924,715 (26.1%)
[Layer Freezing] Training last 4 transformer layers (layers 8-11)
[Layer Freezing] Trainable params: 28,384,555 / 108,924,715 (26.1%)
[Round 38] T=3.71  α_ce=0.89  α_kd=0.11
 Round 38 | F1 0.4615 | P 0.5934 | R 0.3776 | Time 44.5s | Comm N/A | Local Avg F1: 0.3947

=== Round 39/100 ===
[Round 39] KD=ON | policy=prev_global
[Layer Freezing] Training last 4 transformer layers (layers 8-11)
[Layer Freezing] Trainable params: 28,384,555 / 108,924,715 (26.1%)
[Layer Freezing] Training last 4 transformer layers (layers 8-11)
[Layer Freezing] Trainable params: 28,384,555 / 108,924,715 (26.1%)
[Layer Freezing] Training last 4 transformer layers (layers 8-11)
[Layer Freezing] Trainable params: 28,384,555 / 108,924,715 (26.1%)
[Layer Freezing] Training last 4 transformer layers (layers 8-11)
[Layer Freezing] Trainable params: 28,384,555 / 108,924,715 (26.1%)
[Layer Freezing] Training last 4 transformer layers (layers 8-11)
[Layer Freezing] Trainable params: 28,384,555 / 108,924,715 (26.1%)
[Layer Freezing] Training last 4 transformer layers (layers 8-11)
[Layer Freezing] Trainable params: 28,384,555 / 108,924,715 (26.1%)
[Layer Freezing] Training last 4 transformer layers (layers 8-11)
[Layer Freezing] Trainable params: 28,384,555 / 108,924,715 (26.1%)
[Layer Freezing] Training last 4 transformer layers (layers 8-11)
[Layer Freezing] Trainable params: 28,384,555 / 108,924,715 (26.1%)
[Layer Freezing] Training last 4 transformer layers (layers 8-11)
[Layer Freezing] Trainable params: 28,384,555 / 108,924,715 (26.1%)
[Layer Freezing] Training last 4 transformer layers (layers 8-11)
[Layer Freezing] Trainable params: 28,384,555 / 108,924,715 (26.1%)
[Round 39] T=3.68  α_ce=0.89  α_kd=0.11
 Round 39 | F1 0.4731 | P 0.5852 | R 0.3971 | Time 46.1s | Comm N/A | Local Avg F1: 0.4056

=== Round 40/100 ===
[Round 40] KD=ON | policy=prev_global
[Layer Freezing] Training last 4 transformer layers (layers 8-11)
[Layer Freezing] Trainable params: 28,384,555 / 108,924,715 (26.1%)
[Layer Freezing] Training last 4 transformer layers (layers 8-11)
[Layer Freezing] Trainable params: 28,384,555 / 108,924,715 (26.1%)
[Layer Freezing] Training last 4 transformer layers (layers 8-11)
[Layer Freezing] Trainable params: 28,384,555 / 108,924,715 (26.1%)
[Layer Freezing] Training last 4 transformer layers (layers 8-11)
[Layer Freezing] Trainable params: 28,384,555 / 108,924,715 (26.1%)
[Layer Freezing] Training last 4 transformer layers (layers 8-11)
[Layer Freezing] Trainable params: 28,384,555 / 108,924,715 (26.1%)
[Layer Freezing] Training last 4 transformer layers (layers 8-11)
[Layer Freezing] Trainable params: 28,384,555 / 108,924,715 (26.1%)
[Layer Freezing] Training last 4 transformer layers (layers 8-11)
[Layer Freezing] Trainable params: 28,384,555 / 108,924,715 (26.1%)
[Layer Freezing] Training last 4 transformer layers (layers 8-11)
[Layer Freezing] Trainable params: 28,384,555 / 108,924,715 (26.1%)
[Layer Freezing] Training last 4 transformer layers (layers 8-11)
[Layer Freezing] Trainable params: 28,384,555 / 108,924,715 (26.1%)
[Layer Freezing] Training last 4 transformer layers (layers 8-11)
[Layer Freezing] Trainable params: 28,384,555 / 108,924,715 (26.1%)
[Round 40] T=3.64  α_ce=0.88  α_kd=0.12
 Round 40 | F1 0.4691 | P 0.5981 | R 0.3859 | Time 45.9s | Comm N/A | Local Avg F1: 0.4014

=== Round 41/100 ===
[Round 41] KD=ON | policy=prev_global
[Layer Freezing] Training last 4 transformer layers (layers 8-11)
[Layer Freezing] Trainable params: 28,384,555 / 108,924,715 (26.1%)
[Layer Freezing] Training last 4 transformer layers (layers 8-11)
[Layer Freezing] Trainable params: 28,384,555 / 108,924,715 (26.1%)
[Layer Freezing] Training last 4 transformer layers (layers 8-11)
[Layer Freezing] Trainable params: 28,384,555 / 108,924,715 (26.1%)
[Layer Freezing] Training last 4 transformer layers (layers 8-11)
[Layer Freezing] Trainable params: 28,384,555 / 108,924,715 (26.1%)
[Layer Freezing] Training last 4 transformer layers (layers 8-11)
[Layer Freezing] Trainable params: 28,384,555 / 108,924,715 (26.1%)
[Layer Freezing] Training last 4 transformer layers (layers 8-11)
[Layer Freezing] Trainable params: 28,384,555 / 108,924,715 (26.1%)
[Layer Freezing] Training last 4 transformer layers (layers 8-11)
[Layer Freezing] Trainable params: 28,384,555 / 108,924,715 (26.1%)
[Layer Freezing] Training last 4 transformer layers (layers 8-11)
[Layer Freezing] Trainable params: 28,384,555 / 108,924,715 (26.1%)
[Layer Freezing] Training last 4 transformer layers (layers 8-11)
[Layer Freezing] Trainable params: 28,384,555 / 108,924,715 (26.1%)
[Layer Freezing] Training last 4 transformer layers (layers 8-11)
[Layer Freezing] Trainable params: 28,384,555 / 108,924,715 (26.1%)
[Round 41] T=3.61  α_ce=0.88  α_kd=0.12
 Round 41 | F1 0.4715 | P 0.5922 | R 0.3916 | Time 45.4s | Comm N/A | Local Avg F1: 0.4020

=== Round 42/100 ===
[Round 42] KD=ON | policy=prev_global
[Layer Freezing] Training last 4 transformer layers (layers 8-11)
[Layer Freezing] Trainable params: 28,384,555 / 108,924,715 (26.1%)
[Layer Freezing] Training last 4 transformer layers (layers 8-11)
[Layer Freezing] Trainable params: 28,384,555 / 108,924,715 (26.1%)
[Layer Freezing] Training last 4 transformer layers (layers 8-11)
[Layer Freezing] Trainable params: 28,384,555 / 108,924,715 (26.1%)
[Layer Freezing] Training last 4 transformer layers (layers 8-11)
[Layer Freezing] Trainable params: 28,384,555 / 108,924,715 (26.1%)
[Layer Freezing] Training last 4 transformer layers (layers 8-11)
[Layer Freezing] Trainable params: 28,384,555 / 108,924,715 (26.1%)
[Layer Freezing] Training last 4 transformer layers (layers 8-11)
[Layer Freezing] Trainable params: 28,384,555 / 108,924,715 (26.1%)
[Layer Freezing] Training last 4 transformer layers (layers 8-11)
[Layer Freezing] Trainable params: 28,384,555 / 108,924,715 (26.1%)
[Layer Freezing] Training last 4 transformer layers (layers 8-11)
[Layer Freezing] Trainable params: 28,384,555 / 108,924,715 (26.1%)
[Layer Freezing] Training last 4 transformer layers (layers 8-11)
[Layer Freezing] Trainable params: 28,384,555 / 108,924,715 (26.1%)
[Layer Freezing] Training last 4 transformer layers (layers 8-11)
[Layer Freezing] Trainable params: 28,384,555 / 108,924,715 (26.1%)
[Round 42] T=3.57  α_ce=0.88  α_kd=0.12
 Round 42 | F1 0.4810 | P 0.5962 | R 0.4030 | Time 45.5s | Comm N/A | Local Avg F1: 0.4080

=== Round 43/100 ===
[Round 43] KD=ON | policy=prev_global
[Layer Freezing] Training last 4 transformer layers (layers 8-11)
[Layer Freezing] Trainable params: 28,384,555 / 108,924,715 (26.1%)
[Layer Freezing] Training last 4 transformer layers (layers 8-11)
[Layer Freezing] Trainable params: 28,384,555 / 108,924,715 (26.1%)
[Layer Freezing] Training last 4 transformer layers (layers 8-11)
[Layer Freezing] Trainable params: 28,384,555 / 108,924,715 (26.1%)
[Layer Freezing] Training last 4 transformer layers (layers 8-11)
[Layer Freezing] Trainable params: 28,384,555 / 108,924,715 (26.1%)
[Layer Freezing] Training last 4 transformer layers (layers 8-11)
[Layer Freezing] Trainable params: 28,384,555 / 108,924,715 (26.1%)
[Layer Freezing] Training last 4 transformer layers (layers 8-11)
[Layer Freezing] Trainable params: 28,384,555 / 108,924,715 (26.1%)
[Layer Freezing] Training last 4 transformer layers (layers 8-11)
[Layer Freezing] Trainable params: 28,384,555 / 108,924,715 (26.1%)
[Layer Freezing] Training last 4 transformer layers (layers 8-11)
[Layer Freezing] Trainable params: 28,384,555 / 108,924,715 (26.1%)
[Layer Freezing] Training last 4 transformer layers (layers 8-11)
[Layer Freezing] Trainable params: 28,384,555 / 108,924,715 (26.1%)
[Layer Freezing] Training last 4 transformer layers (layers 8-11)
[Layer Freezing] Trainable params: 28,384,555 / 108,924,715 (26.1%)
[Round 43] T=3.54  α_ce=0.87  α_kd=0.13
 Round 43 | F1 0.4703 | P 0.6152 | R 0.3807 | Time 45.5s | Comm N/A | Local Avg F1: 0.3954

=== Round 44/100 ===
[Round 44] KD=ON | policy=prev_global
[Layer Freezing] Training last 4 transformer layers (layers 8-11)
[Layer Freezing] Trainable params: 28,384,555 / 108,924,715 (26.1%)
[Layer Freezing] Training last 4 transformer layers (layers 8-11)
[Layer Freezing] Trainable params: 28,384,555 / 108,924,715 (26.1%)
[Layer Freezing] Training last 4 transformer layers (layers 8-11)
[Layer Freezing] Trainable params: 28,384,555 / 108,924,715 (26.1%)
[Layer Freezing] Training last 4 transformer layers (layers 8-11)
[Layer Freezing] Trainable params: 28,384,555 / 108,924,715 (26.1%)
[Layer Freezing] Training last 4 transformer layers (layers 8-11)
[Layer Freezing] Trainable params: 28,384,555 / 108,924,715 (26.1%)
[Layer Freezing] Training last 4 transformer layers (layers 8-11)
[Layer Freezing] Trainable params: 28,384,555 / 108,924,715 (26.1%)
[Layer Freezing] Training last 4 transformer layers (layers 8-11)
[Layer Freezing] Trainable params: 28,384,555 / 108,924,715 (26.1%)
[Layer Freezing] Training last 4 transformer layers (layers 8-11)
[Layer Freezing] Trainable params: 28,384,555 / 108,924,715 (26.1%)
[Layer Freezing] Training last 4 transformer layers (layers 8-11)
[Layer Freezing] Trainable params: 28,384,555 / 108,924,715 (26.1%)
[Layer Freezing] Training last 4 transformer layers (layers 8-11)
[Layer Freezing] Trainable params: 28,384,555 / 108,924,715 (26.1%)
[Round 44] T=3.50  α_ce=0.87  α_kd=0.13
 Round 44 | F1 0.4807 | P 0.5962 | R 0.4027 | Time 45.8s | Comm N/A | Local Avg F1: 0.4109

=== Round 45/100 ===
[Round 45] KD=ON | policy=prev_global
[Layer Freezing] Training last 4 transformer layers (layers 8-11)
[Layer Freezing] Trainable params: 28,384,555 / 108,924,715 (26.1%)
[Layer Freezing] Training last 4 transformer layers (layers 8-11)
[Layer Freezing] Trainable params: 28,384,555 / 108,924,715 (26.1%)
[Layer Freezing] Training last 4 transformer layers (layers 8-11)
[Layer Freezing] Trainable params: 28,384,555 / 108,924,715 (26.1%)
[Layer Freezing] Training last 4 transformer layers (layers 8-11)
[Layer Freezing] Trainable params: 28,384,555 / 108,924,715 (26.1%)
[Layer Freezing] Training last 4 transformer layers (layers 8-11)
[Layer Freezing] Trainable params: 28,384,555 / 108,924,715 (26.1%)
[Layer Freezing] Training last 4 transformer layers (layers 8-11)
[Layer Freezing] Trainable params: 28,384,555 / 108,924,715 (26.1%)
[Layer Freezing] Training last 4 transformer layers (layers 8-11)
[Layer Freezing] Trainable params: 28,384,555 / 108,924,715 (26.1%)
[Layer Freezing] Training last 4 transformer layers (layers 8-11)
[Layer Freezing] Trainable params: 28,384,555 / 108,924,715 (26.1%)
[Layer Freezing] Training last 4 transformer layers (layers 8-11)
[Layer Freezing] Trainable params: 28,384,555 / 108,924,715 (26.1%)
[Layer Freezing] Training last 4 transformer layers (layers 8-11)
[Layer Freezing] Trainable params: 28,384,555 / 108,924,715 (26.1%)
[Round 45] T=3.46  α_ce=0.87  α_kd=0.13
 Round 45 | F1 0.4828 | P 0.6017 | R 0.4032 | Time 44.5s | Comm N/A | Local Avg F1: 0.4095

=== Round 46/100 ===
[Round 46] KD=ON | policy=prev_global
[Layer Freezing] Training last 4 transformer layers (layers 8-11)
[Layer Freezing] Trainable params: 28,384,555 / 108,924,715 (26.1%)
[Layer Freezing] Training last 4 transformer layers (layers 8-11)
[Layer Freezing] Trainable params: 28,384,555 / 108,924,715 (26.1%)
[Layer Freezing] Training last 4 transformer layers (layers 8-11)
[Layer Freezing] Trainable params: 28,384,555 / 108,924,715 (26.1%)
[Layer Freezing] Training last 4 transformer layers (layers 8-11)
[Layer Freezing] Trainable params: 28,384,555 / 108,924,715 (26.1%)
[Layer Freezing] Training last 4 transformer layers (layers 8-11)
[Layer Freezing] Trainable params: 28,384,555 / 108,924,715 (26.1%)
[Layer Freezing] Training last 4 transformer layers (layers 8-11)
[Layer Freezing] Trainable params: 28,384,555 / 108,924,715 (26.1%)
[Layer Freezing] Training last 4 transformer layers (layers 8-11)
[Layer Freezing] Trainable params: 28,384,555 / 108,924,715 (26.1%)
[Layer Freezing] Training last 4 transformer layers (layers 8-11)
[Layer Freezing] Trainable params: 28,384,555 / 108,924,715 (26.1%)
[Layer Freezing] Training last 4 transformer layers (layers 8-11)
[Layer Freezing] Trainable params: 28,384,555 / 108,924,715 (26.1%)
[Layer Freezing] Training last 4 transformer layers (layers 8-11)
[Layer Freezing] Trainable params: 28,384,555 / 108,924,715 (26.1%)
[Round 46] T=3.43  α_ce=0.87  α_kd=0.13
 Round 46 | F1 0.4781 | P 0.6074 | R 0.3942 | Time 46.3s | Comm N/A | Local Avg F1: 0.4088

=== Round 47/100 ===
[Round 47] KD=ON | policy=prev_global
[Layer Freezing] Training last 4 transformer layers (layers 8-11)
[Layer Freezing] Trainable params: 28,384,555 / 108,924,715 (26.1%)
[Layer Freezing] Training last 4 transformer layers (layers 8-11)
[Layer Freezing] Trainable params: 28,384,555 / 108,924,715 (26.1%)
[Layer Freezing] Training last 4 transformer layers (layers 8-11)
[Layer Freezing] Trainable params: 28,384,555 / 108,924,715 (26.1%)
[Layer Freezing] Training last 4 transformer layers (layers 8-11)
[Layer Freezing] Trainable params: 28,384,555 / 108,924,715 (26.1%)
[Layer Freezing] Training last 4 transformer layers (layers 8-11)
[Layer Freezing] Trainable params: 28,384,555 / 108,924,715 (26.1%)
[Layer Freezing] Training last 4 transformer layers (layers 8-11)
[Layer Freezing] Trainable params: 28,384,555 / 108,924,715 (26.1%)
[Layer Freezing] Training last 4 transformer layers (layers 8-11)
[Layer Freezing] Trainable params: 28,384,555 / 108,924,715 (26.1%)
[Layer Freezing] Training last 4 transformer layers (layers 8-11)
[Layer Freezing] Trainable params: 28,384,555 / 108,924,715 (26.1%)
[Layer Freezing] Training last 4 transformer layers (layers 8-11)
[Layer Freezing] Trainable params: 28,384,555 / 108,924,715 (26.1%)
[Layer Freezing] Training last 4 transformer layers (layers 8-11)
[Layer Freezing] Trainable params: 28,384,555 / 108,924,715 (26.1%)
[Round 47] T=3.39  α_ce=0.86  α_kd=0.14
 Round 47 | F1 0.4900 | P 0.5897 | R 0.4191 | Time 45.9s | Comm N/A | Local Avg F1: 0.4177

=== Round 48/100 ===
[Round 48] KD=ON | policy=prev_global
[Layer Freezing] Training last 4 transformer layers (layers 8-11)
[Layer Freezing] Trainable params: 28,384,555 / 108,924,715 (26.1%)
[Layer Freezing] Training last 4 transformer layers (layers 8-11)
[Layer Freezing] Trainable params: 28,384,555 / 108,924,715 (26.1%)
[Layer Freezing] Training last 4 transformer layers (layers 8-11)
[Layer Freezing] Trainable params: 28,384,555 / 108,924,715 (26.1%)
[Layer Freezing] Training last 4 transformer layers (layers 8-11)
[Layer Freezing] Trainable params: 28,384,555 / 108,924,715 (26.1%)
[Layer Freezing] Training last 4 transformer layers (layers 8-11)
[Layer Freezing] Trainable params: 28,384,555 / 108,924,715 (26.1%)
[Layer Freezing] Training last 4 transformer layers (layers 8-11)
[Layer Freezing] Trainable params: 28,384,555 / 108,924,715 (26.1%)
[Layer Freezing] Training last 4 transformer layers (layers 8-11)
[Layer Freezing] Trainable params: 28,384,555 / 108,924,715 (26.1%)
[Layer Freezing] Training last 4 transformer layers (layers 8-11)
[Layer Freezing] Trainable params: 28,384,555 / 108,924,715 (26.1%)
[Layer Freezing] Training last 4 transformer layers (layers 8-11)
[Layer Freezing] Trainable params: 28,384,555 / 108,924,715 (26.1%)
[Layer Freezing] Training last 4 transformer layers (layers 8-11)
[Layer Freezing] Trainable params: 28,384,555 / 108,924,715 (26.1%)
[Round 48] T=3.36  α_ce=0.86  α_kd=0.14
 Round 48 | F1 0.4925 | P 0.5884 | R 0.4234 | Time 45.8s | Comm N/A | Local Avg F1: 0.4248

=== Round 49/100 ===
[Round 49] KD=ON | policy=prev_global
[Layer Freezing] Training last 4 transformer layers (layers 8-11)
[Layer Freezing] Trainable params: 28,384,555 / 108,924,715 (26.1%)
[Layer Freezing] Training last 4 transformer layers (layers 8-11)
[Layer Freezing] Trainable params: 28,384,555 / 108,924,715 (26.1%)
[Layer Freezing] Training last 4 transformer layers (layers 8-11)
[Layer Freezing] Trainable params: 28,384,555 / 108,924,715 (26.1%)
[Layer Freezing] Training last 4 transformer layers (layers 8-11)
[Layer Freezing] Trainable params: 28,384,555 / 108,924,715 (26.1%)
[Layer Freezing] Training last 4 transformer layers (layers 8-11)
[Layer Freezing] Trainable params: 28,384,555 / 108,924,715 (26.1%)
[Layer Freezing] Training last 4 transformer layers (layers 8-11)
[Layer Freezing] Trainable params: 28,384,555 / 108,924,715 (26.1%)
[Layer Freezing] Training last 4 transformer layers (layers 8-11)
[Layer Freezing] Trainable params: 28,384,555 / 108,924,715 (26.1%)
[Layer Freezing] Training last 4 transformer layers (layers 8-11)
[Layer Freezing] Trainable params: 28,384,555 / 108,924,715 (26.1%)
[Layer Freezing] Training last 4 transformer layers (layers 8-11)
[Layer Freezing] Trainable params: 28,384,555 / 108,924,715 (26.1%)
[Layer Freezing] Training last 4 transformer layers (layers 8-11)
[Layer Freezing] Trainable params: 28,384,555 / 108,924,715 (26.1%)
[Round 49] T=3.32  α_ce=0.86  α_kd=0.14
 Round 49 | F1 0.4844 | P 0.6062 | R 0.4033 | Time 45.4s | Comm N/A | Local Avg F1: 0.4183

=== Round 50/100 ===
[Round 50] KD=ON | policy=prev_global
[Layer Freezing] Training last 4 transformer layers (layers 8-11)
[Layer Freezing] Trainable params: 28,384,555 / 108,924,715 (26.1%)
[Layer Freezing] Training last 4 transformer layers (layers 8-11)
[Layer Freezing] Trainable params: 28,384,555 / 108,924,715 (26.1%)
[Layer Freezing] Training last 4 transformer layers (layers 8-11)
[Layer Freezing] Trainable params: 28,384,555 / 108,924,715 (26.1%)
[Layer Freezing] Training last 4 transformer layers (layers 8-11)
[Layer Freezing] Trainable params: 28,384,555 / 108,924,715 (26.1%)
[Layer Freezing] Training last 4 transformer layers (layers 8-11)
[Layer Freezing] Trainable params: 28,384,555 / 108,924,715 (26.1%)
[Layer Freezing] Training last 4 transformer layers (layers 8-11)
[Layer Freezing] Trainable params: 28,384,555 / 108,924,715 (26.1%)
[Layer Freezing] Training last 4 transformer layers (layers 8-11)
[Layer Freezing] Trainable params: 28,384,555 / 108,924,715 (26.1%)
[Layer Freezing] Training last 4 transformer layers (layers 8-11)
[Layer Freezing] Trainable params: 28,384,555 / 108,924,715 (26.1%)
[Layer Freezing] Training last 4 transformer layers (layers 8-11)
[Layer Freezing] Trainable params: 28,384,555 / 108,924,715 (26.1%)
[Layer Freezing] Training last 4 transformer layers (layers 8-11)
[Layer Freezing] Trainable params: 28,384,555 / 108,924,715 (26.1%)
[Round 50] T=3.29  α_ce=0.85  α_kd=0.15
 Round 50 | F1 0.4868 | P 0.6101 | R 0.4050 | Time 45.6s | Comm N/A | Local Avg F1: 0.4204

=== Round 51/100 ===
[Round 51] KD=ON | policy=prev_global
[Layer Freezing] Training last 4 transformer layers (layers 8-11)
[Layer Freezing] Trainable params: 28,384,555 / 108,924,715 (26.1%)
[Layer Freezing] Training last 4 transformer layers (layers 8-11)
[Layer Freezing] Trainable params: 28,384,555 / 108,924,715 (26.1%)
[Layer Freezing] Training last 4 transformer layers (layers 8-11)
[Layer Freezing] Trainable params: 28,384,555 / 108,924,715 (26.1%)
[Layer Freezing] Training last 4 transformer layers (layers 8-11)
[Layer Freezing] Trainable params: 28,384,555 / 108,924,715 (26.1%)
[Layer Freezing] Training last 4 transformer layers (layers 8-11)
[Layer Freezing] Trainable params: 28,384,555 / 108,924,715 (26.1%)
[Layer Freezing] Training last 4 transformer layers (layers 8-11)
[Layer Freezing] Trainable params: 28,384,555 / 108,924,715 (26.1%)
[Layer Freezing] Training last 4 transformer layers (layers 8-11)
[Layer Freezing] Trainable params: 28,384,555 / 108,924,715 (26.1%)
[Layer Freezing] Training last 4 transformer layers (layers 8-11)
[Layer Freezing] Trainable params: 28,384,555 / 108,924,715 (26.1%)
[Layer Freezing] Training last 4 transformer layers (layers 8-11)
[Layer Freezing] Trainable params: 28,384,555 / 108,924,715 (26.1%)
[Layer Freezing] Training last 4 transformer layers (layers 8-11)
[Layer Freezing] Trainable params: 28,384,555 / 108,924,715 (26.1%)
[Round 51] T=3.25  α_ce=0.85  α_kd=0.15
 Round 51 | F1 0.4838 | P 0.6154 | R 0.3985 | Time 46.3s | Comm N/A | Local Avg F1: 0.4163

=== Round 52/100 ===
[Round 52] KD=ON | policy=prev_global
[Layer Freezing] Training last 4 transformer layers (layers 8-11)
[Layer Freezing] Trainable params: 28,384,555 / 108,924,715 (26.1%)
[Layer Freezing] Training last 4 transformer layers (layers 8-11)
[Layer Freezing] Trainable params: 28,384,555 / 108,924,715 (26.1%)
[Layer Freezing] Training last 4 transformer layers (layers 8-11)
[Layer Freezing] Trainable params: 28,384,555 / 108,924,715 (26.1%)
[Layer Freezing] Training last 4 transformer layers (layers 8-11)
[Layer Freezing] Trainable params: 28,384,555 / 108,924,715 (26.1%)
[Layer Freezing] Training last 4 transformer layers (layers 8-11)
[Layer Freezing] Trainable params: 28,384,555 / 108,924,715 (26.1%)
[Layer Freezing] Training last 4 transformer layers (layers 8-11)
[Layer Freezing] Trainable params: 28,384,555 / 108,924,715 (26.1%)
[Layer Freezing] Training last 4 transformer layers (layers 8-11)
[Layer Freezing] Trainable params: 28,384,555 / 108,924,715 (26.1%)
[Layer Freezing] Training last 4 transformer layers (layers 8-11)
[Layer Freezing] Trainable params: 28,384,555 / 108,924,715 (26.1%)
[Layer Freezing] Training last 4 transformer layers (layers 8-11)
[Layer Freezing] Trainable params: 28,384,555 / 108,924,715 (26.1%)
[Layer Freezing] Training last 4 transformer layers (layers 8-11)
[Layer Freezing] Trainable params: 28,384,555 / 108,924,715 (26.1%)
[Round 52] T=3.21  α_ce=0.85  α_kd=0.15
 Round 52 | F1 0.4998 | P 0.6052 | R 0.4257 | Time 46.0s | Comm N/A | Local Avg F1: 0.4274

=== Round 53/100 ===
[Round 53] KD=ON | policy=prev_global
[Layer Freezing] Training last 4 transformer layers (layers 8-11)
[Layer Freezing] Trainable params: 28,384,555 / 108,924,715 (26.1%)
[Layer Freezing] Training last 4 transformer layers (layers 8-11)
[Layer Freezing] Trainable params: 28,384,555 / 108,924,715 (26.1%)
[Layer Freezing] Training last 4 transformer layers (layers 8-11)
[Layer Freezing] Trainable params: 28,384,555 / 108,924,715 (26.1%)
[Layer Freezing] Training last 4 transformer layers (layers 8-11)
[Layer Freezing] Trainable params: 28,384,555 / 108,924,715 (26.1%)
[Layer Freezing] Training last 4 transformer layers (layers 8-11)
[Layer Freezing] Trainable params: 28,384,555 / 108,924,715 (26.1%)
[Layer Freezing] Training last 4 transformer layers (layers 8-11)
[Layer Freezing] Trainable params: 28,384,555 / 108,924,715 (26.1%)
[Layer Freezing] Training last 4 transformer layers (layers 8-11)
[Layer Freezing] Trainable params: 28,384,555 / 108,924,715 (26.1%)
[Layer Freezing] Training last 4 transformer layers (layers 8-11)
[Layer Freezing] Trainable params: 28,384,555 / 108,924,715 (26.1%)
[Layer Freezing] Training last 4 transformer layers (layers 8-11)
[Layer Freezing] Trainable params: 28,384,555 / 108,924,715 (26.1%)
[Layer Freezing] Training last 4 transformer layers (layers 8-11)
[Layer Freezing] Trainable params: 28,384,555 / 108,924,715 (26.1%)
[Round 53] T=3.18  α_ce=0.84  α_kd=0.16
 Round 53 | F1 0.4935 | P 0.6154 | R 0.4119 | Time 45.2s | Comm N/A | Local Avg F1: 0.4255

=== Round 54/100 ===
[Round 54] KD=ON | policy=prev_global
[Layer Freezing] Training last 4 transformer layers (layers 8-11)
[Layer Freezing] Trainable params: 28,384,555 / 108,924,715 (26.1%)
[Layer Freezing] Training last 4 transformer layers (layers 8-11)
[Layer Freezing] Trainable params: 28,384,555 / 108,924,715 (26.1%)
[Layer Freezing] Training last 4 transformer layers (layers 8-11)
[Layer Freezing] Trainable params: 28,384,555 / 108,924,715 (26.1%)
[Layer Freezing] Training last 4 transformer layers (layers 8-11)
[Layer Freezing] Trainable params: 28,384,555 / 108,924,715 (26.1%)
[Layer Freezing] Training last 4 transformer layers (layers 8-11)
[Layer Freezing] Trainable params: 28,384,555 / 108,924,715 (26.1%)
[Layer Freezing] Training last 4 transformer layers (layers 8-11)
[Layer Freezing] Trainable params: 28,384,555 / 108,924,715 (26.1%)
[Layer Freezing] Training last 4 transformer layers (layers 8-11)
[Layer Freezing] Trainable params: 28,384,555 / 108,924,715 (26.1%)
[Layer Freezing] Training last 4 transformer layers (layers 8-11)
[Layer Freezing] Trainable params: 28,384,555 / 108,924,715 (26.1%)
[Layer Freezing] Training last 4 transformer layers (layers 8-11)
[Layer Freezing] Trainable params: 28,384,555 / 108,924,715 (26.1%)
[Layer Freezing] Training last 4 transformer layers (layers 8-11)
[Layer Freezing] Trainable params: 28,384,555 / 108,924,715 (26.1%)
[Round 54] T=3.14  α_ce=0.84  α_kd=0.16
 Round 54 | F1 0.4797 | P 0.6274 | R 0.3883 | Time 45.2s | Comm N/A | Local Avg F1: 0.4143

=== Round 55/100 ===
[Round 55] KD=ON | policy=prev_global
[Layer Freezing] Training last 4 transformer layers (layers 8-11)
[Layer Freezing] Trainable params: 28,384,555 / 108,924,715 (26.1%)
[Layer Freezing] Training last 4 transformer layers (layers 8-11)
[Layer Freezing] Trainable params: 28,384,555 / 108,924,715 (26.1%)
[Layer Freezing] Training last 4 transformer layers (layers 8-11)
[Layer Freezing] Trainable params: 28,384,555 / 108,924,715 (26.1%)
[Layer Freezing] Training last 4 transformer layers (layers 8-11)
[Layer Freezing] Trainable params: 28,384,555 / 108,924,715 (26.1%)
[Layer Freezing] Training last 4 transformer layers (layers 8-11)
[Layer Freezing] Trainable params: 28,384,555 / 108,924,715 (26.1%)
[Layer Freezing] Training last 4 transformer layers (layers 8-11)
[Layer Freezing] Trainable params: 28,384,555 / 108,924,715 (26.1%)
[Layer Freezing] Training last 4 transformer layers (layers 8-11)
[Layer Freezing] Trainable params: 28,384,555 / 108,924,715 (26.1%)
[Layer Freezing] Training last 4 transformer layers (layers 8-11)
[Layer Freezing] Trainable params: 28,384,555 / 108,924,715 (26.1%)
[Layer Freezing] Training last 4 transformer layers (layers 8-11)
[Layer Freezing] Trainable params: 28,384,555 / 108,924,715 (26.1%)
[Layer Freezing] Training last 4 transformer layers (layers 8-11)
[Layer Freezing] Trainable params: 28,384,555 / 108,924,715 (26.1%)
[Round 55] T=3.11  α_ce=0.84  α_kd=0.16
 Round 55 | F1 0.5007 | P 0.6003 | R 0.4294 | Time 46.1s | Comm N/A | Local Avg F1: 0.4299

=== Round 56/100 ===
[Round 56] KD=ON | policy=prev_global
[Layer Freezing] Training last 4 transformer layers (layers 8-11)
[Layer Freezing] Trainable params: 28,384,555 / 108,924,715 (26.1%)
[Layer Freezing] Training last 4 transformer layers (layers 8-11)
[Layer Freezing] Trainable params: 28,384,555 / 108,924,715 (26.1%)
[Layer Freezing] Training last 4 transformer layers (layers 8-11)
[Layer Freezing] Trainable params: 28,384,555 / 108,924,715 (26.1%)
[Layer Freezing] Training last 4 transformer layers (layers 8-11)
[Layer Freezing] Trainable params: 28,384,555 / 108,924,715 (26.1%)
[Layer Freezing] Training last 4 transformer layers (layers 8-11)
[Layer Freezing] Trainable params: 28,384,555 / 108,924,715 (26.1%)
[Layer Freezing] Training last 4 transformer layers (layers 8-11)
[Layer Freezing] Trainable params: 28,384,555 / 108,924,715 (26.1%)
[Layer Freezing] Training last 4 transformer layers (layers 8-11)
[Layer Freezing] Trainable params: 28,384,555 / 108,924,715 (26.1%)
[Layer Freezing] Training last 4 transformer layers (layers 8-11)
[Layer Freezing] Trainable params: 28,384,555 / 108,924,715 (26.1%)
[Layer Freezing] Training last 4 transformer layers (layers 8-11)
[Layer Freezing] Trainable params: 28,384,555 / 108,924,715 (26.1%)
[Layer Freezing] Training last 4 transformer layers (layers 8-11)
[Layer Freezing] Trainable params: 28,384,555 / 108,924,715 (26.1%)
[Round 56] T=3.07  α_ce=0.83  α_kd=0.17
 Round 56 | F1 0.5079 | P 0.6001 | R 0.4403 | Time 45.5s | Comm N/A | Local Avg F1: 0.4329

=== Round 57/100 ===
[Round 57] KD=ON | policy=prev_global
[Layer Freezing] Training last 4 transformer layers (layers 8-11)
[Layer Freezing] Trainable params: 28,384,555 / 108,924,715 (26.1%)
[Layer Freezing] Training last 4 transformer layers (layers 8-11)
[Layer Freezing] Trainable params: 28,384,555 / 108,924,715 (26.1%)
[Layer Freezing] Training last 4 transformer layers (layers 8-11)
[Layer Freezing] Trainable params: 28,384,555 / 108,924,715 (26.1%)
[Layer Freezing] Training last 4 transformer layers (layers 8-11)
[Layer Freezing] Trainable params: 28,384,555 / 108,924,715 (26.1%)
[Layer Freezing] Training last 4 transformer layers (layers 8-11)
[Layer Freezing] Trainable params: 28,384,555 / 108,924,715 (26.1%)
[Layer Freezing] Training last 4 transformer layers (layers 8-11)
[Layer Freezing] Trainable params: 28,384,555 / 108,924,715 (26.1%)
[Layer Freezing] Training last 4 transformer layers (layers 8-11)
[Layer Freezing] Trainable params: 28,384,555 / 108,924,715 (26.1%)
[Layer Freezing] Training last 4 transformer layers (layers 8-11)
[Layer Freezing] Trainable params: 28,384,555 / 108,924,715 (26.1%)
[Layer Freezing] Training last 4 transformer layers (layers 8-11)
[Layer Freezing] Trainable params: 28,384,555 / 108,924,715 (26.1%)
[Layer Freezing] Training last 4 transformer layers (layers 8-11)
[Layer Freezing] Trainable params: 28,384,555 / 108,924,715 (26.1%)
[Round 57] T=3.04  α_ce=0.83  α_kd=0.17
 Round 57 | F1 0.5056 | P 0.6097 | R 0.4319 | Time 45.2s | Comm N/A | Local Avg F1: 0.4308

=== Round 58/100 ===
[Round 58] KD=ON | policy=prev_global
[Layer Freezing] Training last 4 transformer layers (layers 8-11)
[Layer Freezing] Trainable params: 28,384,555 / 108,924,715 (26.1%)
[Layer Freezing] Training last 4 transformer layers (layers 8-11)
[Layer Freezing] Trainable params: 28,384,555 / 108,924,715 (26.1%)
[Layer Freezing] Training last 4 transformer layers (layers 8-11)
[Layer Freezing] Trainable params: 28,384,555 / 108,924,715 (26.1%)
[Layer Freezing] Training last 4 transformer layers (layers 8-11)
[Layer Freezing] Trainable params: 28,384,555 / 108,924,715 (26.1%)
[Layer Freezing] Training last 4 transformer layers (layers 8-11)
[Layer Freezing] Trainable params: 28,384,555 / 108,924,715 (26.1%)
[Layer Freezing] Training last 4 transformer layers (layers 8-11)
[Layer Freezing] Trainable params: 28,384,555 / 108,924,715 (26.1%)
[Layer Freezing] Training last 4 transformer layers (layers 8-11)
[Layer Freezing] Trainable params: 28,384,555 / 108,924,715 (26.1%)
[Layer Freezing] Training last 4 transformer layers (layers 8-11)
[Layer Freezing] Trainable params: 28,384,555 / 108,924,715 (26.1%)
[Layer Freezing] Training last 4 transformer layers (layers 8-11)
[Layer Freezing] Trainable params: 28,384,555 / 108,924,715 (26.1%)
[Layer Freezing] Training last 4 transformer layers (layers 8-11)
[Layer Freezing] Trainable params: 28,384,555 / 108,924,715 (26.1%)
[Round 58] T=3.00  α_ce=0.83  α_kd=0.17
 Round 58 | F1 0.5017 | P 0.6147 | R 0.4238 | Time 46.4s | Comm N/A | Local Avg F1: 0.4295

=== Round 59/100 ===
[Round 59] KD=ON | policy=prev_global
[Layer Freezing] Training last 4 transformer layers (layers 8-11)
[Layer Freezing] Trainable params: 28,384,555 / 108,924,715 (26.1%)
[Layer Freezing] Training last 4 transformer layers (layers 8-11)
[Layer Freezing] Trainable params: 28,384,555 / 108,924,715 (26.1%)
[Layer Freezing] Training last 4 transformer layers (layers 8-11)
[Layer Freezing] Trainable params: 28,384,555 / 108,924,715 (26.1%)
[Layer Freezing] Training last 4 transformer layers (layers 8-11)
[Layer Freezing] Trainable params: 28,384,555 / 108,924,715 (26.1%)
[Layer Freezing] Training last 4 transformer layers (layers 8-11)
[Layer Freezing] Trainable params: 28,384,555 / 108,924,715 (26.1%)
[Layer Freezing] Training last 4 transformer layers (layers 8-11)
[Layer Freezing] Trainable params: 28,384,555 / 108,924,715 (26.1%)
[Layer Freezing] Training last 4 transformer layers (layers 8-11)
[Layer Freezing] Trainable params: 28,384,555 / 108,924,715 (26.1%)
[Layer Freezing] Training last 4 transformer layers (layers 8-11)
[Layer Freezing] Trainable params: 28,384,555 / 108,924,715 (26.1%)
[Layer Freezing] Training last 4 transformer layers (layers 8-11)
[Layer Freezing] Trainable params: 28,384,555 / 108,924,715 (26.1%)
[Layer Freezing] Training last 4 transformer layers (layers 8-11)
[Layer Freezing] Trainable params: 28,384,555 / 108,924,715 (26.1%)
[Round 59] T=2.96  α_ce=0.83  α_kd=0.17
 Round 59 | F1 0.5040 | P 0.6124 | R 0.4282 | Time 45.6s | Comm N/A | Local Avg F1: 0.4336

=== Round 60/100 ===
[Round 60] KD=ON | policy=prev_global
[Layer Freezing] Training last 4 transformer layers (layers 8-11)
[Layer Freezing] Trainable params: 28,384,555 / 108,924,715 (26.1%)
[Layer Freezing] Training last 4 transformer layers (layers 8-11)
[Layer Freezing] Trainable params: 28,384,555 / 108,924,715 (26.1%)
[Layer Freezing] Training last 4 transformer layers (layers 8-11)
[Layer Freezing] Trainable params: 28,384,555 / 108,924,715 (26.1%)
[Layer Freezing] Training last 4 transformer layers (layers 8-11)
[Layer Freezing] Trainable params: 28,384,555 / 108,924,715 (26.1%)
[Layer Freezing] Training last 4 transformer layers (layers 8-11)
[Layer Freezing] Trainable params: 28,384,555 / 108,924,715 (26.1%)
[Layer Freezing] Training last 4 transformer layers (layers 8-11)
[Layer Freezing] Trainable params: 28,384,555 / 108,924,715 (26.1%)
[Layer Freezing] Training last 4 transformer layers (layers 8-11)
[Layer Freezing] Trainable params: 28,384,555 / 108,924,715 (26.1%)
[Layer Freezing] Training last 4 transformer layers (layers 8-11)
[Layer Freezing] Trainable params: 28,384,555 / 108,924,715 (26.1%)
[Layer Freezing] Training last 4 transformer layers (layers 8-11)
[Layer Freezing] Trainable params: 28,384,555 / 108,924,715 (26.1%)
[Layer Freezing] Training last 4 transformer layers (layers 8-11)
[Layer Freezing] Trainable params: 28,384,555 / 108,924,715 (26.1%)
[Round 60] T=2.93  α_ce=0.82  α_kd=0.18
 Round 60 | F1 0.5003 | P 0.6112 | R 0.4235 | Time 45.2s | Comm N/A | Local Avg F1: 0.4330

=== Round 61/100 ===
[Round 61] KD=ON | policy=prev_global
[Layer Freezing] Training last 4 transformer layers (layers 8-11)
[Layer Freezing] Trainable params: 28,384,555 / 108,924,715 (26.1%)
[Layer Freezing] Training last 4 transformer layers (layers 8-11)
[Layer Freezing] Trainable params: 28,384,555 / 108,924,715 (26.1%)
[Layer Freezing] Training last 4 transformer layers (layers 8-11)
[Layer Freezing] Trainable params: 28,384,555 / 108,924,715 (26.1%)
[Layer Freezing] Training last 4 transformer layers (layers 8-11)
[Layer Freezing] Trainable params: 28,384,555 / 108,924,715 (26.1%)
[Layer Freezing] Training last 4 transformer layers (layers 8-11)
[Layer Freezing] Trainable params: 28,384,555 / 108,924,715 (26.1%)
[Layer Freezing] Training last 4 transformer layers (layers 8-11)
[Layer Freezing] Trainable params: 28,384,555 / 108,924,715 (26.1%)
[Layer Freezing] Training last 4 transformer layers (layers 8-11)
[Layer Freezing] Trainable params: 28,384,555 / 108,924,715 (26.1%)
[Layer Freezing] Training last 4 transformer layers (layers 8-11)
[Layer Freezing] Trainable params: 28,384,555 / 108,924,715 (26.1%)
[Layer Freezing] Training last 4 transformer layers (layers 8-11)
[Layer Freezing] Trainable params: 28,384,555 / 108,924,715 (26.1%)
[Layer Freezing] Training last 4 transformer layers (layers 8-11)
[Layer Freezing] Trainable params: 28,384,555 / 108,924,715 (26.1%)
[Round 61] T=2.89  α_ce=0.82  α_kd=0.18
 Round 61 | F1 0.5042 | P 0.6143 | R 0.4276 | Time 44.8s | Comm N/A | Local Avg F1: 0.4331

=== Round 62/100 ===
[Round 62] KD=ON | policy=prev_global
[Layer Freezing] Training last 4 transformer layers (layers 8-11)
[Layer Freezing] Trainable params: 28,384,555 / 108,924,715 (26.1%)
[Layer Freezing] Training last 4 transformer layers (layers 8-11)
[Layer Freezing] Trainable params: 28,384,555 / 108,924,715 (26.1%)
[Layer Freezing] Training last 4 transformer layers (layers 8-11)
[Layer Freezing] Trainable params: 28,384,555 / 108,924,715 (26.1%)
[Layer Freezing] Training last 4 transformer layers (layers 8-11)
[Layer Freezing] Trainable params: 28,384,555 / 108,924,715 (26.1%)
[Layer Freezing] Training last 4 transformer layers (layers 8-11)
[Layer Freezing] Trainable params: 28,384,555 / 108,924,715 (26.1%)
[Layer Freezing] Training last 4 transformer layers (layers 8-11)
[Layer Freezing] Trainable params: 28,384,555 / 108,924,715 (26.1%)
[Layer Freezing] Training last 4 transformer layers (layers 8-11)
[Layer Freezing] Trainable params: 28,384,555 / 108,924,715 (26.1%)
[Layer Freezing] Training last 4 transformer layers (layers 8-11)
[Layer Freezing] Trainable params: 28,384,555 / 108,924,715 (26.1%)
[Layer Freezing] Training last 4 transformer layers (layers 8-11)
[Layer Freezing] Trainable params: 28,384,555 / 108,924,715 (26.1%)
[Layer Freezing] Training last 4 transformer layers (layers 8-11)
[Layer Freezing] Trainable params: 28,384,555 / 108,924,715 (26.1%)
[Round 62] T=2.86  α_ce=0.82  α_kd=0.18
 Round 62 | F1 0.5180 | P 0.6039 | R 0.4535 | Time 45.4s | Comm N/A | Local Avg F1: 0.4402

=== Round 63/100 ===
[Round 63] KD=ON | policy=prev_global
[Layer Freezing] Training last 4 transformer layers (layers 8-11)
[Layer Freezing] Trainable params: 28,384,555 / 108,924,715 (26.1%)
[Layer Freezing] Training last 4 transformer layers (layers 8-11)
[Layer Freezing] Trainable params: 28,384,555 / 108,924,715 (26.1%)
[Layer Freezing] Training last 4 transformer layers (layers 8-11)
[Layer Freezing] Trainable params: 28,384,555 / 108,924,715 (26.1%)
[Layer Freezing] Training last 4 transformer layers (layers 8-11)
[Layer Freezing] Trainable params: 28,384,555 / 108,924,715 (26.1%)
[Layer Freezing] Training last 4 transformer layers (layers 8-11)
[Layer Freezing] Trainable params: 28,384,555 / 108,924,715 (26.1%)
[Layer Freezing] Training last 4 transformer layers (layers 8-11)
[Layer Freezing] Trainable params: 28,384,555 / 108,924,715 (26.1%)
[Layer Freezing] Training last 4 transformer layers (layers 8-11)
[Layer Freezing] Trainable params: 28,384,555 / 108,924,715 (26.1%)
[Layer Freezing] Training last 4 transformer layers (layers 8-11)
[Layer Freezing] Trainable params: 28,384,555 / 108,924,715 (26.1%)
[Layer Freezing] Training last 4 transformer layers (layers 8-11)
[Layer Freezing] Trainable params: 28,384,555 / 108,924,715 (26.1%)
[Layer Freezing] Training last 4 transformer layers (layers 8-11)
[Layer Freezing] Trainable params: 28,384,555 / 108,924,715 (26.1%)
[Round 63] T=2.82  α_ce=0.81  α_kd=0.19
 Round 63 | F1 0.5072 | P 0.6148 | R 0.4317 | Time 45.7s | Comm N/A | Local Avg F1: 0.4341

=== Round 64/100 ===
[Round 64] KD=ON | policy=prev_global
[Layer Freezing] Training last 4 transformer layers (layers 8-11)
[Layer Freezing] Trainable params: 28,384,555 / 108,924,715 (26.1%)
[Layer Freezing] Training last 4 transformer layers (layers 8-11)
[Layer Freezing] Trainable params: 28,384,555 / 108,924,715 (26.1%)
[Layer Freezing] Training last 4 transformer layers (layers 8-11)
[Layer Freezing] Trainable params: 28,384,555 / 108,924,715 (26.1%)
[Layer Freezing] Training last 4 transformer layers (layers 8-11)
[Layer Freezing] Trainable params: 28,384,555 / 108,924,715 (26.1%)
[Layer Freezing] Training last 4 transformer layers (layers 8-11)
[Layer Freezing] Trainable params: 28,384,555 / 108,924,715 (26.1%)
[Layer Freezing] Training last 4 transformer layers (layers 8-11)
[Layer Freezing] Trainable params: 28,384,555 / 108,924,715 (26.1%)
[Layer Freezing] Training last 4 transformer layers (layers 8-11)
[Layer Freezing] Trainable params: 28,384,555 / 108,924,715 (26.1%)
[Layer Freezing] Training last 4 transformer layers (layers 8-11)
[Layer Freezing] Trainable params: 28,384,555 / 108,924,715 (26.1%)
[Layer Freezing] Training last 4 transformer layers (layers 8-11)
[Layer Freezing] Trainable params: 28,384,555 / 108,924,715 (26.1%)
[Layer Freezing] Training last 4 transformer layers (layers 8-11)
[Layer Freezing] Trainable params: 28,384,555 / 108,924,715 (26.1%)
[Round 64] T=2.79  α_ce=0.81  α_kd=0.19
 Round 64 | F1 0.5145 | P 0.6076 | R 0.4461 | Time 45.9s | Comm N/A | Local Avg F1: 0.4431

=== Round 65/100 ===
[Round 65] KD=ON | policy=prev_global
[Layer Freezing] Training last 4 transformer layers (layers 8-11)
[Layer Freezing] Trainable params: 28,384,555 / 108,924,715 (26.1%)
[Layer Freezing] Training last 4 transformer layers (layers 8-11)
[Layer Freezing] Trainable params: 28,384,555 / 108,924,715 (26.1%)
[Layer Freezing] Training last 4 transformer layers (layers 8-11)
[Layer Freezing] Trainable params: 28,384,555 / 108,924,715 (26.1%)
[Layer Freezing] Training last 4 transformer layers (layers 8-11)
[Layer Freezing] Trainable params: 28,384,555 / 108,924,715 (26.1%)
[Layer Freezing] Training last 4 transformer layers (layers 8-11)
[Layer Freezing] Trainable params: 28,384,555 / 108,924,715 (26.1%)
[Layer Freezing] Training last 4 transformer layers (layers 8-11)
[Layer Freezing] Trainable params: 28,384,555 / 108,924,715 (26.1%)
[Layer Freezing] Training last 4 transformer layers (layers 8-11)
[Layer Freezing] Trainable params: 28,384,555 / 108,924,715 (26.1%)
[Layer Freezing] Training last 4 transformer layers (layers 8-11)
[Layer Freezing] Trainable params: 28,384,555 / 108,924,715 (26.1%)
[Layer Freezing] Training last 4 transformer layers (layers 8-11)
[Layer Freezing] Trainable params: 28,384,555 / 108,924,715 (26.1%)
[Layer Freezing] Training last 4 transformer layers (layers 8-11)
[Layer Freezing] Trainable params: 28,384,555 / 108,924,715 (26.1%)
[Round 65] T=2.75  α_ce=0.81  α_kd=0.19
 Round 65 | F1 0.5034 | P 0.6194 | R 0.4241 | Time 45.6s | Comm N/A | Local Avg F1: 0.4363

=== Round 66/100 ===
[Round 66] KD=ON | policy=prev_global
[Layer Freezing] Training last 4 transformer layers (layers 8-11)
[Layer Freezing] Trainable params: 28,384,555 / 108,924,715 (26.1%)
[Layer Freezing] Training last 4 transformer layers (layers 8-11)
[Layer Freezing] Trainable params: 28,384,555 / 108,924,715 (26.1%)
[Layer Freezing] Training last 4 transformer layers (layers 8-11)
[Layer Freezing] Trainable params: 28,384,555 / 108,924,715 (26.1%)
[Layer Freezing] Training last 4 transformer layers (layers 8-11)
[Layer Freezing] Trainable params: 28,384,555 / 108,924,715 (26.1%)
[Layer Freezing] Training last 4 transformer layers (layers 8-11)
[Layer Freezing] Trainable params: 28,384,555 / 108,924,715 (26.1%)
[Layer Freezing] Training last 4 transformer layers (layers 8-11)
[Layer Freezing] Trainable params: 28,384,555 / 108,924,715 (26.1%)
[Layer Freezing] Training last 4 transformer layers (layers 8-11)
[Layer Freezing] Trainable params: 28,384,555 / 108,924,715 (26.1%)
[Layer Freezing] Training last 4 transformer layers (layers 8-11)
[Layer Freezing] Trainable params: 28,384,555 / 108,924,715 (26.1%)
[Layer Freezing] Training last 4 transformer layers (layers 8-11)
[Layer Freezing] Trainable params: 28,384,555 / 108,924,715 (26.1%)
[Layer Freezing] Training last 4 transformer layers (layers 8-11)
[Layer Freezing] Trainable params: 28,384,555 / 108,924,715 (26.1%)
[Round 66] T=2.71  α_ce=0.80  α_kd=0.20
 Round 66 | F1 0.5143 | P 0.6069 | R 0.4462 | Time 44.3s | Comm N/A | Local Avg F1: 0.4436

=== Round 67/100 ===
[Round 67] KD=ON | policy=prev_global
[Layer Freezing] Training last 4 transformer layers (layers 8-11)
[Layer Freezing] Trainable params: 28,384,555 / 108,924,715 (26.1%)
[Layer Freezing] Training last 4 transformer layers (layers 8-11)
[Layer Freezing] Trainable params: 28,384,555 / 108,924,715 (26.1%)
[Layer Freezing] Training last 4 transformer layers (layers 8-11)
[Layer Freezing] Trainable params: 28,384,555 / 108,924,715 (26.1%)
[Layer Freezing] Training last 4 transformer layers (layers 8-11)
[Layer Freezing] Trainable params: 28,384,555 / 108,924,715 (26.1%)
[Layer Freezing] Training last 4 transformer layers (layers 8-11)
[Layer Freezing] Trainable params: 28,384,555 / 108,924,715 (26.1%)
[Layer Freezing] Training last 4 transformer layers (layers 8-11)
[Layer Freezing] Trainable params: 28,384,555 / 108,924,715 (26.1%)
[Layer Freezing] Training last 4 transformer layers (layers 8-11)
[Layer Freezing] Trainable params: 28,384,555 / 108,924,715 (26.1%)
[Layer Freezing] Training last 4 transformer layers (layers 8-11)
[Layer Freezing] Trainable params: 28,384,555 / 108,924,715 (26.1%)
[Layer Freezing] Training last 4 transformer layers (layers 8-11)
[Layer Freezing] Trainable params: 28,384,555 / 108,924,715 (26.1%)
[Layer Freezing] Training last 4 transformer layers (layers 8-11)
[Layer Freezing] Trainable params: 28,384,555 / 108,924,715 (26.1%)
[Round 67] T=2.68  α_ce=0.80  α_kd=0.20
 Round 67 | F1 0.5124 | P 0.6169 | R 0.4382 | Time 46.2s | Comm N/A | Local Avg F1: 0.4418

=== Round 68/100 ===
[Round 68] KD=ON | policy=prev_global
[Layer Freezing] Training last 4 transformer layers (layers 8-11)
[Layer Freezing] Trainable params: 28,384,555 / 108,924,715 (26.1%)
[Layer Freezing] Training last 4 transformer layers (layers 8-11)
[Layer Freezing] Trainable params: 28,384,555 / 108,924,715 (26.1%)
[Layer Freezing] Training last 4 transformer layers (layers 8-11)
[Layer Freezing] Trainable params: 28,384,555 / 108,924,715 (26.1%)
[Layer Freezing] Training last 4 transformer layers (layers 8-11)
[Layer Freezing] Trainable params: 28,384,555 / 108,924,715 (26.1%)
[Layer Freezing] Training last 4 transformer layers (layers 8-11)
[Layer Freezing] Trainable params: 28,384,555 / 108,924,715 (26.1%)
[Layer Freezing] Training last 4 transformer layers (layers 8-11)
[Layer Freezing] Trainable params: 28,384,555 / 108,924,715 (26.1%)
[Layer Freezing] Training last 4 transformer layers (layers 8-11)
[Layer Freezing] Trainable params: 28,384,555 / 108,924,715 (26.1%)
[Layer Freezing] Training last 4 transformer layers (layers 8-11)
[Layer Freezing] Trainable params: 28,384,555 / 108,924,715 (26.1%)
[Layer Freezing] Training last 4 transformer layers (layers 8-11)
[Layer Freezing] Trainable params: 28,384,555 / 108,924,715 (26.1%)
[Layer Freezing] Training last 4 transformer layers (layers 8-11)
[Layer Freezing] Trainable params: 28,384,555 / 108,924,715 (26.1%)
[Round 68] T=2.64  α_ce=0.80  α_kd=0.20
 Round 68 | F1 0.5139 | P 0.6163 | R 0.4406 | Time 45.3s | Comm N/A | Local Avg F1: 0.4400

=== Round 69/100 ===
[Round 69] KD=ON | policy=prev_global
[Layer Freezing] Training last 4 transformer layers (layers 8-11)
[Layer Freezing] Trainable params: 28,384,555 / 108,924,715 (26.1%)
[Layer Freezing] Training last 4 transformer layers (layers 8-11)
[Layer Freezing] Trainable params: 28,384,555 / 108,924,715 (26.1%)
[Layer Freezing] Training last 4 transformer layers (layers 8-11)
[Layer Freezing] Trainable params: 28,384,555 / 108,924,715 (26.1%)
[Layer Freezing] Training last 4 transformer layers (layers 8-11)
[Layer Freezing] Trainable params: 28,384,555 / 108,924,715 (26.1%)
[Layer Freezing] Training last 4 transformer layers (layers 8-11)
[Layer Freezing] Trainable params: 28,384,555 / 108,924,715 (26.1%)
[Layer Freezing] Training last 4 transformer layers (layers 8-11)
[Layer Freezing] Trainable params: 28,384,555 / 108,924,715 (26.1%)
[Layer Freezing] Training last 4 transformer layers (layers 8-11)
[Layer Freezing] Trainable params: 28,384,555 / 108,924,715 (26.1%)
[Layer Freezing] Training last 4 transformer layers (layers 8-11)
[Layer Freezing] Trainable params: 28,384,555 / 108,924,715 (26.1%)
[Layer Freezing] Training last 4 transformer layers (layers 8-11)
[Layer Freezing] Trainable params: 28,384,555 / 108,924,715 (26.1%)
[Layer Freezing] Training last 4 transformer layers (layers 8-11)
[Layer Freezing] Trainable params: 28,384,555 / 108,924,715 (26.1%)
[Round 69] T=2.61  α_ce=0.79  α_kd=0.21
 Round 69 | F1 0.5245 | P 0.6020 | R 0.4647 | Time 45.1s | Comm N/A | Local Avg F1: 0.4483

=== Round 70/100 ===
[Round 70] KD=ON | policy=prev_global
[Layer Freezing] Training last 4 transformer layers (layers 8-11)
[Layer Freezing] Trainable params: 28,384,555 / 108,924,715 (26.1%)
[Layer Freezing] Training last 4 transformer layers (layers 8-11)
[Layer Freezing] Trainable params: 28,384,555 / 108,924,715 (26.1%)
[Layer Freezing] Training last 4 transformer layers (layers 8-11)
[Layer Freezing] Trainable params: 28,384,555 / 108,924,715 (26.1%)
[Layer Freezing] Training last 4 transformer layers (layers 8-11)
[Layer Freezing] Trainable params: 28,384,555 / 108,924,715 (26.1%)
[Layer Freezing] Training last 4 transformer layers (layers 8-11)
[Layer Freezing] Trainable params: 28,384,555 / 108,924,715 (26.1%)
[Layer Freezing] Training last 4 transformer layers (layers 8-11)
[Layer Freezing] Trainable params: 28,384,555 / 108,924,715 (26.1%)
[Layer Freezing] Training last 4 transformer layers (layers 8-11)
[Layer Freezing] Trainable params: 28,384,555 / 108,924,715 (26.1%)
[Layer Freezing] Training last 4 transformer layers (layers 8-11)
[Layer Freezing] Trainable params: 28,384,555 / 108,924,715 (26.1%)
[Layer Freezing] Training last 4 transformer layers (layers 8-11)
[Layer Freezing] Trainable params: 28,384,555 / 108,924,715 (26.1%)
[Layer Freezing] Training last 4 transformer layers (layers 8-11)
[Layer Freezing] Trainable params: 28,384,555 / 108,924,715 (26.1%)
[Round 70] T=2.57  α_ce=0.79  α_kd=0.21
 Round 70 | F1 0.5209 | P 0.6190 | R 0.4496 | Time 45.8s | Comm N/A | Local Avg F1: 0.4469

=== Round 71/100 ===
[Round 71] KD=ON | policy=prev_global
[Layer Freezing] Training last 4 transformer layers (layers 8-11)
[Layer Freezing] Trainable params: 28,384,555 / 108,924,715 (26.1%)
[Layer Freezing] Training last 4 transformer layers (layers 8-11)
[Layer Freezing] Trainable params: 28,384,555 / 108,924,715 (26.1%)
[Layer Freezing] Training last 4 transformer layers (layers 8-11)
[Layer Freezing] Trainable params: 28,384,555 / 108,924,715 (26.1%)
[Layer Freezing] Training last 4 transformer layers (layers 8-11)
[Layer Freezing] Trainable params: 28,384,555 / 108,924,715 (26.1%)
[Layer Freezing] Training last 4 transformer layers (layers 8-11)
[Layer Freezing] Trainable params: 28,384,555 / 108,924,715 (26.1%)
[Layer Freezing] Training last 4 transformer layers (layers 8-11)
[Layer Freezing] Trainable params: 28,384,555 / 108,924,715 (26.1%)
[Layer Freezing] Training last 4 transformer layers (layers 8-11)
[Layer Freezing] Trainable params: 28,384,555 / 108,924,715 (26.1%)
[Layer Freezing] Training last 4 transformer layers (layers 8-11)
[Layer Freezing] Trainable params: 28,384,555 / 108,924,715 (26.1%)
[Layer Freezing] Training last 4 transformer layers (layers 8-11)
[Layer Freezing] Trainable params: 28,384,555 / 108,924,715 (26.1%)
[Layer Freezing] Training last 4 transformer layers (layers 8-11)
[Layer Freezing] Trainable params: 28,384,555 / 108,924,715 (26.1%)
[Round 71] T=2.54  α_ce=0.79  α_kd=0.21
 Round 71 | F1 0.5246 | P 0.6129 | R 0.4586 | Time 46.2s | Comm N/A | Local Avg F1: 0.4506

=== Round 72/100 ===
[Round 72] KD=ON | policy=prev_global
[Layer Freezing] Training last 4 transformer layers (layers 8-11)
[Layer Freezing] Trainable params: 28,384,555 / 108,924,715 (26.1%)
[Layer Freezing] Training last 4 transformer layers (layers 8-11)
[Layer Freezing] Trainable params: 28,384,555 / 108,924,715 (26.1%)
[Layer Freezing] Training last 4 transformer layers (layers 8-11)
[Layer Freezing] Trainable params: 28,384,555 / 108,924,715 (26.1%)
[Layer Freezing] Training last 4 transformer layers (layers 8-11)
[Layer Freezing] Trainable params: 28,384,555 / 108,924,715 (26.1%)
[Layer Freezing] Training last 4 transformer layers (layers 8-11)
[Layer Freezing] Trainable params: 28,384,555 / 108,924,715 (26.1%)
[Layer Freezing] Training last 4 transformer layers (layers 8-11)
[Layer Freezing] Trainable params: 28,384,555 / 108,924,715 (26.1%)
[Layer Freezing] Training last 4 transformer layers (layers 8-11)
[Layer Freezing] Trainable params: 28,384,555 / 108,924,715 (26.1%)
[Layer Freezing] Training last 4 transformer layers (layers 8-11)
[Layer Freezing] Trainable params: 28,384,555 / 108,924,715 (26.1%)
[Layer Freezing] Training last 4 transformer layers (layers 8-11)
[Layer Freezing] Trainable params: 28,384,555 / 108,924,715 (26.1%)
[Layer Freezing] Training last 4 transformer layers (layers 8-11)
[Layer Freezing] Trainable params: 28,384,555 / 108,924,715 (26.1%)
[Round 72] T=2.50  α_ce=0.79  α_kd=0.21
 Round 72 | F1 0.5257 | P 0.6058 | R 0.4644 | Time 45.7s | Comm N/A | Local Avg F1: 0.4535

=== Round 73/100 ===
[Round 73] KD=ON | policy=prev_global
[Layer Freezing] Training last 4 transformer layers (layers 8-11)
[Layer Freezing] Trainable params: 28,384,555 / 108,924,715 (26.1%)
[Layer Freezing] Training last 4 transformer layers (layers 8-11)
[Layer Freezing] Trainable params: 28,384,555 / 108,924,715 (26.1%)
[Layer Freezing] Training last 4 transformer layers (layers 8-11)
[Layer Freezing] Trainable params: 28,384,555 / 108,924,715 (26.1%)
[Layer Freezing] Training last 4 transformer layers (layers 8-11)
[Layer Freezing] Trainable params: 28,384,555 / 108,924,715 (26.1%)
[Layer Freezing] Training last 4 transformer layers (layers 8-11)
[Layer Freezing] Trainable params: 28,384,555 / 108,924,715 (26.1%)
[Layer Freezing] Training last 4 transformer layers (layers 8-11)
[Layer Freezing] Trainable params: 28,384,555 / 108,924,715 (26.1%)
[Layer Freezing] Training last 4 transformer layers (layers 8-11)
[Layer Freezing] Trainable params: 28,384,555 / 108,924,715 (26.1%)
[Layer Freezing] Training last 4 transformer layers (layers 8-11)
[Layer Freezing] Trainable params: 28,384,555 / 108,924,715 (26.1%)
[Layer Freezing] Training last 4 transformer layers (layers 8-11)
[Layer Freezing] Trainable params: 28,384,555 / 108,924,715 (26.1%)
[Layer Freezing] Training last 4 transformer layers (layers 8-11)
[Layer Freezing] Trainable params: 28,384,555 / 108,924,715 (26.1%)
[Round 73] T=2.46  α_ce=0.78  α_kd=0.22
 Round 73 | F1 0.5295 | P 0.6001 | R 0.4738 | Time 46.2s | Comm N/A | Local Avg F1: 0.4570

=== Round 74/100 ===
[Round 74] KD=ON | policy=prev_global
[Layer Freezing] Training last 4 transformer layers (layers 8-11)
[Layer Freezing] Trainable params: 28,384,555 / 108,924,715 (26.1%)
[Layer Freezing] Training last 4 transformer layers (layers 8-11)
[Layer Freezing] Trainable params: 28,384,555 / 108,924,715 (26.1%)
[Layer Freezing] Training last 4 transformer layers (layers 8-11)
[Layer Freezing] Trainable params: 28,384,555 / 108,924,715 (26.1%)
[Layer Freezing] Training last 4 transformer layers (layers 8-11)
[Layer Freezing] Trainable params: 28,384,555 / 108,924,715 (26.1%)
[Layer Freezing] Training last 4 transformer layers (layers 8-11)
[Layer Freezing] Trainable params: 28,384,555 / 108,924,715 (26.1%)
[Layer Freezing] Training last 4 transformer layers (layers 8-11)
[Layer Freezing] Trainable params: 28,384,555 / 108,924,715 (26.1%)
[Layer Freezing] Training last 4 transformer layers (layers 8-11)
[Layer Freezing] Trainable params: 28,384,555 / 108,924,715 (26.1%)
[Layer Freezing] Training last 4 transformer layers (layers 8-11)
[Layer Freezing] Trainable params: 28,384,555 / 108,924,715 (26.1%)
[Layer Freezing] Training last 4 transformer layers (layers 8-11)
[Layer Freezing] Trainable params: 28,384,555 / 108,924,715 (26.1%)
[Layer Freezing] Training last 4 transformer layers (layers 8-11)
[Layer Freezing] Trainable params: 28,384,555 / 108,924,715 (26.1%)
[Round 74] T=2.43  α_ce=0.78  α_kd=0.22
 Round 74 | F1 0.5288 | P 0.6085 | R 0.4675 | Time 45.7s | Comm N/A | Local Avg F1: 0.4524

=== Round 75/100 ===
[Round 75] KD=ON | policy=prev_global
[Layer Freezing] Training last 4 transformer layers (layers 8-11)
[Layer Freezing] Trainable params: 28,384,555 / 108,924,715 (26.1%)
[Layer Freezing] Training last 4 transformer layers (layers 8-11)
[Layer Freezing] Trainable params: 28,384,555 / 108,924,715 (26.1%)
[Layer Freezing] Training last 4 transformer layers (layers 8-11)
[Layer Freezing] Trainable params: 28,384,555 / 108,924,715 (26.1%)
[Layer Freezing] Training last 4 transformer layers (layers 8-11)
[Layer Freezing] Trainable params: 28,384,555 / 108,924,715 (26.1%)
[Layer Freezing] Training last 4 transformer layers (layers 8-11)
[Layer Freezing] Trainable params: 28,384,555 / 108,924,715 (26.1%)
[Layer Freezing] Training last 4 transformer layers (layers 8-11)
[Layer Freezing] Trainable params: 28,384,555 / 108,924,715 (26.1%)
[Layer Freezing] Training last 4 transformer layers (layers 8-11)
[Layer Freezing] Trainable params: 28,384,555 / 108,924,715 (26.1%)
[Layer Freezing] Training last 4 transformer layers (layers 8-11)
[Layer Freezing] Trainable params: 28,384,555 / 108,924,715 (26.1%)
[Layer Freezing] Training last 4 transformer layers (layers 8-11)
[Layer Freezing] Trainable params: 28,384,555 / 108,924,715 (26.1%)
[Layer Freezing] Training last 4 transformer layers (layers 8-11)
[Layer Freezing] Trainable params: 28,384,555 / 108,924,715 (26.1%)
[Round 75] T=2.39  α_ce=0.78  α_kd=0.22
 Round 75 | F1 0.5220 | P 0.6191 | R 0.4513 | Time 44.9s | Comm N/A | Local Avg F1: 0.4510

=== Round 76/100 ===
[Round 76] KD=ON | policy=prev_global
[Layer Freezing] Training last 4 transformer layers (layers 8-11)
[Layer Freezing] Trainable params: 28,384,555 / 108,924,715 (26.1%)
[Layer Freezing] Training last 4 transformer layers (layers 8-11)
[Layer Freezing] Trainable params: 28,384,555 / 108,924,715 (26.1%)
[Layer Freezing] Training last 4 transformer layers (layers 8-11)
[Layer Freezing] Trainable params: 28,384,555 / 108,924,715 (26.1%)
[Layer Freezing] Training last 4 transformer layers (layers 8-11)
[Layer Freezing] Trainable params: 28,384,555 / 108,924,715 (26.1%)
[Layer Freezing] Training last 4 transformer layers (layers 8-11)
[Layer Freezing] Trainable params: 28,384,555 / 108,924,715 (26.1%)
[Layer Freezing] Training last 4 transformer layers (layers 8-11)
[Layer Freezing] Trainable params: 28,384,555 / 108,924,715 (26.1%)
[Layer Freezing] Training last 4 transformer layers (layers 8-11)
[Layer Freezing] Trainable params: 28,384,555 / 108,924,715 (26.1%)
[Layer Freezing] Training last 4 transformer layers (layers 8-11)
[Layer Freezing] Trainable params: 28,384,555 / 108,924,715 (26.1%)
[Layer Freezing] Training last 4 transformer layers (layers 8-11)
[Layer Freezing] Trainable params: 28,384,555 / 108,924,715 (26.1%)
[Layer Freezing] Training last 4 transformer layers (layers 8-11)
[Layer Freezing] Trainable params: 28,384,555 / 108,924,715 (26.1%)
[Round 76] T=2.36  α_ce=0.77  α_kd=0.23
 Round 76 | F1 0.5343 | P 0.6052 | R 0.4783 | Time 45.2s | Comm N/A | Local Avg F1: 0.4645

=== Round 77/100 ===
[Round 77] KD=ON | policy=prev_global
[Layer Freezing] Training last 4 transformer layers (layers 8-11)
[Layer Freezing] Trainable params: 28,384,555 / 108,924,715 (26.1%)
[Layer Freezing] Training last 4 transformer layers (layers 8-11)
[Layer Freezing] Trainable params: 28,384,555 / 108,924,715 (26.1%)
[Layer Freezing] Training last 4 transformer layers (layers 8-11)
[Layer Freezing] Trainable params: 28,384,555 / 108,924,715 (26.1%)
[Layer Freezing] Training last 4 transformer layers (layers 8-11)
[Layer Freezing] Trainable params: 28,384,555 / 108,924,715 (26.1%)
[Layer Freezing] Training last 4 transformer layers (layers 8-11)
[Layer Freezing] Trainable params: 28,384,555 / 108,924,715 (26.1%)
[Layer Freezing] Training last 4 transformer layers (layers 8-11)
[Layer Freezing] Trainable params: 28,384,555 / 108,924,715 (26.1%)
[Layer Freezing] Training last 4 transformer layers (layers 8-11)
[Layer Freezing] Trainable params: 28,384,555 / 108,924,715 (26.1%)
[Layer Freezing] Training last 4 transformer layers (layers 8-11)
[Layer Freezing] Trainable params: 28,384,555 / 108,924,715 (26.1%)
[Layer Freezing] Training last 4 transformer layers (layers 8-11)
[Layer Freezing] Trainable params: 28,384,555 / 108,924,715 (26.1%)
[Layer Freezing] Training last 4 transformer layers (layers 8-11)
[Layer Freezing] Trainable params: 28,384,555 / 108,924,715 (26.1%)
[Round 77] T=2.32  α_ce=0.77  α_kd=0.23
 Round 77 | F1 0.5298 | P 0.6129 | R 0.4665 | Time 46.4s | Comm N/A | Local Avg F1: 0.4576

=== Round 78/100 ===
[Round 78] KD=ON | policy=prev_global
[Layer Freezing] Training last 4 transformer layers (layers 8-11)
[Layer Freezing] Trainable params: 28,384,555 / 108,924,715 (26.1%)
[Layer Freezing] Training last 4 transformer layers (layers 8-11)
[Layer Freezing] Trainable params: 28,384,555 / 108,924,715 (26.1%)
[Layer Freezing] Training last 4 transformer layers (layers 8-11)
[Layer Freezing] Trainable params: 28,384,555 / 108,924,715 (26.1%)
[Layer Freezing] Training last 4 transformer layers (layers 8-11)
[Layer Freezing] Trainable params: 28,384,555 / 108,924,715 (26.1%)
[Layer Freezing] Training last 4 transformer layers (layers 8-11)
[Layer Freezing] Trainable params: 28,384,555 / 108,924,715 (26.1%)
[Layer Freezing] Training last 4 transformer layers (layers 8-11)
[Layer Freezing] Trainable params: 28,384,555 / 108,924,715 (26.1%)
[Layer Freezing] Training last 4 transformer layers (layers 8-11)
[Layer Freezing] Trainable params: 28,384,555 / 108,924,715 (26.1%)
[Layer Freezing] Training last 4 transformer layers (layers 8-11)
[Layer Freezing] Trainable params: 28,384,555 / 108,924,715 (26.1%)
[Layer Freezing] Training last 4 transformer layers (layers 8-11)
[Layer Freezing] Trainable params: 28,384,555 / 108,924,715 (26.1%)
[Layer Freezing] Training last 4 transformer layers (layers 8-11)
[Layer Freezing] Trainable params: 28,384,555 / 108,924,715 (26.1%)
[Round 78] T=2.29  α_ce=0.77  α_kd=0.23
 Round 78 | F1 0.5236 | P 0.6189 | R 0.4537 | Time 45.5s | Comm N/A | Local Avg F1: 0.4523

=== Round 79/100 ===
[Round 79] KD=ON | policy=prev_global
[Layer Freezing] Training last 4 transformer layers (layers 8-11)
[Layer Freezing] Trainable params: 28,384,555 / 108,924,715 (26.1%)
[Layer Freezing] Training last 4 transformer layers (layers 8-11)
[Layer Freezing] Trainable params: 28,384,555 / 108,924,715 (26.1%)
[Layer Freezing] Training last 4 transformer layers (layers 8-11)
[Layer Freezing] Trainable params: 28,384,555 / 108,924,715 (26.1%)
[Layer Freezing] Training last 4 transformer layers (layers 8-11)
[Layer Freezing] Trainable params: 28,384,555 / 108,924,715 (26.1%)
[Layer Freezing] Training last 4 transformer layers (layers 8-11)
[Layer Freezing] Trainable params: 28,384,555 / 108,924,715 (26.1%)
[Layer Freezing] Training last 4 transformer layers (layers 8-11)
[Layer Freezing] Trainable params: 28,384,555 / 108,924,715 (26.1%)
[Layer Freezing] Training last 4 transformer layers (layers 8-11)
[Layer Freezing] Trainable params: 28,384,555 / 108,924,715 (26.1%)
[Layer Freezing] Training last 4 transformer layers (layers 8-11)
[Layer Freezing] Trainable params: 28,384,555 / 108,924,715 (26.1%)
[Layer Freezing] Training last 4 transformer layers (layers 8-11)
[Layer Freezing] Trainable params: 28,384,555 / 108,924,715 (26.1%)
[Layer Freezing] Training last 4 transformer layers (layers 8-11)
[Layer Freezing] Trainable params: 28,384,555 / 108,924,715 (26.1%)
[Round 79] T=2.25  α_ce=0.76  α_kd=0.24
 Round 79 | F1 0.5321 | P 0.6160 | R 0.4683 | Time 45.7s | Comm N/A | Local Avg F1: 0.4569

=== Round 80/100 ===
[Round 80] KD=ON | policy=prev_global
[Layer Freezing] Training last 4 transformer layers (layers 8-11)
[Layer Freezing] Trainable params: 28,384,555 / 108,924,715 (26.1%)
[Layer Freezing] Training last 4 transformer layers (layers 8-11)
[Layer Freezing] Trainable params: 28,384,555 / 108,924,715 (26.1%)
[Layer Freezing] Training last 4 transformer layers (layers 8-11)
[Layer Freezing] Trainable params: 28,384,555 / 108,924,715 (26.1%)
[Layer Freezing] Training last 4 transformer layers (layers 8-11)
[Layer Freezing] Trainable params: 28,384,555 / 108,924,715 (26.1%)
[Layer Freezing] Training last 4 transformer layers (layers 8-11)
[Layer Freezing] Trainable params: 28,384,555 / 108,924,715 (26.1%)
[Layer Freezing] Training last 4 transformer layers (layers 8-11)
[Layer Freezing] Trainable params: 28,384,555 / 108,924,715 (26.1%)
[Layer Freezing] Training last 4 transformer layers (layers 8-11)
[Layer Freezing] Trainable params: 28,384,555 / 108,924,715 (26.1%)
[Layer Freezing] Training last 4 transformer layers (layers 8-11)
[Layer Freezing] Trainable params: 28,384,555 / 108,924,715 (26.1%)
[Layer Freezing] Training last 4 transformer layers (layers 8-11)
[Layer Freezing] Trainable params: 28,384,555 / 108,924,715 (26.1%)
[Layer Freezing] Training last 4 transformer layers (layers 8-11)
[Layer Freezing] Trainable params: 28,384,555 / 108,924,715 (26.1%)
[Round 80] T=2.21  α_ce=0.76  α_kd=0.24
 Round 80 | F1 0.5366 | P 0.6089 | R 0.4796 | Time 46.1s | Comm N/A | Local Avg F1: 0.4586

=== Round 81/100 ===
[Round 81] KD=ON | policy=prev_global
[Layer Freezing] Training last 4 transformer layers (layers 8-11)
[Layer Freezing] Trainable params: 28,384,555 / 108,924,715 (26.1%)
[Layer Freezing] Training last 4 transformer layers (layers 8-11)
[Layer Freezing] Trainable params: 28,384,555 / 108,924,715 (26.1%)
[Layer Freezing] Training last 4 transformer layers (layers 8-11)
[Layer Freezing] Trainable params: 28,384,555 / 108,924,715 (26.1%)
[Layer Freezing] Training last 4 transformer layers (layers 8-11)
[Layer Freezing] Trainable params: 28,384,555 / 108,924,715 (26.1%)
[Layer Freezing] Training last 4 transformer layers (layers 8-11)
[Layer Freezing] Trainable params: 28,384,555 / 108,924,715 (26.1%)
[Layer Freezing] Training last 4 transformer layers (layers 8-11)
[Layer Freezing] Trainable params: 28,384,555 / 108,924,715 (26.1%)
[Layer Freezing] Training last 4 transformer layers (layers 8-11)
[Layer Freezing] Trainable params: 28,384,555 / 108,924,715 (26.1%)
[Layer Freezing] Training last 4 transformer layers (layers 8-11)
[Layer Freezing] Trainable params: 28,384,555 / 108,924,715 (26.1%)
[Layer Freezing] Training last 4 transformer layers (layers 8-11)
[Layer Freezing] Trainable params: 28,384,555 / 108,924,715 (26.1%)
[Layer Freezing] Training last 4 transformer layers (layers 8-11)
[Layer Freezing] Trainable params: 28,384,555 / 108,924,715 (26.1%)
[Round 81] T=2.18  α_ce=0.76  α_kd=0.24
 Round 81 | F1 0.5192 | P 0.6237 | R 0.4446 | Time 45.2s | Comm N/A | Local Avg F1: 0.4503

=== Round 82/100 ===
[Round 82] KD=ON | policy=prev_global
[Layer Freezing] Training last 4 transformer layers (layers 8-11)
[Layer Freezing] Trainable params: 28,384,555 / 108,924,715 (26.1%)
[Layer Freezing] Training last 4 transformer layers (layers 8-11)
[Layer Freezing] Trainable params: 28,384,555 / 108,924,715 (26.1%)
[Layer Freezing] Training last 4 transformer layers (layers 8-11)
[Layer Freezing] Trainable params: 28,384,555 / 108,924,715 (26.1%)
[Layer Freezing] Training last 4 transformer layers (layers 8-11)
[Layer Freezing] Trainable params: 28,384,555 / 108,924,715 (26.1%)
[Layer Freezing] Training last 4 transformer layers (layers 8-11)
[Layer Freezing] Trainable params: 28,384,555 / 108,924,715 (26.1%)
[Layer Freezing] Training last 4 transformer layers (layers 8-11)
[Layer Freezing] Trainable params: 28,384,555 / 108,924,715 (26.1%)
[Layer Freezing] Training last 4 transformer layers (layers 8-11)
[Layer Freezing] Trainable params: 28,384,555 / 108,924,715 (26.1%)
[Layer Freezing] Training last 4 transformer layers (layers 8-11)
[Layer Freezing] Trainable params: 28,384,555 / 108,924,715 (26.1%)
[Layer Freezing] Training last 4 transformer layers (layers 8-11)
[Layer Freezing] Trainable params: 28,384,555 / 108,924,715 (26.1%)
[Layer Freezing] Training last 4 transformer layers (layers 8-11)
[Layer Freezing] Trainable params: 28,384,555 / 108,924,715 (26.1%)
[Round 82] T=2.14  α_ce=0.76  α_kd=0.24
 Round 82 | F1 0.5276 | P 0.6103 | R 0.4647 | Time 46.3s | Comm N/A | Local Avg F1: 0.4588

=== Round 83/100 ===
[Round 83] KD=ON | policy=prev_global
[Layer Freezing] Training last 4 transformer layers (layers 8-11)
[Layer Freezing] Trainable params: 28,384,555 / 108,924,715 (26.1%)
[Layer Freezing] Training last 4 transformer layers (layers 8-11)
[Layer Freezing] Trainable params: 28,384,555 / 108,924,715 (26.1%)
[Layer Freezing] Training last 4 transformer layers (layers 8-11)
[Layer Freezing] Trainable params: 28,384,555 / 108,924,715 (26.1%)
[Layer Freezing] Training last 4 transformer layers (layers 8-11)
[Layer Freezing] Trainable params: 28,384,555 / 108,924,715 (26.1%)
[Layer Freezing] Training last 4 transformer layers (layers 8-11)
[Layer Freezing] Trainable params: 28,384,555 / 108,924,715 (26.1%)
[Layer Freezing] Training last 4 transformer layers (layers 8-11)
[Layer Freezing] Trainable params: 28,384,555 / 108,924,715 (26.1%)
[Layer Freezing] Training last 4 transformer layers (layers 8-11)
[Layer Freezing] Trainable params: 28,384,555 / 108,924,715 (26.1%)
[Layer Freezing] Training last 4 transformer layers (layers 8-11)
[Layer Freezing] Trainable params: 28,384,555 / 108,924,715 (26.1%)
[Layer Freezing] Training last 4 transformer layers (layers 8-11)
[Layer Freezing] Trainable params: 28,384,555 / 108,924,715 (26.1%)
[Layer Freezing] Training last 4 transformer layers (layers 8-11)
[Layer Freezing] Trainable params: 28,384,555 / 108,924,715 (26.1%)
[Round 83] T=2.11  α_ce=0.75  α_kd=0.25
 Round 83 | F1 0.5342 | P 0.6061 | R 0.4776 | Time 44.8s | Comm N/A | Local Avg F1: 0.4600

=== Round 84/100 ===
[Round 84] KD=ON | policy=prev_global
[Layer Freezing] Training last 4 transformer layers (layers 8-11)
[Layer Freezing] Trainable params: 28,384,555 / 108,924,715 (26.1%)
[Layer Freezing] Training last 4 transformer layers (layers 8-11)
[Layer Freezing] Trainable params: 28,384,555 / 108,924,715 (26.1%)
[Layer Freezing] Training last 4 transformer layers (layers 8-11)
[Layer Freezing] Trainable params: 28,384,555 / 108,924,715 (26.1%)
[Layer Freezing] Training last 4 transformer layers (layers 8-11)
[Layer Freezing] Trainable params: 28,384,555 / 108,924,715 (26.1%)
[Layer Freezing] Training last 4 transformer layers (layers 8-11)
[Layer Freezing] Trainable params: 28,384,555 / 108,924,715 (26.1%)
[Layer Freezing] Training last 4 transformer layers (layers 8-11)
[Layer Freezing] Trainable params: 28,384,555 / 108,924,715 (26.1%)
[Layer Freezing] Training last 4 transformer layers (layers 8-11)
[Layer Freezing] Trainable params: 28,384,555 / 108,924,715 (26.1%)
[Layer Freezing] Training last 4 transformer layers (layers 8-11)
[Layer Freezing] Trainable params: 28,384,555 / 108,924,715 (26.1%)
[Layer Freezing] Training last 4 transformer layers (layers 8-11)
[Layer Freezing] Trainable params: 28,384,555 / 108,924,715 (26.1%)
[Layer Freezing] Training last 4 transformer layers (layers 8-11)
[Layer Freezing] Trainable params: 28,384,555 / 108,924,715 (26.1%)
[Round 84] T=2.07  α_ce=0.75  α_kd=0.25
 Round 84 | F1 0.5423 | P 0.6071 | R 0.4900 | Time 44.4s | Comm N/A | Local Avg F1: 0.4613

=== Round 85/100 ===
[Round 85] KD=ON | policy=prev_global
[Layer Freezing] Training last 4 transformer layers (layers 8-11)
[Layer Freezing] Trainable params: 28,384,555 / 108,924,715 (26.1%)
[Layer Freezing] Training last 4 transformer layers (layers 8-11)
[Layer Freezing] Trainable params: 28,384,555 / 108,924,715 (26.1%)
[Layer Freezing] Training last 4 transformer layers (layers 8-11)
[Layer Freezing] Trainable params: 28,384,555 / 108,924,715 (26.1%)
[Layer Freezing] Training last 4 transformer layers (layers 8-11)
[Layer Freezing] Trainable params: 28,384,555 / 108,924,715 (26.1%)
[Layer Freezing] Training last 4 transformer layers (layers 8-11)
[Layer Freezing] Trainable params: 28,384,555 / 108,924,715 (26.1%)
[Layer Freezing] Training last 4 transformer layers (layers 8-11)
[Layer Freezing] Trainable params: 28,384,555 / 108,924,715 (26.1%)
[Layer Freezing] Training last 4 transformer layers (layers 8-11)
[Layer Freezing] Trainable params: 28,384,555 / 108,924,715 (26.1%)
[Layer Freezing] Training last 4 transformer layers (layers 8-11)
[Layer Freezing] Trainable params: 28,384,555 / 108,924,715 (26.1%)
[Layer Freezing] Training last 4 transformer layers (layers 8-11)
[Layer Freezing] Trainable params: 28,384,555 / 108,924,715 (26.1%)
[Layer Freezing] Training last 4 transformer layers (layers 8-11)
[Layer Freezing] Trainable params: 28,384,555 / 108,924,715 (26.1%)
[Round 85] T=2.04  α_ce=0.75  α_kd=0.25
 Round 85 | F1 0.5265 | P 0.6236 | R 0.4555 | Time 46.3s | Comm N/A | Local Avg F1: 0.4532

=== Round 86/100 ===
[Round 86] KD=ON | policy=prev_global
[Layer Freezing] Training last 4 transformer layers (layers 8-11)
[Layer Freezing] Trainable params: 28,384,555 / 108,924,715 (26.1%)
[Layer Freezing] Training last 4 transformer layers (layers 8-11)
[Layer Freezing] Trainable params: 28,384,555 / 108,924,715 (26.1%)
[Layer Freezing] Training last 4 transformer layers (layers 8-11)
[Layer Freezing] Trainable params: 28,384,555 / 108,924,715 (26.1%)
[Layer Freezing] Training last 4 transformer layers (layers 8-11)
[Layer Freezing] Trainable params: 28,384,555 / 108,924,715 (26.1%)
[Layer Freezing] Training last 4 transformer layers (layers 8-11)
[Layer Freezing] Trainable params: 28,384,555 / 108,924,715 (26.1%)
[Layer Freezing] Training last 4 transformer layers (layers 8-11)
[Layer Freezing] Trainable params: 28,384,555 / 108,924,715 (26.1%)
[Layer Freezing] Training last 4 transformer layers (layers 8-11)
[Layer Freezing] Trainable params: 28,384,555 / 108,924,715 (26.1%)
[Layer Freezing] Training last 4 transformer layers (layers 8-11)
[Layer Freezing] Trainable params: 28,384,555 / 108,924,715 (26.1%)
[Layer Freezing] Training last 4 transformer layers (layers 8-11)
[Layer Freezing] Trainable params: 28,384,555 / 108,924,715 (26.1%)
[Layer Freezing] Training last 4 transformer layers (layers 8-11)
[Layer Freezing] Trainable params: 28,384,555 / 108,924,715 (26.1%)
[Round 86] T=2.00  α_ce=0.74  α_kd=0.26
 Round 86 | F1 0.5331 | P 0.6134 | R 0.4714 | Time 45.9s | Comm N/A | Local Avg F1: 0.4565

=== Round 87/100 ===
[Round 87] KD=ON | policy=prev_global
[Layer Freezing] Training last 4 transformer layers (layers 8-11)
[Layer Freezing] Trainable params: 28,384,555 / 108,924,715 (26.1%)
[Layer Freezing] Training last 4 transformer layers (layers 8-11)
[Layer Freezing] Trainable params: 28,384,555 / 108,924,715 (26.1%)
[Layer Freezing] Training last 4 transformer layers (layers 8-11)
[Layer Freezing] Trainable params: 28,384,555 / 108,924,715 (26.1%)
[Layer Freezing] Training last 4 transformer layers (layers 8-11)
[Layer Freezing] Trainable params: 28,384,555 / 108,924,715 (26.1%)
[Layer Freezing] Training last 4 transformer layers (layers 8-11)
[Layer Freezing] Trainable params: 28,384,555 / 108,924,715 (26.1%)
[Layer Freezing] Training last 4 transformer layers (layers 8-11)
[Layer Freezing] Trainable params: 28,384,555 / 108,924,715 (26.1%)
[Layer Freezing] Training last 4 transformer layers (layers 8-11)
[Layer Freezing] Trainable params: 28,384,555 / 108,924,715 (26.1%)
[Layer Freezing] Training last 4 transformer layers (layers 8-11)
[Layer Freezing] Trainable params: 28,384,555 / 108,924,715 (26.1%)
[Layer Freezing] Training last 4 transformer layers (layers 8-11)
[Layer Freezing] Trainable params: 28,384,555 / 108,924,715 (26.1%)
[Layer Freezing] Training last 4 transformer layers (layers 8-11)
[Layer Freezing] Trainable params: 28,384,555 / 108,924,715 (26.1%)
[Round 87] T=1.96  α_ce=0.74  α_kd=0.26
 Round 87 | F1 0.5405 | P 0.6070 | R 0.4871 | Time 45.0s | Comm N/A | Local Avg F1: 0.4607

=== Round 88/100 ===
[Round 88] KD=ON | policy=prev_global
[Layer Freezing] Training last 4 transformer layers (layers 8-11)
[Layer Freezing] Trainable params: 28,384,555 / 108,924,715 (26.1%)
[Layer Freezing] Training last 4 transformer layers (layers 8-11)
[Layer Freezing] Trainable params: 28,384,555 / 108,924,715 (26.1%)
[Layer Freezing] Training last 4 transformer layers (layers 8-11)
[Layer Freezing] Trainable params: 28,384,555 / 108,924,715 (26.1%)
[Layer Freezing] Training last 4 transformer layers (layers 8-11)
[Layer Freezing] Trainable params: 28,384,555 / 108,924,715 (26.1%)
[Layer Freezing] Training last 4 transformer layers (layers 8-11)
[Layer Freezing] Trainable params: 28,384,555 / 108,924,715 (26.1%)
[Layer Freezing] Training last 4 transformer layers (layers 8-11)
[Layer Freezing] Trainable params: 28,384,555 / 108,924,715 (26.1%)
[Layer Freezing] Training last 4 transformer layers (layers 8-11)
[Layer Freezing] Trainable params: 28,384,555 / 108,924,715 (26.1%)
[Layer Freezing] Training last 4 transformer layers (layers 8-11)
[Layer Freezing] Trainable params: 28,384,555 / 108,924,715 (26.1%)
[Layer Freezing] Training last 4 transformer layers (layers 8-11)
[Layer Freezing] Trainable params: 28,384,555 / 108,924,715 (26.1%)
[Layer Freezing] Training last 4 transformer layers (layers 8-11)
[Layer Freezing] Trainable params: 28,384,555 / 108,924,715 (26.1%)
[Round 88] T=1.93  α_ce=0.74  α_kd=0.26
 Round 88 | F1 0.5379 | P 0.6060 | R 0.4836 | Time 46.1s | Comm N/A | Local Avg F1: 0.4638

=== Round 89/100 ===
[Round 89] KD=ON | policy=prev_global
[Layer Freezing] Training last 4 transformer layers (layers 8-11)
[Layer Freezing] Trainable params: 28,384,555 / 108,924,715 (26.1%)
[Layer Freezing] Training last 4 transformer layers (layers 8-11)
[Layer Freezing] Trainable params: 28,384,555 / 108,924,715 (26.1%)
[Layer Freezing] Training last 4 transformer layers (layers 8-11)
[Layer Freezing] Trainable params: 28,384,555 / 108,924,715 (26.1%)
[Layer Freezing] Training last 4 transformer layers (layers 8-11)
[Layer Freezing] Trainable params: 28,384,555 / 108,924,715 (26.1%)
[Layer Freezing] Training last 4 transformer layers (layers 8-11)
[Layer Freezing] Trainable params: 28,384,555 / 108,924,715 (26.1%)
[Layer Freezing] Training last 4 transformer layers (layers 8-11)
[Layer Freezing] Trainable params: 28,384,555 / 108,924,715 (26.1%)
[Layer Freezing] Training last 4 transformer layers (layers 8-11)
[Layer Freezing] Trainable params: 28,384,555 / 108,924,715 (26.1%)
[Layer Freezing] Training last 4 transformer layers (layers 8-11)
[Layer Freezing] Trainable params: 28,384,555 / 108,924,715 (26.1%)
[Layer Freezing] Training last 4 transformer layers (layers 8-11)
[Layer Freezing] Trainable params: 28,384,555 / 108,924,715 (26.1%)
[Layer Freezing] Training last 4 transformer layers (layers 8-11)
[Layer Freezing] Trainable params: 28,384,555 / 108,924,715 (26.1%)
[Round 89] T=1.89  α_ce=0.73  α_kd=0.27
 Round 89 | F1 0.5350 | P 0.6107 | R 0.4760 | Time 45.3s | Comm N/A | Local Avg F1: 0.4616

=== Round 90/100 ===
[Round 90] KD=ON | policy=prev_global
[Layer Freezing] Training last 4 transformer layers (layers 8-11)
[Layer Freezing] Trainable params: 28,384,555 / 108,924,715 (26.1%)
[Layer Freezing] Training last 4 transformer layers (layers 8-11)
[Layer Freezing] Trainable params: 28,384,555 / 108,924,715 (26.1%)
[Layer Freezing] Training last 4 transformer layers (layers 8-11)
[Layer Freezing] Trainable params: 28,384,555 / 108,924,715 (26.1%)
[Layer Freezing] Training last 4 transformer layers (layers 8-11)
[Layer Freezing] Trainable params: 28,384,555 / 108,924,715 (26.1%)
[Layer Freezing] Training last 4 transformer layers (layers 8-11)
[Layer Freezing] Trainable params: 28,384,555 / 108,924,715 (26.1%)
[Layer Freezing] Training last 4 transformer layers (layers 8-11)
[Layer Freezing] Trainable params: 28,384,555 / 108,924,715 (26.1%)
[Layer Freezing] Training last 4 transformer layers (layers 8-11)
[Layer Freezing] Trainable params: 28,384,555 / 108,924,715 (26.1%)
[Layer Freezing] Training last 4 transformer layers (layers 8-11)
[Layer Freezing] Trainable params: 28,384,555 / 108,924,715 (26.1%)
[Layer Freezing] Training last 4 transformer layers (layers 8-11)
[Layer Freezing] Trainable params: 28,384,555 / 108,924,715 (26.1%)
[Layer Freezing] Training last 4 transformer layers (layers 8-11)
[Layer Freezing] Trainable params: 28,384,555 / 108,924,715 (26.1%)
[Round 90] T=1.86  α_ce=0.73  α_kd=0.27
 Round 90 | F1 0.5384 | P 0.6134 | R 0.4798 | Time 45.0s | Comm N/A | Local Avg F1: 0.4647

=== Round 91/100 ===
[Round 91] KD=ON | policy=prev_global
[Layer Freezing] Training last 4 transformer layers (layers 8-11)
[Layer Freezing] Trainable params: 28,384,555 / 108,924,715 (26.1%)
[Layer Freezing] Training last 4 transformer layers (layers 8-11)
[Layer Freezing] Trainable params: 28,384,555 / 108,924,715 (26.1%)
[Layer Freezing] Training last 4 transformer layers (layers 8-11)
[Layer Freezing] Trainable params: 28,384,555 / 108,924,715 (26.1%)
[Layer Freezing] Training last 4 transformer layers (layers 8-11)
[Layer Freezing] Trainable params: 28,384,555 / 108,924,715 (26.1%)
[Layer Freezing] Training last 4 transformer layers (layers 8-11)
[Layer Freezing] Trainable params: 28,384,555 / 108,924,715 (26.1%)
[Layer Freezing] Training last 4 transformer layers (layers 8-11)
[Layer Freezing] Trainable params: 28,384,555 / 108,924,715 (26.1%)
[Layer Freezing] Training last 4 transformer layers (layers 8-11)
[Layer Freezing] Trainable params: 28,384,555 / 108,924,715 (26.1%)
[Layer Freezing] Training last 4 transformer layers (layers 8-11)
[Layer Freezing] Trainable params: 28,384,555 / 108,924,715 (26.1%)
[Layer Freezing] Training last 4 transformer layers (layers 8-11)
[Layer Freezing] Trainable params: 28,384,555 / 108,924,715 (26.1%)
[Layer Freezing] Training last 4 transformer layers (layers 8-11)
[Layer Freezing] Trainable params: 28,384,555 / 108,924,715 (26.1%)
[Round 91] T=1.82  α_ce=0.73  α_kd=0.27
 Round 91 | F1 0.5356 | P 0.6150 | R 0.4743 | Time 45.7s | Comm N/A | Local Avg F1: 0.4625

=== Round 92/100 ===
[Round 92] KD=ON | policy=prev_global
[Layer Freezing] Training last 4 transformer layers (layers 8-11)
[Layer Freezing] Trainable params: 28,384,555 / 108,924,715 (26.1%)
[Layer Freezing] Training last 4 transformer layers (layers 8-11)
[Layer Freezing] Trainable params: 28,384,555 / 108,924,715 (26.1%)
[Layer Freezing] Training last 4 transformer layers (layers 8-11)
[Layer Freezing] Trainable params: 28,384,555 / 108,924,715 (26.1%)
[Layer Freezing] Training last 4 transformer layers (layers 8-11)
[Layer Freezing] Trainable params: 28,384,555 / 108,924,715 (26.1%)
[Layer Freezing] Training last 4 transformer layers (layers 8-11)
[Layer Freezing] Trainable params: 28,384,555 / 108,924,715 (26.1%)
[Layer Freezing] Training last 4 transformer layers (layers 8-11)
[Layer Freezing] Trainable params: 28,384,555 / 108,924,715 (26.1%)
[Layer Freezing] Training last 4 transformer layers (layers 8-11)
[Layer Freezing] Trainable params: 28,384,555 / 108,924,715 (26.1%)
[Layer Freezing] Training last 4 transformer layers (layers 8-11)
[Layer Freezing] Trainable params: 28,384,555 / 108,924,715 (26.1%)
[Layer Freezing] Training last 4 transformer layers (layers 8-11)
[Layer Freezing] Trainable params: 28,384,555 / 108,924,715 (26.1%)
[Layer Freezing] Training last 4 transformer layers (layers 8-11)
[Layer Freezing] Trainable params: 28,384,555 / 108,924,715 (26.1%)
[Round 92] T=1.79  α_ce=0.72  α_kd=0.28
 Round 92 | F1 0.5408 | P 0.6097 | R 0.4859 | Time 45.4s | Comm N/A | Local Avg F1: 0.4647

=== Round 93/100 ===
[Round 93] KD=ON | policy=prev_global
[Layer Freezing] Training last 4 transformer layers (layers 8-11)
[Layer Freezing] Trainable params: 28,384,555 / 108,924,715 (26.1%)
[Layer Freezing] Training last 4 transformer layers (layers 8-11)
[Layer Freezing] Trainable params: 28,384,555 / 108,924,715 (26.1%)
[Layer Freezing] Training last 4 transformer layers (layers 8-11)
[Layer Freezing] Trainable params: 28,384,555 / 108,924,715 (26.1%)
[Layer Freezing] Training last 4 transformer layers (layers 8-11)
[Layer Freezing] Trainable params: 28,384,555 / 108,924,715 (26.1%)
[Layer Freezing] Training last 4 transformer layers (layers 8-11)
[Layer Freezing] Trainable params: 28,384,555 / 108,924,715 (26.1%)
[Layer Freezing] Training last 4 transformer layers (layers 8-11)
[Layer Freezing] Trainable params: 28,384,555 / 108,924,715 (26.1%)
[Layer Freezing] Training last 4 transformer layers (layers 8-11)
[Layer Freezing] Trainable params: 28,384,555 / 108,924,715 (26.1%)
[Layer Freezing] Training last 4 transformer layers (layers 8-11)
[Layer Freezing] Trainable params: 28,384,555 / 108,924,715 (26.1%)
[Layer Freezing] Training last 4 transformer layers (layers 8-11)
[Layer Freezing] Trainable params: 28,384,555 / 108,924,715 (26.1%)
[Layer Freezing] Training last 4 transformer layers (layers 8-11)
[Layer Freezing] Trainable params: 28,384,555 / 108,924,715 (26.1%)
[Round 93] T=1.75  α_ce=0.72  α_kd=0.28
 Round 93 | F1 0.5382 | P 0.6119 | R 0.4804 | Time 45.5s | Comm N/A | Local Avg F1: 0.4644

=== Round 94/100 ===
[Round 94] KD=ON | policy=prev_global
[Layer Freezing] Training last 4 transformer layers (layers 8-11)
[Layer Freezing] Trainable params: 28,384,555 / 108,924,715 (26.1%)
[Layer Freezing] Training last 4 transformer layers (layers 8-11)
[Layer Freezing] Trainable params: 28,384,555 / 108,924,715 (26.1%)
[Layer Freezing] Training last 4 transformer layers (layers 8-11)
[Layer Freezing] Trainable params: 28,384,555 / 108,924,715 (26.1%)
[Layer Freezing] Training last 4 transformer layers (layers 8-11)
[Layer Freezing] Trainable params: 28,384,555 / 108,924,715 (26.1%)
[Layer Freezing] Training last 4 transformer layers (layers 8-11)
[Layer Freezing] Trainable params: 28,384,555 / 108,924,715 (26.1%)
[Layer Freezing] Training last 4 transformer layers (layers 8-11)
[Layer Freezing] Trainable params: 28,384,555 / 108,924,715 (26.1%)
[Layer Freezing] Training last 4 transformer layers (layers 8-11)
[Layer Freezing] Trainable params: 28,384,555 / 108,924,715 (26.1%)
[Layer Freezing] Training last 4 transformer layers (layers 8-11)
[Layer Freezing] Trainable params: 28,384,555 / 108,924,715 (26.1%)
[Layer Freezing] Training last 4 transformer layers (layers 8-11)
[Layer Freezing] Trainable params: 28,384,555 / 108,924,715 (26.1%)
[Layer Freezing] Training last 4 transformer layers (layers 8-11)
[Layer Freezing] Trainable params: 28,384,555 / 108,924,715 (26.1%)
[Round 94] T=1.71  α_ce=0.72  α_kd=0.28
 Round 94 | F1 0.5426 | P 0.6030 | R 0.4931 | Time 45.2s | Comm N/A | Local Avg F1: 0.4678

=== Round 95/100 ===
[Round 95] KD=ON | policy=prev_global
[Layer Freezing] Training last 4 transformer layers (layers 8-11)
[Layer Freezing] Trainable params: 28,384,555 / 108,924,715 (26.1%)
[Layer Freezing] Training last 4 transformer layers (layers 8-11)
[Layer Freezing] Trainable params: 28,384,555 / 108,924,715 (26.1%)
[Layer Freezing] Training last 4 transformer layers (layers 8-11)
[Layer Freezing] Trainable params: 28,384,555 / 108,924,715 (26.1%)
[Layer Freezing] Training last 4 transformer layers (layers 8-11)
[Layer Freezing] Trainable params: 28,384,555 / 108,924,715 (26.1%)
[Layer Freezing] Training last 4 transformer layers (layers 8-11)
[Layer Freezing] Trainable params: 28,384,555 / 108,924,715 (26.1%)
[Layer Freezing] Training last 4 transformer layers (layers 8-11)
[Layer Freezing] Trainable params: 28,384,555 / 108,924,715 (26.1%)
[Layer Freezing] Training last 4 transformer layers (layers 8-11)
[Layer Freezing] Trainable params: 28,384,555 / 108,924,715 (26.1%)
[Layer Freezing] Training last 4 transformer layers (layers 8-11)
[Layer Freezing] Trainable params: 28,384,555 / 108,924,715 (26.1%)
[Layer Freezing] Training last 4 transformer layers (layers 8-11)
[Layer Freezing] Trainable params: 28,384,555 / 108,924,715 (26.1%)
[Layer Freezing] Training last 4 transformer layers (layers 8-11)
[Layer Freezing] Trainable params: 28,384,555 / 108,924,715 (26.1%)
[Round 95] T=1.68  α_ce=0.72  α_kd=0.28
 Round 95 | F1 0.5405 | P 0.6086 | R 0.4862 | Time 44.9s | Comm N/A | Local Avg F1: 0.4656

=== Round 96/100 ===
[Round 96] KD=ON | policy=prev_global
[Layer Freezing] Training last 4 transformer layers (layers 8-11)
[Layer Freezing] Trainable params: 28,384,555 / 108,924,715 (26.1%)
[Layer Freezing] Training last 4 transformer layers (layers 8-11)
[Layer Freezing] Trainable params: 28,384,555 / 108,924,715 (26.1%)
[Layer Freezing] Training last 4 transformer layers (layers 8-11)
[Layer Freezing] Trainable params: 28,384,555 / 108,924,715 (26.1%)
[Layer Freezing] Training last 4 transformer layers (layers 8-11)
[Layer Freezing] Trainable params: 28,384,555 / 108,924,715 (26.1%)
[Layer Freezing] Training last 4 transformer layers (layers 8-11)
[Layer Freezing] Trainable params: 28,384,555 / 108,924,715 (26.1%)
[Layer Freezing] Training last 4 transformer layers (layers 8-11)
[Layer Freezing] Trainable params: 28,384,555 / 108,924,715 (26.1%)
[Layer Freezing] Training last 4 transformer layers (layers 8-11)
[Layer Freezing] Trainable params: 28,384,555 / 108,924,715 (26.1%)
[Layer Freezing] Training last 4 transformer layers (layers 8-11)
[Layer Freezing] Trainable params: 28,384,555 / 108,924,715 (26.1%)
[Layer Freezing] Training last 4 transformer layers (layers 8-11)
[Layer Freezing] Trainable params: 28,384,555 / 108,924,715 (26.1%)
[Layer Freezing] Training last 4 transformer layers (layers 8-11)
[Layer Freezing] Trainable params: 28,384,555 / 108,924,715 (26.1%)
[Round 96] T=1.64  α_ce=0.71  α_kd=0.29
 Round 96 | F1 0.5365 | P 0.6220 | R 0.4717 | Time 45.1s | Comm N/A | Local Avg F1: 0.4627

=== Round 97/100 ===
[Round 97] KD=ON | policy=prev_global
[Layer Freezing] Training last 4 transformer layers (layers 8-11)
[Layer Freezing] Trainable params: 28,384,555 / 108,924,715 (26.1%)
[Layer Freezing] Training last 4 transformer layers (layers 8-11)
[Layer Freezing] Trainable params: 28,384,555 / 108,924,715 (26.1%)
[Layer Freezing] Training last 4 transformer layers (layers 8-11)
[Layer Freezing] Trainable params: 28,384,555 / 108,924,715 (26.1%)
[Layer Freezing] Training last 4 transformer layers (layers 8-11)
[Layer Freezing] Trainable params: 28,384,555 / 108,924,715 (26.1%)
[Layer Freezing] Training last 4 transformer layers (layers 8-11)
[Layer Freezing] Trainable params: 28,384,555 / 108,924,715 (26.1%)
[Layer Freezing] Training last 4 transformer layers (layers 8-11)
[Layer Freezing] Trainable params: 28,384,555 / 108,924,715 (26.1%)
[Layer Freezing] Training last 4 transformer layers (layers 8-11)
[Layer Freezing] Trainable params: 28,384,555 / 108,924,715 (26.1%)
[Layer Freezing] Training last 4 transformer layers (layers 8-11)
[Layer Freezing] Trainable params: 28,384,555 / 108,924,715 (26.1%)
[Layer Freezing] Training last 4 transformer layers (layers 8-11)
[Layer Freezing] Trainable params: 28,384,555 / 108,924,715 (26.1%)
[Layer Freezing] Training last 4 transformer layers (layers 8-11)
[Layer Freezing] Trainable params: 28,384,555 / 108,924,715 (26.1%)
[Round 97] T=1.61  α_ce=0.71  α_kd=0.29
 Round 97 | F1 0.5426 | P 0.6153 | R 0.4853 | Time 46.4s | Comm N/A | Local Avg F1: 0.4684

=== Round 98/100 ===
[Round 98] KD=ON | policy=prev_global
[Layer Freezing] Training last 4 transformer layers (layers 8-11)
[Layer Freezing] Trainable params: 28,384,555 / 108,924,715 (26.1%)
[Layer Freezing] Training last 4 transformer layers (layers 8-11)
[Layer Freezing] Trainable params: 28,384,555 / 108,924,715 (26.1%)
[Layer Freezing] Training last 4 transformer layers (layers 8-11)
[Layer Freezing] Trainable params: 28,384,555 / 108,924,715 (26.1%)
[Layer Freezing] Training last 4 transformer layers (layers 8-11)
[Layer Freezing] Trainable params: 28,384,555 / 108,924,715 (26.1%)
[Layer Freezing] Training last 4 transformer layers (layers 8-11)
[Layer Freezing] Trainable params: 28,384,555 / 108,924,715 (26.1%)
[Layer Freezing] Training last 4 transformer layers (layers 8-11)
[Layer Freezing] Trainable params: 28,384,555 / 108,924,715 (26.1%)
[Layer Freezing] Training last 4 transformer layers (layers 8-11)
[Layer Freezing] Trainable params: 28,384,555 / 108,924,715 (26.1%)
[Layer Freezing] Training last 4 transformer layers (layers 8-11)
[Layer Freezing] Trainable params: 28,384,555 / 108,924,715 (26.1%)
[Layer Freezing] Training last 4 transformer layers (layers 8-11)
[Layer Freezing] Trainable params: 28,384,555 / 108,924,715 (26.1%)
[Layer Freezing] Training last 4 transformer layers (layers 8-11)
[Layer Freezing] Trainable params: 28,384,555 / 108,924,715 (26.1%)
[Round 98] T=1.57  α_ce=0.71  α_kd=0.29
 Round 98 | F1 0.5492 | P 0.6041 | R 0.5034 | Time 45.1s | Comm N/A | Local Avg F1: 0.4709

=== Round 99/100 ===
[Round 99] KD=ON | policy=prev_global
[Layer Freezing] Training last 4 transformer layers (layers 8-11)
[Layer Freezing] Trainable params: 28,384,555 / 108,924,715 (26.1%)
[Layer Freezing] Training last 4 transformer layers (layers 8-11)
[Layer Freezing] Trainable params: 28,384,555 / 108,924,715 (26.1%)
[Layer Freezing] Training last 4 transformer layers (layers 8-11)
[Layer Freezing] Trainable params: 28,384,555 / 108,924,715 (26.1%)
[Layer Freezing] Training last 4 transformer layers (layers 8-11)
[Layer Freezing] Trainable params: 28,384,555 / 108,924,715 (26.1%)
[Layer Freezing] Training last 4 transformer layers (layers 8-11)
[Layer Freezing] Trainable params: 28,384,555 / 108,924,715 (26.1%)
[Layer Freezing] Training last 4 transformer layers (layers 8-11)
[Layer Freezing] Trainable params: 28,384,555 / 108,924,715 (26.1%)
[Layer Freezing] Training last 4 transformer layers (layers 8-11)
[Layer Freezing] Trainable params: 28,384,555 / 108,924,715 (26.1%)
[Layer Freezing] Training last 4 transformer layers (layers 8-11)
[Layer Freezing] Trainable params: 28,384,555 / 108,924,715 (26.1%)
[Layer Freezing] Training last 4 transformer layers (layers 8-11)
[Layer Freezing] Trainable params: 28,384,555 / 108,924,715 (26.1%)
[Layer Freezing] Training last 4 transformer layers (layers 8-11)
[Layer Freezing] Trainable params: 28,384,555 / 108,924,715 (26.1%)
[Round 99] T=1.54  α_ce=0.70  α_kd=0.30
 Round 99 | F1 0.5461 | P 0.6184 | R 0.4889 | Time 45.2s | Comm N/A | Local Avg F1: 0.4714

=== Round 100/100 ===
[Round 100] KD=ON | policy=prev_global
[Layer Freezing] Training last 4 transformer layers (layers 8-11)
[Layer Freezing] Trainable params: 28,384,555 / 108,924,715 (26.1%)
[Layer Freezing] Training last 4 transformer layers (layers 8-11)
[Layer Freezing] Trainable params: 28,384,555 / 108,924,715 (26.1%)
[Layer Freezing] Training last 4 transformer layers (layers 8-11)
[Layer Freezing] Trainable params: 28,384,555 / 108,924,715 (26.1%)
[Layer Freezing] Training last 4 transformer layers (layers 8-11)
[Layer Freezing] Trainable params: 28,384,555 / 108,924,715 (26.1%)
[Layer Freezing] Training last 4 transformer layers (layers 8-11)
[Layer Freezing] Trainable params: 28,384,555 / 108,924,715 (26.1%)
[Layer Freezing] Training last 4 transformer layers (layers 8-11)
[Layer Freezing] Trainable params: 28,384,555 / 108,924,715 (26.1%)
[Layer Freezing] Training last 4 transformer layers (layers 8-11)
[Layer Freezing] Trainable params: 28,384,555 / 108,924,715 (26.1%)
[Layer Freezing] Training last 4 transformer layers (layers 8-11)
[Layer Freezing] Trainable params: 28,384,555 / 108,924,715 (26.1%)
[Layer Freezing] Training last 4 transformer layers (layers 8-11)
[Layer Freezing] Trainable params: 28,384,555 / 108,924,715 (26.1%)
[Layer Freezing] Training last 4 transformer layers (layers 8-11)
[Layer Freezing] Trainable params: 28,384,555 / 108,924,715 (26.1%)
[Round 100] T=1.50  α_ce=0.70  α_kd=0.30
 Round 100 | F1 0.5474 | P 0.6087 | R 0.4973 | Time 46.5s | Comm N/A | Local Avg F1: 0.4728
[save_json] Saved: results/FedSAD_20250820_065325/fed_results.json
[save_json] Backup: results/FedSAD_20250820_065325/fed_results_20250820_080916.json
== FedSAD 0.01==
📁 从本地加载模型: /root/autodl-tmp/new/fedner/models/microsoft_BiomedNLP-PubMedBERT-base-uncased-abstract
Some weights of BertForTokenClassification were not initialized from the model checkpoint at /root/autodl-tmp/new/fedner/models/microsoft_BiomedNLP-PubMedBERT-base-uncased-abstract and are newly initialized because the shapes did not match:
- classifier.bias: found shape torch.Size([2]) in the checkpoint and torch.Size([43]) in the model instantiated
- classifier.weight: found shape torch.Size([2, 768]) in the checkpoint and torch.Size([43, 768]) in the model instantiated
You should probably TRAIN this model on a down-stream task to be able to use it for predictions and inference.
Using device: cuda
📁 从本地加载模型: /root/autodl-tmp/new/fedner/models/microsoft_BiomedNLP-PubMedBERT-base-uncased-abstract
Some weights of BertForTokenClassification were not initialized from the model checkpoint at /root/autodl-tmp/new/fedner/models/microsoft_BiomedNLP-PubMedBERT-base-uncased-abstract and are newly initialized because the shapes did not match:
- classifier.bias: found shape torch.Size([2]) in the checkpoint and torch.Size([43]) in the model instantiated
- classifier.weight: found shape torch.Size([2, 768]) in the checkpoint and torch.Size([43, 768]) in the model instantiated
You should probably TRAIN this model on a down-stream task to be able to use it for predictions and inference.

============================================================
EXPERIMENT CONFIGURATION
============================================================
Algorithm: FedSAD | Clients: 10 (100% per round) | Rounds: 100, Local epochs: 2 | Training: Last 4 layers | Sampling: 200 samples per client (random) | Data: Non-IID (α=0.01)
------------------------------------------------------------
Algorithm-specific parameters for FedSAD:
  - use_distillation: True
  - kd_start_round: 2
  - teacher_policy: ema_first
  - temperature_start: 2.0, temperature_end: 2.0
  - alpha_ce_start: 1.0, alpha_ce_end: 1.0
  - alpha_kd_start: 1.0, alpha_kd_end: 1.0
  - hidden_distill: False, alpha_hidden: 0.0
  - o_downweight: 1.0
============================================================

Model initialized: 108,924,715/108,924,715 trainable params (100.0%)

=== Round 1/100 ===
[Round 1] KD=OFF | policy=ema_first
[Layer Freezing] Training last 4 transformer layers (layers 8-11)
[Layer Freezing] Trainable params: 28,384,555 / 108,924,715 (26.1%)
/root/miniconda3/lib/python3.12/site-packages/torch/nn/modules/module.py:1762: FutureWarning: `encoder_attention_mask` is deprecated and will be removed in version 4.55.0 for `BertSdpaSelfAttention.forward`.
  return forward_call(*args, **kwargs)
[Layer Freezing] Training last 4 transformer layers (layers 8-11)
[Layer Freezing] Trainable params: 28,384,555 / 108,924,715 (26.1%)
[Layer Freezing] Training last 4 transformer layers (layers 8-11)
[Layer Freezing] Trainable params: 28,384,555 / 108,924,715 (26.1%)
[Layer Freezing] Training last 4 transformer layers (layers 8-11)
[Layer Freezing] Trainable params: 28,384,555 / 108,924,715 (26.1%)
[Layer Freezing] Training last 4 transformer layers (layers 8-11)
[Layer Freezing] Trainable params: 28,384,555 / 108,924,715 (26.1%)
[Layer Freezing] Training last 4 transformer layers (layers 8-11)
[Layer Freezing] Trainable params: 28,384,555 / 108,924,715 (26.1%)
[Layer Freezing] Training last 4 transformer layers (layers 8-11)
[Layer Freezing] Trainable params: 28,384,555 / 108,924,715 (26.1%)
[Layer Freezing] Training last 4 transformer layers (layers 8-11)
[Layer Freezing] Trainable params: 28,384,555 / 108,924,715 (26.1%)
[Layer Freezing] Training last 4 transformer layers (layers 8-11)
[Layer Freezing] Trainable params: 28,384,555 / 108,924,715 (26.1%)
[Layer Freezing] Training last 4 transformer layers (layers 8-11)
[Layer Freezing] Trainable params: 28,384,555 / 108,924,715 (26.1%)
[Round 1] T=2.00  α_ce=1.00  α_kd=0.00
/root/miniconda3/lib/python3.12/site-packages/seqeval/metrics/v1.py:57: UndefinedMetricWarning: Precision is ill-defined and being set to 0.0 due to no predicted samples. Use `zero_division` parameter to control this behavior.
  _warn_prf(average, modifier, msg_start, len(result))
/root/miniconda3/lib/python3.12/site-packages/seqeval/metrics/v1.py:159: UndefinedMetricWarning: F-score is ill-defined and being set to 0.0 due to no true nor predicted samples. Use `zero_division` parameter to control this behavior.
  _warn_prf(
/root/miniconda3/lib/python3.12/site-packages/seqeval/metrics/v1.py:57: UndefinedMetricWarning: Recall is ill-defined and being set to 0.0 due to no true samples. Use `zero_division` parameter to control this behavior.
  _warn_prf(average, modifier, msg_start, len(result))
 Round 1 | F1 0.0000 | P 0.0000 | R 0.0000 | Time 42.4s | Comm N/A | Local Avg F1: 0.0000

=== Round 2/100 ===
[Round 2] KD=ON | policy=ema_first
[Layer Freezing] Training last 4 transformer layers (layers 8-11)
[Layer Freezing] Trainable params: 28,384,555 / 108,924,715 (26.1%)
[Layer Freezing] Training last 4 transformer layers (layers 8-11)
[Layer Freezing] Trainable params: 28,384,555 / 108,924,715 (26.1%)
[Layer Freezing] Training last 4 transformer layers (layers 8-11)
[Layer Freezing] Trainable params: 28,384,555 / 108,924,715 (26.1%)
[Layer Freezing] Training last 4 transformer layers (layers 8-11)
[Layer Freezing] Trainable params: 28,384,555 / 108,924,715 (26.1%)
[Layer Freezing] Training last 4 transformer layers (layers 8-11)
[Layer Freezing] Trainable params: 28,384,555 / 108,924,715 (26.1%)
[Layer Freezing] Training last 4 transformer layers (layers 8-11)
[Layer Freezing] Trainable params: 28,384,555 / 108,924,715 (26.1%)
[Layer Freezing] Training last 4 transformer layers (layers 8-11)
[Layer Freezing] Trainable params: 28,384,555 / 108,924,715 (26.1%)
[Layer Freezing] Training last 4 transformer layers (layers 8-11)
[Layer Freezing] Trainable params: 28,384,555 / 108,924,715 (26.1%)
[Layer Freezing] Training last 4 transformer layers (layers 8-11)
[Layer Freezing] Trainable params: 28,384,555 / 108,924,715 (26.1%)
[Layer Freezing] Training last 4 transformer layers (layers 8-11)
[Layer Freezing] Trainable params: 28,384,555 / 108,924,715 (26.1%)
[Round 2] T=2.00  α_ce=1.00  α_kd=1.00
 Round 2 | F1 0.0000 | P 0.0000 | R 0.0000 | Time 44.8s | Comm N/A | Local Avg F1: 0.0000

=== Round 3/100 ===
[Round 3] KD=ON | policy=ema_first
[Layer Freezing] Training last 4 transformer layers (layers 8-11)
[Layer Freezing] Trainable params: 28,384,555 / 108,924,715 (26.1%)
[Layer Freezing] Training last 4 transformer layers (layers 8-11)
[Layer Freezing] Trainable params: 28,384,555 / 108,924,715 (26.1%)
[Layer Freezing] Training last 4 transformer layers (layers 8-11)
[Layer Freezing] Trainable params: 28,384,555 / 108,924,715 (26.1%)
[Layer Freezing] Training last 4 transformer layers (layers 8-11)
[Layer Freezing] Trainable params: 28,384,555 / 108,924,715 (26.1%)
[Layer Freezing] Training last 4 transformer layers (layers 8-11)
[Layer Freezing] Trainable params: 28,384,555 / 108,924,715 (26.1%)
[Layer Freezing] Training last 4 transformer layers (layers 8-11)
[Layer Freezing] Trainable params: 28,384,555 / 108,924,715 (26.1%)
[Layer Freezing] Training last 4 transformer layers (layers 8-11)
[Layer Freezing] Trainable params: 28,384,555 / 108,924,715 (26.1%)
[Layer Freezing] Training last 4 transformer layers (layers 8-11)
[Layer Freezing] Trainable params: 28,384,555 / 108,924,715 (26.1%)
[Layer Freezing] Training last 4 transformer layers (layers 8-11)
[Layer Freezing] Trainable params: 28,384,555 / 108,924,715 (26.1%)
[Layer Freezing] Training last 4 transformer layers (layers 8-11)
[Layer Freezing] Trainable params: 28,384,555 / 108,924,715 (26.1%)
[Round 3] T=2.00  α_ce=1.00  α_kd=1.00
 Round 3 | F1 0.0000 | P 0.0000 | R 0.0000 | Time 46.7s | Comm N/A | Local Avg F1: 0.0004

=== Round 4/100 ===
[Round 4] KD=ON | policy=ema_first
[Layer Freezing] Training last 4 transformer layers (layers 8-11)
[Layer Freezing] Trainable params: 28,384,555 / 108,924,715 (26.1%)
[Layer Freezing] Training last 4 transformer layers (layers 8-11)
[Layer Freezing] Trainable params: 28,384,555 / 108,924,715 (26.1%)
[Layer Freezing] Training last 4 transformer layers (layers 8-11)
[Layer Freezing] Trainable params: 28,384,555 / 108,924,715 (26.1%)
[Layer Freezing] Training last 4 transformer layers (layers 8-11)
[Layer Freezing] Trainable params: 28,384,555 / 108,924,715 (26.1%)
[Layer Freezing] Training last 4 transformer layers (layers 8-11)
[Layer Freezing] Trainable params: 28,384,555 / 108,924,715 (26.1%)
[Layer Freezing] Training last 4 transformer layers (layers 8-11)
[Layer Freezing] Trainable params: 28,384,555 / 108,924,715 (26.1%)
[Layer Freezing] Training last 4 transformer layers (layers 8-11)
[Layer Freezing] Trainable params: 28,384,555 / 108,924,715 (26.1%)
[Layer Freezing] Training last 4 transformer layers (layers 8-11)
[Layer Freezing] Trainable params: 28,384,555 / 108,924,715 (26.1%)
[Layer Freezing] Training last 4 transformer layers (layers 8-11)
[Layer Freezing] Trainable params: 28,384,555 / 108,924,715 (26.1%)
[Layer Freezing] Training last 4 transformer layers (layers 8-11)
[Layer Freezing] Trainable params: 28,384,555 / 108,924,715 (26.1%)
[Round 4] T=2.00  α_ce=1.00  α_kd=1.00
 Round 4 | F1 0.0129 | P 0.7074 | R 0.0065 | Time 46.1s | Comm N/A | Local Avg F1: 0.0134

=== Round 5/100 ===
[Round 5] KD=ON | policy=ema_first
[Layer Freezing] Training last 4 transformer layers (layers 8-11)
[Layer Freezing] Trainable params: 28,384,555 / 108,924,715 (26.1%)
[Layer Freezing] Training last 4 transformer layers (layers 8-11)
[Layer Freezing] Trainable params: 28,384,555 / 108,924,715 (26.1%)
[Layer Freezing] Training last 4 transformer layers (layers 8-11)
[Layer Freezing] Trainable params: 28,384,555 / 108,924,715 (26.1%)
[Layer Freezing] Training last 4 transformer layers (layers 8-11)
[Layer Freezing] Trainable params: 28,384,555 / 108,924,715 (26.1%)
[Layer Freezing] Training last 4 transformer layers (layers 8-11)
[Layer Freezing] Trainable params: 28,384,555 / 108,924,715 (26.1%)
[Layer Freezing] Training last 4 transformer layers (layers 8-11)
[Layer Freezing] Trainable params: 28,384,555 / 108,924,715 (26.1%)
[Layer Freezing] Training last 4 transformer layers (layers 8-11)
[Layer Freezing] Trainable params: 28,384,555 / 108,924,715 (26.1%)
[Layer Freezing] Training last 4 transformer layers (layers 8-11)
[Layer Freezing] Trainable params: 28,384,555 / 108,924,715 (26.1%)
[Layer Freezing] Training last 4 transformer layers (layers 8-11)
[Layer Freezing] Trainable params: 28,384,555 / 108,924,715 (26.1%)
[Layer Freezing] Training last 4 transformer layers (layers 8-11)
[Layer Freezing] Trainable params: 28,384,555 / 108,924,715 (26.1%)
[Round 5] T=2.00  α_ce=1.00  α_kd=1.00
 Round 5 | F1 0.0540 | P 0.6944 | R 0.0281 | Time 45.1s | Comm N/A | Local Avg F1: 0.0433

=== Round 6/100 ===
[Round 6] KD=ON | policy=ema_first
[Layer Freezing] Training last 4 transformer layers (layers 8-11)
[Layer Freezing] Trainable params: 28,384,555 / 108,924,715 (26.1%)
[Layer Freezing] Training last 4 transformer layers (layers 8-11)
[Layer Freezing] Trainable params: 28,384,555 / 108,924,715 (26.1%)
[Layer Freezing] Training last 4 transformer layers (layers 8-11)
[Layer Freezing] Trainable params: 28,384,555 / 108,924,715 (26.1%)
[Layer Freezing] Training last 4 transformer layers (layers 8-11)
[Layer Freezing] Trainable params: 28,384,555 / 108,924,715 (26.1%)
[Layer Freezing] Training last 4 transformer layers (layers 8-11)
[Layer Freezing] Trainable params: 28,384,555 / 108,924,715 (26.1%)
[Layer Freezing] Training last 4 transformer layers (layers 8-11)
[Layer Freezing] Trainable params: 28,384,555 / 108,924,715 (26.1%)
[Layer Freezing] Training last 4 transformer layers (layers 8-11)
[Layer Freezing] Trainable params: 28,384,555 / 108,924,715 (26.1%)
[Layer Freezing] Training last 4 transformer layers (layers 8-11)
[Layer Freezing] Trainable params: 28,384,555 / 108,924,715 (26.1%)
[Layer Freezing] Training last 4 transformer layers (layers 8-11)
[Layer Freezing] Trainable params: 28,384,555 / 108,924,715 (26.1%)
[Layer Freezing] Training last 4 transformer layers (layers 8-11)
[Layer Freezing] Trainable params: 28,384,555 / 108,924,715 (26.1%)
[Round 6] T=2.00  α_ce=1.00  α_kd=1.00
 Round 6 | F1 0.1167 | P 0.6359 | R 0.0643 | Time 45.5s | Comm N/A | Local Avg F1: 0.0764

=== Round 7/100 ===
[Round 7] KD=ON | policy=ema_first
[Layer Freezing] Training last 4 transformer layers (layers 8-11)
[Layer Freezing] Trainable params: 28,384,555 / 108,924,715 (26.1%)
[Layer Freezing] Training last 4 transformer layers (layers 8-11)
[Layer Freezing] Trainable params: 28,384,555 / 108,924,715 (26.1%)
[Layer Freezing] Training last 4 transformer layers (layers 8-11)
[Layer Freezing] Trainable params: 28,384,555 / 108,924,715 (26.1%)
[Layer Freezing] Training last 4 transformer layers (layers 8-11)
[Layer Freezing] Trainable params: 28,384,555 / 108,924,715 (26.1%)
[Layer Freezing] Training last 4 transformer layers (layers 8-11)
[Layer Freezing] Trainable params: 28,384,555 / 108,924,715 (26.1%)
[Layer Freezing] Training last 4 transformer layers (layers 8-11)
[Layer Freezing] Trainable params: 28,384,555 / 108,924,715 (26.1%)
[Layer Freezing] Training last 4 transformer layers (layers 8-11)
[Layer Freezing] Trainable params: 28,384,555 / 108,924,715 (26.1%)
[Layer Freezing] Training last 4 transformer layers (layers 8-11)
[Layer Freezing] Trainable params: 28,384,555 / 108,924,715 (26.1%)
[Layer Freezing] Training last 4 transformer layers (layers 8-11)
[Layer Freezing] Trainable params: 28,384,555 / 108,924,715 (26.1%)
[Layer Freezing] Training last 4 transformer layers (layers 8-11)
[Layer Freezing] Trainable params: 28,384,555 / 108,924,715 (26.1%)
[Round 7] T=2.00  α_ce=1.00  α_kd=1.00
 Round 7 | F1 0.1135 | P 0.6453 | R 0.0622 | Time 46.2s | Comm N/A | Local Avg F1: 0.0776

=== Round 8/100 ===
[Round 8] KD=ON | policy=ema_first
[Layer Freezing] Training last 4 transformer layers (layers 8-11)
[Layer Freezing] Trainable params: 28,384,555 / 108,924,715 (26.1%)
[Layer Freezing] Training last 4 transformer layers (layers 8-11)
[Layer Freezing] Trainable params: 28,384,555 / 108,924,715 (26.1%)
[Layer Freezing] Training last 4 transformer layers (layers 8-11)
[Layer Freezing] Trainable params: 28,384,555 / 108,924,715 (26.1%)
[Layer Freezing] Training last 4 transformer layers (layers 8-11)
[Layer Freezing] Trainable params: 28,384,555 / 108,924,715 (26.1%)
[Layer Freezing] Training last 4 transformer layers (layers 8-11)
[Layer Freezing] Trainable params: 28,384,555 / 108,924,715 (26.1%)
[Layer Freezing] Training last 4 transformer layers (layers 8-11)
[Layer Freezing] Trainable params: 28,384,555 / 108,924,715 (26.1%)
[Layer Freezing] Training last 4 transformer layers (layers 8-11)
[Layer Freezing] Trainable params: 28,384,555 / 108,924,715 (26.1%)
[Layer Freezing] Training last 4 transformer layers (layers 8-11)
[Layer Freezing] Trainable params: 28,384,555 / 108,924,715 (26.1%)
[Layer Freezing] Training last 4 transformer layers (layers 8-11)
[Layer Freezing] Trainable params: 28,384,555 / 108,924,715 (26.1%)
[Layer Freezing] Training last 4 transformer layers (layers 8-11)
[Layer Freezing] Trainable params: 28,384,555 / 108,924,715 (26.1%)
[Round 8] T=2.00  α_ce=1.00  α_kd=1.00
 Round 8 | F1 0.1313 | P 0.6209 | R 0.0734 | Time 45.0s | Comm N/A | Local Avg F1: 0.0888

=== Round 9/100 ===
[Round 9] KD=ON | policy=ema_first
[Layer Freezing] Training last 4 transformer layers (layers 8-11)
[Layer Freezing] Trainable params: 28,384,555 / 108,924,715 (26.1%)
[Layer Freezing] Training last 4 transformer layers (layers 8-11)
[Layer Freezing] Trainable params: 28,384,555 / 108,924,715 (26.1%)
[Layer Freezing] Training last 4 transformer layers (layers 8-11)
[Layer Freezing] Trainable params: 28,384,555 / 108,924,715 (26.1%)
[Layer Freezing] Training last 4 transformer layers (layers 8-11)
[Layer Freezing] Trainable params: 28,384,555 / 108,924,715 (26.1%)
[Layer Freezing] Training last 4 transformer layers (layers 8-11)
[Layer Freezing] Trainable params: 28,384,555 / 108,924,715 (26.1%)
[Layer Freezing] Training last 4 transformer layers (layers 8-11)
[Layer Freezing] Trainable params: 28,384,555 / 108,924,715 (26.1%)
[Layer Freezing] Training last 4 transformer layers (layers 8-11)
[Layer Freezing] Trainable params: 28,384,555 / 108,924,715 (26.1%)
[Layer Freezing] Training last 4 transformer layers (layers 8-11)
[Layer Freezing] Trainable params: 28,384,555 / 108,924,715 (26.1%)
[Layer Freezing] Training last 4 transformer layers (layers 8-11)
[Layer Freezing] Trainable params: 28,384,555 / 108,924,715 (26.1%)
[Layer Freezing] Training last 4 transformer layers (layers 8-11)
[Layer Freezing] Trainable params: 28,384,555 / 108,924,715 (26.1%)
[Round 9] T=2.00  α_ce=1.00  α_kd=1.00
 Round 9 | F1 0.1840 | P 0.5630 | R 0.1100 | Time 45.2s | Comm N/A | Local Avg F1: 0.1226

=== Round 10/100 ===
[Round 10] KD=ON | policy=ema_first
[Layer Freezing] Training last 4 transformer layers (layers 8-11)
[Layer Freezing] Trainable params: 28,384,555 / 108,924,715 (26.1%)
[Layer Freezing] Training last 4 transformer layers (layers 8-11)
[Layer Freezing] Trainable params: 28,384,555 / 108,924,715 (26.1%)
[Layer Freezing] Training last 4 transformer layers (layers 8-11)
[Layer Freezing] Trainable params: 28,384,555 / 108,924,715 (26.1%)
[Layer Freezing] Training last 4 transformer layers (layers 8-11)
[Layer Freezing] Trainable params: 28,384,555 / 108,924,715 (26.1%)
[Layer Freezing] Training last 4 transformer layers (layers 8-11)
[Layer Freezing] Trainable params: 28,384,555 / 108,924,715 (26.1%)
[Layer Freezing] Training last 4 transformer layers (layers 8-11)
[Layer Freezing] Trainable params: 28,384,555 / 108,924,715 (26.1%)
[Layer Freezing] Training last 4 transformer layers (layers 8-11)
[Layer Freezing] Trainable params: 28,384,555 / 108,924,715 (26.1%)
[Layer Freezing] Training last 4 transformer layers (layers 8-11)
[Layer Freezing] Trainable params: 28,384,555 / 108,924,715 (26.1%)
[Layer Freezing] Training last 4 transformer layers (layers 8-11)
[Layer Freezing] Trainable params: 28,384,555 / 108,924,715 (26.1%)
[Layer Freezing] Training last 4 transformer layers (layers 8-11)
[Layer Freezing] Trainable params: 28,384,555 / 108,924,715 (26.1%)
[Round 10] T=2.00  α_ce=1.00  α_kd=1.00
 Round 10 | F1 0.1715 | P 0.5864 | R 0.1004 | Time 46.6s | Comm N/A | Local Avg F1: 0.1205

=== Round 11/100 ===
[Round 11] KD=ON | policy=ema_first
[Layer Freezing] Training last 4 transformer layers (layers 8-11)
[Layer Freezing] Trainable params: 28,384,555 / 108,924,715 (26.1%)
[Layer Freezing] Training last 4 transformer layers (layers 8-11)
[Layer Freezing] Trainable params: 28,384,555 / 108,924,715 (26.1%)
[Layer Freezing] Training last 4 transformer layers (layers 8-11)
[Layer Freezing] Trainable params: 28,384,555 / 108,924,715 (26.1%)
[Layer Freezing] Training last 4 transformer layers (layers 8-11)
[Layer Freezing] Trainable params: 28,384,555 / 108,924,715 (26.1%)
[Layer Freezing] Training last 4 transformer layers (layers 8-11)
[Layer Freezing] Trainable params: 28,384,555 / 108,924,715 (26.1%)
[Layer Freezing] Training last 4 transformer layers (layers 8-11)
[Layer Freezing] Trainable params: 28,384,555 / 108,924,715 (26.1%)
[Layer Freezing] Training last 4 transformer layers (layers 8-11)
[Layer Freezing] Trainable params: 28,384,555 / 108,924,715 (26.1%)
[Layer Freezing] Training last 4 transformer layers (layers 8-11)
[Layer Freezing] Trainable params: 28,384,555 / 108,924,715 (26.1%)
[Layer Freezing] Training last 4 transformer layers (layers 8-11)
[Layer Freezing] Trainable params: 28,384,555 / 108,924,715 (26.1%)
[Layer Freezing] Training last 4 transformer layers (layers 8-11)
[Layer Freezing] Trainable params: 28,384,555 / 108,924,715 (26.1%)
[Round 11] T=2.00  α_ce=1.00  α_kd=1.00
 Round 11 | F1 0.1832 | P 0.5854 | R 0.1086 | Time 45.0s | Comm N/A | Local Avg F1: 0.1330

=== Round 12/100 ===
[Round 12] KD=ON | policy=ema_first
[Layer Freezing] Training last 4 transformer layers (layers 8-11)
[Layer Freezing] Trainable params: 28,384,555 / 108,924,715 (26.1%)
[Layer Freezing] Training last 4 transformer layers (layers 8-11)
[Layer Freezing] Trainable params: 28,384,555 / 108,924,715 (26.1%)
[Layer Freezing] Training last 4 transformer layers (layers 8-11)
[Layer Freezing] Trainable params: 28,384,555 / 108,924,715 (26.1%)
[Layer Freezing] Training last 4 transformer layers (layers 8-11)
[Layer Freezing] Trainable params: 28,384,555 / 108,924,715 (26.1%)
[Layer Freezing] Training last 4 transformer layers (layers 8-11)
[Layer Freezing] Trainable params: 28,384,555 / 108,924,715 (26.1%)
[Layer Freezing] Training last 4 transformer layers (layers 8-11)
[Layer Freezing] Trainable params: 28,384,555 / 108,924,715 (26.1%)
[Layer Freezing] Training last 4 transformer layers (layers 8-11)
[Layer Freezing] Trainable params: 28,384,555 / 108,924,715 (26.1%)
[Layer Freezing] Training last 4 transformer layers (layers 8-11)
[Layer Freezing] Trainable params: 28,384,555 / 108,924,715 (26.1%)
[Layer Freezing] Training last 4 transformer layers (layers 8-11)
[Layer Freezing] Trainable params: 28,384,555 / 108,924,715 (26.1%)
[Layer Freezing] Training last 4 transformer layers (layers 8-11)
[Layer Freezing] Trainable params: 28,384,555 / 108,924,715 (26.1%)
[Round 12] T=2.00  α_ce=1.00  α_kd=1.00
 Round 12 | F1 0.2243 | P 0.5492 | R 0.1410 | Time 45.4s | Comm N/A | Local Avg F1: 0.1702

=== Round 13/100 ===
[Round 13] KD=ON | policy=ema_first
[Layer Freezing] Training last 4 transformer layers (layers 8-11)
[Layer Freezing] Trainable params: 28,384,555 / 108,924,715 (26.1%)
[Layer Freezing] Training last 4 transformer layers (layers 8-11)
[Layer Freezing] Trainable params: 28,384,555 / 108,924,715 (26.1%)
[Layer Freezing] Training last 4 transformer layers (layers 8-11)
[Layer Freezing] Trainable params: 28,384,555 / 108,924,715 (26.1%)
[Layer Freezing] Training last 4 transformer layers (layers 8-11)
[Layer Freezing] Trainable params: 28,384,555 / 108,924,715 (26.1%)
[Layer Freezing] Training last 4 transformer layers (layers 8-11)
[Layer Freezing] Trainable params: 28,384,555 / 108,924,715 (26.1%)
[Layer Freezing] Training last 4 transformer layers (layers 8-11)
[Layer Freezing] Trainable params: 28,384,555 / 108,924,715 (26.1%)
[Layer Freezing] Training last 4 transformer layers (layers 8-11)
[Layer Freezing] Trainable params: 28,384,555 / 108,924,715 (26.1%)
[Layer Freezing] Training last 4 transformer layers (layers 8-11)
[Layer Freezing] Trainable params: 28,384,555 / 108,924,715 (26.1%)
[Layer Freezing] Training last 4 transformer layers (layers 8-11)
[Layer Freezing] Trainable params: 28,384,555 / 108,924,715 (26.1%)
[Layer Freezing] Training last 4 transformer layers (layers 8-11)
[Layer Freezing] Trainable params: 28,384,555 / 108,924,715 (26.1%)
[Round 13] T=2.00  α_ce=1.00  α_kd=1.00
 Round 13 | F1 0.2337 | P 0.5620 | R 0.1475 | Time 45.9s | Comm N/A | Local Avg F1: 0.1800

=== Round 14/100 ===
[Round 14] KD=ON | policy=ema_first
[Layer Freezing] Training last 4 transformer layers (layers 8-11)
[Layer Freezing] Trainable params: 28,384,555 / 108,924,715 (26.1%)
[Layer Freezing] Training last 4 transformer layers (layers 8-11)
[Layer Freezing] Trainable params: 28,384,555 / 108,924,715 (26.1%)
[Layer Freezing] Training last 4 transformer layers (layers 8-11)
[Layer Freezing] Trainable params: 28,384,555 / 108,924,715 (26.1%)
[Layer Freezing] Training last 4 transformer layers (layers 8-11)
[Layer Freezing] Trainable params: 28,384,555 / 108,924,715 (26.1%)
[Layer Freezing] Training last 4 transformer layers (layers 8-11)
[Layer Freezing] Trainable params: 28,384,555 / 108,924,715 (26.1%)
[Layer Freezing] Training last 4 transformer layers (layers 8-11)
[Layer Freezing] Trainable params: 28,384,555 / 108,924,715 (26.1%)
[Layer Freezing] Training last 4 transformer layers (layers 8-11)
[Layer Freezing] Trainable params: 28,384,555 / 108,924,715 (26.1%)
[Layer Freezing] Training last 4 transformer layers (layers 8-11)
[Layer Freezing] Trainable params: 28,384,555 / 108,924,715 (26.1%)
[Layer Freezing] Training last 4 transformer layers (layers 8-11)
[Layer Freezing] Trainable params: 28,384,555 / 108,924,715 (26.1%)
[Layer Freezing] Training last 4 transformer layers (layers 8-11)
[Layer Freezing] Trainable params: 28,384,555 / 108,924,715 (26.1%)
[Round 14] T=2.00  α_ce=1.00  α_kd=1.00
 Round 14 | F1 0.2619 | P 0.5559 | R 0.1713 | Time 45.1s | Comm N/A | Local Avg F1: 0.2004

=== Round 15/100 ===
[Round 15] KD=ON | policy=ema_first
[Layer Freezing] Training last 4 transformer layers (layers 8-11)
[Layer Freezing] Trainable params: 28,384,555 / 108,924,715 (26.1%)
[Layer Freezing] Training last 4 transformer layers (layers 8-11)
[Layer Freezing] Trainable params: 28,384,555 / 108,924,715 (26.1%)
[Layer Freezing] Training last 4 transformer layers (layers 8-11)
[Layer Freezing] Trainable params: 28,384,555 / 108,924,715 (26.1%)
[Layer Freezing] Training last 4 transformer layers (layers 8-11)
[Layer Freezing] Trainable params: 28,384,555 / 108,924,715 (26.1%)
[Layer Freezing] Training last 4 transformer layers (layers 8-11)
[Layer Freezing] Trainable params: 28,384,555 / 108,924,715 (26.1%)
[Layer Freezing] Training last 4 transformer layers (layers 8-11)
[Layer Freezing] Trainable params: 28,384,555 / 108,924,715 (26.1%)
[Layer Freezing] Training last 4 transformer layers (layers 8-11)
[Layer Freezing] Trainable params: 28,384,555 / 108,924,715 (26.1%)
[Layer Freezing] Training last 4 transformer layers (layers 8-11)
[Layer Freezing] Trainable params: 28,384,555 / 108,924,715 (26.1%)
[Layer Freezing] Training last 4 transformer layers (layers 8-11)
[Layer Freezing] Trainable params: 28,384,555 / 108,924,715 (26.1%)
[Layer Freezing] Training last 4 transformer layers (layers 8-11)
[Layer Freezing] Trainable params: 28,384,555 / 108,924,715 (26.1%)
[Round 15] T=2.00  α_ce=1.00  α_kd=1.00
 Round 15 | F1 0.2640 | P 0.5576 | R 0.1729 | Time 45.5s | Comm N/A | Local Avg F1: 0.2027

=== Round 16/100 ===
[Round 16] KD=ON | policy=ema_first
[Layer Freezing] Training last 4 transformer layers (layers 8-11)
[Layer Freezing] Trainable params: 28,384,555 / 108,924,715 (26.1%)
[Layer Freezing] Training last 4 transformer layers (layers 8-11)
[Layer Freezing] Trainable params: 28,384,555 / 108,924,715 (26.1%)
[Layer Freezing] Training last 4 transformer layers (layers 8-11)
[Layer Freezing] Trainable params: 28,384,555 / 108,924,715 (26.1%)
[Layer Freezing] Training last 4 transformer layers (layers 8-11)
[Layer Freezing] Trainable params: 28,384,555 / 108,924,715 (26.1%)
[Layer Freezing] Training last 4 transformer layers (layers 8-11)
[Layer Freezing] Trainable params: 28,384,555 / 108,924,715 (26.1%)
[Layer Freezing] Training last 4 transformer layers (layers 8-11)
[Layer Freezing] Trainable params: 28,384,555 / 108,924,715 (26.1%)
[Layer Freezing] Training last 4 transformer layers (layers 8-11)
[Layer Freezing] Trainable params: 28,384,555 / 108,924,715 (26.1%)
[Layer Freezing] Training last 4 transformer layers (layers 8-11)
[Layer Freezing] Trainable params: 28,384,555 / 108,924,715 (26.1%)
[Layer Freezing] Training last 4 transformer layers (layers 8-11)
[Layer Freezing] Trainable params: 28,384,555 / 108,924,715 (26.1%)
[Layer Freezing] Training last 4 transformer layers (layers 8-11)
[Layer Freezing] Trainable params: 28,384,555 / 108,924,715 (26.1%)
[Round 16] T=2.00  α_ce=1.00  α_kd=1.00
 Round 16 | F1 0.3075 | P 0.5371 | R 0.2154 | Time 46.1s | Comm N/A | Local Avg F1: 0.2393

=== Round 17/100 ===
[Round 17] KD=ON | policy=ema_first
[Layer Freezing] Training last 4 transformer layers (layers 8-11)
[Layer Freezing] Trainable params: 28,384,555 / 108,924,715 (26.1%)
[Layer Freezing] Training last 4 transformer layers (layers 8-11)
[Layer Freezing] Trainable params: 28,384,555 / 108,924,715 (26.1%)
[Layer Freezing] Training last 4 transformer layers (layers 8-11)
[Layer Freezing] Trainable params: 28,384,555 / 108,924,715 (26.1%)
[Layer Freezing] Training last 4 transformer layers (layers 8-11)
[Layer Freezing] Trainable params: 28,384,555 / 108,924,715 (26.1%)
[Layer Freezing] Training last 4 transformer layers (layers 8-11)
[Layer Freezing] Trainable params: 28,384,555 / 108,924,715 (26.1%)
[Layer Freezing] Training last 4 transformer layers (layers 8-11)
[Layer Freezing] Trainable params: 28,384,555 / 108,924,715 (26.1%)
[Layer Freezing] Training last 4 transformer layers (layers 8-11)
[Layer Freezing] Trainable params: 28,384,555 / 108,924,715 (26.1%)
[Layer Freezing] Training last 4 transformer layers (layers 8-11)
[Layer Freezing] Trainable params: 28,384,555 / 108,924,715 (26.1%)
[Layer Freezing] Training last 4 transformer layers (layers 8-11)
[Layer Freezing] Trainable params: 28,384,555 / 108,924,715 (26.1%)
[Layer Freezing] Training last 4 transformer layers (layers 8-11)
[Layer Freezing] Trainable params: 28,384,555 / 108,924,715 (26.1%)
[Round 17] T=2.00  α_ce=1.00  α_kd=1.00
 Round 17 | F1 0.3119 | P 0.5547 | R 0.2169 | Time 45.5s | Comm N/A | Local Avg F1: 0.2379

=== Round 18/100 ===
[Round 18] KD=ON | policy=ema_first
[Layer Freezing] Training last 4 transformer layers (layers 8-11)
[Layer Freezing] Trainable params: 28,384,555 / 108,924,715 (26.1%)
[Layer Freezing] Training last 4 transformer layers (layers 8-11)
[Layer Freezing] Trainable params: 28,384,555 / 108,924,715 (26.1%)
[Layer Freezing] Training last 4 transformer layers (layers 8-11)
[Layer Freezing] Trainable params: 28,384,555 / 108,924,715 (26.1%)
[Layer Freezing] Training last 4 transformer layers (layers 8-11)
[Layer Freezing] Trainable params: 28,384,555 / 108,924,715 (26.1%)
[Layer Freezing] Training last 4 transformer layers (layers 8-11)
[Layer Freezing] Trainable params: 28,384,555 / 108,924,715 (26.1%)
[Layer Freezing] Training last 4 transformer layers (layers 8-11)
[Layer Freezing] Trainable params: 28,384,555 / 108,924,715 (26.1%)
[Layer Freezing] Training last 4 transformer layers (layers 8-11)
[Layer Freezing] Trainable params: 28,384,555 / 108,924,715 (26.1%)
[Layer Freezing] Training last 4 transformer layers (layers 8-11)
[Layer Freezing] Trainable params: 28,384,555 / 108,924,715 (26.1%)
[Layer Freezing] Training last 4 transformer layers (layers 8-11)
[Layer Freezing] Trainable params: 28,384,555 / 108,924,715 (26.1%)
[Layer Freezing] Training last 4 transformer layers (layers 8-11)
[Layer Freezing] Trainable params: 28,384,555 / 108,924,715 (26.1%)
[Round 18] T=2.00  α_ce=1.00  α_kd=1.00
 Round 18 | F1 0.3198 | P 0.5612 | R 0.2236 | Time 45.3s | Comm N/A | Local Avg F1: 0.2524

=== Round 19/100 ===
[Round 19] KD=ON | policy=ema_first
[Layer Freezing] Training last 4 transformer layers (layers 8-11)
[Layer Freezing] Trainable params: 28,384,555 / 108,924,715 (26.1%)
[Layer Freezing] Training last 4 transformer layers (layers 8-11)
[Layer Freezing] Trainable params: 28,384,555 / 108,924,715 (26.1%)
[Layer Freezing] Training last 4 transformer layers (layers 8-11)
[Layer Freezing] Trainable params: 28,384,555 / 108,924,715 (26.1%)
[Layer Freezing] Training last 4 transformer layers (layers 8-11)
[Layer Freezing] Trainable params: 28,384,555 / 108,924,715 (26.1%)
[Layer Freezing] Training last 4 transformer layers (layers 8-11)
[Layer Freezing] Trainable params: 28,384,555 / 108,924,715 (26.1%)
[Layer Freezing] Training last 4 transformer layers (layers 8-11)
[Layer Freezing] Trainable params: 28,384,555 / 108,924,715 (26.1%)
[Layer Freezing] Training last 4 transformer layers (layers 8-11)
[Layer Freezing] Trainable params: 28,384,555 / 108,924,715 (26.1%)
[Layer Freezing] Training last 4 transformer layers (layers 8-11)
[Layer Freezing] Trainable params: 28,384,555 / 108,924,715 (26.1%)
[Layer Freezing] Training last 4 transformer layers (layers 8-11)
[Layer Freezing] Trainable params: 28,384,555 / 108,924,715 (26.1%)
[Layer Freezing] Training last 4 transformer layers (layers 8-11)
[Layer Freezing] Trainable params: 28,384,555 / 108,924,715 (26.1%)
[Round 19] T=2.00  α_ce=1.00  α_kd=1.00
 Round 19 | F1 0.3229 | P 0.5696 | R 0.2253 | Time 46.3s | Comm N/A | Local Avg F1: 0.2544

=== Round 20/100 ===
[Round 20] KD=ON | policy=ema_first
[Layer Freezing] Training last 4 transformer layers (layers 8-11)
[Layer Freezing] Trainable params: 28,384,555 / 108,924,715 (26.1%)
[Layer Freezing] Training last 4 transformer layers (layers 8-11)
[Layer Freezing] Trainable params: 28,384,555 / 108,924,715 (26.1%)
[Layer Freezing] Training last 4 transformer layers (layers 8-11)
[Layer Freezing] Trainable params: 28,384,555 / 108,924,715 (26.1%)
[Layer Freezing] Training last 4 transformer layers (layers 8-11)
[Layer Freezing] Trainable params: 28,384,555 / 108,924,715 (26.1%)
[Layer Freezing] Training last 4 transformer layers (layers 8-11)
[Layer Freezing] Trainable params: 28,384,555 / 108,924,715 (26.1%)
[Layer Freezing] Training last 4 transformer layers (layers 8-11)
[Layer Freezing] Trainable params: 28,384,555 / 108,924,715 (26.1%)
[Layer Freezing] Training last 4 transformer layers (layers 8-11)
[Layer Freezing] Trainable params: 28,384,555 / 108,924,715 (26.1%)
[Layer Freezing] Training last 4 transformer layers (layers 8-11)
[Layer Freezing] Trainable params: 28,384,555 / 108,924,715 (26.1%)
[Layer Freezing] Training last 4 transformer layers (layers 8-11)
[Layer Freezing] Trainable params: 28,384,555 / 108,924,715 (26.1%)
[Layer Freezing] Training last 4 transformer layers (layers 8-11)
[Layer Freezing] Trainable params: 28,384,555 / 108,924,715 (26.1%)
[Round 20] T=2.00  α_ce=1.00  α_kd=1.00
 Round 20 | F1 0.3508 | P 0.5570 | R 0.2560 | Time 45.2s | Comm N/A | Local Avg F1: 0.2796

=== Round 21/100 ===
[Round 21] KD=ON | policy=ema_first
[Layer Freezing] Training last 4 transformer layers (layers 8-11)
[Layer Freezing] Trainable params: 28,384,555 / 108,924,715 (26.1%)
[Layer Freezing] Training last 4 transformer layers (layers 8-11)
[Layer Freezing] Trainable params: 28,384,555 / 108,924,715 (26.1%)
[Layer Freezing] Training last 4 transformer layers (layers 8-11)
[Layer Freezing] Trainable params: 28,384,555 / 108,924,715 (26.1%)
[Layer Freezing] Training last 4 transformer layers (layers 8-11)
[Layer Freezing] Trainable params: 28,384,555 / 108,924,715 (26.1%)
[Layer Freezing] Training last 4 transformer layers (layers 8-11)
[Layer Freezing] Trainable params: 28,384,555 / 108,924,715 (26.1%)
[Layer Freezing] Training last 4 transformer layers (layers 8-11)
[Layer Freezing] Trainable params: 28,384,555 / 108,924,715 (26.1%)
[Layer Freezing] Training last 4 transformer layers (layers 8-11)
[Layer Freezing] Trainable params: 28,384,555 / 108,924,715 (26.1%)
[Layer Freezing] Training last 4 transformer layers (layers 8-11)
[Layer Freezing] Trainable params: 28,384,555 / 108,924,715 (26.1%)
[Layer Freezing] Training last 4 transformer layers (layers 8-11)
[Layer Freezing] Trainable params: 28,384,555 / 108,924,715 (26.1%)
[Layer Freezing] Training last 4 transformer layers (layers 8-11)
[Layer Freezing] Trainable params: 28,384,555 / 108,924,715 (26.1%)
[Round 21] T=2.00  α_ce=1.00  α_kd=1.00
 Round 21 | F1 0.3468 | P 0.5773 | R 0.2478 | Time 46.3s | Comm N/A | Local Avg F1: 0.2813

=== Round 22/100 ===
[Round 22] KD=ON | policy=ema_first
[Layer Freezing] Training last 4 transformer layers (layers 8-11)
[Layer Freezing] Trainable params: 28,384,555 / 108,924,715 (26.1%)
[Layer Freezing] Training last 4 transformer layers (layers 8-11)
[Layer Freezing] Trainable params: 28,384,555 / 108,924,715 (26.1%)
[Layer Freezing] Training last 4 transformer layers (layers 8-11)
[Layer Freezing] Trainable params: 28,384,555 / 108,924,715 (26.1%)
[Layer Freezing] Training last 4 transformer layers (layers 8-11)
[Layer Freezing] Trainable params: 28,384,555 / 108,924,715 (26.1%)
[Layer Freezing] Training last 4 transformer layers (layers 8-11)
[Layer Freezing] Trainable params: 28,384,555 / 108,924,715 (26.1%)
[Layer Freezing] Training last 4 transformer layers (layers 8-11)
[Layer Freezing] Trainable params: 28,384,555 / 108,924,715 (26.1%)
[Layer Freezing] Training last 4 transformer layers (layers 8-11)
[Layer Freezing] Trainable params: 28,384,555 / 108,924,715 (26.1%)
[Layer Freezing] Training last 4 transformer layers (layers 8-11)
[Layer Freezing] Trainable params: 28,384,555 / 108,924,715 (26.1%)
[Layer Freezing] Training last 4 transformer layers (layers 8-11)
[Layer Freezing] Trainable params: 28,384,555 / 108,924,715 (26.1%)
[Layer Freezing] Training last 4 transformer layers (layers 8-11)
[Layer Freezing] Trainable params: 28,384,555 / 108,924,715 (26.1%)
[Round 22] T=2.00  α_ce=1.00  α_kd=1.00
 Round 22 | F1 0.3772 | P 0.5536 | R 0.2860 | Time 46.2s | Comm N/A | Local Avg F1: 0.3044

=== Round 23/100 ===
[Round 23] KD=ON | policy=ema_first
[Layer Freezing] Training last 4 transformer layers (layers 8-11)
[Layer Freezing] Trainable params: 28,384,555 / 108,924,715 (26.1%)
[Layer Freezing] Training last 4 transformer layers (layers 8-11)
[Layer Freezing] Trainable params: 28,384,555 / 108,924,715 (26.1%)
[Layer Freezing] Training last 4 transformer layers (layers 8-11)
[Layer Freezing] Trainable params: 28,384,555 / 108,924,715 (26.1%)
[Layer Freezing] Training last 4 transformer layers (layers 8-11)
[Layer Freezing] Trainable params: 28,384,555 / 108,924,715 (26.1%)
[Layer Freezing] Training last 4 transformer layers (layers 8-11)
[Layer Freezing] Trainable params: 28,384,555 / 108,924,715 (26.1%)
[Layer Freezing] Training last 4 transformer layers (layers 8-11)
[Layer Freezing] Trainable params: 28,384,555 / 108,924,715 (26.1%)
[Layer Freezing] Training last 4 transformer layers (layers 8-11)
[Layer Freezing] Trainable params: 28,384,555 / 108,924,715 (26.1%)
[Layer Freezing] Training last 4 transformer layers (layers 8-11)
[Layer Freezing] Trainable params: 28,384,555 / 108,924,715 (26.1%)
[Layer Freezing] Training last 4 transformer layers (layers 8-11)
[Layer Freezing] Trainable params: 28,384,555 / 108,924,715 (26.1%)
[Layer Freezing] Training last 4 transformer layers (layers 8-11)
[Layer Freezing] Trainable params: 28,384,555 / 108,924,715 (26.1%)
[Round 23] T=2.00  α_ce=1.00  α_kd=1.00
 Round 23 | F1 0.3597 | P 0.5792 | R 0.2608 | Time 45.8s | Comm N/A | Local Avg F1: 0.2912

=== Round 24/100 ===
[Round 24] KD=ON | policy=ema_first
[Layer Freezing] Training last 4 transformer layers (layers 8-11)
[Layer Freezing] Trainable params: 28,384,555 / 108,924,715 (26.1%)
[Layer Freezing] Training last 4 transformer layers (layers 8-11)
[Layer Freezing] Trainable params: 28,384,555 / 108,924,715 (26.1%)
[Layer Freezing] Training last 4 transformer layers (layers 8-11)
[Layer Freezing] Trainable params: 28,384,555 / 108,924,715 (26.1%)
[Layer Freezing] Training last 4 transformer layers (layers 8-11)
[Layer Freezing] Trainable params: 28,384,555 / 108,924,715 (26.1%)
[Layer Freezing] Training last 4 transformer layers (layers 8-11)
[Layer Freezing] Trainable params: 28,384,555 / 108,924,715 (26.1%)
[Layer Freezing] Training last 4 transformer layers (layers 8-11)
[Layer Freezing] Trainable params: 28,384,555 / 108,924,715 (26.1%)
[Layer Freezing] Training last 4 transformer layers (layers 8-11)
[Layer Freezing] Trainable params: 28,384,555 / 108,924,715 (26.1%)
[Layer Freezing] Training last 4 transformer layers (layers 8-11)
[Layer Freezing] Trainable params: 28,384,555 / 108,924,715 (26.1%)
[Layer Freezing] Training last 4 transformer layers (layers 8-11)
[Layer Freezing] Trainable params: 28,384,555 / 108,924,715 (26.1%)
[Layer Freezing] Training last 4 transformer layers (layers 8-11)
[Layer Freezing] Trainable params: 28,384,555 / 108,924,715 (26.1%)
[Round 24] T=2.00  α_ce=1.00  α_kd=1.00
 Round 24 | F1 0.3776 | P 0.5736 | R 0.2814 | Time 45.0s | Comm N/A | Local Avg F1: 0.3034

=== Round 25/100 ===
[Round 25] KD=ON | policy=ema_first
[Layer Freezing] Training last 4 transformer layers (layers 8-11)
[Layer Freezing] Trainable params: 28,384,555 / 108,924,715 (26.1%)
[Layer Freezing] Training last 4 transformer layers (layers 8-11)
[Layer Freezing] Trainable params: 28,384,555 / 108,924,715 (26.1%)
[Layer Freezing] Training last 4 transformer layers (layers 8-11)
[Layer Freezing] Trainable params: 28,384,555 / 108,924,715 (26.1%)
[Layer Freezing] Training last 4 transformer layers (layers 8-11)
[Layer Freezing] Trainable params: 28,384,555 / 108,924,715 (26.1%)
[Layer Freezing] Training last 4 transformer layers (layers 8-11)
[Layer Freezing] Trainable params: 28,384,555 / 108,924,715 (26.1%)
[Layer Freezing] Training last 4 transformer layers (layers 8-11)
[Layer Freezing] Trainable params: 28,384,555 / 108,924,715 (26.1%)
[Layer Freezing] Training last 4 transformer layers (layers 8-11)
[Layer Freezing] Trainable params: 28,384,555 / 108,924,715 (26.1%)
[Layer Freezing] Training last 4 transformer layers (layers 8-11)
[Layer Freezing] Trainable params: 28,384,555 / 108,924,715 (26.1%)
[Layer Freezing] Training last 4 transformer layers (layers 8-11)
[Layer Freezing] Trainable params: 28,384,555 / 108,924,715 (26.1%)
[Layer Freezing] Training last 4 transformer layers (layers 8-11)
[Layer Freezing] Trainable params: 28,384,555 / 108,924,715 (26.1%)
[Round 25] T=2.00  α_ce=1.00  α_kd=1.00
 Round 25 | F1 0.3862 | P 0.5619 | R 0.2942 | Time 46.6s | Comm N/A | Local Avg F1: 0.3163

=== Round 26/100 ===
[Round 26] KD=ON | policy=ema_first
[Layer Freezing] Training last 4 transformer layers (layers 8-11)
[Layer Freezing] Trainable params: 28,384,555 / 108,924,715 (26.1%)
[Layer Freezing] Training last 4 transformer layers (layers 8-11)
[Layer Freezing] Trainable params: 28,384,555 / 108,924,715 (26.1%)
[Layer Freezing] Training last 4 transformer layers (layers 8-11)
[Layer Freezing] Trainable params: 28,384,555 / 108,924,715 (26.1%)
[Layer Freezing] Training last 4 transformer layers (layers 8-11)
[Layer Freezing] Trainable params: 28,384,555 / 108,924,715 (26.1%)
[Layer Freezing] Training last 4 transformer layers (layers 8-11)
[Layer Freezing] Trainable params: 28,384,555 / 108,924,715 (26.1%)
[Layer Freezing] Training last 4 transformer layers (layers 8-11)
[Layer Freezing] Trainable params: 28,384,555 / 108,924,715 (26.1%)
[Layer Freezing] Training last 4 transformer layers (layers 8-11)
[Layer Freezing] Trainable params: 28,384,555 / 108,924,715 (26.1%)
[Layer Freezing] Training last 4 transformer layers (layers 8-11)
[Layer Freezing] Trainable params: 28,384,555 / 108,924,715 (26.1%)
[Layer Freezing] Training last 4 transformer layers (layers 8-11)
[Layer Freezing] Trainable params: 28,384,555 / 108,924,715 (26.1%)
[Layer Freezing] Training last 4 transformer layers (layers 8-11)
[Layer Freezing] Trainable params: 28,384,555 / 108,924,715 (26.1%)
[Round 26] T=2.00  α_ce=1.00  α_kd=1.00
 Round 26 | F1 0.3756 | P 0.5894 | R 0.2757 | Time 46.0s | Comm N/A | Local Avg F1: 0.3099

=== Round 27/100 ===
[Round 27] KD=ON | policy=ema_first
[Layer Freezing] Training last 4 transformer layers (layers 8-11)
[Layer Freezing] Trainable params: 28,384,555 / 108,924,715 (26.1%)
[Layer Freezing] Training last 4 transformer layers (layers 8-11)
[Layer Freezing] Trainable params: 28,384,555 / 108,924,715 (26.1%)
[Layer Freezing] Training last 4 transformer layers (layers 8-11)
[Layer Freezing] Trainable params: 28,384,555 / 108,924,715 (26.1%)
[Layer Freezing] Training last 4 transformer layers (layers 8-11)
[Layer Freezing] Trainable params: 28,384,555 / 108,924,715 (26.1%)
[Layer Freezing] Training last 4 transformer layers (layers 8-11)
[Layer Freezing] Trainable params: 28,384,555 / 108,924,715 (26.1%)
[Layer Freezing] Training last 4 transformer layers (layers 8-11)
[Layer Freezing] Trainable params: 28,384,555 / 108,924,715 (26.1%)
[Layer Freezing] Training last 4 transformer layers (layers 8-11)
[Layer Freezing] Trainable params: 28,384,555 / 108,924,715 (26.1%)
[Layer Freezing] Training last 4 transformer layers (layers 8-11)
[Layer Freezing] Trainable params: 28,384,555 / 108,924,715 (26.1%)
[Layer Freezing] Training last 4 transformer layers (layers 8-11)
[Layer Freezing] Trainable params: 28,384,555 / 108,924,715 (26.1%)
[Layer Freezing] Training last 4 transformer layers (layers 8-11)
[Layer Freezing] Trainable params: 28,384,555 / 108,924,715 (26.1%)
[Round 27] T=2.00  α_ce=1.00  α_kd=1.00
 Round 27 | F1 0.3896 | P 0.5877 | R 0.2914 | Time 45.4s | Comm N/A | Local Avg F1: 0.3215

=== Round 28/100 ===
[Round 28] KD=ON | policy=ema_first
[Layer Freezing] Training last 4 transformer layers (layers 8-11)
[Layer Freezing] Trainable params: 28,384,555 / 108,924,715 (26.1%)
[Layer Freezing] Training last 4 transformer layers (layers 8-11)
[Layer Freezing] Trainable params: 28,384,555 / 108,924,715 (26.1%)
[Layer Freezing] Training last 4 transformer layers (layers 8-11)
[Layer Freezing] Trainable params: 28,384,555 / 108,924,715 (26.1%)
[Layer Freezing] Training last 4 transformer layers (layers 8-11)
[Layer Freezing] Trainable params: 28,384,555 / 108,924,715 (26.1%)
[Layer Freezing] Training last 4 transformer layers (layers 8-11)
[Layer Freezing] Trainable params: 28,384,555 / 108,924,715 (26.1%)
[Layer Freezing] Training last 4 transformer layers (layers 8-11)
[Layer Freezing] Trainable params: 28,384,555 / 108,924,715 (26.1%)
[Layer Freezing] Training last 4 transformer layers (layers 8-11)
[Layer Freezing] Trainable params: 28,384,555 / 108,924,715 (26.1%)
[Layer Freezing] Training last 4 transformer layers (layers 8-11)
[Layer Freezing] Trainable params: 28,384,555 / 108,924,715 (26.1%)
[Layer Freezing] Training last 4 transformer layers (layers 8-11)
[Layer Freezing] Trainable params: 28,384,555 / 108,924,715 (26.1%)
[Layer Freezing] Training last 4 transformer layers (layers 8-11)
[Layer Freezing] Trainable params: 28,384,555 / 108,924,715 (26.1%)
[Round 28] T=2.00  α_ce=1.00  α_kd=1.00
 Round 28 | F1 0.3901 | P 0.5897 | R 0.2914 | Time 46.1s | Comm N/A | Local Avg F1: 0.3260

=== Round 29/100 ===
[Round 29] KD=ON | policy=ema_first
[Layer Freezing] Training last 4 transformer layers (layers 8-11)
[Layer Freezing] Trainable params: 28,384,555 / 108,924,715 (26.1%)
[Layer Freezing] Training last 4 transformer layers (layers 8-11)
[Layer Freezing] Trainable params: 28,384,555 / 108,924,715 (26.1%)
[Layer Freezing] Training last 4 transformer layers (layers 8-11)
[Layer Freezing] Trainable params: 28,384,555 / 108,924,715 (26.1%)
[Layer Freezing] Training last 4 transformer layers (layers 8-11)
[Layer Freezing] Trainable params: 28,384,555 / 108,924,715 (26.1%)
[Layer Freezing] Training last 4 transformer layers (layers 8-11)
[Layer Freezing] Trainable params: 28,384,555 / 108,924,715 (26.1%)
[Layer Freezing] Training last 4 transformer layers (layers 8-11)
[Layer Freezing] Trainable params: 28,384,555 / 108,924,715 (26.1%)
[Layer Freezing] Training last 4 transformer layers (layers 8-11)
[Layer Freezing] Trainable params: 28,384,555 / 108,924,715 (26.1%)
[Layer Freezing] Training last 4 transformer layers (layers 8-11)
[Layer Freezing] Trainable params: 28,384,555 / 108,924,715 (26.1%)
[Layer Freezing] Training last 4 transformer layers (layers 8-11)
[Layer Freezing] Trainable params: 28,384,555 / 108,924,715 (26.1%)
[Layer Freezing] Training last 4 transformer layers (layers 8-11)
[Layer Freezing] Trainable params: 28,384,555 / 108,924,715 (26.1%)
[Round 29] T=2.00  α_ce=1.00  α_kd=1.00
 Round 29 | F1 0.3956 | P 0.5990 | R 0.2953 | Time 46.0s | Comm N/A | Local Avg F1: 0.3260

=== Round 30/100 ===
[Round 30] KD=ON | policy=ema_first
[Layer Freezing] Training last 4 transformer layers (layers 8-11)
[Layer Freezing] Trainable params: 28,384,555 / 108,924,715 (26.1%)
[Layer Freezing] Training last 4 transformer layers (layers 8-11)
[Layer Freezing] Trainable params: 28,384,555 / 108,924,715 (26.1%)
[Layer Freezing] Training last 4 transformer layers (layers 8-11)
[Layer Freezing] Trainable params: 28,384,555 / 108,924,715 (26.1%)
[Layer Freezing] Training last 4 transformer layers (layers 8-11)
[Layer Freezing] Trainable params: 28,384,555 / 108,924,715 (26.1%)
[Layer Freezing] Training last 4 transformer layers (layers 8-11)
[Layer Freezing] Trainable params: 28,384,555 / 108,924,715 (26.1%)
[Layer Freezing] Training last 4 transformer layers (layers 8-11)
[Layer Freezing] Trainable params: 28,384,555 / 108,924,715 (26.1%)
[Layer Freezing] Training last 4 transformer layers (layers 8-11)
[Layer Freezing] Trainable params: 28,384,555 / 108,924,715 (26.1%)
[Layer Freezing] Training last 4 transformer layers (layers 8-11)
[Layer Freezing] Trainable params: 28,384,555 / 108,924,715 (26.1%)
[Layer Freezing] Training last 4 transformer layers (layers 8-11)
[Layer Freezing] Trainable params: 28,384,555 / 108,924,715 (26.1%)
[Layer Freezing] Training last 4 transformer layers (layers 8-11)
[Layer Freezing] Trainable params: 28,384,555 / 108,924,715 (26.1%)
[Round 30] T=2.00  α_ce=1.00  α_kd=1.00
 Round 30 | F1 0.4041 | P 0.5991 | R 0.3049 | Time 45.4s | Comm N/A | Local Avg F1: 0.3334

=== Round 31/100 ===
[Round 31] KD=ON | policy=ema_first
[Layer Freezing] Training last 4 transformer layers (layers 8-11)
[Layer Freezing] Trainable params: 28,384,555 / 108,924,715 (26.1%)
[Layer Freezing] Training last 4 transformer layers (layers 8-11)
[Layer Freezing] Trainable params: 28,384,555 / 108,924,715 (26.1%)
[Layer Freezing] Training last 4 transformer layers (layers 8-11)
[Layer Freezing] Trainable params: 28,384,555 / 108,924,715 (26.1%)
[Layer Freezing] Training last 4 transformer layers (layers 8-11)
[Layer Freezing] Trainable params: 28,384,555 / 108,924,715 (26.1%)
[Layer Freezing] Training last 4 transformer layers (layers 8-11)
[Layer Freezing] Trainable params: 28,384,555 / 108,924,715 (26.1%)
[Layer Freezing] Training last 4 transformer layers (layers 8-11)
[Layer Freezing] Trainable params: 28,384,555 / 108,924,715 (26.1%)
[Layer Freezing] Training last 4 transformer layers (layers 8-11)
[Layer Freezing] Trainable params: 28,384,555 / 108,924,715 (26.1%)
[Layer Freezing] Training last 4 transformer layers (layers 8-11)
[Layer Freezing] Trainable params: 28,384,555 / 108,924,715 (26.1%)
[Layer Freezing] Training last 4 transformer layers (layers 8-11)
[Layer Freezing] Trainable params: 28,384,555 / 108,924,715 (26.1%)
[Layer Freezing] Training last 4 transformer layers (layers 8-11)
[Layer Freezing] Trainable params: 28,384,555 / 108,924,715 (26.1%)
[Round 31] T=2.00  α_ce=1.00  α_kd=1.00
 Round 31 | F1 0.3945 | P 0.6047 | R 0.2927 | Time 45.5s | Comm N/A | Local Avg F1: 0.3263

=== Round 32/100 ===
[Round 32] KD=ON | policy=ema_first
[Layer Freezing] Training last 4 transformer layers (layers 8-11)
[Layer Freezing] Trainable params: 28,384,555 / 108,924,715 (26.1%)
[Layer Freezing] Training last 4 transformer layers (layers 8-11)
[Layer Freezing] Trainable params: 28,384,555 / 108,924,715 (26.1%)
[Layer Freezing] Training last 4 transformer layers (layers 8-11)
[Layer Freezing] Trainable params: 28,384,555 / 108,924,715 (26.1%)
[Layer Freezing] Training last 4 transformer layers (layers 8-11)
[Layer Freezing] Trainable params: 28,384,555 / 108,924,715 (26.1%)
[Layer Freezing] Training last 4 transformer layers (layers 8-11)
[Layer Freezing] Trainable params: 28,384,555 / 108,924,715 (26.1%)
[Layer Freezing] Training last 4 transformer layers (layers 8-11)
[Layer Freezing] Trainable params: 28,384,555 / 108,924,715 (26.1%)
[Layer Freezing] Training last 4 transformer layers (layers 8-11)
[Layer Freezing] Trainable params: 28,384,555 / 108,924,715 (26.1%)
[Layer Freezing] Training last 4 transformer layers (layers 8-11)
[Layer Freezing] Trainable params: 28,384,555 / 108,924,715 (26.1%)
[Layer Freezing] Training last 4 transformer layers (layers 8-11)
[Layer Freezing] Trainable params: 28,384,555 / 108,924,715 (26.1%)
[Layer Freezing] Training last 4 transformer layers (layers 8-11)
[Layer Freezing] Trainable params: 28,384,555 / 108,924,715 (26.1%)
[Round 32] T=2.00  α_ce=1.00  α_kd=1.00
 Round 32 | F1 0.4148 | P 0.5965 | R 0.3180 | Time 46.0s | Comm N/A | Local Avg F1: 0.3455

=== Round 33/100 ===
[Round 33] KD=ON | policy=ema_first
[Layer Freezing] Training last 4 transformer layers (layers 8-11)
[Layer Freezing] Trainable params: 28,384,555 / 108,924,715 (26.1%)
[Layer Freezing] Training last 4 transformer layers (layers 8-11)
[Layer Freezing] Trainable params: 28,384,555 / 108,924,715 (26.1%)
[Layer Freezing] Training last 4 transformer layers (layers 8-11)
[Layer Freezing] Trainable params: 28,384,555 / 108,924,715 (26.1%)
[Layer Freezing] Training last 4 transformer layers (layers 8-11)
[Layer Freezing] Trainable params: 28,384,555 / 108,924,715 (26.1%)
[Layer Freezing] Training last 4 transformer layers (layers 8-11)
[Layer Freezing] Trainable params: 28,384,555 / 108,924,715 (26.1%)
[Layer Freezing] Training last 4 transformer layers (layers 8-11)
[Layer Freezing] Trainable params: 28,384,555 / 108,924,715 (26.1%)
[Layer Freezing] Training last 4 transformer layers (layers 8-11)
[Layer Freezing] Trainable params: 28,384,555 / 108,924,715 (26.1%)
[Layer Freezing] Training last 4 transformer layers (layers 8-11)
[Layer Freezing] Trainable params: 28,384,555 / 108,924,715 (26.1%)
[Layer Freezing] Training last 4 transformer layers (layers 8-11)
[Layer Freezing] Trainable params: 28,384,555 / 108,924,715 (26.1%)
[Layer Freezing] Training last 4 transformer layers (layers 8-11)
[Layer Freezing] Trainable params: 28,384,555 / 108,924,715 (26.1%)
[Round 33] T=2.00  α_ce=1.00  α_kd=1.00
 Round 33 | F1 0.4174 | P 0.5961 | R 0.3212 | Time 45.1s | Comm N/A | Local Avg F1: 0.3507

=== Round 34/100 ===
[Round 34] KD=ON | policy=ema_first
[Layer Freezing] Training last 4 transformer layers (layers 8-11)
[Layer Freezing] Trainable params: 28,384,555 / 108,924,715 (26.1%)
[Layer Freezing] Training last 4 transformer layers (layers 8-11)
[Layer Freezing] Trainable params: 28,384,555 / 108,924,715 (26.1%)
[Layer Freezing] Training last 4 transformer layers (layers 8-11)
[Layer Freezing] Trainable params: 28,384,555 / 108,924,715 (26.1%)
[Layer Freezing] Training last 4 transformer layers (layers 8-11)
[Layer Freezing] Trainable params: 28,384,555 / 108,924,715 (26.1%)
[Layer Freezing] Training last 4 transformer layers (layers 8-11)
[Layer Freezing] Trainable params: 28,384,555 / 108,924,715 (26.1%)
[Layer Freezing] Training last 4 transformer layers (layers 8-11)
[Layer Freezing] Trainable params: 28,384,555 / 108,924,715 (26.1%)
[Layer Freezing] Training last 4 transformer layers (layers 8-11)
[Layer Freezing] Trainable params: 28,384,555 / 108,924,715 (26.1%)
[Layer Freezing] Training last 4 transformer layers (layers 8-11)
[Layer Freezing] Trainable params: 28,384,555 / 108,924,715 (26.1%)
[Layer Freezing] Training last 4 transformer layers (layers 8-11)
[Layer Freezing] Trainable params: 28,384,555 / 108,924,715 (26.1%)
[Layer Freezing] Training last 4 transformer layers (layers 8-11)
[Layer Freezing] Trainable params: 28,384,555 / 108,924,715 (26.1%)
[Round 34] T=2.00  α_ce=1.00  α_kd=1.00
 Round 34 | F1 0.4268 | P 0.5962 | R 0.3323 | Time 45.6s | Comm N/A | Local Avg F1: 0.3573

=== Round 35/100 ===
[Round 35] KD=ON | policy=ema_first
[Layer Freezing] Training last 4 transformer layers (layers 8-11)
[Layer Freezing] Trainable params: 28,384,555 / 108,924,715 (26.1%)
[Layer Freezing] Training last 4 transformer layers (layers 8-11)
[Layer Freezing] Trainable params: 28,384,555 / 108,924,715 (26.1%)
[Layer Freezing] Training last 4 transformer layers (layers 8-11)
[Layer Freezing] Trainable params: 28,384,555 / 108,924,715 (26.1%)
[Layer Freezing] Training last 4 transformer layers (layers 8-11)
[Layer Freezing] Trainable params: 28,384,555 / 108,924,715 (26.1%)
[Layer Freezing] Training last 4 transformer layers (layers 8-11)
[Layer Freezing] Trainable params: 28,384,555 / 108,924,715 (26.1%)
[Layer Freezing] Training last 4 transformer layers (layers 8-11)
[Layer Freezing] Trainable params: 28,384,555 / 108,924,715 (26.1%)
[Layer Freezing] Training last 4 transformer layers (layers 8-11)
[Layer Freezing] Trainable params: 28,384,555 / 108,924,715 (26.1%)
[Layer Freezing] Training last 4 transformer layers (layers 8-11)
[Layer Freezing] Trainable params: 28,384,555 / 108,924,715 (26.1%)
[Layer Freezing] Training last 4 transformer layers (layers 8-11)
[Layer Freezing] Trainable params: 28,384,555 / 108,924,715 (26.1%)
[Layer Freezing] Training last 4 transformer layers (layers 8-11)
[Layer Freezing] Trainable params: 28,384,555 / 108,924,715 (26.1%)
[Round 35] T=2.00  α_ce=1.00  α_kd=1.00
 Round 35 | F1 0.4265 | P 0.6024 | R 0.3301 | Time 45.4s | Comm N/A | Local Avg F1: 0.3557

=== Round 36/100 ===
[Round 36] KD=ON | policy=ema_first
[Layer Freezing] Training last 4 transformer layers (layers 8-11)
[Layer Freezing] Trainable params: 28,384,555 / 108,924,715 (26.1%)
[Layer Freezing] Training last 4 transformer layers (layers 8-11)
[Layer Freezing] Trainable params: 28,384,555 / 108,924,715 (26.1%)
[Layer Freezing] Training last 4 transformer layers (layers 8-11)
[Layer Freezing] Trainable params: 28,384,555 / 108,924,715 (26.1%)
[Layer Freezing] Training last 4 transformer layers (layers 8-11)
[Layer Freezing] Trainable params: 28,384,555 / 108,924,715 (26.1%)
[Layer Freezing] Training last 4 transformer layers (layers 8-11)
[Layer Freezing] Trainable params: 28,384,555 / 108,924,715 (26.1%)
[Layer Freezing] Training last 4 transformer layers (layers 8-11)
[Layer Freezing] Trainable params: 28,384,555 / 108,924,715 (26.1%)
[Layer Freezing] Training last 4 transformer layers (layers 8-11)
[Layer Freezing] Trainable params: 28,384,555 / 108,924,715 (26.1%)
[Layer Freezing] Training last 4 transformer layers (layers 8-11)
[Layer Freezing] Trainable params: 28,384,555 / 108,924,715 (26.1%)
[Layer Freezing] Training last 4 transformer layers (layers 8-11)
[Layer Freezing] Trainable params: 28,384,555 / 108,924,715 (26.1%)
[Layer Freezing] Training last 4 transformer layers (layers 8-11)
[Layer Freezing] Trainable params: 28,384,555 / 108,924,715 (26.1%)
[Round 36] T=2.00  α_ce=1.00  α_kd=1.00
 Round 36 | F1 0.4234 | P 0.6060 | R 0.3254 | Time 45.2s | Comm N/A | Local Avg F1: 0.3554

=== Round 37/100 ===
[Round 37] KD=ON | policy=ema_first
[Layer Freezing] Training last 4 transformer layers (layers 8-11)
[Layer Freezing] Trainable params: 28,384,555 / 108,924,715 (26.1%)
[Layer Freezing] Training last 4 transformer layers (layers 8-11)
[Layer Freezing] Trainable params: 28,384,555 / 108,924,715 (26.1%)
[Layer Freezing] Training last 4 transformer layers (layers 8-11)
[Layer Freezing] Trainable params: 28,384,555 / 108,924,715 (26.1%)
[Layer Freezing] Training last 4 transformer layers (layers 8-11)
[Layer Freezing] Trainable params: 28,384,555 / 108,924,715 (26.1%)
[Layer Freezing] Training last 4 transformer layers (layers 8-11)
[Layer Freezing] Trainable params: 28,384,555 / 108,924,715 (26.1%)
[Layer Freezing] Training last 4 transformer layers (layers 8-11)
[Layer Freezing] Trainable params: 28,384,555 / 108,924,715 (26.1%)
[Layer Freezing] Training last 4 transformer layers (layers 8-11)
[Layer Freezing] Trainable params: 28,384,555 / 108,924,715 (26.1%)
[Layer Freezing] Training last 4 transformer layers (layers 8-11)
[Layer Freezing] Trainable params: 28,384,555 / 108,924,715 (26.1%)
[Layer Freezing] Training last 4 transformer layers (layers 8-11)
[Layer Freezing] Trainable params: 28,384,555 / 108,924,715 (26.1%)
[Layer Freezing] Training last 4 transformer layers (layers 8-11)
[Layer Freezing] Trainable params: 28,384,555 / 108,924,715 (26.1%)
[Round 37] T=2.00  α_ce=1.00  α_kd=1.00
 Round 37 | F1 0.4339 | P 0.6037 | R 0.3386 | Time 46.3s | Comm N/A | Local Avg F1: 0.3699

=== Round 38/100 ===
[Round 38] KD=ON | policy=ema_first
[Layer Freezing] Training last 4 transformer layers (layers 8-11)
[Layer Freezing] Trainable params: 28,384,555 / 108,924,715 (26.1%)
[Layer Freezing] Training last 4 transformer layers (layers 8-11)
[Layer Freezing] Trainable params: 28,384,555 / 108,924,715 (26.1%)
[Layer Freezing] Training last 4 transformer layers (layers 8-11)
[Layer Freezing] Trainable params: 28,384,555 / 108,924,715 (26.1%)
[Layer Freezing] Training last 4 transformer layers (layers 8-11)
[Layer Freezing] Trainable params: 28,384,555 / 108,924,715 (26.1%)
[Layer Freezing] Training last 4 transformer layers (layers 8-11)
[Layer Freezing] Trainable params: 28,384,555 / 108,924,715 (26.1%)
[Layer Freezing] Training last 4 transformer layers (layers 8-11)
[Layer Freezing] Trainable params: 28,384,555 / 108,924,715 (26.1%)
[Layer Freezing] Training last 4 transformer layers (layers 8-11)
[Layer Freezing] Trainable params: 28,384,555 / 108,924,715 (26.1%)
[Layer Freezing] Training last 4 transformer layers (layers 8-11)
[Layer Freezing] Trainable params: 28,384,555 / 108,924,715 (26.1%)
[Layer Freezing] Training last 4 transformer layers (layers 8-11)
[Layer Freezing] Trainable params: 28,384,555 / 108,924,715 (26.1%)
[Layer Freezing] Training last 4 transformer layers (layers 8-11)
[Layer Freezing] Trainable params: 28,384,555 / 108,924,715 (26.1%)
[Round 38] T=2.00  α_ce=1.00  α_kd=1.00
 Round 38 | F1 0.4343 | P 0.6072 | R 0.3380 | Time 45.5s | Comm N/A | Local Avg F1: 0.3633

=== Round 39/100 ===
[Round 39] KD=ON | policy=ema_first
[Layer Freezing] Training last 4 transformer layers (layers 8-11)
[Layer Freezing] Trainable params: 28,384,555 / 108,924,715 (26.1%)
[Layer Freezing] Training last 4 transformer layers (layers 8-11)
[Layer Freezing] Trainable params: 28,384,555 / 108,924,715 (26.1%)
[Layer Freezing] Training last 4 transformer layers (layers 8-11)
[Layer Freezing] Trainable params: 28,384,555 / 108,924,715 (26.1%)
[Layer Freezing] Training last 4 transformer layers (layers 8-11)
[Layer Freezing] Trainable params: 28,384,555 / 108,924,715 (26.1%)
[Layer Freezing] Training last 4 transformer layers (layers 8-11)
[Layer Freezing] Trainable params: 28,384,555 / 108,924,715 (26.1%)
[Layer Freezing] Training last 4 transformer layers (layers 8-11)
[Layer Freezing] Trainable params: 28,384,555 / 108,924,715 (26.1%)
[Layer Freezing] Training last 4 transformer layers (layers 8-11)
[Layer Freezing] Trainable params: 28,384,555 / 108,924,715 (26.1%)
[Layer Freezing] Training last 4 transformer layers (layers 8-11)
[Layer Freezing] Trainable params: 28,384,555 / 108,924,715 (26.1%)
[Layer Freezing] Training last 4 transformer layers (layers 8-11)
[Layer Freezing] Trainable params: 28,384,555 / 108,924,715 (26.1%)
[Layer Freezing] Training last 4 transformer layers (layers 8-11)
[Layer Freezing] Trainable params: 28,384,555 / 108,924,715 (26.1%)
[Round 39] T=2.00  α_ce=1.00  α_kd=1.00
 Round 39 | F1 0.4459 | P 0.6037 | R 0.3534 | Time 45.0s | Comm N/A | Local Avg F1: 0.3766

=== Round 40/100 ===
[Round 40] KD=ON | policy=ema_first
[Layer Freezing] Training last 4 transformer layers (layers 8-11)
[Layer Freezing] Trainable params: 28,384,555 / 108,924,715 (26.1%)
[Layer Freezing] Training last 4 transformer layers (layers 8-11)
[Layer Freezing] Trainable params: 28,384,555 / 108,924,715 (26.1%)
[Layer Freezing] Training last 4 transformer layers (layers 8-11)
[Layer Freezing] Trainable params: 28,384,555 / 108,924,715 (26.1%)
[Layer Freezing] Training last 4 transformer layers (layers 8-11)
[Layer Freezing] Trainable params: 28,384,555 / 108,924,715 (26.1%)
[Layer Freezing] Training last 4 transformer layers (layers 8-11)
[Layer Freezing] Trainable params: 28,384,555 / 108,924,715 (26.1%)
[Layer Freezing] Training last 4 transformer layers (layers 8-11)
[Layer Freezing] Trainable params: 28,384,555 / 108,924,715 (26.1%)
[Layer Freezing] Training last 4 transformer layers (layers 8-11)
[Layer Freezing] Trainable params: 28,384,555 / 108,924,715 (26.1%)
[Layer Freezing] Training last 4 transformer layers (layers 8-11)
[Layer Freezing] Trainable params: 28,384,555 / 108,924,715 (26.1%)
[Layer Freezing] Training last 4 transformer layers (layers 8-11)
[Layer Freezing] Trainable params: 28,384,555 / 108,924,715 (26.1%)
[Layer Freezing] Training last 4 transformer layers (layers 8-11)
[Layer Freezing] Trainable params: 28,384,555 / 108,924,715 (26.1%)
[Round 40] T=2.00  α_ce=1.00  α_kd=1.00
 Round 40 | F1 0.4441 | P 0.6061 | R 0.3505 | Time 46.0s | Comm N/A | Local Avg F1: 0.3730

=== Round 41/100 ===
[Round 41] KD=ON | policy=ema_first
[Layer Freezing] Training last 4 transformer layers (layers 8-11)
[Layer Freezing] Trainable params: 28,384,555 / 108,924,715 (26.1%)
[Layer Freezing] Training last 4 transformer layers (layers 8-11)
[Layer Freezing] Trainable params: 28,384,555 / 108,924,715 (26.1%)
[Layer Freezing] Training last 4 transformer layers (layers 8-11)
[Layer Freezing] Trainable params: 28,384,555 / 108,924,715 (26.1%)
[Layer Freezing] Training last 4 transformer layers (layers 8-11)
[Layer Freezing] Trainable params: 28,384,555 / 108,924,715 (26.1%)
[Layer Freezing] Training last 4 transformer layers (layers 8-11)
[Layer Freezing] Trainable params: 28,384,555 / 108,924,715 (26.1%)
[Layer Freezing] Training last 4 transformer layers (layers 8-11)
[Layer Freezing] Trainable params: 28,384,555 / 108,924,715 (26.1%)
[Layer Freezing] Training last 4 transformer layers (layers 8-11)
[Layer Freezing] Trainable params: 28,384,555 / 108,924,715 (26.1%)
[Layer Freezing] Training last 4 transformer layers (layers 8-11)
[Layer Freezing] Trainable params: 28,384,555 / 108,924,715 (26.1%)
[Layer Freezing] Training last 4 transformer layers (layers 8-11)
[Layer Freezing] Trainable params: 28,384,555 / 108,924,715 (26.1%)
[Layer Freezing] Training last 4 transformer layers (layers 8-11)
[Layer Freezing] Trainable params: 28,384,555 / 108,924,715 (26.1%)
[Round 41] T=2.00  α_ce=1.00  α_kd=1.00
 Round 41 | F1 0.4559 | P 0.5992 | R 0.3679 | Time 45.3s | Comm N/A | Local Avg F1: 0.3832

=== Round 42/100 ===
[Round 42] KD=ON | policy=ema_first
[Layer Freezing] Training last 4 transformer layers (layers 8-11)
[Layer Freezing] Trainable params: 28,384,555 / 108,924,715 (26.1%)
[Layer Freezing] Training last 4 transformer layers (layers 8-11)
[Layer Freezing] Trainable params: 28,384,555 / 108,924,715 (26.1%)
[Layer Freezing] Training last 4 transformer layers (layers 8-11)
[Layer Freezing] Trainable params: 28,384,555 / 108,924,715 (26.1%)
[Layer Freezing] Training last 4 transformer layers (layers 8-11)
[Layer Freezing] Trainable params: 28,384,555 / 108,924,715 (26.1%)
[Layer Freezing] Training last 4 transformer layers (layers 8-11)
[Layer Freezing] Trainable params: 28,384,555 / 108,924,715 (26.1%)
[Layer Freezing] Training last 4 transformer layers (layers 8-11)
[Layer Freezing] Trainable params: 28,384,555 / 108,924,715 (26.1%)
[Layer Freezing] Training last 4 transformer layers (layers 8-11)
[Layer Freezing] Trainable params: 28,384,555 / 108,924,715 (26.1%)
[Layer Freezing] Training last 4 transformer layers (layers 8-11)
[Layer Freezing] Trainable params: 28,384,555 / 108,924,715 (26.1%)
[Layer Freezing] Training last 4 transformer layers (layers 8-11)
[Layer Freezing] Trainable params: 28,384,555 / 108,924,715 (26.1%)
[Layer Freezing] Training last 4 transformer layers (layers 8-11)
[Layer Freezing] Trainable params: 28,384,555 / 108,924,715 (26.1%)
[Round 42] T=2.00  α_ce=1.00  α_kd=1.00
 Round 42 | F1 0.4505 | P 0.6160 | R 0.3552 | Time 45.1s | Comm N/A | Local Avg F1: 0.3746

=== Round 43/100 ===
[Round 43] KD=ON | policy=ema_first
[Layer Freezing] Training last 4 transformer layers (layers 8-11)
[Layer Freezing] Trainable params: 28,384,555 / 108,924,715 (26.1%)
[Layer Freezing] Training last 4 transformer layers (layers 8-11)
[Layer Freezing] Trainable params: 28,384,555 / 108,924,715 (26.1%)
[Layer Freezing] Training last 4 transformer layers (layers 8-11)
[Layer Freezing] Trainable params: 28,384,555 / 108,924,715 (26.1%)
[Layer Freezing] Training last 4 transformer layers (layers 8-11)
[Layer Freezing] Trainable params: 28,384,555 / 108,924,715 (26.1%)
[Layer Freezing] Training last 4 transformer layers (layers 8-11)
[Layer Freezing] Trainable params: 28,384,555 / 108,924,715 (26.1%)
[Layer Freezing] Training last 4 transformer layers (layers 8-11)
[Layer Freezing] Trainable params: 28,384,555 / 108,924,715 (26.1%)
[Layer Freezing] Training last 4 transformer layers (layers 8-11)
[Layer Freezing] Trainable params: 28,384,555 / 108,924,715 (26.1%)
[Layer Freezing] Training last 4 transformer layers (layers 8-11)
[Layer Freezing] Trainable params: 28,384,555 / 108,924,715 (26.1%)
[Layer Freezing] Training last 4 transformer layers (layers 8-11)
[Layer Freezing] Trainable params: 28,384,555 / 108,924,715 (26.1%)
[Layer Freezing] Training last 4 transformer layers (layers 8-11)
[Layer Freezing] Trainable params: 28,384,555 / 108,924,715 (26.1%)
[Round 43] T=2.00  α_ce=1.00  α_kd=1.00
 Round 43 | F1 0.4529 | P 0.6179 | R 0.3575 | Time 45.9s | Comm N/A | Local Avg F1: 0.3817

=== Round 44/100 ===
[Round 44] KD=ON | policy=ema_first
[Layer Freezing] Training last 4 transformer layers (layers 8-11)
[Layer Freezing] Trainable params: 28,384,555 / 108,924,715 (26.1%)
[Layer Freezing] Training last 4 transformer layers (layers 8-11)
[Layer Freezing] Trainable params: 28,384,555 / 108,924,715 (26.1%)
[Layer Freezing] Training last 4 transformer layers (layers 8-11)
[Layer Freezing] Trainable params: 28,384,555 / 108,924,715 (26.1%)
[Layer Freezing] Training last 4 transformer layers (layers 8-11)
[Layer Freezing] Trainable params: 28,384,555 / 108,924,715 (26.1%)
[Layer Freezing] Training last 4 transformer layers (layers 8-11)
[Layer Freezing] Trainable params: 28,384,555 / 108,924,715 (26.1%)
[Layer Freezing] Training last 4 transformer layers (layers 8-11)
[Layer Freezing] Trainable params: 28,384,555 / 108,924,715 (26.1%)
[Layer Freezing] Training last 4 transformer layers (layers 8-11)
[Layer Freezing] Trainable params: 28,384,555 / 108,924,715 (26.1%)
[Layer Freezing] Training last 4 transformer layers (layers 8-11)
[Layer Freezing] Trainable params: 28,384,555 / 108,924,715 (26.1%)
[Layer Freezing] Training last 4 transformer layers (layers 8-11)
[Layer Freezing] Trainable params: 28,384,555 / 108,924,715 (26.1%)
[Layer Freezing] Training last 4 transformer layers (layers 8-11)
[Layer Freezing] Trainable params: 28,384,555 / 108,924,715 (26.1%)
[Round 44] T=2.00  α_ce=1.00  α_kd=1.00
 Round 44 | F1 0.4603 | P 0.6092 | R 0.3698 | Time 45.1s | Comm N/A | Local Avg F1: 0.3905

=== Round 45/100 ===
[Round 45] KD=ON | policy=ema_first
[Layer Freezing] Training last 4 transformer layers (layers 8-11)
[Layer Freezing] Trainable params: 28,384,555 / 108,924,715 (26.1%)
[Layer Freezing] Training last 4 transformer layers (layers 8-11)
[Layer Freezing] Trainable params: 28,384,555 / 108,924,715 (26.1%)
[Layer Freezing] Training last 4 transformer layers (layers 8-11)
[Layer Freezing] Trainable params: 28,384,555 / 108,924,715 (26.1%)
[Layer Freezing] Training last 4 transformer layers (layers 8-11)
[Layer Freezing] Trainable params: 28,384,555 / 108,924,715 (26.1%)
[Layer Freezing] Training last 4 transformer layers (layers 8-11)
[Layer Freezing] Trainable params: 28,384,555 / 108,924,715 (26.1%)
[Layer Freezing] Training last 4 transformer layers (layers 8-11)
[Layer Freezing] Trainable params: 28,384,555 / 108,924,715 (26.1%)
[Layer Freezing] Training last 4 transformer layers (layers 8-11)
[Layer Freezing] Trainable params: 28,384,555 / 108,924,715 (26.1%)
[Layer Freezing] Training last 4 transformer layers (layers 8-11)
[Layer Freezing] Trainable params: 28,384,555 / 108,924,715 (26.1%)
[Layer Freezing] Training last 4 transformer layers (layers 8-11)
[Layer Freezing] Trainable params: 28,384,555 / 108,924,715 (26.1%)
[Layer Freezing] Training last 4 transformer layers (layers 8-11)
[Layer Freezing] Trainable params: 28,384,555 / 108,924,715 (26.1%)
[Round 45] T=2.00  α_ce=1.00  α_kd=1.00
 Round 45 | F1 0.4642 | P 0.6150 | R 0.3727 | Time 44.3s | Comm N/A | Local Avg F1: 0.3910

=== Round 46/100 ===
[Round 46] KD=ON | policy=ema_first
[Layer Freezing] Training last 4 transformer layers (layers 8-11)
[Layer Freezing] Trainable params: 28,384,555 / 108,924,715 (26.1%)
[Layer Freezing] Training last 4 transformer layers (layers 8-11)
[Layer Freezing] Trainable params: 28,384,555 / 108,924,715 (26.1%)
[Layer Freezing] Training last 4 transformer layers (layers 8-11)
[Layer Freezing] Trainable params: 28,384,555 / 108,924,715 (26.1%)
[Layer Freezing] Training last 4 transformer layers (layers 8-11)
[Layer Freezing] Trainable params: 28,384,555 / 108,924,715 (26.1%)
[Layer Freezing] Training last 4 transformer layers (layers 8-11)
[Layer Freezing] Trainable params: 28,384,555 / 108,924,715 (26.1%)
[Layer Freezing] Training last 4 transformer layers (layers 8-11)
[Layer Freezing] Trainable params: 28,384,555 / 108,924,715 (26.1%)
[Layer Freezing] Training last 4 transformer layers (layers 8-11)
[Layer Freezing] Trainable params: 28,384,555 / 108,924,715 (26.1%)
[Layer Freezing] Training last 4 transformer layers (layers 8-11)
[Layer Freezing] Trainable params: 28,384,555 / 108,924,715 (26.1%)
[Layer Freezing] Training last 4 transformer layers (layers 8-11)
[Layer Freezing] Trainable params: 28,384,555 / 108,924,715 (26.1%)
[Layer Freezing] Training last 4 transformer layers (layers 8-11)
[Layer Freezing] Trainable params: 28,384,555 / 108,924,715 (26.1%)
[Round 46] T=2.00  α_ce=1.00  α_kd=1.00
 Round 46 | F1 0.4565 | P 0.6285 | R 0.3584 | Time 45.5s | Comm N/A | Local Avg F1: 0.3870

=== Round 47/100 ===
[Round 47] KD=ON | policy=ema_first
[Layer Freezing] Training last 4 transformer layers (layers 8-11)
[Layer Freezing] Trainable params: 28,384,555 / 108,924,715 (26.1%)
[Layer Freezing] Training last 4 transformer layers (layers 8-11)
[Layer Freezing] Trainable params: 28,384,555 / 108,924,715 (26.1%)
[Layer Freezing] Training last 4 transformer layers (layers 8-11)
[Layer Freezing] Trainable params: 28,384,555 / 108,924,715 (26.1%)
[Layer Freezing] Training last 4 transformer layers (layers 8-11)
[Layer Freezing] Trainable params: 28,384,555 / 108,924,715 (26.1%)
[Layer Freezing] Training last 4 transformer layers (layers 8-11)
[Layer Freezing] Trainable params: 28,384,555 / 108,924,715 (26.1%)
[Layer Freezing] Training last 4 transformer layers (layers 8-11)
[Layer Freezing] Trainable params: 28,384,555 / 108,924,715 (26.1%)
[Layer Freezing] Training last 4 transformer layers (layers 8-11)
[Layer Freezing] Trainable params: 28,384,555 / 108,924,715 (26.1%)
[Layer Freezing] Training last 4 transformer layers (layers 8-11)
[Layer Freezing] Trainable params: 28,384,555 / 108,924,715 (26.1%)
[Layer Freezing] Training last 4 transformer layers (layers 8-11)
[Layer Freezing] Trainable params: 28,384,555 / 108,924,715 (26.1%)
[Layer Freezing] Training last 4 transformer layers (layers 8-11)
[Layer Freezing] Trainable params: 28,384,555 / 108,924,715 (26.1%)
[Round 47] T=2.00  α_ce=1.00  α_kd=1.00
 Round 47 | F1 0.4689 | P 0.6136 | R 0.3795 | Time 44.4s | Comm N/A | Local Avg F1: 0.3928

=== Round 48/100 ===
[Round 48] KD=ON | policy=ema_first
[Layer Freezing] Training last 4 transformer layers (layers 8-11)
[Layer Freezing] Trainable params: 28,384,555 / 108,924,715 (26.1%)
[Layer Freezing] Training last 4 transformer layers (layers 8-11)
[Layer Freezing] Trainable params: 28,384,555 / 108,924,715 (26.1%)
[Layer Freezing] Training last 4 transformer layers (layers 8-11)
[Layer Freezing] Trainable params: 28,384,555 / 108,924,715 (26.1%)
[Layer Freezing] Training last 4 transformer layers (layers 8-11)
[Layer Freezing] Trainable params: 28,384,555 / 108,924,715 (26.1%)
[Layer Freezing] Training last 4 transformer layers (layers 8-11)
[Layer Freezing] Trainable params: 28,384,555 / 108,924,715 (26.1%)
[Layer Freezing] Training last 4 transformer layers (layers 8-11)
[Layer Freezing] Trainable params: 28,384,555 / 108,924,715 (26.1%)
[Layer Freezing] Training last 4 transformer layers (layers 8-11)
[Layer Freezing] Trainable params: 28,384,555 / 108,924,715 (26.1%)
[Layer Freezing] Training last 4 transformer layers (layers 8-11)
[Layer Freezing] Trainable params: 28,384,555 / 108,924,715 (26.1%)
[Layer Freezing] Training last 4 transformer layers (layers 8-11)
[Layer Freezing] Trainable params: 28,384,555 / 108,924,715 (26.1%)
[Layer Freezing] Training last 4 transformer layers (layers 8-11)
[Layer Freezing] Trainable params: 28,384,555 / 108,924,715 (26.1%)
[Round 48] T=2.00  α_ce=1.00  α_kd=1.00
 Round 48 | F1 0.4705 | P 0.6119 | R 0.3822 | Time 44.1s | Comm N/A | Local Avg F1: 0.3991

=== Round 49/100 ===
[Round 49] KD=ON | policy=ema_first
[Layer Freezing] Training last 4 transformer layers (layers 8-11)
[Layer Freezing] Trainable params: 28,384,555 / 108,924,715 (26.1%)
[Layer Freezing] Training last 4 transformer layers (layers 8-11)
[Layer Freezing] Trainable params: 28,384,555 / 108,924,715 (26.1%)
[Layer Freezing] Training last 4 transformer layers (layers 8-11)
[Layer Freezing] Trainable params: 28,384,555 / 108,924,715 (26.1%)
[Layer Freezing] Training last 4 transformer layers (layers 8-11)
[Layer Freezing] Trainable params: 28,384,555 / 108,924,715 (26.1%)
[Layer Freezing] Training last 4 transformer layers (layers 8-11)
[Layer Freezing] Trainable params: 28,384,555 / 108,924,715 (26.1%)
[Layer Freezing] Training last 4 transformer layers (layers 8-11)
[Layer Freezing] Trainable params: 28,384,555 / 108,924,715 (26.1%)
[Layer Freezing] Training last 4 transformer layers (layers 8-11)
[Layer Freezing] Trainable params: 28,384,555 / 108,924,715 (26.1%)
[Layer Freezing] Training last 4 transformer layers (layers 8-11)
[Layer Freezing] Trainable params: 28,384,555 / 108,924,715 (26.1%)
[Layer Freezing] Training last 4 transformer layers (layers 8-11)
[Layer Freezing] Trainable params: 28,384,555 / 108,924,715 (26.1%)
[Layer Freezing] Training last 4 transformer layers (layers 8-11)
[Layer Freezing] Trainable params: 28,384,555 / 108,924,715 (26.1%)
[Round 49] T=2.00  α_ce=1.00  α_kd=1.00
 Round 49 | F1 0.4624 | P 0.6249 | R 0.3669 | Time 45.2s | Comm N/A | Local Avg F1: 0.3942

=== Round 50/100 ===
[Round 50] KD=ON | policy=ema_first
[Layer Freezing] Training last 4 transformer layers (layers 8-11)
[Layer Freezing] Trainable params: 28,384,555 / 108,924,715 (26.1%)
[Layer Freezing] Training last 4 transformer layers (layers 8-11)
[Layer Freezing] Trainable params: 28,384,555 / 108,924,715 (26.1%)
[Layer Freezing] Training last 4 transformer layers (layers 8-11)
[Layer Freezing] Trainable params: 28,384,555 / 108,924,715 (26.1%)
[Layer Freezing] Training last 4 transformer layers (layers 8-11)
[Layer Freezing] Trainable params: 28,384,555 / 108,924,715 (26.1%)
[Layer Freezing] Training last 4 transformer layers (layers 8-11)
[Layer Freezing] Trainable params: 28,384,555 / 108,924,715 (26.1%)
[Layer Freezing] Training last 4 transformer layers (layers 8-11)
[Layer Freezing] Trainable params: 28,384,555 / 108,924,715 (26.1%)
[Layer Freezing] Training last 4 transformer layers (layers 8-11)
[Layer Freezing] Trainable params: 28,384,555 / 108,924,715 (26.1%)
[Layer Freezing] Training last 4 transformer layers (layers 8-11)
[Layer Freezing] Trainable params: 28,384,555 / 108,924,715 (26.1%)
[Layer Freezing] Training last 4 transformer layers (layers 8-11)
[Layer Freezing] Trainable params: 28,384,555 / 108,924,715 (26.1%)
[Layer Freezing] Training last 4 transformer layers (layers 8-11)
[Layer Freezing] Trainable params: 28,384,555 / 108,924,715 (26.1%)
[Round 50] T=2.00  α_ce=1.00  α_kd=1.00
 Round 50 | F1 0.4611 | P 0.6292 | R 0.3639 | Time 44.2s | Comm N/A | Local Avg F1: 0.3925

=== Round 51/100 ===
[Round 51] KD=ON | policy=ema_first
[Layer Freezing] Training last 4 transformer layers (layers 8-11)
[Layer Freezing] Trainable params: 28,384,555 / 108,924,715 (26.1%)
[Layer Freezing] Training last 4 transformer layers (layers 8-11)
[Layer Freezing] Trainable params: 28,384,555 / 108,924,715 (26.1%)
[Layer Freezing] Training last 4 transformer layers (layers 8-11)
[Layer Freezing] Trainable params: 28,384,555 / 108,924,715 (26.1%)
[Layer Freezing] Training last 4 transformer layers (layers 8-11)
[Layer Freezing] Trainable params: 28,384,555 / 108,924,715 (26.1%)
[Layer Freezing] Training last 4 transformer layers (layers 8-11)
[Layer Freezing] Trainable params: 28,384,555 / 108,924,715 (26.1%)
[Layer Freezing] Training last 4 transformer layers (layers 8-11)
[Layer Freezing] Trainable params: 28,384,555 / 108,924,715 (26.1%)
[Layer Freezing] Training last 4 transformer layers (layers 8-11)
[Layer Freezing] Trainable params: 28,384,555 / 108,924,715 (26.1%)
[Layer Freezing] Training last 4 transformer layers (layers 8-11)
[Layer Freezing] Trainable params: 28,384,555 / 108,924,715 (26.1%)
[Layer Freezing] Training last 4 transformer layers (layers 8-11)
[Layer Freezing] Trainable params: 28,384,555 / 108,924,715 (26.1%)
[Layer Freezing] Training last 4 transformer layers (layers 8-11)
[Layer Freezing] Trainable params: 28,384,555 / 108,924,715 (26.1%)
[Round 51] T=2.00  α_ce=1.00  α_kd=1.00
 Round 51 | F1 0.4781 | P 0.6140 | R 0.3914 | Time 44.9s | Comm N/A | Local Avg F1: 0.4056

=== Round 52/100 ===
[Round 52] KD=ON | policy=ema_first
[Layer Freezing] Training last 4 transformer layers (layers 8-11)
[Layer Freezing] Trainable params: 28,384,555 / 108,924,715 (26.1%)
[Layer Freezing] Training last 4 transformer layers (layers 8-11)
[Layer Freezing] Trainable params: 28,384,555 / 108,924,715 (26.1%)
[Layer Freezing] Training last 4 transformer layers (layers 8-11)
[Layer Freezing] Trainable params: 28,384,555 / 108,924,715 (26.1%)
[Layer Freezing] Training last 4 transformer layers (layers 8-11)
[Layer Freezing] Trainable params: 28,384,555 / 108,924,715 (26.1%)
[Layer Freezing] Training last 4 transformer layers (layers 8-11)
[Layer Freezing] Trainable params: 28,384,555 / 108,924,715 (26.1%)
[Layer Freezing] Training last 4 transformer layers (layers 8-11)
[Layer Freezing] Trainable params: 28,384,555 / 108,924,715 (26.1%)
[Layer Freezing] Training last 4 transformer layers (layers 8-11)
[Layer Freezing] Trainable params: 28,384,555 / 108,924,715 (26.1%)
[Layer Freezing] Training last 4 transformer layers (layers 8-11)
[Layer Freezing] Trainable params: 28,384,555 / 108,924,715 (26.1%)
[Layer Freezing] Training last 4 transformer layers (layers 8-11)
[Layer Freezing] Trainable params: 28,384,555 / 108,924,715 (26.1%)
[Layer Freezing] Training last 4 transformer layers (layers 8-11)
[Layer Freezing] Trainable params: 28,384,555 / 108,924,715 (26.1%)
[Round 52] T=2.00  α_ce=1.00  α_kd=1.00
 Round 52 | F1 0.4761 | P 0.6236 | R 0.3851 | Time 45.3s | Comm N/A | Local Avg F1: 0.4070

=== Round 53/100 ===
[Round 53] KD=ON | policy=ema_first
[Layer Freezing] Training last 4 transformer layers (layers 8-11)
[Layer Freezing] Trainable params: 28,384,555 / 108,924,715 (26.1%)
[Layer Freezing] Training last 4 transformer layers (layers 8-11)
[Layer Freezing] Trainable params: 28,384,555 / 108,924,715 (26.1%)
[Layer Freezing] Training last 4 transformer layers (layers 8-11)
[Layer Freezing] Trainable params: 28,384,555 / 108,924,715 (26.1%)
[Layer Freezing] Training last 4 transformer layers (layers 8-11)
[Layer Freezing] Trainable params: 28,384,555 / 108,924,715 (26.1%)
[Layer Freezing] Training last 4 transformer layers (layers 8-11)
[Layer Freezing] Trainable params: 28,384,555 / 108,924,715 (26.1%)
[Layer Freezing] Training last 4 transformer layers (layers 8-11)
[Layer Freezing] Trainable params: 28,384,555 / 108,924,715 (26.1%)
[Layer Freezing] Training last 4 transformer layers (layers 8-11)
[Layer Freezing] Trainable params: 28,384,555 / 108,924,715 (26.1%)
[Layer Freezing] Training last 4 transformer layers (layers 8-11)
[Layer Freezing] Trainable params: 28,384,555 / 108,924,715 (26.1%)
[Layer Freezing] Training last 4 transformer layers (layers 8-11)
[Layer Freezing] Trainable params: 28,384,555 / 108,924,715 (26.1%)
[Layer Freezing] Training last 4 transformer layers (layers 8-11)
[Layer Freezing] Trainable params: 28,384,555 / 108,924,715 (26.1%)
[Round 53] T=2.00  α_ce=1.00  α_kd=1.00
 Round 53 | F1 0.4758 | P 0.6256 | R 0.3838 | Time 45.2s | Comm N/A | Local Avg F1: 0.4037

=== Round 54/100 ===
[Round 54] KD=ON | policy=ema_first
[Layer Freezing] Training last 4 transformer layers (layers 8-11)
[Layer Freezing] Trainable params: 28,384,555 / 108,924,715 (26.1%)
[Layer Freezing] Training last 4 transformer layers (layers 8-11)
[Layer Freezing] Trainable params: 28,384,555 / 108,924,715 (26.1%)
[Layer Freezing] Training last 4 transformer layers (layers 8-11)
[Layer Freezing] Trainable params: 28,384,555 / 108,924,715 (26.1%)
[Layer Freezing] Training last 4 transformer layers (layers 8-11)
[Layer Freezing] Trainable params: 28,384,555 / 108,924,715 (26.1%)
[Layer Freezing] Training last 4 transformer layers (layers 8-11)
[Layer Freezing] Trainable params: 28,384,555 / 108,924,715 (26.1%)
[Layer Freezing] Training last 4 transformer layers (layers 8-11)
[Layer Freezing] Trainable params: 28,384,555 / 108,924,715 (26.1%)
[Layer Freezing] Training last 4 transformer layers (layers 8-11)
[Layer Freezing] Trainable params: 28,384,555 / 108,924,715 (26.1%)
[Layer Freezing] Training last 4 transformer layers (layers 8-11)
[Layer Freezing] Trainable params: 28,384,555 / 108,924,715 (26.1%)
[Layer Freezing] Training last 4 transformer layers (layers 8-11)
[Layer Freezing] Trainable params: 28,384,555 / 108,924,715 (26.1%)
[Layer Freezing] Training last 4 transformer layers (layers 8-11)
[Layer Freezing] Trainable params: 28,384,555 / 108,924,715 (26.1%)
[Round 54] T=2.00  α_ce=1.00  α_kd=1.00
 Round 54 | F1 0.4743 | P 0.6312 | R 0.3798 | Time 43.6s | Comm N/A | Local Avg F1: 0.4051

=== Round 55/100 ===
[Round 55] KD=ON | policy=ema_first
[Layer Freezing] Training last 4 transformer layers (layers 8-11)
[Layer Freezing] Trainable params: 28,384,555 / 108,924,715 (26.1%)
[Layer Freezing] Training last 4 transformer layers (layers 8-11)
[Layer Freezing] Trainable params: 28,384,555 / 108,924,715 (26.1%)
[Layer Freezing] Training last 4 transformer layers (layers 8-11)
[Layer Freezing] Trainable params: 28,384,555 / 108,924,715 (26.1%)
[Layer Freezing] Training last 4 transformer layers (layers 8-11)
[Layer Freezing] Trainable params: 28,384,555 / 108,924,715 (26.1%)
[Layer Freezing] Training last 4 transformer layers (layers 8-11)
[Layer Freezing] Trainable params: 28,384,555 / 108,924,715 (26.1%)
[Layer Freezing] Training last 4 transformer layers (layers 8-11)
[Layer Freezing] Trainable params: 28,384,555 / 108,924,715 (26.1%)
[Layer Freezing] Training last 4 transformer layers (layers 8-11)
[Layer Freezing] Trainable params: 28,384,555 / 108,924,715 (26.1%)
[Layer Freezing] Training last 4 transformer layers (layers 8-11)
[Layer Freezing] Trainable params: 28,384,555 / 108,924,715 (26.1%)
[Layer Freezing] Training last 4 transformer layers (layers 8-11)
[Layer Freezing] Trainable params: 28,384,555 / 108,924,715 (26.1%)
[Layer Freezing] Training last 4 transformer layers (layers 8-11)
[Layer Freezing] Trainable params: 28,384,555 / 108,924,715 (26.1%)
[Round 55] T=2.00  α_ce=1.00  α_kd=1.00
 Round 55 | F1 0.4915 | P 0.6069 | R 0.4129 | Time 45.6s | Comm N/A | Local Avg F1: 0.4164

=== Round 56/100 ===
[Round 56] KD=ON | policy=ema_first
[Layer Freezing] Training last 4 transformer layers (layers 8-11)
[Layer Freezing] Trainable params: 28,384,555 / 108,924,715 (26.1%)
[Layer Freezing] Training last 4 transformer layers (layers 8-11)
[Layer Freezing] Trainable params: 28,384,555 / 108,924,715 (26.1%)
[Layer Freezing] Training last 4 transformer layers (layers 8-11)
[Layer Freezing] Trainable params: 28,384,555 / 108,924,715 (26.1%)
[Layer Freezing] Training last 4 transformer layers (layers 8-11)
[Layer Freezing] Trainable params: 28,384,555 / 108,924,715 (26.1%)
[Layer Freezing] Training last 4 transformer layers (layers 8-11)
[Layer Freezing] Trainable params: 28,384,555 / 108,924,715 (26.1%)
[Layer Freezing] Training last 4 transformer layers (layers 8-11)
[Layer Freezing] Trainable params: 28,384,555 / 108,924,715 (26.1%)
[Layer Freezing] Training last 4 transformer layers (layers 8-11)
[Layer Freezing] Trainable params: 28,384,555 / 108,924,715 (26.1%)
[Layer Freezing] Training last 4 transformer layers (layers 8-11)
[Layer Freezing] Trainable params: 28,384,555 / 108,924,715 (26.1%)
[Layer Freezing] Training last 4 transformer layers (layers 8-11)
[Layer Freezing] Trainable params: 28,384,555 / 108,924,715 (26.1%)
[Layer Freezing] Training last 4 transformer layers (layers 8-11)
[Layer Freezing] Trainable params: 28,384,555 / 108,924,715 (26.1%)
[Round 56] T=2.00  α_ce=1.00  α_kd=1.00
 Round 56 | F1 0.4863 | P 0.6175 | R 0.4010 | Time 44.5s | Comm N/A | Local Avg F1: 0.4111

=== Round 57/100 ===
[Round 57] KD=ON | policy=ema_first
[Layer Freezing] Training last 4 transformer layers (layers 8-11)
[Layer Freezing] Trainable params: 28,384,555 / 108,924,715 (26.1%)
[Layer Freezing] Training last 4 transformer layers (layers 8-11)
[Layer Freezing] Trainable params: 28,384,555 / 108,924,715 (26.1%)
[Layer Freezing] Training last 4 transformer layers (layers 8-11)
[Layer Freezing] Trainable params: 28,384,555 / 108,924,715 (26.1%)
[Layer Freezing] Training last 4 transformer layers (layers 8-11)
[Layer Freezing] Trainable params: 28,384,555 / 108,924,715 (26.1%)
[Layer Freezing] Training last 4 transformer layers (layers 8-11)
[Layer Freezing] Trainable params: 28,384,555 / 108,924,715 (26.1%)
[Layer Freezing] Training last 4 transformer layers (layers 8-11)
[Layer Freezing] Trainable params: 28,384,555 / 108,924,715 (26.1%)
[Layer Freezing] Training last 4 transformer layers (layers 8-11)
[Layer Freezing] Trainable params: 28,384,555 / 108,924,715 (26.1%)
[Layer Freezing] Training last 4 transformer layers (layers 8-11)
[Layer Freezing] Trainable params: 28,384,555 / 108,924,715 (26.1%)
[Layer Freezing] Training last 4 transformer layers (layers 8-11)
[Layer Freezing] Trainable params: 28,384,555 / 108,924,715 (26.1%)
[Layer Freezing] Training last 4 transformer layers (layers 8-11)
[Layer Freezing] Trainable params: 28,384,555 / 108,924,715 (26.1%)
[Round 57] T=2.00  α_ce=1.00  α_kd=1.00
 Round 57 | F1 0.4911 | P 0.6165 | R 0.4081 | Time 43.9s | Comm N/A | Local Avg F1: 0.4158

=== Round 58/100 ===
[Round 58] KD=ON | policy=ema_first
[Layer Freezing] Training last 4 transformer layers (layers 8-11)
[Layer Freezing] Trainable params: 28,384,555 / 108,924,715 (26.1%)
[Layer Freezing] Training last 4 transformer layers (layers 8-11)
[Layer Freezing] Trainable params: 28,384,555 / 108,924,715 (26.1%)
[Layer Freezing] Training last 4 transformer layers (layers 8-11)
[Layer Freezing] Trainable params: 28,384,555 / 108,924,715 (26.1%)
[Layer Freezing] Training last 4 transformer layers (layers 8-11)
[Layer Freezing] Trainable params: 28,384,555 / 108,924,715 (26.1%)
[Layer Freezing] Training last 4 transformer layers (layers 8-11)
[Layer Freezing] Trainable params: 28,384,555 / 108,924,715 (26.1%)
[Layer Freezing] Training last 4 transformer layers (layers 8-11)
[Layer Freezing] Trainable params: 28,384,555 / 108,924,715 (26.1%)
[Layer Freezing] Training last 4 transformer layers (layers 8-11)
[Layer Freezing] Trainable params: 28,384,555 / 108,924,715 (26.1%)
[Layer Freezing] Training last 4 transformer layers (layers 8-11)
[Layer Freezing] Trainable params: 28,384,555 / 108,924,715 (26.1%)
[Layer Freezing] Training last 4 transformer layers (layers 8-11)
[Layer Freezing] Trainable params: 28,384,555 / 108,924,715 (26.1%)
[Layer Freezing] Training last 4 transformer layers (layers 8-11)
[Layer Freezing] Trainable params: 28,384,555 / 108,924,715 (26.1%)
[Round 58] T=2.00  α_ce=1.00  α_kd=1.00
 Round 58 | F1 0.4841 | P 0.6213 | R 0.3966 | Time 44.8s | Comm N/A | Local Avg F1: 0.4117

=== Round 59/100 ===
[Round 59] KD=ON | policy=ema_first
[Layer Freezing] Training last 4 transformer layers (layers 8-11)
[Layer Freezing] Trainable params: 28,384,555 / 108,924,715 (26.1%)
[Layer Freezing] Training last 4 transformer layers (layers 8-11)
[Layer Freezing] Trainable params: 28,384,555 / 108,924,715 (26.1%)
[Layer Freezing] Training last 4 transformer layers (layers 8-11)
[Layer Freezing] Trainable params: 28,384,555 / 108,924,715 (26.1%)
[Layer Freezing] Training last 4 transformer layers (layers 8-11)
[Layer Freezing] Trainable params: 28,384,555 / 108,924,715 (26.1%)
[Layer Freezing] Training last 4 transformer layers (layers 8-11)
[Layer Freezing] Trainable params: 28,384,555 / 108,924,715 (26.1%)
[Layer Freezing] Training last 4 transformer layers (layers 8-11)
[Layer Freezing] Trainable params: 28,384,555 / 108,924,715 (26.1%)
[Layer Freezing] Training last 4 transformer layers (layers 8-11)
[Layer Freezing] Trainable params: 28,384,555 / 108,924,715 (26.1%)
[Layer Freezing] Training last 4 transformer layers (layers 8-11)
[Layer Freezing] Trainable params: 28,384,555 / 108,924,715 (26.1%)
[Layer Freezing] Training last 4 transformer layers (layers 8-11)
[Layer Freezing] Trainable params: 28,384,555 / 108,924,715 (26.1%)
[Layer Freezing] Training last 4 transformer layers (layers 8-11)
[Layer Freezing] Trainable params: 28,384,555 / 108,924,715 (26.1%)
[Round 59] T=2.00  α_ce=1.00  α_kd=1.00
 Round 59 | F1 0.4884 | P 0.6221 | R 0.4020 | Time 45.1s | Comm N/A | Local Avg F1: 0.4160

=== Round 60/100 ===
[Round 60] KD=ON | policy=ema_first
[Layer Freezing] Training last 4 transformer layers (layers 8-11)
[Layer Freezing] Trainable params: 28,384,555 / 108,924,715 (26.1%)
[Layer Freezing] Training last 4 transformer layers (layers 8-11)
[Layer Freezing] Trainable params: 28,384,555 / 108,924,715 (26.1%)
[Layer Freezing] Training last 4 transformer layers (layers 8-11)
[Layer Freezing] Trainable params: 28,384,555 / 108,924,715 (26.1%)
[Layer Freezing] Training last 4 transformer layers (layers 8-11)
[Layer Freezing] Trainable params: 28,384,555 / 108,924,715 (26.1%)
[Layer Freezing] Training last 4 transformer layers (layers 8-11)
[Layer Freezing] Trainable params: 28,384,555 / 108,924,715 (26.1%)
[Layer Freezing] Training last 4 transformer layers (layers 8-11)
[Layer Freezing] Trainable params: 28,384,555 / 108,924,715 (26.1%)
[Layer Freezing] Training last 4 transformer layers (layers 8-11)
[Layer Freezing] Trainable params: 28,384,555 / 108,924,715 (26.1%)
[Layer Freezing] Training last 4 transformer layers (layers 8-11)
[Layer Freezing] Trainable params: 28,384,555 / 108,924,715 (26.1%)
[Layer Freezing] Training last 4 transformer layers (layers 8-11)
[Layer Freezing] Trainable params: 28,384,555 / 108,924,715 (26.1%)
[Layer Freezing] Training last 4 transformer layers (layers 8-11)
[Layer Freezing] Trainable params: 28,384,555 / 108,924,715 (26.1%)
[Round 60] T=2.00  α_ce=1.00  α_kd=1.00
 Round 60 | F1 0.4898 | P 0.6188 | R 0.4054 | Time 44.8s | Comm N/A | Local Avg F1: 0.4191

=== Round 61/100 ===
[Round 61] KD=ON | policy=ema_first
[Layer Freezing] Training last 4 transformer layers (layers 8-11)
[Layer Freezing] Trainable params: 28,384,555 / 108,924,715 (26.1%)
[Layer Freezing] Training last 4 transformer layers (layers 8-11)
[Layer Freezing] Trainable params: 28,384,555 / 108,924,715 (26.1%)
[Layer Freezing] Training last 4 transformer layers (layers 8-11)
[Layer Freezing] Trainable params: 28,384,555 / 108,924,715 (26.1%)
[Layer Freezing] Training last 4 transformer layers (layers 8-11)
[Layer Freezing] Trainable params: 28,384,555 / 108,924,715 (26.1%)
[Layer Freezing] Training last 4 transformer layers (layers 8-11)
[Layer Freezing] Trainable params: 28,384,555 / 108,924,715 (26.1%)
[Layer Freezing] Training last 4 transformer layers (layers 8-11)
[Layer Freezing] Trainable params: 28,384,555 / 108,924,715 (26.1%)
[Layer Freezing] Training last 4 transformer layers (layers 8-11)
[Layer Freezing] Trainable params: 28,384,555 / 108,924,715 (26.1%)
[Layer Freezing] Training last 4 transformer layers (layers 8-11)
[Layer Freezing] Trainable params: 28,384,555 / 108,924,715 (26.1%)
[Layer Freezing] Training last 4 transformer layers (layers 8-11)
[Layer Freezing] Trainable params: 28,384,555 / 108,924,715 (26.1%)
[Layer Freezing] Training last 4 transformer layers (layers 8-11)
[Layer Freezing] Trainable params: 28,384,555 / 108,924,715 (26.1%)
[Round 61] T=2.00  α_ce=1.00  α_kd=1.00
 Round 61 | F1 0.4878 | P 0.6219 | R 0.4013 | Time 45.9s | Comm N/A | Local Avg F1: 0.4157

=== Round 62/100 ===
[Round 62] KD=ON | policy=ema_first
[Layer Freezing] Training last 4 transformer layers (layers 8-11)
[Layer Freezing] Trainable params: 28,384,555 / 108,924,715 (26.1%)
[Layer Freezing] Training last 4 transformer layers (layers 8-11)
[Layer Freezing] Trainable params: 28,384,555 / 108,924,715 (26.1%)
[Layer Freezing] Training last 4 transformer layers (layers 8-11)
[Layer Freezing] Trainable params: 28,384,555 / 108,924,715 (26.1%)
[Layer Freezing] Training last 4 transformer layers (layers 8-11)
[Layer Freezing] Trainable params: 28,384,555 / 108,924,715 (26.1%)
[Layer Freezing] Training last 4 transformer layers (layers 8-11)
[Layer Freezing] Trainable params: 28,384,555 / 108,924,715 (26.1%)
[Layer Freezing] Training last 4 transformer layers (layers 8-11)
[Layer Freezing] Trainable params: 28,384,555 / 108,924,715 (26.1%)
[Layer Freezing] Training last 4 transformer layers (layers 8-11)
[Layer Freezing] Trainable params: 28,384,555 / 108,924,715 (26.1%)
[Layer Freezing] Training last 4 transformer layers (layers 8-11)
[Layer Freezing] Trainable params: 28,384,555 / 108,924,715 (26.1%)
[Layer Freezing] Training last 4 transformer layers (layers 8-11)
[Layer Freezing] Trainable params: 28,384,555 / 108,924,715 (26.1%)
[Layer Freezing] Training last 4 transformer layers (layers 8-11)
[Layer Freezing] Trainable params: 28,384,555 / 108,924,715 (26.1%)
[Round 62] T=2.00  α_ce=1.00  α_kd=1.00
 Round 62 | F1 0.4981 | P 0.6195 | R 0.4165 | Time 44.0s | Comm N/A | Local Avg F1: 0.4242

=== Round 63/100 ===
[Round 63] KD=ON | policy=ema_first
[Layer Freezing] Training last 4 transformer layers (layers 8-11)
[Layer Freezing] Trainable params: 28,384,555 / 108,924,715 (26.1%)
[Layer Freezing] Training last 4 transformer layers (layers 8-11)
[Layer Freezing] Trainable params: 28,384,555 / 108,924,715 (26.1%)
[Layer Freezing] Training last 4 transformer layers (layers 8-11)
[Layer Freezing] Trainable params: 28,384,555 / 108,924,715 (26.1%)
[Layer Freezing] Training last 4 transformer layers (layers 8-11)
[Layer Freezing] Trainable params: 28,384,555 / 108,924,715 (26.1%)
[Layer Freezing] Training last 4 transformer layers (layers 8-11)
[Layer Freezing] Trainable params: 28,384,555 / 108,924,715 (26.1%)
[Layer Freezing] Training last 4 transformer layers (layers 8-11)
[Layer Freezing] Trainable params: 28,384,555 / 108,924,715 (26.1%)
[Layer Freezing] Training last 4 transformer layers (layers 8-11)
[Layer Freezing] Trainable params: 28,384,555 / 108,924,715 (26.1%)
[Layer Freezing] Training last 4 transformer layers (layers 8-11)
[Layer Freezing] Trainable params: 28,384,555 / 108,924,715 (26.1%)
[Layer Freezing] Training last 4 transformer layers (layers 8-11)
[Layer Freezing] Trainable params: 28,384,555 / 108,924,715 (26.1%)
[Layer Freezing] Training last 4 transformer layers (layers 8-11)
[Layer Freezing] Trainable params: 28,384,555 / 108,924,715 (26.1%)
[Round 63] T=2.00  α_ce=1.00  α_kd=1.00
 Round 63 | F1 0.4914 | P 0.6244 | R 0.4051 | Time 45.7s | Comm N/A | Local Avg F1: 0.4211

=== Round 64/100 ===
[Round 64] KD=ON | policy=ema_first
[Layer Freezing] Training last 4 transformer layers (layers 8-11)
[Layer Freezing] Trainable params: 28,384,555 / 108,924,715 (26.1%)
[Layer Freezing] Training last 4 transformer layers (layers 8-11)
[Layer Freezing] Trainable params: 28,384,555 / 108,924,715 (26.1%)
[Layer Freezing] Training last 4 transformer layers (layers 8-11)
[Layer Freezing] Trainable params: 28,384,555 / 108,924,715 (26.1%)
[Layer Freezing] Training last 4 transformer layers (layers 8-11)
[Layer Freezing] Trainable params: 28,384,555 / 108,924,715 (26.1%)
[Layer Freezing] Training last 4 transformer layers (layers 8-11)
[Layer Freezing] Trainable params: 28,384,555 / 108,924,715 (26.1%)
[Layer Freezing] Training last 4 transformer layers (layers 8-11)
[Layer Freezing] Trainable params: 28,384,555 / 108,924,715 (26.1%)
[Layer Freezing] Training last 4 transformer layers (layers 8-11)
[Layer Freezing] Trainable params: 28,384,555 / 108,924,715 (26.1%)
[Layer Freezing] Training last 4 transformer layers (layers 8-11)
[Layer Freezing] Trainable params: 28,384,555 / 108,924,715 (26.1%)
[Layer Freezing] Training last 4 transformer layers (layers 8-11)
[Layer Freezing] Trainable params: 28,384,555 / 108,924,715 (26.1%)
[Layer Freezing] Training last 4 transformer layers (layers 8-11)
[Layer Freezing] Trainable params: 28,384,555 / 108,924,715 (26.1%)
[Round 64] T=2.00  α_ce=1.00  α_kd=1.00
 Round 64 | F1 0.5014 | P 0.6187 | R 0.4215 | Time 46.0s | Comm N/A | Local Avg F1: 0.4289

=== Round 65/100 ===
[Round 65] KD=ON | policy=ema_first
[Layer Freezing] Training last 4 transformer layers (layers 8-11)
[Layer Freezing] Trainable params: 28,384,555 / 108,924,715 (26.1%)
[Layer Freezing] Training last 4 transformer layers (layers 8-11)
[Layer Freezing] Trainable params: 28,384,555 / 108,924,715 (26.1%)
[Layer Freezing] Training last 4 transformer layers (layers 8-11)
[Layer Freezing] Trainable params: 28,384,555 / 108,924,715 (26.1%)
[Layer Freezing] Training last 4 transformer layers (layers 8-11)
[Layer Freezing] Trainable params: 28,384,555 / 108,924,715 (26.1%)
[Layer Freezing] Training last 4 transformer layers (layers 8-11)
[Layer Freezing] Trainable params: 28,384,555 / 108,924,715 (26.1%)
[Layer Freezing] Training last 4 transformer layers (layers 8-11)
[Layer Freezing] Trainable params: 28,384,555 / 108,924,715 (26.1%)
[Layer Freezing] Training last 4 transformer layers (layers 8-11)
[Layer Freezing] Trainable params: 28,384,555 / 108,924,715 (26.1%)
[Layer Freezing] Training last 4 transformer layers (layers 8-11)
[Layer Freezing] Trainable params: 28,384,555 / 108,924,715 (26.1%)
[Layer Freezing] Training last 4 transformer layers (layers 8-11)
[Layer Freezing] Trainable params: 28,384,555 / 108,924,715 (26.1%)
[Layer Freezing] Training last 4 transformer layers (layers 8-11)
[Layer Freezing] Trainable params: 28,384,555 / 108,924,715 (26.1%)
[Round 65] T=2.00  α_ce=1.00  α_kd=1.00
 Round 65 | F1 0.4886 | P 0.6361 | R 0.3967 | Time 44.6s | Comm N/A | Local Avg F1: 0.4165

=== Round 66/100 ===
[Round 66] KD=ON | policy=ema_first
[Layer Freezing] Training last 4 transformer layers (layers 8-11)
[Layer Freezing] Trainable params: 28,384,555 / 108,924,715 (26.1%)
[Layer Freezing] Training last 4 transformer layers (layers 8-11)
[Layer Freezing] Trainable params: 28,384,555 / 108,924,715 (26.1%)
[Layer Freezing] Training last 4 transformer layers (layers 8-11)
[Layer Freezing] Trainable params: 28,384,555 / 108,924,715 (26.1%)
[Layer Freezing] Training last 4 transformer layers (layers 8-11)
[Layer Freezing] Trainable params: 28,384,555 / 108,924,715 (26.1%)
[Layer Freezing] Training last 4 transformer layers (layers 8-11)
[Layer Freezing] Trainable params: 28,384,555 / 108,924,715 (26.1%)
[Layer Freezing] Training last 4 transformer layers (layers 8-11)
[Layer Freezing] Trainable params: 28,384,555 / 108,924,715 (26.1%)
[Layer Freezing] Training last 4 transformer layers (layers 8-11)
[Layer Freezing] Trainable params: 28,384,555 / 108,924,715 (26.1%)
[Layer Freezing] Training last 4 transformer layers (layers 8-11)
[Layer Freezing] Trainable params: 28,384,555 / 108,924,715 (26.1%)
[Layer Freezing] Training last 4 transformer layers (layers 8-11)
[Layer Freezing] Trainable params: 28,384,555 / 108,924,715 (26.1%)
[Layer Freezing] Training last 4 transformer layers (layers 8-11)
[Layer Freezing] Trainable params: 28,384,555 / 108,924,715 (26.1%)
[Round 66] T=2.00  α_ce=1.00  α_kd=1.00
 Round 66 | F1 0.4991 | P 0.6211 | R 0.4171 | Time 44.4s | Comm N/A | Local Avg F1: 0.4285

=== Round 67/100 ===
[Round 67] KD=ON | policy=ema_first
[Layer Freezing] Training last 4 transformer layers (layers 8-11)
[Layer Freezing] Trainable params: 28,384,555 / 108,924,715 (26.1%)
[Layer Freezing] Training last 4 transformer layers (layers 8-11)
[Layer Freezing] Trainable params: 28,384,555 / 108,924,715 (26.1%)
[Layer Freezing] Training last 4 transformer layers (layers 8-11)
[Layer Freezing] Trainable params: 28,384,555 / 108,924,715 (26.1%)
[Layer Freezing] Training last 4 transformer layers (layers 8-11)
[Layer Freezing] Trainable params: 28,384,555 / 108,924,715 (26.1%)
[Layer Freezing] Training last 4 transformer layers (layers 8-11)
[Layer Freezing] Trainable params: 28,384,555 / 108,924,715 (26.1%)
[Layer Freezing] Training last 4 transformer layers (layers 8-11)
[Layer Freezing] Trainable params: 28,384,555 / 108,924,715 (26.1%)
[Layer Freezing] Training last 4 transformer layers (layers 8-11)
[Layer Freezing] Trainable params: 28,384,555 / 108,924,715 (26.1%)
[Layer Freezing] Training last 4 transformer layers (layers 8-11)
[Layer Freezing] Trainable params: 28,384,555 / 108,924,715 (26.1%)
[Layer Freezing] Training last 4 transformer layers (layers 8-11)
[Layer Freezing] Trainable params: 28,384,555 / 108,924,715 (26.1%)
[Layer Freezing] Training last 4 transformer layers (layers 8-11)
[Layer Freezing] Trainable params: 28,384,555 / 108,924,715 (26.1%)
[Round 67] T=2.00  α_ce=1.00  α_kd=1.00
 Round 67 | F1 0.4976 | P 0.6287 | R 0.4118 | Time 45.3s | Comm N/A | Local Avg F1: 0.4268

=== Round 68/100 ===
[Round 68] KD=ON | policy=ema_first
[Layer Freezing] Training last 4 transformer layers (layers 8-11)
[Layer Freezing] Trainable params: 28,384,555 / 108,924,715 (26.1%)
[Layer Freezing] Training last 4 transformer layers (layers 8-11)
[Layer Freezing] Trainable params: 28,384,555 / 108,924,715 (26.1%)
[Layer Freezing] Training last 4 transformer layers (layers 8-11)
[Layer Freezing] Trainable params: 28,384,555 / 108,924,715 (26.1%)
[Layer Freezing] Training last 4 transformer layers (layers 8-11)
[Layer Freezing] Trainable params: 28,384,555 / 108,924,715 (26.1%)
[Layer Freezing] Training last 4 transformer layers (layers 8-11)
[Layer Freezing] Trainable params: 28,384,555 / 108,924,715 (26.1%)
[Layer Freezing] Training last 4 transformer layers (layers 8-11)
[Layer Freezing] Trainable params: 28,384,555 / 108,924,715 (26.1%)
[Layer Freezing] Training last 4 transformer layers (layers 8-11)
[Layer Freezing] Trainable params: 28,384,555 / 108,924,715 (26.1%)
[Layer Freezing] Training last 4 transformer layers (layers 8-11)
[Layer Freezing] Trainable params: 28,384,555 / 108,924,715 (26.1%)
[Layer Freezing] Training last 4 transformer layers (layers 8-11)
[Layer Freezing] Trainable params: 28,384,555 / 108,924,715 (26.1%)
[Layer Freezing] Training last 4 transformer layers (layers 8-11)
[Layer Freezing] Trainable params: 28,384,555 / 108,924,715 (26.1%)
[Round 68] T=2.00  α_ce=1.00  α_kd=1.00
 Round 68 | F1 0.4921 | P 0.6363 | R 0.4011 | Time 44.9s | Comm N/A | Local Avg F1: 0.4203

=== Round 69/100 ===
[Round 69] KD=ON | policy=ema_first
[Layer Freezing] Training last 4 transformer layers (layers 8-11)
[Layer Freezing] Trainable params: 28,384,555 / 108,924,715 (26.1%)
[Layer Freezing] Training last 4 transformer layers (layers 8-11)
[Layer Freezing] Trainable params: 28,384,555 / 108,924,715 (26.1%)
[Layer Freezing] Training last 4 transformer layers (layers 8-11)
[Layer Freezing] Trainable params: 28,384,555 / 108,924,715 (26.1%)
[Layer Freezing] Training last 4 transformer layers (layers 8-11)
[Layer Freezing] Trainable params: 28,384,555 / 108,924,715 (26.1%)
[Layer Freezing] Training last 4 transformer layers (layers 8-11)
[Layer Freezing] Trainable params: 28,384,555 / 108,924,715 (26.1%)
[Layer Freezing] Training last 4 transformer layers (layers 8-11)
[Layer Freezing] Trainable params: 28,384,555 / 108,924,715 (26.1%)
[Layer Freezing] Training last 4 transformer layers (layers 8-11)
[Layer Freezing] Trainable params: 28,384,555 / 108,924,715 (26.1%)
[Layer Freezing] Training last 4 transformer layers (layers 8-11)
[Layer Freezing] Trainable params: 28,384,555 / 108,924,715 (26.1%)
[Layer Freezing] Training last 4 transformer layers (layers 8-11)
[Layer Freezing] Trainable params: 28,384,555 / 108,924,715 (26.1%)
[Layer Freezing] Training last 4 transformer layers (layers 8-11)
[Layer Freezing] Trainable params: 28,384,555 / 108,924,715 (26.1%)
[Round 69] T=2.00  α_ce=1.00  α_kd=1.00
 Round 69 | F1 0.5086 | P 0.6210 | R 0.4307 | Time 45.2s | Comm N/A | Local Avg F1: 0.4360

=== Round 70/100 ===
[Round 70] KD=ON | policy=ema_first
[Layer Freezing] Training last 4 transformer layers (layers 8-11)
[Layer Freezing] Trainable params: 28,384,555 / 108,924,715 (26.1%)
[Layer Freezing] Training last 4 transformer layers (layers 8-11)
[Layer Freezing] Trainable params: 28,384,555 / 108,924,715 (26.1%)
[Layer Freezing] Training last 4 transformer layers (layers 8-11)
[Layer Freezing] Trainable params: 28,384,555 / 108,924,715 (26.1%)
[Layer Freezing] Training last 4 transformer layers (layers 8-11)
[Layer Freezing] Trainable params: 28,384,555 / 108,924,715 (26.1%)
[Layer Freezing] Training last 4 transformer layers (layers 8-11)
[Layer Freezing] Trainable params: 28,384,555 / 108,924,715 (26.1%)
[Layer Freezing] Training last 4 transformer layers (layers 8-11)
[Layer Freezing] Trainable params: 28,384,555 / 108,924,715 (26.1%)
[Layer Freezing] Training last 4 transformer layers (layers 8-11)
[Layer Freezing] Trainable params: 28,384,555 / 108,924,715 (26.1%)
[Layer Freezing] Training last 4 transformer layers (layers 8-11)
[Layer Freezing] Trainable params: 28,384,555 / 108,924,715 (26.1%)
[Layer Freezing] Training last 4 transformer layers (layers 8-11)
[Layer Freezing] Trainable params: 28,384,555 / 108,924,715 (26.1%)
[Layer Freezing] Training last 4 transformer layers (layers 8-11)
[Layer Freezing] Trainable params: 28,384,555 / 108,924,715 (26.1%)
[Round 70] T=2.00  α_ce=1.00  α_kd=1.00
 Round 70 | F1 0.4965 | P 0.6385 | R 0.4062 | Time 45.4s | Comm N/A | Local Avg F1: 0.4253

=== Round 71/100 ===
[Round 71] KD=ON | policy=ema_first
[Layer Freezing] Training last 4 transformer layers (layers 8-11)
[Layer Freezing] Trainable params: 28,384,555 / 108,924,715 (26.1%)
[Layer Freezing] Training last 4 transformer layers (layers 8-11)
[Layer Freezing] Trainable params: 28,384,555 / 108,924,715 (26.1%)
[Layer Freezing] Training last 4 transformer layers (layers 8-11)
[Layer Freezing] Trainable params: 28,384,555 / 108,924,715 (26.1%)
[Layer Freezing] Training last 4 transformer layers (layers 8-11)
[Layer Freezing] Trainable params: 28,384,555 / 108,924,715 (26.1%)
[Layer Freezing] Training last 4 transformer layers (layers 8-11)
[Layer Freezing] Trainable params: 28,384,555 / 108,924,715 (26.1%)
[Layer Freezing] Training last 4 transformer layers (layers 8-11)
[Layer Freezing] Trainable params: 28,384,555 / 108,924,715 (26.1%)
[Layer Freezing] Training last 4 transformer layers (layers 8-11)
[Layer Freezing] Trainable params: 28,384,555 / 108,924,715 (26.1%)
[Layer Freezing] Training last 4 transformer layers (layers 8-11)
[Layer Freezing] Trainable params: 28,384,555 / 108,924,715 (26.1%)
[Layer Freezing] Training last 4 transformer layers (layers 8-11)
[Layer Freezing] Trainable params: 28,384,555 / 108,924,715 (26.1%)
[Layer Freezing] Training last 4 transformer layers (layers 8-11)
[Layer Freezing] Trainable params: 28,384,555 / 108,924,715 (26.1%)
[Round 71] T=2.00  α_ce=1.00  α_kd=1.00
 Round 71 | F1 0.5040 | P 0.6328 | R 0.4187 | Time 44.8s | Comm N/A | Local Avg F1: 0.4294

=== Round 72/100 ===
[Round 72] KD=ON | policy=ema_first
[Layer Freezing] Training last 4 transformer layers (layers 8-11)
[Layer Freezing] Trainable params: 28,384,555 / 108,924,715 (26.1%)
[Layer Freezing] Training last 4 transformer layers (layers 8-11)
[Layer Freezing] Trainable params: 28,384,555 / 108,924,715 (26.1%)
[Layer Freezing] Training last 4 transformer layers (layers 8-11)
[Layer Freezing] Trainable params: 28,384,555 / 108,924,715 (26.1%)
[Layer Freezing] Training last 4 transformer layers (layers 8-11)
[Layer Freezing] Trainable params: 28,384,555 / 108,924,715 (26.1%)
[Layer Freezing] Training last 4 transformer layers (layers 8-11)
[Layer Freezing] Trainable params: 28,384,555 / 108,924,715 (26.1%)
[Layer Freezing] Training last 4 transformer layers (layers 8-11)
[Layer Freezing] Trainable params: 28,384,555 / 108,924,715 (26.1%)
[Layer Freezing] Training last 4 transformer layers (layers 8-11)
[Layer Freezing] Trainable params: 28,384,555 / 108,924,715 (26.1%)
[Layer Freezing] Training last 4 transformer layers (layers 8-11)
[Layer Freezing] Trainable params: 28,384,555 / 108,924,715 (26.1%)
[Layer Freezing] Training last 4 transformer layers (layers 8-11)
[Layer Freezing] Trainable params: 28,384,555 / 108,924,715 (26.1%)
[Layer Freezing] Training last 4 transformer layers (layers 8-11)
[Layer Freezing] Trainable params: 28,384,555 / 108,924,715 (26.1%)
[Round 72] T=2.00  α_ce=1.00  α_kd=1.00
 Round 72 | F1 0.5133 | P 0.6206 | R 0.4376 | Time 45.1s | Comm N/A | Local Avg F1: 0.4378

=== Round 73/100 ===
[Round 73] KD=ON | policy=ema_first
[Layer Freezing] Training last 4 transformer layers (layers 8-11)
[Layer Freezing] Trainable params: 28,384,555 / 108,924,715 (26.1%)
[Layer Freezing] Training last 4 transformer layers (layers 8-11)
[Layer Freezing] Trainable params: 28,384,555 / 108,924,715 (26.1%)
[Layer Freezing] Training last 4 transformer layers (layers 8-11)
[Layer Freezing] Trainable params: 28,384,555 / 108,924,715 (26.1%)
[Layer Freezing] Training last 4 transformer layers (layers 8-11)
[Layer Freezing] Trainable params: 28,384,555 / 108,924,715 (26.1%)
[Layer Freezing] Training last 4 transformer layers (layers 8-11)
[Layer Freezing] Trainable params: 28,384,555 / 108,924,715 (26.1%)
[Layer Freezing] Training last 4 transformer layers (layers 8-11)
[Layer Freezing] Trainable params: 28,384,555 / 108,924,715 (26.1%)
[Layer Freezing] Training last 4 transformer layers (layers 8-11)
[Layer Freezing] Trainable params: 28,384,555 / 108,924,715 (26.1%)
[Layer Freezing] Training last 4 transformer layers (layers 8-11)
[Layer Freezing] Trainable params: 28,384,555 / 108,924,715 (26.1%)
[Layer Freezing] Training last 4 transformer layers (layers 8-11)
[Layer Freezing] Trainable params: 28,384,555 / 108,924,715 (26.1%)
[Layer Freezing] Training last 4 transformer layers (layers 8-11)
[Layer Freezing] Trainable params: 28,384,555 / 108,924,715 (26.1%)
[Round 73] T=2.00  α_ce=1.00  α_kd=1.00
 Round 73 | F1 0.5180 | P 0.6209 | R 0.4444 | Time 44.8s | Comm N/A | Local Avg F1: 0.4452

=== Round 74/100 ===
[Round 74] KD=ON | policy=ema_first
[Layer Freezing] Training last 4 transformer layers (layers 8-11)
[Layer Freezing] Trainable params: 28,384,555 / 108,924,715 (26.1%)
[Layer Freezing] Training last 4 transformer layers (layers 8-11)
[Layer Freezing] Trainable params: 28,384,555 / 108,924,715 (26.1%)
[Layer Freezing] Training last 4 transformer layers (layers 8-11)
[Layer Freezing] Trainable params: 28,384,555 / 108,924,715 (26.1%)
[Layer Freezing] Training last 4 transformer layers (layers 8-11)
[Layer Freezing] Trainable params: 28,384,555 / 108,924,715 (26.1%)
[Layer Freezing] Training last 4 transformer layers (layers 8-11)
[Layer Freezing] Trainable params: 28,384,555 / 108,924,715 (26.1%)
[Layer Freezing] Training last 4 transformer layers (layers 8-11)
[Layer Freezing] Trainable params: 28,384,555 / 108,924,715 (26.1%)
[Layer Freezing] Training last 4 transformer layers (layers 8-11)
[Layer Freezing] Trainable params: 28,384,555 / 108,924,715 (26.1%)
[Layer Freezing] Training last 4 transformer layers (layers 8-11)
[Layer Freezing] Trainable params: 28,384,555 / 108,924,715 (26.1%)
[Layer Freezing] Training last 4 transformer layers (layers 8-11)
[Layer Freezing] Trainable params: 28,384,555 / 108,924,715 (26.1%)
[Layer Freezing] Training last 4 transformer layers (layers 8-11)
[Layer Freezing] Trainable params: 28,384,555 / 108,924,715 (26.1%)
[Round 74] T=2.00  α_ce=1.00  α_kd=1.00
 Round 74 | F1 0.5147 | P 0.6272 | R 0.4364 | Time 45.2s | Comm N/A | Local Avg F1: 0.4373

=== Round 75/100 ===
[Round 75] KD=ON | policy=ema_first
[Layer Freezing] Training last 4 transformer layers (layers 8-11)
[Layer Freezing] Trainable params: 28,384,555 / 108,924,715 (26.1%)
[Layer Freezing] Training last 4 transformer layers (layers 8-11)
[Layer Freezing] Trainable params: 28,384,555 / 108,924,715 (26.1%)
[Layer Freezing] Training last 4 transformer layers (layers 8-11)
[Layer Freezing] Trainable params: 28,384,555 / 108,924,715 (26.1%)
[Layer Freezing] Training last 4 transformer layers (layers 8-11)
[Layer Freezing] Trainable params: 28,384,555 / 108,924,715 (26.1%)
[Layer Freezing] Training last 4 transformer layers (layers 8-11)
[Layer Freezing] Trainable params: 28,384,555 / 108,924,715 (26.1%)
[Layer Freezing] Training last 4 transformer layers (layers 8-11)
[Layer Freezing] Trainable params: 28,384,555 / 108,924,715 (26.1%)
[Layer Freezing] Training last 4 transformer layers (layers 8-11)
[Layer Freezing] Trainable params: 28,384,555 / 108,924,715 (26.1%)
[Layer Freezing] Training last 4 transformer layers (layers 8-11)
[Layer Freezing] Trainable params: 28,384,555 / 108,924,715 (26.1%)
[Layer Freezing] Training last 4 transformer layers (layers 8-11)
[Layer Freezing] Trainable params: 28,384,555 / 108,924,715 (26.1%)
[Layer Freezing] Training last 4 transformer layers (layers 8-11)
[Layer Freezing] Trainable params: 28,384,555 / 108,924,715 (26.1%)
[Round 75] T=2.00  α_ce=1.00  α_kd=1.00
 Round 75 | F1 0.5121 | P 0.6315 | R 0.4307 | Time 45.7s | Comm N/A | Local Avg F1: 0.4389

=== Round 76/100 ===
[Round 76] KD=ON | policy=ema_first
[Layer Freezing] Training last 4 transformer layers (layers 8-11)
[Layer Freezing] Trainable params: 28,384,555 / 108,924,715 (26.1%)
[Layer Freezing] Training last 4 transformer layers (layers 8-11)
[Layer Freezing] Trainable params: 28,384,555 / 108,924,715 (26.1%)
[Layer Freezing] Training last 4 transformer layers (layers 8-11)
[Layer Freezing] Trainable params: 28,384,555 / 108,924,715 (26.1%)
[Layer Freezing] Training last 4 transformer layers (layers 8-11)
[Layer Freezing] Trainable params: 28,384,555 / 108,924,715 (26.1%)
[Layer Freezing] Training last 4 transformer layers (layers 8-11)
[Layer Freezing] Trainable params: 28,384,555 / 108,924,715 (26.1%)
[Layer Freezing] Training last 4 transformer layers (layers 8-11)
[Layer Freezing] Trainable params: 28,384,555 / 108,924,715 (26.1%)
[Layer Freezing] Training last 4 transformer layers (layers 8-11)
[Layer Freezing] Trainable params: 28,384,555 / 108,924,715 (26.1%)
[Layer Freezing] Training last 4 transformer layers (layers 8-11)
[Layer Freezing] Trainable params: 28,384,555 / 108,924,715 (26.1%)
[Layer Freezing] Training last 4 transformer layers (layers 8-11)
[Layer Freezing] Trainable params: 28,384,555 / 108,924,715 (26.1%)
[Layer Freezing] Training last 4 transformer layers (layers 8-11)
[Layer Freezing] Trainable params: 28,384,555 / 108,924,715 (26.1%)
[Round 76] T=2.00  α_ce=1.00  α_kd=1.00
 Round 76 | F1 0.5202 | P 0.6232 | R 0.4464 | Time 45.2s | Comm N/A | Local Avg F1: 0.4453

=== Round 77/100 ===
[Round 77] KD=ON | policy=ema_first
[Layer Freezing] Training last 4 transformer layers (layers 8-11)
[Layer Freezing] Trainable params: 28,384,555 / 108,924,715 (26.1%)
[Layer Freezing] Training last 4 transformer layers (layers 8-11)
[Layer Freezing] Trainable params: 28,384,555 / 108,924,715 (26.1%)
[Layer Freezing] Training last 4 transformer layers (layers 8-11)
[Layer Freezing] Trainable params: 28,384,555 / 108,924,715 (26.1%)
[Layer Freezing] Training last 4 transformer layers (layers 8-11)
[Layer Freezing] Trainable params: 28,384,555 / 108,924,715 (26.1%)
[Layer Freezing] Training last 4 transformer layers (layers 8-11)
[Layer Freezing] Trainable params: 28,384,555 / 108,924,715 (26.1%)
[Layer Freezing] Training last 4 transformer layers (layers 8-11)
[Layer Freezing] Trainable params: 28,384,555 / 108,924,715 (26.1%)
[Layer Freezing] Training last 4 transformer layers (layers 8-11)
[Layer Freezing] Trainable params: 28,384,555 / 108,924,715 (26.1%)
[Layer Freezing] Training last 4 transformer layers (layers 8-11)
[Layer Freezing] Trainable params: 28,384,555 / 108,924,715 (26.1%)
[Layer Freezing] Training last 4 transformer layers (layers 8-11)
[Layer Freezing] Trainable params: 28,384,555 / 108,924,715 (26.1%)
[Layer Freezing] Training last 4 transformer layers (layers 8-11)
[Layer Freezing] Trainable params: 28,384,555 / 108,924,715 (26.1%)
[Round 77] T=2.00  α_ce=1.00  α_kd=1.00
 Round 77 | F1 0.5126 | P 0.6257 | R 0.4342 | Time 44.0s | Comm N/A | Local Avg F1: 0.4416

=== Round 78/100 ===
[Round 78] KD=ON | policy=ema_first
[Layer Freezing] Training last 4 transformer layers (layers 8-11)
[Layer Freezing] Trainable params: 28,384,555 / 108,924,715 (26.1%)
[Layer Freezing] Training last 4 transformer layers (layers 8-11)
[Layer Freezing] Trainable params: 28,384,555 / 108,924,715 (26.1%)
[Layer Freezing] Training last 4 transformer layers (layers 8-11)
[Layer Freezing] Trainable params: 28,384,555 / 108,924,715 (26.1%)
[Layer Freezing] Training last 4 transformer layers (layers 8-11)
[Layer Freezing] Trainable params: 28,384,555 / 108,924,715 (26.1%)
[Layer Freezing] Training last 4 transformer layers (layers 8-11)
[Layer Freezing] Trainable params: 28,384,555 / 108,924,715 (26.1%)
[Layer Freezing] Training last 4 transformer layers (layers 8-11)
[Layer Freezing] Trainable params: 28,384,555 / 108,924,715 (26.1%)
[Layer Freezing] Training last 4 transformer layers (layers 8-11)
[Layer Freezing] Trainable params: 28,384,555 / 108,924,715 (26.1%)
[Layer Freezing] Training last 4 transformer layers (layers 8-11)
[Layer Freezing] Trainable params: 28,384,555 / 108,924,715 (26.1%)
[Layer Freezing] Training last 4 transformer layers (layers 8-11)
[Layer Freezing] Trainable params: 28,384,555 / 108,924,715 (26.1%)
[Layer Freezing] Training last 4 transformer layers (layers 8-11)
[Layer Freezing] Trainable params: 28,384,555 / 108,924,715 (26.1%)
[Round 78] T=2.00  α_ce=1.00  α_kd=1.00
 Round 78 | F1 0.5104 | P 0.6302 | R 0.4288 | Time 45.4s | Comm N/A | Local Avg F1: 0.4407

=== Round 79/100 ===
[Round 79] KD=ON | policy=ema_first
[Layer Freezing] Training last 4 transformer layers (layers 8-11)
[Layer Freezing] Trainable params: 28,384,555 / 108,924,715 (26.1%)
[Layer Freezing] Training last 4 transformer layers (layers 8-11)
[Layer Freezing] Trainable params: 28,384,555 / 108,924,715 (26.1%)
[Layer Freezing] Training last 4 transformer layers (layers 8-11)
[Layer Freezing] Trainable params: 28,384,555 / 108,924,715 (26.1%)
[Layer Freezing] Training last 4 transformer layers (layers 8-11)
[Layer Freezing] Trainable params: 28,384,555 / 108,924,715 (26.1%)
[Layer Freezing] Training last 4 transformer layers (layers 8-11)
[Layer Freezing] Trainable params: 28,384,555 / 108,924,715 (26.1%)
[Layer Freezing] Training last 4 transformer layers (layers 8-11)
[Layer Freezing] Trainable params: 28,384,555 / 108,924,715 (26.1%)
[Layer Freezing] Training last 4 transformer layers (layers 8-11)
[Layer Freezing] Trainable params: 28,384,555 / 108,924,715 (26.1%)
[Layer Freezing] Training last 4 transformer layers (layers 8-11)
[Layer Freezing] Trainable params: 28,384,555 / 108,924,715 (26.1%)
[Layer Freezing] Training last 4 transformer layers (layers 8-11)
[Layer Freezing] Trainable params: 28,384,555 / 108,924,715 (26.1%)
[Layer Freezing] Training last 4 transformer layers (layers 8-11)
[Layer Freezing] Trainable params: 28,384,555 / 108,924,715 (26.1%)
[Round 79] T=2.00  α_ce=1.00  α_kd=1.00
 Round 79 | F1 0.5149 | P 0.6274 | R 0.4365 | Time 46.1s | Comm N/A | Local Avg F1: 0.4421

=== Round 80/100 ===
[Round 80] KD=ON | policy=ema_first
[Layer Freezing] Training last 4 transformer layers (layers 8-11)
[Layer Freezing] Trainable params: 28,384,555 / 108,924,715 (26.1%)
[Layer Freezing] Training last 4 transformer layers (layers 8-11)
[Layer Freezing] Trainable params: 28,384,555 / 108,924,715 (26.1%)
[Layer Freezing] Training last 4 transformer layers (layers 8-11)
[Layer Freezing] Trainable params: 28,384,555 / 108,924,715 (26.1%)
[Layer Freezing] Training last 4 transformer layers (layers 8-11)
[Layer Freezing] Trainable params: 28,384,555 / 108,924,715 (26.1%)
[Layer Freezing] Training last 4 transformer layers (layers 8-11)
[Layer Freezing] Trainable params: 28,384,555 / 108,924,715 (26.1%)
[Layer Freezing] Training last 4 transformer layers (layers 8-11)
[Layer Freezing] Trainable params: 28,384,555 / 108,924,715 (26.1%)
[Layer Freezing] Training last 4 transformer layers (layers 8-11)
[Layer Freezing] Trainable params: 28,384,555 / 108,924,715 (26.1%)
[Layer Freezing] Training last 4 transformer layers (layers 8-11)
[Layer Freezing] Trainable params: 28,384,555 / 108,924,715 (26.1%)
[Layer Freezing] Training last 4 transformer layers (layers 8-11)
[Layer Freezing] Trainable params: 28,384,555 / 108,924,715 (26.1%)
[Layer Freezing] Training last 4 transformer layers (layers 8-11)
[Layer Freezing] Trainable params: 28,384,555 / 108,924,715 (26.1%)
[Round 80] T=2.00  α_ce=1.00  α_kd=1.00
 Round 80 | F1 0.5217 | P 0.6185 | R 0.4510 | Time 43.8s | Comm N/A | Local Avg F1: 0.4486

=== Round 81/100 ===
[Round 81] KD=ON | policy=ema_first
[Layer Freezing] Training last 4 transformer layers (layers 8-11)
[Layer Freezing] Trainable params: 28,384,555 / 108,924,715 (26.1%)
[Layer Freezing] Training last 4 transformer layers (layers 8-11)
[Layer Freezing] Trainable params: 28,384,555 / 108,924,715 (26.1%)
[Layer Freezing] Training last 4 transformer layers (layers 8-11)
[Layer Freezing] Trainable params: 28,384,555 / 108,924,715 (26.1%)
[Layer Freezing] Training last 4 transformer layers (layers 8-11)
[Layer Freezing] Trainable params: 28,384,555 / 108,924,715 (26.1%)
[Layer Freezing] Training last 4 transformer layers (layers 8-11)
[Layer Freezing] Trainable params: 28,384,555 / 108,924,715 (26.1%)
[Layer Freezing] Training last 4 transformer layers (layers 8-11)
[Layer Freezing] Trainable params: 28,384,555 / 108,924,715 (26.1%)
[Layer Freezing] Training last 4 transformer layers (layers 8-11)
[Layer Freezing] Trainable params: 28,384,555 / 108,924,715 (26.1%)
[Layer Freezing] Training last 4 transformer layers (layers 8-11)
[Layer Freezing] Trainable params: 28,384,555 / 108,924,715 (26.1%)
[Layer Freezing] Training last 4 transformer layers (layers 8-11)
[Layer Freezing] Trainable params: 28,384,555 / 108,924,715 (26.1%)
[Layer Freezing] Training last 4 transformer layers (layers 8-11)
[Layer Freezing] Trainable params: 28,384,555 / 108,924,715 (26.1%)
[Round 81] T=2.00  α_ce=1.00  α_kd=1.00
 Round 81 | F1 0.5108 | P 0.6304 | R 0.4294 | Time 45.7s | Comm N/A | Local Avg F1: 0.4413

=== Round 82/100 ===
[Round 82] KD=ON | policy=ema_first
[Layer Freezing] Training last 4 transformer layers (layers 8-11)
[Layer Freezing] Trainable params: 28,384,555 / 108,924,715 (26.1%)
[Layer Freezing] Training last 4 transformer layers (layers 8-11)
[Layer Freezing] Trainable params: 28,384,555 / 108,924,715 (26.1%)
[Layer Freezing] Training last 4 transformer layers (layers 8-11)
[Layer Freezing] Trainable params: 28,384,555 / 108,924,715 (26.1%)
[Layer Freezing] Training last 4 transformer layers (layers 8-11)
[Layer Freezing] Trainable params: 28,384,555 / 108,924,715 (26.1%)
[Layer Freezing] Training last 4 transformer layers (layers 8-11)
[Layer Freezing] Trainable params: 28,384,555 / 108,924,715 (26.1%)
[Layer Freezing] Training last 4 transformer layers (layers 8-11)
[Layer Freezing] Trainable params: 28,384,555 / 108,924,715 (26.1%)
[Layer Freezing] Training last 4 transformer layers (layers 8-11)
[Layer Freezing] Trainable params: 28,384,555 / 108,924,715 (26.1%)
[Layer Freezing] Training last 4 transformer layers (layers 8-11)
[Layer Freezing] Trainable params: 28,384,555 / 108,924,715 (26.1%)
[Layer Freezing] Training last 4 transformer layers (layers 8-11)
[Layer Freezing] Trainable params: 28,384,555 / 108,924,715 (26.1%)
[Layer Freezing] Training last 4 transformer layers (layers 8-11)
[Layer Freezing] Trainable params: 28,384,555 / 108,924,715 (26.1%)
[Round 82] T=2.00  α_ce=1.00  α_kd=1.00
 Round 82 | F1 0.5148 | P 0.6251 | R 0.4375 | Time 45.7s | Comm N/A | Local Avg F1: 0.4442

=== Round 83/100 ===
[Round 83] KD=ON | policy=ema_first
[Layer Freezing] Training last 4 transformer layers (layers 8-11)
[Layer Freezing] Trainable params: 28,384,555 / 108,924,715 (26.1%)
[Layer Freezing] Training last 4 transformer layers (layers 8-11)
[Layer Freezing] Trainable params: 28,384,555 / 108,924,715 (26.1%)
[Layer Freezing] Training last 4 transformer layers (layers 8-11)
[Layer Freezing] Trainable params: 28,384,555 / 108,924,715 (26.1%)
[Layer Freezing] Training last 4 transformer layers (layers 8-11)
[Layer Freezing] Trainable params: 28,384,555 / 108,924,715 (26.1%)
[Layer Freezing] Training last 4 transformer layers (layers 8-11)
[Layer Freezing] Trainable params: 28,384,555 / 108,924,715 (26.1%)
[Layer Freezing] Training last 4 transformer layers (layers 8-11)
[Layer Freezing] Trainable params: 28,384,555 / 108,924,715 (26.1%)
[Layer Freezing] Training last 4 transformer layers (layers 8-11)
[Layer Freezing] Trainable params: 28,384,555 / 108,924,715 (26.1%)
[Layer Freezing] Training last 4 transformer layers (layers 8-11)
[Layer Freezing] Trainable params: 28,384,555 / 108,924,715 (26.1%)
[Layer Freezing] Training last 4 transformer layers (layers 8-11)
[Layer Freezing] Trainable params: 28,384,555 / 108,924,715 (26.1%)
[Layer Freezing] Training last 4 transformer layers (layers 8-11)
[Layer Freezing] Trainable params: 28,384,555 / 108,924,715 (26.1%)
[Round 83] T=2.00  α_ce=1.00  α_kd=1.00
 Round 83 | F1 0.5182 | P 0.6227 | R 0.4438 | Time 45.4s | Comm N/A | Local Avg F1: 0.4470

=== Round 84/100 ===
[Round 84] KD=ON | policy=ema_first
[Layer Freezing] Training last 4 transformer layers (layers 8-11)
[Layer Freezing] Trainable params: 28,384,555 / 108,924,715 (26.1%)
[Layer Freezing] Training last 4 transformer layers (layers 8-11)
[Layer Freezing] Trainable params: 28,384,555 / 108,924,715 (26.1%)
[Layer Freezing] Training last 4 transformer layers (layers 8-11)
[Layer Freezing] Trainable params: 28,384,555 / 108,924,715 (26.1%)
[Layer Freezing] Training last 4 transformer layers (layers 8-11)
[Layer Freezing] Trainable params: 28,384,555 / 108,924,715 (26.1%)
[Layer Freezing] Training last 4 transformer layers (layers 8-11)
[Layer Freezing] Trainable params: 28,384,555 / 108,924,715 (26.1%)
[Layer Freezing] Training last 4 transformer layers (layers 8-11)
[Layer Freezing] Trainable params: 28,384,555 / 108,924,715 (26.1%)
[Layer Freezing] Training last 4 transformer layers (layers 8-11)
[Layer Freezing] Trainable params: 28,384,555 / 108,924,715 (26.1%)
[Layer Freezing] Training last 4 transformer layers (layers 8-11)
[Layer Freezing] Trainable params: 28,384,555 / 108,924,715 (26.1%)
[Layer Freezing] Training last 4 transformer layers (layers 8-11)
[Layer Freezing] Trainable params: 28,384,555 / 108,924,715 (26.1%)
[Layer Freezing] Training last 4 transformer layers (layers 8-11)
[Layer Freezing] Trainable params: 28,384,555 / 108,924,715 (26.1%)
[Round 84] T=2.00  α_ce=1.00  α_kd=1.00
 Round 84 | F1 0.5265 | P 0.6234 | R 0.4557 | Time 45.7s | Comm N/A | Local Avg F1: 0.4542

=== Round 85/100 ===
[Round 85] KD=ON | policy=ema_first
[Layer Freezing] Training last 4 transformer layers (layers 8-11)
[Layer Freezing] Trainable params: 28,384,555 / 108,924,715 (26.1%)
[Layer Freezing] Training last 4 transformer layers (layers 8-11)
[Layer Freezing] Trainable params: 28,384,555 / 108,924,715 (26.1%)
[Layer Freezing] Training last 4 transformer layers (layers 8-11)
[Layer Freezing] Trainable params: 28,384,555 / 108,924,715 (26.1%)
[Layer Freezing] Training last 4 transformer layers (layers 8-11)
[Layer Freezing] Trainable params: 28,384,555 / 108,924,715 (26.1%)
[Layer Freezing] Training last 4 transformer layers (layers 8-11)
[Layer Freezing] Trainable params: 28,384,555 / 108,924,715 (26.1%)
[Layer Freezing] Training last 4 transformer layers (layers 8-11)
[Layer Freezing] Trainable params: 28,384,555 / 108,924,715 (26.1%)
[Layer Freezing] Training last 4 transformer layers (layers 8-11)
[Layer Freezing] Trainable params: 28,384,555 / 108,924,715 (26.1%)
[Layer Freezing] Training last 4 transformer layers (layers 8-11)
[Layer Freezing] Trainable params: 28,384,555 / 108,924,715 (26.1%)
[Layer Freezing] Training last 4 transformer layers (layers 8-11)
[Layer Freezing] Trainable params: 28,384,555 / 108,924,715 (26.1%)
[Layer Freezing] Training last 4 transformer layers (layers 8-11)
[Layer Freezing] Trainable params: 28,384,555 / 108,924,715 (26.1%)
[Round 85] T=2.00  α_ce=1.00  α_kd=1.00
 Round 85 | F1 0.5186 | P 0.6314 | R 0.4400 | Time 45.3s | Comm N/A | Local Avg F1: 0.4466

=== Round 86/100 ===
[Round 86] KD=ON | policy=ema_first
[Layer Freezing] Training last 4 transformer layers (layers 8-11)
[Layer Freezing] Trainable params: 28,384,555 / 108,924,715 (26.1%)
[Layer Freezing] Training last 4 transformer layers (layers 8-11)
[Layer Freezing] Trainable params: 28,384,555 / 108,924,715 (26.1%)
[Layer Freezing] Training last 4 transformer layers (layers 8-11)
[Layer Freezing] Trainable params: 28,384,555 / 108,924,715 (26.1%)
[Layer Freezing] Training last 4 transformer layers (layers 8-11)
[Layer Freezing] Trainable params: 28,384,555 / 108,924,715 (26.1%)
[Layer Freezing] Training last 4 transformer layers (layers 8-11)
[Layer Freezing] Trainable params: 28,384,555 / 108,924,715 (26.1%)
[Layer Freezing] Training last 4 transformer layers (layers 8-11)
[Layer Freezing] Trainable params: 28,384,555 / 108,924,715 (26.1%)
[Layer Freezing] Training last 4 transformer layers (layers 8-11)
[Layer Freezing] Trainable params: 28,384,555 / 108,924,715 (26.1%)
[Layer Freezing] Training last 4 transformer layers (layers 8-11)
[Layer Freezing] Trainable params: 28,384,555 / 108,924,715 (26.1%)
[Layer Freezing] Training last 4 transformer layers (layers 8-11)
[Layer Freezing] Trainable params: 28,384,555 / 108,924,715 (26.1%)
[Layer Freezing] Training last 4 transformer layers (layers 8-11)
[Layer Freezing] Trainable params: 28,384,555 / 108,924,715 (26.1%)
[Round 86] T=2.00  α_ce=1.00  α_kd=1.00
 Round 86 | F1 0.5198 | P 0.6270 | R 0.4439 | Time 44.6s | Comm N/A | Local Avg F1: 0.4461

=== Round 87/100 ===
[Round 87] KD=ON | policy=ema_first
[Layer Freezing] Training last 4 transformer layers (layers 8-11)
[Layer Freezing] Trainable params: 28,384,555 / 108,924,715 (26.1%)
[Layer Freezing] Training last 4 transformer layers (layers 8-11)
[Layer Freezing] Trainable params: 28,384,555 / 108,924,715 (26.1%)
[Layer Freezing] Training last 4 transformer layers (layers 8-11)
[Layer Freezing] Trainable params: 28,384,555 / 108,924,715 (26.1%)
[Layer Freezing] Training last 4 transformer layers (layers 8-11)
[Layer Freezing] Trainable params: 28,384,555 / 108,924,715 (26.1%)
[Layer Freezing] Training last 4 transformer layers (layers 8-11)
[Layer Freezing] Trainable params: 28,384,555 / 108,924,715 (26.1%)
[Layer Freezing] Training last 4 transformer layers (layers 8-11)
[Layer Freezing] Trainable params: 28,384,555 / 108,924,715 (26.1%)
[Layer Freezing] Training last 4 transformer layers (layers 8-11)
[Layer Freezing] Trainable params: 28,384,555 / 108,924,715 (26.1%)
[Layer Freezing] Training last 4 transformer layers (layers 8-11)
[Layer Freezing] Trainable params: 28,384,555 / 108,924,715 (26.1%)
[Layer Freezing] Training last 4 transformer layers (layers 8-11)
[Layer Freezing] Trainable params: 28,384,555 / 108,924,715 (26.1%)
[Layer Freezing] Training last 4 transformer layers (layers 8-11)
[Layer Freezing] Trainable params: 28,384,555 / 108,924,715 (26.1%)
[Round 87] T=2.00  α_ce=1.00  α_kd=1.00
 Round 87 | F1 0.5261 | P 0.6244 | R 0.4545 | Time 45.9s | Comm N/A | Local Avg F1: 0.4541

=== Round 88/100 ===
[Round 88] KD=ON | policy=ema_first
[Layer Freezing] Training last 4 transformer layers (layers 8-11)
[Layer Freezing] Trainable params: 28,384,555 / 108,924,715 (26.1%)
[Layer Freezing] Training last 4 transformer layers (layers 8-11)
[Layer Freezing] Trainable params: 28,384,555 / 108,924,715 (26.1%)
[Layer Freezing] Training last 4 transformer layers (layers 8-11)
[Layer Freezing] Trainable params: 28,384,555 / 108,924,715 (26.1%)
[Layer Freezing] Training last 4 transformer layers (layers 8-11)
[Layer Freezing] Trainable params: 28,384,555 / 108,924,715 (26.1%)
[Layer Freezing] Training last 4 transformer layers (layers 8-11)
[Layer Freezing] Trainable params: 28,384,555 / 108,924,715 (26.1%)
[Layer Freezing] Training last 4 transformer layers (layers 8-11)
[Layer Freezing] Trainable params: 28,384,555 / 108,924,715 (26.1%)
[Layer Freezing] Training last 4 transformer layers (layers 8-11)
[Layer Freezing] Trainable params: 28,384,555 / 108,924,715 (26.1%)
[Layer Freezing] Training last 4 transformer layers (layers 8-11)
[Layer Freezing] Trainable params: 28,384,555 / 108,924,715 (26.1%)
[Layer Freezing] Training last 4 transformer layers (layers 8-11)
[Layer Freezing] Trainable params: 28,384,555 / 108,924,715 (26.1%)
[Layer Freezing] Training last 4 transformer layers (layers 8-11)
[Layer Freezing] Trainable params: 28,384,555 / 108,924,715 (26.1%)
[Round 88] T=2.00  α_ce=1.00  α_kd=1.00
 Round 88 | F1 0.5277 | P 0.6233 | R 0.4575 | Time 45.8s | Comm N/A | Local Avg F1: 0.4550

=== Round 89/100 ===
[Round 89] KD=ON | policy=ema_first
[Layer Freezing] Training last 4 transformer layers (layers 8-11)
[Layer Freezing] Trainable params: 28,384,555 / 108,924,715 (26.1%)
[Layer Freezing] Training last 4 transformer layers (layers 8-11)
[Layer Freezing] Trainable params: 28,384,555 / 108,924,715 (26.1%)
[Layer Freezing] Training last 4 transformer layers (layers 8-11)
[Layer Freezing] Trainable params: 28,384,555 / 108,924,715 (26.1%)
[Layer Freezing] Training last 4 transformer layers (layers 8-11)
[Layer Freezing] Trainable params: 28,384,555 / 108,924,715 (26.1%)
[Layer Freezing] Training last 4 transformer layers (layers 8-11)
[Layer Freezing] Trainable params: 28,384,555 / 108,924,715 (26.1%)
[Layer Freezing] Training last 4 transformer layers (layers 8-11)
[Layer Freezing] Trainable params: 28,384,555 / 108,924,715 (26.1%)
[Layer Freezing] Training last 4 transformer layers (layers 8-11)
[Layer Freezing] Trainable params: 28,384,555 / 108,924,715 (26.1%)
[Layer Freezing] Training last 4 transformer layers (layers 8-11)
[Layer Freezing] Trainable params: 28,384,555 / 108,924,715 (26.1%)
[Layer Freezing] Training last 4 transformer layers (layers 8-11)
[Layer Freezing] Trainable params: 28,384,555 / 108,924,715 (26.1%)
[Layer Freezing] Training last 4 transformer layers (layers 8-11)
[Layer Freezing] Trainable params: 28,384,555 / 108,924,715 (26.1%)
[Round 89] T=2.00  α_ce=1.00  α_kd=1.00
 Round 89 | F1 0.5205 | P 0.6305 | R 0.4432 | Time 45.2s | Comm N/A | Local Avg F1: 0.4497

=== Round 90/100 ===
[Round 90] KD=ON | policy=ema_first
[Layer Freezing] Training last 4 transformer layers (layers 8-11)
[Layer Freezing] Trainable params: 28,384,555 / 108,924,715 (26.1%)
[Layer Freezing] Training last 4 transformer layers (layers 8-11)
[Layer Freezing] Trainable params: 28,384,555 / 108,924,715 (26.1%)
[Layer Freezing] Training last 4 transformer layers (layers 8-11)
[Layer Freezing] Trainable params: 28,384,555 / 108,924,715 (26.1%)
[Layer Freezing] Training last 4 transformer layers (layers 8-11)
[Layer Freezing] Trainable params: 28,384,555 / 108,924,715 (26.1%)
[Layer Freezing] Training last 4 transformer layers (layers 8-11)
[Layer Freezing] Trainable params: 28,384,555 / 108,924,715 (26.1%)
[Layer Freezing] Training last 4 transformer layers (layers 8-11)
[Layer Freezing] Trainable params: 28,384,555 / 108,924,715 (26.1%)
[Layer Freezing] Training last 4 transformer layers (layers 8-11)
[Layer Freezing] Trainable params: 28,384,555 / 108,924,715 (26.1%)
[Layer Freezing] Training last 4 transformer layers (layers 8-11)
[Layer Freezing] Trainable params: 28,384,555 / 108,924,715 (26.1%)
[Layer Freezing] Training last 4 transformer layers (layers 8-11)
[Layer Freezing] Trainable params: 28,384,555 / 108,924,715 (26.1%)
[Layer Freezing] Training last 4 transformer layers (layers 8-11)
[Layer Freezing] Trainable params: 28,384,555 / 108,924,715 (26.1%)
[Round 90] T=2.00  α_ce=1.00  α_kd=1.00
 Round 90 | F1 0.5221 | P 0.6315 | R 0.4450 | Time 46.2s | Comm N/A | Local Avg F1: 0.4514

=== Round 91/100 ===
[Round 91] KD=ON | policy=ema_first
[Layer Freezing] Training last 4 transformer layers (layers 8-11)
[Layer Freezing] Trainable params: 28,384,555 / 108,924,715 (26.1%)
[Layer Freezing] Training last 4 transformer layers (layers 8-11)
[Layer Freezing] Trainable params: 28,384,555 / 108,924,715 (26.1%)
[Layer Freezing] Training last 4 transformer layers (layers 8-11)
[Layer Freezing] Trainable params: 28,384,555 / 108,924,715 (26.1%)
[Layer Freezing] Training last 4 transformer layers (layers 8-11)
[Layer Freezing] Trainable params: 28,384,555 / 108,924,715 (26.1%)
[Layer Freezing] Training last 4 transformer layers (layers 8-11)
[Layer Freezing] Trainable params: 28,384,555 / 108,924,715 (26.1%)
[Layer Freezing] Training last 4 transformer layers (layers 8-11)
[Layer Freezing] Trainable params: 28,384,555 / 108,924,715 (26.1%)
[Layer Freezing] Training last 4 transformer layers (layers 8-11)
[Layer Freezing] Trainable params: 28,384,555 / 108,924,715 (26.1%)
[Layer Freezing] Training last 4 transformer layers (layers 8-11)
[Layer Freezing] Trainable params: 28,384,555 / 108,924,715 (26.1%)
[Layer Freezing] Training last 4 transformer layers (layers 8-11)
[Layer Freezing] Trainable params: 28,384,555 / 108,924,715 (26.1%)
[Layer Freezing] Training last 4 transformer layers (layers 8-11)
[Layer Freezing] Trainable params: 28,384,555 / 108,924,715 (26.1%)
[Round 91] T=2.00  α_ce=1.00  α_kd=1.00
 Round 91 | F1 0.5199 | P 0.6336 | R 0.4408 | Time 45.7s | Comm N/A | Local Avg F1: 0.4496

=== Round 92/100 ===
[Round 92] KD=ON | policy=ema_first
[Layer Freezing] Training last 4 transformer layers (layers 8-11)
[Layer Freezing] Trainable params: 28,384,555 / 108,924,715 (26.1%)
[Layer Freezing] Training last 4 transformer layers (layers 8-11)
[Layer Freezing] Trainable params: 28,384,555 / 108,924,715 (26.1%)
[Layer Freezing] Training last 4 transformer layers (layers 8-11)
[Layer Freezing] Trainable params: 28,384,555 / 108,924,715 (26.1%)
[Layer Freezing] Training last 4 transformer layers (layers 8-11)
[Layer Freezing] Trainable params: 28,384,555 / 108,924,715 (26.1%)
[Layer Freezing] Training last 4 transformer layers (layers 8-11)
[Layer Freezing] Trainable params: 28,384,555 / 108,924,715 (26.1%)
[Layer Freezing] Training last 4 transformer layers (layers 8-11)
[Layer Freezing] Trainable params: 28,384,555 / 108,924,715 (26.1%)
[Layer Freezing] Training last 4 transformer layers (layers 8-11)
[Layer Freezing] Trainable params: 28,384,555 / 108,924,715 (26.1%)
[Layer Freezing] Training last 4 transformer layers (layers 8-11)
[Layer Freezing] Trainable params: 28,384,555 / 108,924,715 (26.1%)
[Layer Freezing] Training last 4 transformer layers (layers 8-11)
[Layer Freezing] Trainable params: 28,384,555 / 108,924,715 (26.1%)
[Layer Freezing] Training last 4 transformer layers (layers 8-11)
[Layer Freezing] Trainable params: 28,384,555 / 108,924,715 (26.1%)
[Round 92] T=2.00  α_ce=1.00  α_kd=1.00
 Round 92 | F1 0.5251 | P 0.6289 | R 0.4507 | Time 45.1s | Comm N/A | Local Avg F1: 0.4541

=== Round 93/100 ===
[Round 93] KD=ON | policy=ema_first
[Layer Freezing] Training last 4 transformer layers (layers 8-11)
[Layer Freezing] Trainable params: 28,384,555 / 108,924,715 (26.1%)
[Layer Freezing] Training last 4 transformer layers (layers 8-11)
[Layer Freezing] Trainable params: 28,384,555 / 108,924,715 (26.1%)
[Layer Freezing] Training last 4 transformer layers (layers 8-11)
[Layer Freezing] Trainable params: 28,384,555 / 108,924,715 (26.1%)
[Layer Freezing] Training last 4 transformer layers (layers 8-11)
[Layer Freezing] Trainable params: 28,384,555 / 108,924,715 (26.1%)
[Layer Freezing] Training last 4 transformer layers (layers 8-11)
[Layer Freezing] Trainable params: 28,384,555 / 108,924,715 (26.1%)
[Layer Freezing] Training last 4 transformer layers (layers 8-11)
[Layer Freezing] Trainable params: 28,384,555 / 108,924,715 (26.1%)
[Layer Freezing] Training last 4 transformer layers (layers 8-11)
[Layer Freezing] Trainable params: 28,384,555 / 108,924,715 (26.1%)
[Layer Freezing] Training last 4 transformer layers (layers 8-11)
[Layer Freezing] Trainable params: 28,384,555 / 108,924,715 (26.1%)
[Layer Freezing] Training last 4 transformer layers (layers 8-11)
[Layer Freezing] Trainable params: 28,384,555 / 108,924,715 (26.1%)
[Layer Freezing] Training last 4 transformer layers (layers 8-11)
[Layer Freezing] Trainable params: 28,384,555 / 108,924,715 (26.1%)
[Round 93] T=2.00  α_ce=1.00  α_kd=1.00
 Round 93 | F1 0.5244 | P 0.6297 | R 0.4493 | Time 45.5s | Comm N/A | Local Avg F1: 0.4537

=== Round 94/100 ===
[Round 94] KD=ON | policy=ema_first
[Layer Freezing] Training last 4 transformer layers (layers 8-11)
[Layer Freezing] Trainable params: 28,384,555 / 108,924,715 (26.1%)
[Layer Freezing] Training last 4 transformer layers (layers 8-11)
[Layer Freezing] Trainable params: 28,384,555 / 108,924,715 (26.1%)
[Layer Freezing] Training last 4 transformer layers (layers 8-11)
[Layer Freezing] Trainable params: 28,384,555 / 108,924,715 (26.1%)
[Layer Freezing] Training last 4 transformer layers (layers 8-11)
[Layer Freezing] Trainable params: 28,384,555 / 108,924,715 (26.1%)
[Layer Freezing] Training last 4 transformer layers (layers 8-11)
[Layer Freezing] Trainable params: 28,384,555 / 108,924,715 (26.1%)
[Layer Freezing] Training last 4 transformer layers (layers 8-11)
[Layer Freezing] Trainable params: 28,384,555 / 108,924,715 (26.1%)
[Layer Freezing] Training last 4 transformer layers (layers 8-11)
[Layer Freezing] Trainable params: 28,384,555 / 108,924,715 (26.1%)
[Layer Freezing] Training last 4 transformer layers (layers 8-11)
[Layer Freezing] Trainable params: 28,384,555 / 108,924,715 (26.1%)
[Layer Freezing] Training last 4 transformer layers (layers 8-11)
[Layer Freezing] Trainable params: 28,384,555 / 108,924,715 (26.1%)
[Layer Freezing] Training last 4 transformer layers (layers 8-11)
[Layer Freezing] Trainable params: 28,384,555 / 108,924,715 (26.1%)
[Round 94] T=2.00  α_ce=1.00  α_kd=1.00
 Round 94 | F1 0.5317 | P 0.6191 | R 0.4660 | Time 45.7s | Comm N/A | Local Avg F1: 0.4582

=== Round 95/100 ===
[Round 95] KD=ON | policy=ema_first
[Layer Freezing] Training last 4 transformer layers (layers 8-11)
[Layer Freezing] Trainable params: 28,384,555 / 108,924,715 (26.1%)
[Layer Freezing] Training last 4 transformer layers (layers 8-11)
[Layer Freezing] Trainable params: 28,384,555 / 108,924,715 (26.1%)
[Layer Freezing] Training last 4 transformer layers (layers 8-11)
[Layer Freezing] Trainable params: 28,384,555 / 108,924,715 (26.1%)
[Layer Freezing] Training last 4 transformer layers (layers 8-11)
[Layer Freezing] Trainable params: 28,384,555 / 108,924,715 (26.1%)
[Layer Freezing] Training last 4 transformer layers (layers 8-11)
[Layer Freezing] Trainable params: 28,384,555 / 108,924,715 (26.1%)
[Layer Freezing] Training last 4 transformer layers (layers 8-11)
[Layer Freezing] Trainable params: 28,384,555 / 108,924,715 (26.1%)
[Layer Freezing] Training last 4 transformer layers (layers 8-11)
[Layer Freezing] Trainable params: 28,384,555 / 108,924,715 (26.1%)
[Layer Freezing] Training last 4 transformer layers (layers 8-11)
[Layer Freezing] Trainable params: 28,384,555 / 108,924,715 (26.1%)
[Layer Freezing] Training last 4 transformer layers (layers 8-11)
[Layer Freezing] Trainable params: 28,384,555 / 108,924,715 (26.1%)
[Layer Freezing] Training last 4 transformer layers (layers 8-11)
[Layer Freezing] Trainable params: 28,384,555 / 108,924,715 (26.1%)
[Round 95] T=2.00  α_ce=1.00  α_kd=1.00
 Round 95 | F1 0.5291 | P 0.6232 | R 0.4597 | Time 44.1s | Comm N/A | Local Avg F1: 0.4584

=== Round 96/100 ===
[Round 96] KD=ON | policy=ema_first
[Layer Freezing] Training last 4 transformer layers (layers 8-11)
[Layer Freezing] Trainable params: 28,384,555 / 108,924,715 (26.1%)
[Layer Freezing] Training last 4 transformer layers (layers 8-11)
[Layer Freezing] Trainable params: 28,384,555 / 108,924,715 (26.1%)
[Layer Freezing] Training last 4 transformer layers (layers 8-11)
[Layer Freezing] Trainable params: 28,384,555 / 108,924,715 (26.1%)
[Layer Freezing] Training last 4 transformer layers (layers 8-11)
[Layer Freezing] Trainable params: 28,384,555 / 108,924,715 (26.1%)
[Layer Freezing] Training last 4 transformer layers (layers 8-11)
[Layer Freezing] Trainable params: 28,384,555 / 108,924,715 (26.1%)
[Layer Freezing] Training last 4 transformer layers (layers 8-11)
[Layer Freezing] Trainable params: 28,384,555 / 108,924,715 (26.1%)
[Layer Freezing] Training last 4 transformer layers (layers 8-11)
[Layer Freezing] Trainable params: 28,384,555 / 108,924,715 (26.1%)
[Layer Freezing] Training last 4 transformer layers (layers 8-11)
[Layer Freezing] Trainable params: 28,384,555 / 108,924,715 (26.1%)
[Layer Freezing] Training last 4 transformer layers (layers 8-11)
[Layer Freezing] Trainable params: 28,384,555 / 108,924,715 (26.1%)
[Layer Freezing] Training last 4 transformer layers (layers 8-11)
[Layer Freezing] Trainable params: 28,384,555 / 108,924,715 (26.1%)
[Round 96] T=2.00  α_ce=1.00  α_kd=1.00
 Round 96 | F1 0.5210 | P 0.6355 | R 0.4415 | Time 45.7s | Comm N/A | Local Avg F1: 0.4518

=== Round 97/100 ===
[Round 97] KD=ON | policy=ema_first
[Layer Freezing] Training last 4 transformer layers (layers 8-11)
[Layer Freezing] Trainable params: 28,384,555 / 108,924,715 (26.1%)
[Layer Freezing] Training last 4 transformer layers (layers 8-11)
[Layer Freezing] Trainable params: 28,384,555 / 108,924,715 (26.1%)
[Layer Freezing] Training last 4 transformer layers (layers 8-11)
[Layer Freezing] Trainable params: 28,384,555 / 108,924,715 (26.1%)
[Layer Freezing] Training last 4 transformer layers (layers 8-11)
[Layer Freezing] Trainable params: 28,384,555 / 108,924,715 (26.1%)
[Layer Freezing] Training last 4 transformer layers (layers 8-11)
[Layer Freezing] Trainable params: 28,384,555 / 108,924,715 (26.1%)
[Layer Freezing] Training last 4 transformer layers (layers 8-11)
[Layer Freezing] Trainable params: 28,384,555 / 108,924,715 (26.1%)
[Layer Freezing] Training last 4 transformer layers (layers 8-11)
[Layer Freezing] Trainable params: 28,384,555 / 108,924,715 (26.1%)
[Layer Freezing] Training last 4 transformer layers (layers 8-11)
[Layer Freezing] Trainable params: 28,384,555 / 108,924,715 (26.1%)
[Layer Freezing] Training last 4 transformer layers (layers 8-11)
[Layer Freezing] Trainable params: 28,384,555 / 108,924,715 (26.1%)
[Layer Freezing] Training last 4 transformer layers (layers 8-11)
[Layer Freezing] Trainable params: 28,384,555 / 108,924,715 (26.1%)
[Round 97] T=2.00  α_ce=1.00  α_kd=1.00
 Round 97 | F1 0.5245 | P 0.6339 | R 0.4472 | Time 45.9s | Comm N/A | Local Avg F1: 0.4569

=== Round 98/100 ===
[Round 98] KD=ON | policy=ema_first
[Layer Freezing] Training last 4 transformer layers (layers 8-11)
[Layer Freezing] Trainable params: 28,384,555 / 108,924,715 (26.1%)
[Layer Freezing] Training last 4 transformer layers (layers 8-11)
[Layer Freezing] Trainable params: 28,384,555 / 108,924,715 (26.1%)
[Layer Freezing] Training last 4 transformer layers (layers 8-11)
[Layer Freezing] Trainable params: 28,384,555 / 108,924,715 (26.1%)
[Layer Freezing] Training last 4 transformer layers (layers 8-11)
[Layer Freezing] Trainable params: 28,384,555 / 108,924,715 (26.1%)
[Layer Freezing] Training last 4 transformer layers (layers 8-11)
[Layer Freezing] Trainable params: 28,384,555 / 108,924,715 (26.1%)
[Layer Freezing] Training last 4 transformer layers (layers 8-11)
[Layer Freezing] Trainable params: 28,384,555 / 108,924,715 (26.1%)
[Layer Freezing] Training last 4 transformer layers (layers 8-11)
[Layer Freezing] Trainable params: 28,384,555 / 108,924,715 (26.1%)
[Layer Freezing] Training last 4 transformer layers (layers 8-11)
[Layer Freezing] Trainable params: 28,384,555 / 108,924,715 (26.1%)
[Layer Freezing] Training last 4 transformer layers (layers 8-11)
[Layer Freezing] Trainable params: 28,384,555 / 108,924,715 (26.1%)
[Layer Freezing] Training last 4 transformer layers (layers 8-11)
[Layer Freezing] Trainable params: 28,384,555 / 108,924,715 (26.1%)
[Round 98] T=2.00  α_ce=1.00  α_kd=1.00
 Round 98 | F1 0.5340 | P 0.6235 | R 0.4670 | Time 44.8s | Comm N/A | Local Avg F1: 0.4603

=== Round 99/100 ===
[Round 99] KD=ON | policy=ema_first
[Layer Freezing] Training last 4 transformer layers (layers 8-11)
[Layer Freezing] Trainable params: 28,384,555 / 108,924,715 (26.1%)
[Layer Freezing] Training last 4 transformer layers (layers 8-11)
[Layer Freezing] Trainable params: 28,384,555 / 108,924,715 (26.1%)
[Layer Freezing] Training last 4 transformer layers (layers 8-11)
[Layer Freezing] Trainable params: 28,384,555 / 108,924,715 (26.1%)
[Layer Freezing] Training last 4 transformer layers (layers 8-11)
[Layer Freezing] Trainable params: 28,384,555 / 108,924,715 (26.1%)
[Layer Freezing] Training last 4 transformer layers (layers 8-11)
[Layer Freezing] Trainable params: 28,384,555 / 108,924,715 (26.1%)
[Layer Freezing] Training last 4 transformer layers (layers 8-11)
[Layer Freezing] Trainable params: 28,384,555 / 108,924,715 (26.1%)
[Layer Freezing] Training last 4 transformer layers (layers 8-11)
[Layer Freezing] Trainable params: 28,384,555 / 108,924,715 (26.1%)
[Layer Freezing] Training last 4 transformer layers (layers 8-11)
[Layer Freezing] Trainable params: 28,384,555 / 108,924,715 (26.1%)
[Layer Freezing] Training last 4 transformer layers (layers 8-11)
[Layer Freezing] Trainable params: 28,384,555 / 108,924,715 (26.1%)
[Layer Freezing] Training last 4 transformer layers (layers 8-11)
[Layer Freezing] Trainable params: 28,384,555 / 108,924,715 (26.1%)
[Round 99] T=2.00  α_ce=1.00  α_kd=1.00
 Round 99 | F1 0.5309 | P 0.6313 | R 0.4580 | Time 44.8s | Comm N/A | Local Avg F1: 0.4598

=== Round 100/100 ===
[Round 100] KD=ON | policy=ema_first
[Layer Freezing] Training last 4 transformer layers (layers 8-11)
[Layer Freezing] Trainable params: 28,384,555 / 108,924,715 (26.1%)
[Layer Freezing] Training last 4 transformer layers (layers 8-11)
[Layer Freezing] Trainable params: 28,384,555 / 108,924,715 (26.1%)
[Layer Freezing] Training last 4 transformer layers (layers 8-11)
[Layer Freezing] Trainable params: 28,384,555 / 108,924,715 (26.1%)
[Layer Freezing] Training last 4 transformer layers (layers 8-11)
[Layer Freezing] Trainable params: 28,384,555 / 108,924,715 (26.1%)
[Layer Freezing] Training last 4 transformer layers (layers 8-11)
[Layer Freezing] Trainable params: 28,384,555 / 108,924,715 (26.1%)
[Layer Freezing] Training last 4 transformer layers (layers 8-11)
[Layer Freezing] Trainable params: 28,384,555 / 108,924,715 (26.1%)
[Layer Freezing] Training last 4 transformer layers (layers 8-11)
[Layer Freezing] Trainable params: 28,384,555 / 108,924,715 (26.1%)
[Layer Freezing] Training last 4 transformer layers (layers 8-11)
[Layer Freezing] Trainable params: 28,384,555 / 108,924,715 (26.1%)
[Layer Freezing] Training last 4 transformer layers (layers 8-11)
[Layer Freezing] Trainable params: 28,384,555 / 108,924,715 (26.1%)
[Layer Freezing] Training last 4 transformer layers (layers 8-11)
[Layer Freezing] Trainable params: 28,384,555 / 108,924,715 (26.1%)
[Round 100] T=2.00  α_ce=1.00  α_kd=1.00
 Round 100 | F1 0.5370 | P 0.6243 | R 0.4711 | Time 45.9s | Comm N/A | Local Avg F1: 0.4639
[save_json] Saved: results/FedSAD_20250820_080934/fed_results.json
[save_json] Backup: results/FedSAD_20250820_080934/fed_results_20250820_092505.json
== FedSAD 0.01==
📁 从本地加载模型: /root/autodl-tmp/new/fedner/models/microsoft_BiomedNLP-PubMedBERT-base-uncased-abstract
Some weights of BertForTokenClassification were not initialized from the model checkpoint at /root/autodl-tmp/new/fedner/models/microsoft_BiomedNLP-PubMedBERT-base-uncased-abstract and are newly initialized because the shapes did not match:
- classifier.bias: found shape torch.Size([2]) in the checkpoint and torch.Size([43]) in the model instantiated
- classifier.weight: found shape torch.Size([2, 768]) in the checkpoint and torch.Size([43, 768]) in the model instantiated
You should probably TRAIN this model on a down-stream task to be able to use it for predictions and inference.
Using device: cuda
📁 从本地加载模型: /root/autodl-tmp/new/fedner/models/microsoft_BiomedNLP-PubMedBERT-base-uncased-abstract
Some weights of BertForTokenClassification were not initialized from the model checkpoint at /root/autodl-tmp/new/fedner/models/microsoft_BiomedNLP-PubMedBERT-base-uncased-abstract and are newly initialized because the shapes did not match:
- classifier.bias: found shape torch.Size([2]) in the checkpoint and torch.Size([43]) in the model instantiated
- classifier.weight: found shape torch.Size([2, 768]) in the checkpoint and torch.Size([43, 768]) in the model instantiated
You should probably TRAIN this model on a down-stream task to be able to use it for predictions and inference.

============================================================
EXPERIMENT CONFIGURATION
============================================================
Algorithm: FedSAD | Clients: 10 (100% per round) | Rounds: 100, Local epochs: 2 | Training: Last 4 layers | Sampling: 200 samples per client (random) | Data: Non-IID (α=0.01)
------------------------------------------------------------
Algorithm-specific parameters for FedSAD:
  - use_distillation: True
  - kd_start_round: 2
  - teacher_policy: prev_global
  - temperature_start: 2.0, temperature_end: 2.0
  - alpha_ce_start: 1.0, alpha_ce_end: 1.0
  - alpha_kd_start: 1.0, alpha_kd_end: 1.0
  - hidden_distill: False, alpha_hidden: 0.0
  - o_downweight: 1.0
============================================================

Model initialized: 108,924,715/108,924,715 trainable params (100.0%)

=== Round 1/100 ===
[Round 1] KD=OFF | policy=prev_global
[Layer Freezing] Training last 4 transformer layers (layers 8-11)
[Layer Freezing] Trainable params: 28,384,555 / 108,924,715 (26.1%)
/root/miniconda3/lib/python3.12/site-packages/torch/nn/modules/module.py:1762: FutureWarning: `encoder_attention_mask` is deprecated and will be removed in version 4.55.0 for `BertSdpaSelfAttention.forward`.
  return forward_call(*args, **kwargs)
[Layer Freezing] Training last 4 transformer layers (layers 8-11)
[Layer Freezing] Trainable params: 28,384,555 / 108,924,715 (26.1%)
[Layer Freezing] Training last 4 transformer layers (layers 8-11)
[Layer Freezing] Trainable params: 28,384,555 / 108,924,715 (26.1%)
[Layer Freezing] Training last 4 transformer layers (layers 8-11)
[Layer Freezing] Trainable params: 28,384,555 / 108,924,715 (26.1%)
[Layer Freezing] Training last 4 transformer layers (layers 8-11)
[Layer Freezing] Trainable params: 28,384,555 / 108,924,715 (26.1%)
[Layer Freezing] Training last 4 transformer layers (layers 8-11)
[Layer Freezing] Trainable params: 28,384,555 / 108,924,715 (26.1%)
[Layer Freezing] Training last 4 transformer layers (layers 8-11)
[Layer Freezing] Trainable params: 28,384,555 / 108,924,715 (26.1%)
[Layer Freezing] Training last 4 transformer layers (layers 8-11)
[Layer Freezing] Trainable params: 28,384,555 / 108,924,715 (26.1%)
[Layer Freezing] Training last 4 transformer layers (layers 8-11)
[Layer Freezing] Trainable params: 28,384,555 / 108,924,715 (26.1%)
[Layer Freezing] Training last 4 transformer layers (layers 8-11)
[Layer Freezing] Trainable params: 28,384,555 / 108,924,715 (26.1%)
[Round 1] T=2.00  α_ce=1.00  α_kd=0.00
/root/miniconda3/lib/python3.12/site-packages/seqeval/metrics/v1.py:57: UndefinedMetricWarning: Precision is ill-defined and being set to 0.0 due to no predicted samples. Use `zero_division` parameter to control this behavior.
  _warn_prf(average, modifier, msg_start, len(result))
/root/miniconda3/lib/python3.12/site-packages/seqeval/metrics/v1.py:159: UndefinedMetricWarning: F-score is ill-defined and being set to 0.0 due to no true nor predicted samples. Use `zero_division` parameter to control this behavior.
  _warn_prf(
/root/miniconda3/lib/python3.12/site-packages/seqeval/metrics/v1.py:57: UndefinedMetricWarning: Recall is ill-defined and being set to 0.0 due to no true samples. Use `zero_division` parameter to control this behavior.
  _warn_prf(average, modifier, msg_start, len(result))
 Round 1 | F1 0.0000 | P 0.0000 | R 0.0000 | Time 42.3s | Comm N/A | Local Avg F1: 0.0000

=== Round 2/100 ===
[Round 2] KD=ON | policy=prev_global
[Layer Freezing] Training last 4 transformer layers (layers 8-11)
[Layer Freezing] Trainable params: 28,384,555 / 108,924,715 (26.1%)
[Layer Freezing] Training last 4 transformer layers (layers 8-11)
[Layer Freezing] Trainable params: 28,384,555 / 108,924,715 (26.1%)
[Layer Freezing] Training last 4 transformer layers (layers 8-11)
[Layer Freezing] Trainable params: 28,384,555 / 108,924,715 (26.1%)
[Layer Freezing] Training last 4 transformer layers (layers 8-11)
[Layer Freezing] Trainable params: 28,384,555 / 108,924,715 (26.1%)
[Layer Freezing] Training last 4 transformer layers (layers 8-11)
[Layer Freezing] Trainable params: 28,384,555 / 108,924,715 (26.1%)
[Layer Freezing] Training last 4 transformer layers (layers 8-11)
[Layer Freezing] Trainable params: 28,384,555 / 108,924,715 (26.1%)
[Layer Freezing] Training last 4 transformer layers (layers 8-11)
[Layer Freezing] Trainable params: 28,384,555 / 108,924,715 (26.1%)
[Layer Freezing] Training last 4 transformer layers (layers 8-11)
[Layer Freezing] Trainable params: 28,384,555 / 108,924,715 (26.1%)
[Layer Freezing] Training last 4 transformer layers (layers 8-11)
[Layer Freezing] Trainable params: 28,384,555 / 108,924,715 (26.1%)
[Layer Freezing] Training last 4 transformer layers (layers 8-11)
[Layer Freezing] Trainable params: 28,384,555 / 108,924,715 (26.1%)
[Round 2] T=2.00  α_ce=1.00  α_kd=1.00
 Round 2 | F1 0.0000 | P 0.0000 | R 0.0000 | Time 45.0s | Comm N/A | Local Avg F1: 0.0000

=== Round 3/100 ===
[Round 3] KD=ON | policy=prev_global
[Layer Freezing] Training last 4 transformer layers (layers 8-11)
[Layer Freezing] Trainable params: 28,384,555 / 108,924,715 (26.1%)
[Layer Freezing] Training last 4 transformer layers (layers 8-11)
[Layer Freezing] Trainable params: 28,384,555 / 108,924,715 (26.1%)
[Layer Freezing] Training last 4 transformer layers (layers 8-11)
[Layer Freezing] Trainable params: 28,384,555 / 108,924,715 (26.1%)
[Layer Freezing] Training last 4 transformer layers (layers 8-11)
[Layer Freezing] Trainable params: 28,384,555 / 108,924,715 (26.1%)
[Layer Freezing] Training last 4 transformer layers (layers 8-11)
[Layer Freezing] Trainable params: 28,384,555 / 108,924,715 (26.1%)
[Layer Freezing] Training last 4 transformer layers (layers 8-11)
[Layer Freezing] Trainable params: 28,384,555 / 108,924,715 (26.1%)
[Layer Freezing] Training last 4 transformer layers (layers 8-11)
[Layer Freezing] Trainable params: 28,384,555 / 108,924,715 (26.1%)
[Layer Freezing] Training last 4 transformer layers (layers 8-11)
[Layer Freezing] Trainable params: 28,384,555 / 108,924,715 (26.1%)
[Layer Freezing] Training last 4 transformer layers (layers 8-11)
[Layer Freezing] Trainable params: 28,384,555 / 108,924,715 (26.1%)
[Layer Freezing] Training last 4 transformer layers (layers 8-11)
[Layer Freezing] Trainable params: 28,384,555 / 108,924,715 (26.1%)
[Round 3] T=2.00  α_ce=1.00  α_kd=1.00
 Round 3 | F1 0.0001 | P 1.0000 | R 0.0000 | Time 46.4s | Comm N/A | Local Avg F1: 0.0000

=== Round 4/100 ===
[Round 4] KD=ON | policy=prev_global
[Layer Freezing] Training last 4 transformer layers (layers 8-11)
[Layer Freezing] Trainable params: 28,384,555 / 108,924,715 (26.1%)
[Layer Freezing] Training last 4 transformer layers (layers 8-11)
[Layer Freezing] Trainable params: 28,384,555 / 108,924,715 (26.1%)
[Layer Freezing] Training last 4 transformer layers (layers 8-11)
[Layer Freezing] Trainable params: 28,384,555 / 108,924,715 (26.1%)
[Layer Freezing] Training last 4 transformer layers (layers 8-11)
[Layer Freezing] Trainable params: 28,384,555 / 108,924,715 (26.1%)
[Layer Freezing] Training last 4 transformer layers (layers 8-11)
[Layer Freezing] Trainable params: 28,384,555 / 108,924,715 (26.1%)
[Layer Freezing] Training last 4 transformer layers (layers 8-11)
[Layer Freezing] Trainable params: 28,384,555 / 108,924,715 (26.1%)
[Layer Freezing] Training last 4 transformer layers (layers 8-11)
[Layer Freezing] Trainable params: 28,384,555 / 108,924,715 (26.1%)
[Layer Freezing] Training last 4 transformer layers (layers 8-11)
[Layer Freezing] Trainable params: 28,384,555 / 108,924,715 (26.1%)
[Layer Freezing] Training last 4 transformer layers (layers 8-11)
[Layer Freezing] Trainable params: 28,384,555 / 108,924,715 (26.1%)
[Layer Freezing] Training last 4 transformer layers (layers 8-11)
[Layer Freezing] Trainable params: 28,384,555 / 108,924,715 (26.1%)
[Round 4] T=2.00  α_ce=1.00  α_kd=1.00
 Round 4 | F1 0.0096 | P 0.6965 | R 0.0048 | Time 45.8s | Comm N/A | Local Avg F1: 0.0103

=== Round 5/100 ===
[Round 5] KD=ON | policy=prev_global
[Layer Freezing] Training last 4 transformer layers (layers 8-11)
[Layer Freezing] Trainable params: 28,384,555 / 108,924,715 (26.1%)
[Layer Freezing] Training last 4 transformer layers (layers 8-11)
[Layer Freezing] Trainable params: 28,384,555 / 108,924,715 (26.1%)
[Layer Freezing] Training last 4 transformer layers (layers 8-11)
[Layer Freezing] Trainable params: 28,384,555 / 108,924,715 (26.1%)
[Layer Freezing] Training last 4 transformer layers (layers 8-11)
[Layer Freezing] Trainable params: 28,384,555 / 108,924,715 (26.1%)
[Layer Freezing] Training last 4 transformer layers (layers 8-11)
[Layer Freezing] Trainable params: 28,384,555 / 108,924,715 (26.1%)
[Layer Freezing] Training last 4 transformer layers (layers 8-11)
[Layer Freezing] Trainable params: 28,384,555 / 108,924,715 (26.1%)
[Layer Freezing] Training last 4 transformer layers (layers 8-11)
[Layer Freezing] Trainable params: 28,384,555 / 108,924,715 (26.1%)
[Layer Freezing] Training last 4 transformer layers (layers 8-11)
[Layer Freezing] Trainable params: 28,384,555 / 108,924,715 (26.1%)
[Layer Freezing] Training last 4 transformer layers (layers 8-11)
[Layer Freezing] Trainable params: 28,384,555 / 108,924,715 (26.1%)
[Layer Freezing] Training last 4 transformer layers (layers 8-11)
[Layer Freezing] Trainable params: 28,384,555 / 108,924,715 (26.1%)
[Round 5] T=2.00  α_ce=1.00  α_kd=1.00
 Round 5 | F1 0.0437 | P 0.6744 | R 0.0226 | Time 45.4s | Comm N/A | Local Avg F1: 0.0342

=== Round 6/100 ===
[Round 6] KD=ON | policy=prev_global
[Layer Freezing] Training last 4 transformer layers (layers 8-11)
[Layer Freezing] Trainable params: 28,384,555 / 108,924,715 (26.1%)
[Layer Freezing] Training last 4 transformer layers (layers 8-11)
[Layer Freezing] Trainable params: 28,384,555 / 108,924,715 (26.1%)
[Layer Freezing] Training last 4 transformer layers (layers 8-11)
[Layer Freezing] Trainable params: 28,384,555 / 108,924,715 (26.1%)
[Layer Freezing] Training last 4 transformer layers (layers 8-11)
[Layer Freezing] Trainable params: 28,384,555 / 108,924,715 (26.1%)
[Layer Freezing] Training last 4 transformer layers (layers 8-11)
[Layer Freezing] Trainable params: 28,384,555 / 108,924,715 (26.1%)
[Layer Freezing] Training last 4 transformer layers (layers 8-11)
[Layer Freezing] Trainable params: 28,384,555 / 108,924,715 (26.1%)
[Layer Freezing] Training last 4 transformer layers (layers 8-11)
[Layer Freezing] Trainable params: 28,384,555 / 108,924,715 (26.1%)
[Layer Freezing] Training last 4 transformer layers (layers 8-11)
[Layer Freezing] Trainable params: 28,384,555 / 108,924,715 (26.1%)
[Layer Freezing] Training last 4 transformer layers (layers 8-11)
[Layer Freezing] Trainable params: 28,384,555 / 108,924,715 (26.1%)
[Layer Freezing] Training last 4 transformer layers (layers 8-11)
[Layer Freezing] Trainable params: 28,384,555 / 108,924,715 (26.1%)
[Round 6] T=2.00  α_ce=1.00  α_kd=1.00
 Round 6 | F1 0.1029 | P 0.6429 | R 0.0559 | Time 46.1s | Comm N/A | Local Avg F1: 0.0686

=== Round 7/100 ===
[Round 7] KD=ON | policy=prev_global
[Layer Freezing] Training last 4 transformer layers (layers 8-11)
[Layer Freezing] Trainable params: 28,384,555 / 108,924,715 (26.1%)
[Layer Freezing] Training last 4 transformer layers (layers 8-11)
[Layer Freezing] Trainable params: 28,384,555 / 108,924,715 (26.1%)
[Layer Freezing] Training last 4 transformer layers (layers 8-11)
[Layer Freezing] Trainable params: 28,384,555 / 108,924,715 (26.1%)
[Layer Freezing] Training last 4 transformer layers (layers 8-11)
[Layer Freezing] Trainable params: 28,384,555 / 108,924,715 (26.1%)
[Layer Freezing] Training last 4 transformer layers (layers 8-11)
[Layer Freezing] Trainable params: 28,384,555 / 108,924,715 (26.1%)
[Layer Freezing] Training last 4 transformer layers (layers 8-11)
[Layer Freezing] Trainable params: 28,384,555 / 108,924,715 (26.1%)
[Layer Freezing] Training last 4 transformer layers (layers 8-11)
[Layer Freezing] Trainable params: 28,384,555 / 108,924,715 (26.1%)
[Layer Freezing] Training last 4 transformer layers (layers 8-11)
[Layer Freezing] Trainable params: 28,384,555 / 108,924,715 (26.1%)
[Layer Freezing] Training last 4 transformer layers (layers 8-11)
[Layer Freezing] Trainable params: 28,384,555 / 108,924,715 (26.1%)
[Layer Freezing] Training last 4 transformer layers (layers 8-11)
[Layer Freezing] Trainable params: 28,384,555 / 108,924,715 (26.1%)
[Round 7] T=2.00  α_ce=1.00  α_kd=1.00
 Round 7 | F1 0.1199 | P 0.6224 | R 0.0663 | Time 45.5s | Comm N/A | Local Avg F1: 0.0794

=== Round 8/100 ===
[Round 8] KD=ON | policy=prev_global
[Layer Freezing] Training last 4 transformer layers (layers 8-11)
[Layer Freezing] Trainable params: 28,384,555 / 108,924,715 (26.1%)
[Layer Freezing] Training last 4 transformer layers (layers 8-11)
[Layer Freezing] Trainable params: 28,384,555 / 108,924,715 (26.1%)
[Layer Freezing] Training last 4 transformer layers (layers 8-11)
[Layer Freezing] Trainable params: 28,384,555 / 108,924,715 (26.1%)
[Layer Freezing] Training last 4 transformer layers (layers 8-11)
[Layer Freezing] Trainable params: 28,384,555 / 108,924,715 (26.1%)
[Layer Freezing] Training last 4 transformer layers (layers 8-11)
[Layer Freezing] Trainable params: 28,384,555 / 108,924,715 (26.1%)
[Layer Freezing] Training last 4 transformer layers (layers 8-11)
[Layer Freezing] Trainable params: 28,384,555 / 108,924,715 (26.1%)
[Layer Freezing] Training last 4 transformer layers (layers 8-11)
[Layer Freezing] Trainable params: 28,384,555 / 108,924,715 (26.1%)
[Layer Freezing] Training last 4 transformer layers (layers 8-11)
[Layer Freezing] Trainable params: 28,384,555 / 108,924,715 (26.1%)
[Layer Freezing] Training last 4 transformer layers (layers 8-11)
[Layer Freezing] Trainable params: 28,384,555 / 108,924,715 (26.1%)
[Layer Freezing] Training last 4 transformer layers (layers 8-11)
[Layer Freezing] Trainable params: 28,384,555 / 108,924,715 (26.1%)
[Round 8] T=2.00  α_ce=1.00  α_kd=1.00
 Round 8 | F1 0.1351 | P 0.6136 | R 0.0759 | Time 45.0s | Comm N/A | Local Avg F1: 0.0883

=== Round 9/100 ===
[Round 9] KD=ON | policy=prev_global
[Layer Freezing] Training last 4 transformer layers (layers 8-11)
[Layer Freezing] Trainable params: 28,384,555 / 108,924,715 (26.1%)
[Layer Freezing] Training last 4 transformer layers (layers 8-11)
[Layer Freezing] Trainable params: 28,384,555 / 108,924,715 (26.1%)
[Layer Freezing] Training last 4 transformer layers (layers 8-11)
[Layer Freezing] Trainable params: 28,384,555 / 108,924,715 (26.1%)
[Layer Freezing] Training last 4 transformer layers (layers 8-11)
[Layer Freezing] Trainable params: 28,384,555 / 108,924,715 (26.1%)
[Layer Freezing] Training last 4 transformer layers (layers 8-11)
[Layer Freezing] Trainable params: 28,384,555 / 108,924,715 (26.1%)
[Layer Freezing] Training last 4 transformer layers (layers 8-11)
[Layer Freezing] Trainable params: 28,384,555 / 108,924,715 (26.1%)
[Layer Freezing] Training last 4 transformer layers (layers 8-11)
[Layer Freezing] Trainable params: 28,384,555 / 108,924,715 (26.1%)
[Layer Freezing] Training last 4 transformer layers (layers 8-11)
[Layer Freezing] Trainable params: 28,384,555 / 108,924,715 (26.1%)
[Layer Freezing] Training last 4 transformer layers (layers 8-11)
[Layer Freezing] Trainable params: 28,384,555 / 108,924,715 (26.1%)
[Layer Freezing] Training last 4 transformer layers (layers 8-11)
[Layer Freezing] Trainable params: 28,384,555 / 108,924,715 (26.1%)
[Round 9] T=2.00  α_ce=1.00  α_kd=1.00
 Round 9 | F1 0.1627 | P 0.5713 | R 0.0949 | Time 45.4s | Comm N/A | Local Avg F1: 0.1048

=== Round 10/100 ===
[Round 10] KD=ON | policy=prev_global
[Layer Freezing] Training last 4 transformer layers (layers 8-11)
[Layer Freezing] Trainable params: 28,384,555 / 108,924,715 (26.1%)
[Layer Freezing] Training last 4 transformer layers (layers 8-11)
[Layer Freezing] Trainable params: 28,384,555 / 108,924,715 (26.1%)
[Layer Freezing] Training last 4 transformer layers (layers 8-11)
[Layer Freezing] Trainable params: 28,384,555 / 108,924,715 (26.1%)
[Layer Freezing] Training last 4 transformer layers (layers 8-11)
[Layer Freezing] Trainable params: 28,384,555 / 108,924,715 (26.1%)
[Layer Freezing] Training last 4 transformer layers (layers 8-11)
[Layer Freezing] Trainable params: 28,384,555 / 108,924,715 (26.1%)
[Layer Freezing] Training last 4 transformer layers (layers 8-11)
[Layer Freezing] Trainable params: 28,384,555 / 108,924,715 (26.1%)
[Layer Freezing] Training last 4 transformer layers (layers 8-11)
[Layer Freezing] Trainable params: 28,384,555 / 108,924,715 (26.1%)
[Layer Freezing] Training last 4 transformer layers (layers 8-11)
[Layer Freezing] Trainable params: 28,384,555 / 108,924,715 (26.1%)
[Layer Freezing] Training last 4 transformer layers (layers 8-11)
[Layer Freezing] Trainable params: 28,384,555 / 108,924,715 (26.1%)
[Layer Freezing] Training last 4 transformer layers (layers 8-11)
[Layer Freezing] Trainable params: 28,384,555 / 108,924,715 (26.1%)
[Round 10] T=2.00  α_ce=1.00  α_kd=1.00
 Round 10 | F1 0.1683 | P 0.5661 | R 0.0988 | Time 45.9s | Comm N/A | Local Avg F1: 0.1132

=== Round 11/100 ===
[Round 11] KD=ON | policy=prev_global
[Layer Freezing] Training last 4 transformer layers (layers 8-11)
[Layer Freezing] Trainable params: 28,384,555 / 108,924,715 (26.1%)
[Layer Freezing] Training last 4 transformer layers (layers 8-11)
[Layer Freezing] Trainable params: 28,384,555 / 108,924,715 (26.1%)
[Layer Freezing] Training last 4 transformer layers (layers 8-11)
[Layer Freezing] Trainable params: 28,384,555 / 108,924,715 (26.1%)
[Layer Freezing] Training last 4 transformer layers (layers 8-11)
[Layer Freezing] Trainable params: 28,384,555 / 108,924,715 (26.1%)
[Layer Freezing] Training last 4 transformer layers (layers 8-11)
[Layer Freezing] Trainable params: 28,384,555 / 108,924,715 (26.1%)
[Layer Freezing] Training last 4 transformer layers (layers 8-11)
[Layer Freezing] Trainable params: 28,384,555 / 108,924,715 (26.1%)
[Layer Freezing] Training last 4 transformer layers (layers 8-11)
[Layer Freezing] Trainable params: 28,384,555 / 108,924,715 (26.1%)
[Layer Freezing] Training last 4 transformer layers (layers 8-11)
[Layer Freezing] Trainable params: 28,384,555 / 108,924,715 (26.1%)
[Layer Freezing] Training last 4 transformer layers (layers 8-11)
[Layer Freezing] Trainable params: 28,384,555 / 108,924,715 (26.1%)
[Layer Freezing] Training last 4 transformer layers (layers 8-11)
[Layer Freezing] Trainable params: 28,384,555 / 108,924,715 (26.1%)
[Round 11] T=2.00  α_ce=1.00  α_kd=1.00
 Round 11 | F1 0.1705 | P 0.5687 | R 0.1003 | Time 45.0s | Comm N/A | Local Avg F1: 0.1190

=== Round 12/100 ===
[Round 12] KD=ON | policy=prev_global
[Layer Freezing] Training last 4 transformer layers (layers 8-11)
[Layer Freezing] Trainable params: 28,384,555 / 108,924,715 (26.1%)
[Layer Freezing] Training last 4 transformer layers (layers 8-11)
[Layer Freezing] Trainable params: 28,384,555 / 108,924,715 (26.1%)
[Layer Freezing] Training last 4 transformer layers (layers 8-11)
[Layer Freezing] Trainable params: 28,384,555 / 108,924,715 (26.1%)
[Layer Freezing] Training last 4 transformer layers (layers 8-11)
[Layer Freezing] Trainable params: 28,384,555 / 108,924,715 (26.1%)
[Layer Freezing] Training last 4 transformer layers (layers 8-11)
[Layer Freezing] Trainable params: 28,384,555 / 108,924,715 (26.1%)
[Layer Freezing] Training last 4 transformer layers (layers 8-11)
[Layer Freezing] Trainable params: 28,384,555 / 108,924,715 (26.1%)
[Layer Freezing] Training last 4 transformer layers (layers 8-11)
[Layer Freezing] Trainable params: 28,384,555 / 108,924,715 (26.1%)
[Layer Freezing] Training last 4 transformer layers (layers 8-11)
[Layer Freezing] Trainable params: 28,384,555 / 108,924,715 (26.1%)
[Layer Freezing] Training last 4 transformer layers (layers 8-11)
[Layer Freezing] Trainable params: 28,384,555 / 108,924,715 (26.1%)
[Layer Freezing] Training last 4 transformer layers (layers 8-11)
[Layer Freezing] Trainable params: 28,384,555 / 108,924,715 (26.1%)
[Round 12] T=2.00  α_ce=1.00  α_kd=1.00
 Round 12 | F1 0.1892 | P 0.5484 | R 0.1143 | Time 45.9s | Comm N/A | Local Avg F1: 0.1388

=== Round 13/100 ===
[Round 13] KD=ON | policy=prev_global
[Layer Freezing] Training last 4 transformer layers (layers 8-11)
[Layer Freezing] Trainable params: 28,384,555 / 108,924,715 (26.1%)
[Layer Freezing] Training last 4 transformer layers (layers 8-11)
[Layer Freezing] Trainable params: 28,384,555 / 108,924,715 (26.1%)
[Layer Freezing] Training last 4 transformer layers (layers 8-11)
[Layer Freezing] Trainable params: 28,384,555 / 108,924,715 (26.1%)
[Layer Freezing] Training last 4 transformer layers (layers 8-11)
[Layer Freezing] Trainable params: 28,384,555 / 108,924,715 (26.1%)
[Layer Freezing] Training last 4 transformer layers (layers 8-11)
[Layer Freezing] Trainable params: 28,384,555 / 108,924,715 (26.1%)
[Layer Freezing] Training last 4 transformer layers (layers 8-11)
[Layer Freezing] Trainable params: 28,384,555 / 108,924,715 (26.1%)
[Layer Freezing] Training last 4 transformer layers (layers 8-11)
[Layer Freezing] Trainable params: 28,384,555 / 108,924,715 (26.1%)
[Layer Freezing] Training last 4 transformer layers (layers 8-11)
[Layer Freezing] Trainable params: 28,384,555 / 108,924,715 (26.1%)
[Layer Freezing] Training last 4 transformer layers (layers 8-11)
[Layer Freezing] Trainable params: 28,384,555 / 108,924,715 (26.1%)
[Layer Freezing] Training last 4 transformer layers (layers 8-11)
[Layer Freezing] Trainable params: 28,384,555 / 108,924,715 (26.1%)
[Round 13] T=2.00  α_ce=1.00  α_kd=1.00
 Round 13 | F1 0.2092 | P 0.5514 | R 0.1291 | Time 45.4s | Comm N/A | Local Avg F1: 0.1547

=== Round 14/100 ===
[Round 14] KD=ON | policy=prev_global
[Layer Freezing] Training last 4 transformer layers (layers 8-11)
[Layer Freezing] Trainable params: 28,384,555 / 108,924,715 (26.1%)
[Layer Freezing] Training last 4 transformer layers (layers 8-11)
[Layer Freezing] Trainable params: 28,384,555 / 108,924,715 (26.1%)
[Layer Freezing] Training last 4 transformer layers (layers 8-11)
[Layer Freezing] Trainable params: 28,384,555 / 108,924,715 (26.1%)
[Layer Freezing] Training last 4 transformer layers (layers 8-11)
[Layer Freezing] Trainable params: 28,384,555 / 108,924,715 (26.1%)
[Layer Freezing] Training last 4 transformer layers (layers 8-11)
[Layer Freezing] Trainable params: 28,384,555 / 108,924,715 (26.1%)
[Layer Freezing] Training last 4 transformer layers (layers 8-11)
[Layer Freezing] Trainable params: 28,384,555 / 108,924,715 (26.1%)
[Layer Freezing] Training last 4 transformer layers (layers 8-11)
[Layer Freezing] Trainable params: 28,384,555 / 108,924,715 (26.1%)
[Layer Freezing] Training last 4 transformer layers (layers 8-11)
[Layer Freezing] Trainable params: 28,384,555 / 108,924,715 (26.1%)
[Layer Freezing] Training last 4 transformer layers (layers 8-11)
[Layer Freezing] Trainable params: 28,384,555 / 108,924,715 (26.1%)
[Layer Freezing] Training last 4 transformer layers (layers 8-11)
[Layer Freezing] Trainable params: 28,384,555 / 108,924,715 (26.1%)
[Round 14] T=2.00  α_ce=1.00  α_kd=1.00
 Round 14 | F1 0.2230 | P 0.5453 | R 0.1402 | Time 45.9s | Comm N/A | Local Avg F1: 0.1677

=== Round 15/100 ===
[Round 15] KD=ON | policy=prev_global
[Layer Freezing] Training last 4 transformer layers (layers 8-11)
[Layer Freezing] Trainable params: 28,384,555 / 108,924,715 (26.1%)
[Layer Freezing] Training last 4 transformer layers (layers 8-11)
[Layer Freezing] Trainable params: 28,384,555 / 108,924,715 (26.1%)
[Layer Freezing] Training last 4 transformer layers (layers 8-11)
[Layer Freezing] Trainable params: 28,384,555 / 108,924,715 (26.1%)
[Layer Freezing] Training last 4 transformer layers (layers 8-11)
[Layer Freezing] Trainable params: 28,384,555 / 108,924,715 (26.1%)
[Layer Freezing] Training last 4 transformer layers (layers 8-11)
[Layer Freezing] Trainable params: 28,384,555 / 108,924,715 (26.1%)
[Layer Freezing] Training last 4 transformer layers (layers 8-11)
[Layer Freezing] Trainable params: 28,384,555 / 108,924,715 (26.1%)
[Layer Freezing] Training last 4 transformer layers (layers 8-11)
[Layer Freezing] Trainable params: 28,384,555 / 108,924,715 (26.1%)
[Layer Freezing] Training last 4 transformer layers (layers 8-11)
[Layer Freezing] Trainable params: 28,384,555 / 108,924,715 (26.1%)
[Layer Freezing] Training last 4 transformer layers (layers 8-11)
[Layer Freezing] Trainable params: 28,384,555 / 108,924,715 (26.1%)
[Layer Freezing] Training last 4 transformer layers (layers 8-11)
[Layer Freezing] Trainable params: 28,384,555 / 108,924,715 (26.1%)
[Round 15] T=2.00  α_ce=1.00  α_kd=1.00
 Round 15 | F1 0.2242 | P 0.5566 | R 0.1404 | Time 44.9s | Comm N/A | Local Avg F1: 0.1664

=== Round 16/100 ===
[Round 16] KD=ON | policy=prev_global
[Layer Freezing] Training last 4 transformer layers (layers 8-11)
[Layer Freezing] Trainable params: 28,384,555 / 108,924,715 (26.1%)
[Layer Freezing] Training last 4 transformer layers (layers 8-11)
[Layer Freezing] Trainable params: 28,384,555 / 108,924,715 (26.1%)
[Layer Freezing] Training last 4 transformer layers (layers 8-11)
[Layer Freezing] Trainable params: 28,384,555 / 108,924,715 (26.1%)
[Layer Freezing] Training last 4 transformer layers (layers 8-11)
[Layer Freezing] Trainable params: 28,384,555 / 108,924,715 (26.1%)
[Layer Freezing] Training last 4 transformer layers (layers 8-11)
[Layer Freezing] Trainable params: 28,384,555 / 108,924,715 (26.1%)
[Layer Freezing] Training last 4 transformer layers (layers 8-11)
[Layer Freezing] Trainable params: 28,384,555 / 108,924,715 (26.1%)
[Layer Freezing] Training last 4 transformer layers (layers 8-11)
[Layer Freezing] Trainable params: 28,384,555 / 108,924,715 (26.1%)
[Layer Freezing] Training last 4 transformer layers (layers 8-11)
[Layer Freezing] Trainable params: 28,384,555 / 108,924,715 (26.1%)
[Layer Freezing] Training last 4 transformer layers (layers 8-11)
[Layer Freezing] Trainable params: 28,384,555 / 108,924,715 (26.1%)
[Layer Freezing] Training last 4 transformer layers (layers 8-11)
[Layer Freezing] Trainable params: 28,384,555 / 108,924,715 (26.1%)
[Round 16] T=2.00  α_ce=1.00  α_kd=1.00
 Round 16 | F1 0.2441 | P 0.5423 | R 0.1575 | Time 45.8s | Comm N/A | Local Avg F1: 0.1836

=== Round 17/100 ===
[Round 17] KD=ON | policy=prev_global
[Layer Freezing] Training last 4 transformer layers (layers 8-11)
[Layer Freezing] Trainable params: 28,384,555 / 108,924,715 (26.1%)
[Layer Freezing] Training last 4 transformer layers (layers 8-11)
[Layer Freezing] Trainable params: 28,384,555 / 108,924,715 (26.1%)
[Layer Freezing] Training last 4 transformer layers (layers 8-11)
[Layer Freezing] Trainable params: 28,384,555 / 108,924,715 (26.1%)
[Layer Freezing] Training last 4 transformer layers (layers 8-11)
[Layer Freezing] Trainable params: 28,384,555 / 108,924,715 (26.1%)
[Layer Freezing] Training last 4 transformer layers (layers 8-11)
[Layer Freezing] Trainable params: 28,384,555 / 108,924,715 (26.1%)
[Layer Freezing] Training last 4 transformer layers (layers 8-11)
[Layer Freezing] Trainable params: 28,384,555 / 108,924,715 (26.1%)
[Layer Freezing] Training last 4 transformer layers (layers 8-11)
[Layer Freezing] Trainable params: 28,384,555 / 108,924,715 (26.1%)
[Layer Freezing] Training last 4 transformer layers (layers 8-11)
[Layer Freezing] Trainable params: 28,384,555 / 108,924,715 (26.1%)
[Layer Freezing] Training last 4 transformer layers (layers 8-11)
[Layer Freezing] Trainable params: 28,384,555 / 108,924,715 (26.1%)
[Layer Freezing] Training last 4 transformer layers (layers 8-11)
[Layer Freezing] Trainable params: 28,384,555 / 108,924,715 (26.1%)
[Round 17] T=2.00  α_ce=1.00  α_kd=1.00
 Round 17 | F1 0.2740 | P 0.5307 | R 0.1846 | Time 44.5s | Comm N/A | Local Avg F1: 0.2074

=== Round 18/100 ===
[Round 18] KD=ON | policy=prev_global
[Layer Freezing] Training last 4 transformer layers (layers 8-11)
[Layer Freezing] Trainable params: 28,384,555 / 108,924,715 (26.1%)
[Layer Freezing] Training last 4 transformer layers (layers 8-11)
[Layer Freezing] Trainable params: 28,384,555 / 108,924,715 (26.1%)
[Layer Freezing] Training last 4 transformer layers (layers 8-11)
[Layer Freezing] Trainable params: 28,384,555 / 108,924,715 (26.1%)
[Layer Freezing] Training last 4 transformer layers (layers 8-11)
[Layer Freezing] Trainable params: 28,384,555 / 108,924,715 (26.1%)
[Layer Freezing] Training last 4 transformer layers (layers 8-11)
[Layer Freezing] Trainable params: 28,384,555 / 108,924,715 (26.1%)
[Layer Freezing] Training last 4 transformer layers (layers 8-11)
[Layer Freezing] Trainable params: 28,384,555 / 108,924,715 (26.1%)
[Layer Freezing] Training last 4 transformer layers (layers 8-11)
[Layer Freezing] Trainable params: 28,384,555 / 108,924,715 (26.1%)
[Layer Freezing] Training last 4 transformer layers (layers 8-11)
[Layer Freezing] Trainable params: 28,384,555 / 108,924,715 (26.1%)
[Layer Freezing] Training last 4 transformer layers (layers 8-11)
[Layer Freezing] Trainable params: 28,384,555 / 108,924,715 (26.1%)
[Layer Freezing] Training last 4 transformer layers (layers 8-11)
[Layer Freezing] Trainable params: 28,384,555 / 108,924,715 (26.1%)
[Round 18] T=2.00  α_ce=1.00  α_kd=1.00
 Round 18 | F1 0.2963 | P 0.5322 | R 0.2053 | Time 45.4s | Comm N/A | Local Avg F1: 0.2239

=== Round 19/100 ===
[Round 19] KD=ON | policy=prev_global
[Layer Freezing] Training last 4 transformer layers (layers 8-11)
[Layer Freezing] Trainable params: 28,384,555 / 108,924,715 (26.1%)
[Layer Freezing] Training last 4 transformer layers (layers 8-11)
[Layer Freezing] Trainable params: 28,384,555 / 108,924,715 (26.1%)
[Layer Freezing] Training last 4 transformer layers (layers 8-11)
[Layer Freezing] Trainable params: 28,384,555 / 108,924,715 (26.1%)
[Layer Freezing] Training last 4 transformer layers (layers 8-11)
[Layer Freezing] Trainable params: 28,384,555 / 108,924,715 (26.1%)
[Layer Freezing] Training last 4 transformer layers (layers 8-11)
[Layer Freezing] Trainable params: 28,384,555 / 108,924,715 (26.1%)
[Layer Freezing] Training last 4 transformer layers (layers 8-11)
[Layer Freezing] Trainable params: 28,384,555 / 108,924,715 (26.1%)
[Layer Freezing] Training last 4 transformer layers (layers 8-11)
[Layer Freezing] Trainable params: 28,384,555 / 108,924,715 (26.1%)
[Layer Freezing] Training last 4 transformer layers (layers 8-11)
[Layer Freezing] Trainable params: 28,384,555 / 108,924,715 (26.1%)
[Layer Freezing] Training last 4 transformer layers (layers 8-11)
[Layer Freezing] Trainable params: 28,384,555 / 108,924,715 (26.1%)
[Layer Freezing] Training last 4 transformer layers (layers 8-11)
[Layer Freezing] Trainable params: 28,384,555 / 108,924,715 (26.1%)
[Round 19] T=2.00  α_ce=1.00  α_kd=1.00
 Round 19 | F1 0.2861 | P 0.5532 | R 0.1929 | Time 46.2s | Comm N/A | Local Avg F1: 0.2213

=== Round 20/100 ===
[Round 20] KD=ON | policy=prev_global
[Layer Freezing] Training last 4 transformer layers (layers 8-11)
[Layer Freezing] Trainable params: 28,384,555 / 108,924,715 (26.1%)
[Layer Freezing] Training last 4 transformer layers (layers 8-11)
[Layer Freezing] Trainable params: 28,384,555 / 108,924,715 (26.1%)
[Layer Freezing] Training last 4 transformer layers (layers 8-11)
[Layer Freezing] Trainable params: 28,384,555 / 108,924,715 (26.1%)
[Layer Freezing] Training last 4 transformer layers (layers 8-11)
[Layer Freezing] Trainable params: 28,384,555 / 108,924,715 (26.1%)
[Layer Freezing] Training last 4 transformer layers (layers 8-11)
[Layer Freezing] Trainable params: 28,384,555 / 108,924,715 (26.1%)
[Layer Freezing] Training last 4 transformer layers (layers 8-11)
[Layer Freezing] Trainable params: 28,384,555 / 108,924,715 (26.1%)
[Layer Freezing] Training last 4 transformer layers (layers 8-11)
[Layer Freezing] Trainable params: 28,384,555 / 108,924,715 (26.1%)
[Layer Freezing] Training last 4 transformer layers (layers 8-11)
[Layer Freezing] Trainable params: 28,384,555 / 108,924,715 (26.1%)
[Layer Freezing] Training last 4 transformer layers (layers 8-11)
[Layer Freezing] Trainable params: 28,384,555 / 108,924,715 (26.1%)
[Layer Freezing] Training last 4 transformer layers (layers 8-11)
[Layer Freezing] Trainable params: 28,384,555 / 108,924,715 (26.1%)
[Round 20] T=2.00  α_ce=1.00  α_kd=1.00
 Round 20 | F1 0.3003 | P 0.5478 | R 0.2069 | Time 45.9s | Comm N/A | Local Avg F1: 0.2385

=== Round 21/100 ===
[Round 21] KD=ON | policy=prev_global
[Layer Freezing] Training last 4 transformer layers (layers 8-11)
[Layer Freezing] Trainable params: 28,384,555 / 108,924,715 (26.1%)
[Layer Freezing] Training last 4 transformer layers (layers 8-11)
[Layer Freezing] Trainable params: 28,384,555 / 108,924,715 (26.1%)
[Layer Freezing] Training last 4 transformer layers (layers 8-11)
[Layer Freezing] Trainable params: 28,384,555 / 108,924,715 (26.1%)
[Layer Freezing] Training last 4 transformer layers (layers 8-11)
[Layer Freezing] Trainable params: 28,384,555 / 108,924,715 (26.1%)
[Layer Freezing] Training last 4 transformer layers (layers 8-11)
[Layer Freezing] Trainable params: 28,384,555 / 108,924,715 (26.1%)
[Layer Freezing] Training last 4 transformer layers (layers 8-11)
[Layer Freezing] Trainable params: 28,384,555 / 108,924,715 (26.1%)
[Layer Freezing] Training last 4 transformer layers (layers 8-11)
[Layer Freezing] Trainable params: 28,384,555 / 108,924,715 (26.1%)
[Layer Freezing] Training last 4 transformer layers (layers 8-11)
[Layer Freezing] Trainable params: 28,384,555 / 108,924,715 (26.1%)
[Layer Freezing] Training last 4 transformer layers (layers 8-11)
[Layer Freezing] Trainable params: 28,384,555 / 108,924,715 (26.1%)
[Layer Freezing] Training last 4 transformer layers (layers 8-11)
[Layer Freezing] Trainable params: 28,384,555 / 108,924,715 (26.1%)
[Round 21] T=2.00  α_ce=1.00  α_kd=1.00
 Round 21 | F1 0.2974 | P 0.5686 | R 0.2014 | Time 45.4s | Comm N/A | Local Avg F1: 0.2395

=== Round 22/100 ===
[Round 22] KD=ON | policy=prev_global
[Layer Freezing] Training last 4 transformer layers (layers 8-11)
[Layer Freezing] Trainable params: 28,384,555 / 108,924,715 (26.1%)
[Layer Freezing] Training last 4 transformer layers (layers 8-11)
[Layer Freezing] Trainable params: 28,384,555 / 108,924,715 (26.1%)
[Layer Freezing] Training last 4 transformer layers (layers 8-11)
[Layer Freezing] Trainable params: 28,384,555 / 108,924,715 (26.1%)
[Layer Freezing] Training last 4 transformer layers (layers 8-11)
[Layer Freezing] Trainable params: 28,384,555 / 108,924,715 (26.1%)
[Layer Freezing] Training last 4 transformer layers (layers 8-11)
[Layer Freezing] Trainable params: 28,384,555 / 108,924,715 (26.1%)
[Layer Freezing] Training last 4 transformer layers (layers 8-11)
[Layer Freezing] Trainable params: 28,384,555 / 108,924,715 (26.1%)
[Layer Freezing] Training last 4 transformer layers (layers 8-11)
[Layer Freezing] Trainable params: 28,384,555 / 108,924,715 (26.1%)
[Layer Freezing] Training last 4 transformer layers (layers 8-11)
[Layer Freezing] Trainable params: 28,384,555 / 108,924,715 (26.1%)
[Layer Freezing] Training last 4 transformer layers (layers 8-11)
[Layer Freezing] Trainable params: 28,384,555 / 108,924,715 (26.1%)
[Layer Freezing] Training last 4 transformer layers (layers 8-11)
[Layer Freezing] Trainable params: 28,384,555 / 108,924,715 (26.1%)
[Round 22] T=2.00  α_ce=1.00  α_kd=1.00
 Round 22 | F1 0.3214 | P 0.5636 | R 0.2248 | Time 46.4s | Comm N/A | Local Avg F1: 0.2539

=== Round 23/100 ===
[Round 23] KD=ON | policy=prev_global
[Layer Freezing] Training last 4 transformer layers (layers 8-11)
[Layer Freezing] Trainable params: 28,384,555 / 108,924,715 (26.1%)
[Layer Freezing] Training last 4 transformer layers (layers 8-11)
[Layer Freezing] Trainable params: 28,384,555 / 108,924,715 (26.1%)
[Layer Freezing] Training last 4 transformer layers (layers 8-11)
[Layer Freezing] Trainable params: 28,384,555 / 108,924,715 (26.1%)
[Layer Freezing] Training last 4 transformer layers (layers 8-11)
[Layer Freezing] Trainable params: 28,384,555 / 108,924,715 (26.1%)
[Layer Freezing] Training last 4 transformer layers (layers 8-11)
[Layer Freezing] Trainable params: 28,384,555 / 108,924,715 (26.1%)
[Layer Freezing] Training last 4 transformer layers (layers 8-11)
[Layer Freezing] Trainable params: 28,384,555 / 108,924,715 (26.1%)
[Layer Freezing] Training last 4 transformer layers (layers 8-11)
[Layer Freezing] Trainable params: 28,384,555 / 108,924,715 (26.1%)
[Layer Freezing] Training last 4 transformer layers (layers 8-11)
[Layer Freezing] Trainable params: 28,384,555 / 108,924,715 (26.1%)
[Layer Freezing] Training last 4 transformer layers (layers 8-11)
[Layer Freezing] Trainable params: 28,384,555 / 108,924,715 (26.1%)
[Layer Freezing] Training last 4 transformer layers (layers 8-11)
[Layer Freezing] Trainable params: 28,384,555 / 108,924,715 (26.1%)
[Round 23] T=2.00  α_ce=1.00  α_kd=1.00
 Round 23 | F1 0.3093 | P 0.5721 | R 0.2120 | Time 45.7s | Comm N/A | Local Avg F1: 0.2476

=== Round 24/100 ===
[Round 24] KD=ON | policy=prev_global
[Layer Freezing] Training last 4 transformer layers (layers 8-11)
[Layer Freezing] Trainable params: 28,384,555 / 108,924,715 (26.1%)
[Layer Freezing] Training last 4 transformer layers (layers 8-11)
[Layer Freezing] Trainable params: 28,384,555 / 108,924,715 (26.1%)
[Layer Freezing] Training last 4 transformer layers (layers 8-11)
[Layer Freezing] Trainable params: 28,384,555 / 108,924,715 (26.1%)
[Layer Freezing] Training last 4 transformer layers (layers 8-11)
[Layer Freezing] Trainable params: 28,384,555 / 108,924,715 (26.1%)
[Layer Freezing] Training last 4 transformer layers (layers 8-11)
[Layer Freezing] Trainable params: 28,384,555 / 108,924,715 (26.1%)
[Layer Freezing] Training last 4 transformer layers (layers 8-11)
[Layer Freezing] Trainable params: 28,384,555 / 108,924,715 (26.1%)
[Layer Freezing] Training last 4 transformer layers (layers 8-11)
[Layer Freezing] Trainable params: 28,384,555 / 108,924,715 (26.1%)
[Layer Freezing] Training last 4 transformer layers (layers 8-11)
[Layer Freezing] Trainable params: 28,384,555 / 108,924,715 (26.1%)
[Layer Freezing] Training last 4 transformer layers (layers 8-11)
[Layer Freezing] Trainable params: 28,384,555 / 108,924,715 (26.1%)
[Layer Freezing] Training last 4 transformer layers (layers 8-11)
[Layer Freezing] Trainable params: 28,384,555 / 108,924,715 (26.1%)
[Round 24] T=2.00  α_ce=1.00  α_kd=1.00
 Round 24 | F1 0.3201 | P 0.5720 | R 0.2222 | Time 45.5s | Comm N/A | Local Avg F1: 0.2592

=== Round 25/100 ===
[Round 25] KD=ON | policy=prev_global
[Layer Freezing] Training last 4 transformer layers (layers 8-11)
[Layer Freezing] Trainable params: 28,384,555 / 108,924,715 (26.1%)
[Layer Freezing] Training last 4 transformer layers (layers 8-11)
[Layer Freezing] Trainable params: 28,384,555 / 108,924,715 (26.1%)
[Layer Freezing] Training last 4 transformer layers (layers 8-11)
[Layer Freezing] Trainable params: 28,384,555 / 108,924,715 (26.1%)
[Layer Freezing] Training last 4 transformer layers (layers 8-11)
[Layer Freezing] Trainable params: 28,384,555 / 108,924,715 (26.1%)
[Layer Freezing] Training last 4 transformer layers (layers 8-11)
[Layer Freezing] Trainable params: 28,384,555 / 108,924,715 (26.1%)
[Layer Freezing] Training last 4 transformer layers (layers 8-11)
[Layer Freezing] Trainable params: 28,384,555 / 108,924,715 (26.1%)
[Layer Freezing] Training last 4 transformer layers (layers 8-11)
[Layer Freezing] Trainable params: 28,384,555 / 108,924,715 (26.1%)
[Layer Freezing] Training last 4 transformer layers (layers 8-11)
[Layer Freezing] Trainable params: 28,384,555 / 108,924,715 (26.1%)
[Layer Freezing] Training last 4 transformer layers (layers 8-11)
[Layer Freezing] Trainable params: 28,384,555 / 108,924,715 (26.1%)
[Layer Freezing] Training last 4 transformer layers (layers 8-11)
[Layer Freezing] Trainable params: 28,384,555 / 108,924,715 (26.1%)
[Round 25] T=2.00  α_ce=1.00  α_kd=1.00
 Round 25 | F1 0.3330 | P 0.5633 | R 0.2364 | Time 45.8s | Comm N/A | Local Avg F1: 0.2728

=== Round 26/100 ===
[Round 26] KD=ON | policy=prev_global
[Layer Freezing] Training last 4 transformer layers (layers 8-11)
[Layer Freezing] Trainable params: 28,384,555 / 108,924,715 (26.1%)
[Layer Freezing] Training last 4 transformer layers (layers 8-11)
[Layer Freezing] Trainable params: 28,384,555 / 108,924,715 (26.1%)
[Layer Freezing] Training last 4 transformer layers (layers 8-11)
[Layer Freezing] Trainable params: 28,384,555 / 108,924,715 (26.1%)
[Layer Freezing] Training last 4 transformer layers (layers 8-11)
[Layer Freezing] Trainable params: 28,384,555 / 108,924,715 (26.1%)
[Layer Freezing] Training last 4 transformer layers (layers 8-11)
[Layer Freezing] Trainable params: 28,384,555 / 108,924,715 (26.1%)
[Layer Freezing] Training last 4 transformer layers (layers 8-11)
[Layer Freezing] Trainable params: 28,384,555 / 108,924,715 (26.1%)
[Layer Freezing] Training last 4 transformer layers (layers 8-11)
[Layer Freezing] Trainable params: 28,384,555 / 108,924,715 (26.1%)
[Layer Freezing] Training last 4 transformer layers (layers 8-11)
[Layer Freezing] Trainable params: 28,384,555 / 108,924,715 (26.1%)
[Layer Freezing] Training last 4 transformer layers (layers 8-11)
[Layer Freezing] Trainable params: 28,384,555 / 108,924,715 (26.1%)
[Layer Freezing] Training last 4 transformer layers (layers 8-11)
[Layer Freezing] Trainable params: 28,384,555 / 108,924,715 (26.1%)
[Round 26] T=2.00  α_ce=1.00  α_kd=1.00
 Round 26 | F1 0.3318 | P 0.5761 | R 0.2330 | Time 44.9s | Comm N/A | Local Avg F1: 0.2739

=== Round 27/100 ===
[Round 27] KD=ON | policy=prev_global
[Layer Freezing] Training last 4 transformer layers (layers 8-11)
[Layer Freezing] Trainable params: 28,384,555 / 108,924,715 (26.1%)
[Layer Freezing] Training last 4 transformer layers (layers 8-11)
[Layer Freezing] Trainable params: 28,384,555 / 108,924,715 (26.1%)
[Layer Freezing] Training last 4 transformer layers (layers 8-11)
[Layer Freezing] Trainable params: 28,384,555 / 108,924,715 (26.1%)
[Layer Freezing] Training last 4 transformer layers (layers 8-11)
[Layer Freezing] Trainable params: 28,384,555 / 108,924,715 (26.1%)
[Layer Freezing] Training last 4 transformer layers (layers 8-11)
[Layer Freezing] Trainable params: 28,384,555 / 108,924,715 (26.1%)
[Layer Freezing] Training last 4 transformer layers (layers 8-11)
[Layer Freezing] Trainable params: 28,384,555 / 108,924,715 (26.1%)
[Layer Freezing] Training last 4 transformer layers (layers 8-11)
[Layer Freezing] Trainable params: 28,384,555 / 108,924,715 (26.1%)
[Layer Freezing] Training last 4 transformer layers (layers 8-11)
[Layer Freezing] Trainable params: 28,384,555 / 108,924,715 (26.1%)
[Layer Freezing] Training last 4 transformer layers (layers 8-11)
[Layer Freezing] Trainable params: 28,384,555 / 108,924,715 (26.1%)
[Layer Freezing] Training last 4 transformer layers (layers 8-11)
[Layer Freezing] Trainable params: 28,384,555 / 108,924,715 (26.1%)
[Round 27] T=2.00  α_ce=1.00  α_kd=1.00
 Round 27 | F1 0.3423 | P 0.5840 | R 0.2421 | Time 45.6s | Comm N/A | Local Avg F1: 0.2805

=== Round 28/100 ===
[Round 28] KD=ON | policy=prev_global
[Layer Freezing] Training last 4 transformer layers (layers 8-11)
[Layer Freezing] Trainable params: 28,384,555 / 108,924,715 (26.1%)
[Layer Freezing] Training last 4 transformer layers (layers 8-11)
[Layer Freezing] Trainable params: 28,384,555 / 108,924,715 (26.1%)
[Layer Freezing] Training last 4 transformer layers (layers 8-11)
[Layer Freezing] Trainable params: 28,384,555 / 108,924,715 (26.1%)
[Layer Freezing] Training last 4 transformer layers (layers 8-11)
[Layer Freezing] Trainable params: 28,384,555 / 108,924,715 (26.1%)
[Layer Freezing] Training last 4 transformer layers (layers 8-11)
[Layer Freezing] Trainable params: 28,384,555 / 108,924,715 (26.1%)
[Layer Freezing] Training last 4 transformer layers (layers 8-11)
[Layer Freezing] Trainable params: 28,384,555 / 108,924,715 (26.1%)
[Layer Freezing] Training last 4 transformer layers (layers 8-11)
[Layer Freezing] Trainable params: 28,384,555 / 108,924,715 (26.1%)
[Layer Freezing] Training last 4 transformer layers (layers 8-11)
[Layer Freezing] Trainable params: 28,384,555 / 108,924,715 (26.1%)
[Layer Freezing] Training last 4 transformer layers (layers 8-11)
[Layer Freezing] Trainable params: 28,384,555 / 108,924,715 (26.1%)
[Layer Freezing] Training last 4 transformer layers (layers 8-11)
[Layer Freezing] Trainable params: 28,384,555 / 108,924,715 (26.1%)
[Round 28] T=2.00  α_ce=1.00  α_kd=1.00
 Round 28 | F1 0.3520 | P 0.5866 | R 0.2514 | Time 46.5s | Comm N/A | Local Avg F1: 0.2898

=== Round 29/100 ===
[Round 29] KD=ON | policy=prev_global
[Layer Freezing] Training last 4 transformer layers (layers 8-11)
[Layer Freezing] Trainable params: 28,384,555 / 108,924,715 (26.1%)
[Layer Freezing] Training last 4 transformer layers (layers 8-11)
[Layer Freezing] Trainable params: 28,384,555 / 108,924,715 (26.1%)
[Layer Freezing] Training last 4 transformer layers (layers 8-11)
[Layer Freezing] Trainable params: 28,384,555 / 108,924,715 (26.1%)
[Layer Freezing] Training last 4 transformer layers (layers 8-11)
[Layer Freezing] Trainable params: 28,384,555 / 108,924,715 (26.1%)
[Layer Freezing] Training last 4 transformer layers (layers 8-11)
[Layer Freezing] Trainable params: 28,384,555 / 108,924,715 (26.1%)
[Layer Freezing] Training last 4 transformer layers (layers 8-11)
[Layer Freezing] Trainable params: 28,384,555 / 108,924,715 (26.1%)
[Layer Freezing] Training last 4 transformer layers (layers 8-11)
[Layer Freezing] Trainable params: 28,384,555 / 108,924,715 (26.1%)
[Layer Freezing] Training last 4 transformer layers (layers 8-11)
[Layer Freezing] Trainable params: 28,384,555 / 108,924,715 (26.1%)
[Layer Freezing] Training last 4 transformer layers (layers 8-11)
[Layer Freezing] Trainable params: 28,384,555 / 108,924,715 (26.1%)
[Layer Freezing] Training last 4 transformer layers (layers 8-11)
[Layer Freezing] Trainable params: 28,384,555 / 108,924,715 (26.1%)
[Round 29] T=2.00  α_ce=1.00  α_kd=1.00
 Round 29 | F1 0.3549 | P 0.5962 | R 0.2526 | Time 45.4s | Comm N/A | Local Avg F1: 0.2873

=== Round 30/100 ===
[Round 30] KD=ON | policy=prev_global
[Layer Freezing] Training last 4 transformer layers (layers 8-11)
[Layer Freezing] Trainable params: 28,384,555 / 108,924,715 (26.1%)
[Layer Freezing] Training last 4 transformer layers (layers 8-11)
[Layer Freezing] Trainable params: 28,384,555 / 108,924,715 (26.1%)
[Layer Freezing] Training last 4 transformer layers (layers 8-11)
[Layer Freezing] Trainable params: 28,384,555 / 108,924,715 (26.1%)
[Layer Freezing] Training last 4 transformer layers (layers 8-11)
[Layer Freezing] Trainable params: 28,384,555 / 108,924,715 (26.1%)
[Layer Freezing] Training last 4 transformer layers (layers 8-11)
[Layer Freezing] Trainable params: 28,384,555 / 108,924,715 (26.1%)
[Layer Freezing] Training last 4 transformer layers (layers 8-11)
[Layer Freezing] Trainable params: 28,384,555 / 108,924,715 (26.1%)
[Layer Freezing] Training last 4 transformer layers (layers 8-11)
[Layer Freezing] Trainable params: 28,384,555 / 108,924,715 (26.1%)
[Layer Freezing] Training last 4 transformer layers (layers 8-11)
[Layer Freezing] Trainable params: 28,384,555 / 108,924,715 (26.1%)
[Layer Freezing] Training last 4 transformer layers (layers 8-11)
[Layer Freezing] Trainable params: 28,384,555 / 108,924,715 (26.1%)
[Layer Freezing] Training last 4 transformer layers (layers 8-11)
[Layer Freezing] Trainable params: 28,384,555 / 108,924,715 (26.1%)
[Round 30] T=2.00  α_ce=1.00  α_kd=1.00
 Round 30 | F1 0.3562 | P 0.6049 | R 0.2525 | Time 45.1s | Comm N/A | Local Avg F1: 0.2852

=== Round 31/100 ===
[Round 31] KD=ON | policy=prev_global
[Layer Freezing] Training last 4 transformer layers (layers 8-11)
[Layer Freezing] Trainable params: 28,384,555 / 108,924,715 (26.1%)
[Layer Freezing] Training last 4 transformer layers (layers 8-11)
[Layer Freezing] Trainable params: 28,384,555 / 108,924,715 (26.1%)
[Layer Freezing] Training last 4 transformer layers (layers 8-11)
[Layer Freezing] Trainable params: 28,384,555 / 108,924,715 (26.1%)
[Layer Freezing] Training last 4 transformer layers (layers 8-11)
[Layer Freezing] Trainable params: 28,384,555 / 108,924,715 (26.1%)
[Layer Freezing] Training last 4 transformer layers (layers 8-11)
[Layer Freezing] Trainable params: 28,384,555 / 108,924,715 (26.1%)
[Layer Freezing] Training last 4 transformer layers (layers 8-11)
[Layer Freezing] Trainable params: 28,384,555 / 108,924,715 (26.1%)
[Layer Freezing] Training last 4 transformer layers (layers 8-11)
[Layer Freezing] Trainable params: 28,384,555 / 108,924,715 (26.1%)
[Layer Freezing] Training last 4 transformer layers (layers 8-11)
[Layer Freezing] Trainable params: 28,384,555 / 108,924,715 (26.1%)
[Layer Freezing] Training last 4 transformer layers (layers 8-11)
[Layer Freezing] Trainable params: 28,384,555 / 108,924,715 (26.1%)
[Layer Freezing] Training last 4 transformer layers (layers 8-11)
[Layer Freezing] Trainable params: 28,384,555 / 108,924,715 (26.1%)
[Round 31] T=2.00  α_ce=1.00  α_kd=1.00
 Round 31 | F1 0.3461 | P 0.6102 | R 0.2416 | Time 46.5s | Comm N/A | Local Avg F1: 0.2756

=== Round 32/100 ===
[Round 32] KD=ON | policy=prev_global
[Layer Freezing] Training last 4 transformer layers (layers 8-11)
[Layer Freezing] Trainable params: 28,384,555 / 108,924,715 (26.1%)
[Layer Freezing] Training last 4 transformer layers (layers 8-11)
[Layer Freezing] Trainable params: 28,384,555 / 108,924,715 (26.1%)
[Layer Freezing] Training last 4 transformer layers (layers 8-11)
[Layer Freezing] Trainable params: 28,384,555 / 108,924,715 (26.1%)
[Layer Freezing] Training last 4 transformer layers (layers 8-11)
[Layer Freezing] Trainable params: 28,384,555 / 108,924,715 (26.1%)
[Layer Freezing] Training last 4 transformer layers (layers 8-11)
[Layer Freezing] Trainable params: 28,384,555 / 108,924,715 (26.1%)
[Layer Freezing] Training last 4 transformer layers (layers 8-11)
[Layer Freezing] Trainable params: 28,384,555 / 108,924,715 (26.1%)
[Layer Freezing] Training last 4 transformer layers (layers 8-11)
[Layer Freezing] Trainable params: 28,384,555 / 108,924,715 (26.1%)
[Layer Freezing] Training last 4 transformer layers (layers 8-11)
[Layer Freezing] Trainable params: 28,384,555 / 108,924,715 (26.1%)
[Layer Freezing] Training last 4 transformer layers (layers 8-11)
[Layer Freezing] Trainable params: 28,384,555 / 108,924,715 (26.1%)
[Layer Freezing] Training last 4 transformer layers (layers 8-11)
[Layer Freezing] Trainable params: 28,384,555 / 108,924,715 (26.1%)
[Round 32] T=2.00  α_ce=1.00  α_kd=1.00
 Round 32 | F1 0.3692 | P 0.6048 | R 0.2657 | Time 44.4s | Comm N/A | Local Avg F1: 0.2987

=== Round 33/100 ===
[Round 33] KD=ON | policy=prev_global
[Layer Freezing] Training last 4 transformer layers (layers 8-11)
[Layer Freezing] Trainable params: 28,384,555 / 108,924,715 (26.1%)
[Layer Freezing] Training last 4 transformer layers (layers 8-11)
[Layer Freezing] Trainable params: 28,384,555 / 108,924,715 (26.1%)
[Layer Freezing] Training last 4 transformer layers (layers 8-11)
[Layer Freezing] Trainable params: 28,384,555 / 108,924,715 (26.1%)
[Layer Freezing] Training last 4 transformer layers (layers 8-11)
[Layer Freezing] Trainable params: 28,384,555 / 108,924,715 (26.1%)
[Layer Freezing] Training last 4 transformer layers (layers 8-11)
[Layer Freezing] Trainable params: 28,384,555 / 108,924,715 (26.1%)
[Layer Freezing] Training last 4 transformer layers (layers 8-11)
[Layer Freezing] Trainable params: 28,384,555 / 108,924,715 (26.1%)
[Layer Freezing] Training last 4 transformer layers (layers 8-11)
[Layer Freezing] Trainable params: 28,384,555 / 108,924,715 (26.1%)
[Layer Freezing] Training last 4 transformer layers (layers 8-11)
[Layer Freezing] Trainable params: 28,384,555 / 108,924,715 (26.1%)
[Layer Freezing] Training last 4 transformer layers (layers 8-11)
[Layer Freezing] Trainable params: 28,384,555 / 108,924,715 (26.1%)
[Layer Freezing] Training last 4 transformer layers (layers 8-11)
[Layer Freezing] Trainable params: 28,384,555 / 108,924,715 (26.1%)
[Round 33] T=2.00  α_ce=1.00  α_kd=1.00
 Round 33 | F1 0.3941 | P 0.5908 | R 0.2956 | Time 45.6s | Comm N/A | Local Avg F1: 0.3288

=== Round 34/100 ===
[Round 34] KD=ON | policy=prev_global
[Layer Freezing] Training last 4 transformer layers (layers 8-11)
[Layer Freezing] Trainable params: 28,384,555 / 108,924,715 (26.1%)
[Layer Freezing] Training last 4 transformer layers (layers 8-11)
[Layer Freezing] Trainable params: 28,384,555 / 108,924,715 (26.1%)
[Layer Freezing] Training last 4 transformer layers (layers 8-11)
[Layer Freezing] Trainable params: 28,384,555 / 108,924,715 (26.1%)
[Layer Freezing] Training last 4 transformer layers (layers 8-11)
[Layer Freezing] Trainable params: 28,384,555 / 108,924,715 (26.1%)
[Layer Freezing] Training last 4 transformer layers (layers 8-11)
[Layer Freezing] Trainable params: 28,384,555 / 108,924,715 (26.1%)
[Layer Freezing] Training last 4 transformer layers (layers 8-11)
[Layer Freezing] Trainable params: 28,384,555 / 108,924,715 (26.1%)
[Layer Freezing] Training last 4 transformer layers (layers 8-11)
[Layer Freezing] Trainable params: 28,384,555 / 108,924,715 (26.1%)
[Layer Freezing] Training last 4 transformer layers (layers 8-11)
[Layer Freezing] Trainable params: 28,384,555 / 108,924,715 (26.1%)
[Layer Freezing] Training last 4 transformer layers (layers 8-11)
[Layer Freezing] Trainable params: 28,384,555 / 108,924,715 (26.1%)
[Layer Freezing] Training last 4 transformer layers (layers 8-11)
[Layer Freezing] Trainable params: 28,384,555 / 108,924,715 (26.1%)
[Round 34] T=2.00  α_ce=1.00  α_kd=1.00
 Round 34 | F1 0.4031 | P 0.5883 | R 0.3066 | Time 46.3s | Comm N/A | Local Avg F1: 0.3374

=== Round 35/100 ===
[Round 35] KD=ON | policy=prev_global
[Layer Freezing] Training last 4 transformer layers (layers 8-11)
[Layer Freezing] Trainable params: 28,384,555 / 108,924,715 (26.1%)
[Layer Freezing] Training last 4 transformer layers (layers 8-11)
[Layer Freezing] Trainable params: 28,384,555 / 108,924,715 (26.1%)
[Layer Freezing] Training last 4 transformer layers (layers 8-11)
[Layer Freezing] Trainable params: 28,384,555 / 108,924,715 (26.1%)
[Layer Freezing] Training last 4 transformer layers (layers 8-11)
[Layer Freezing] Trainable params: 28,384,555 / 108,924,715 (26.1%)
[Layer Freezing] Training last 4 transformer layers (layers 8-11)
[Layer Freezing] Trainable params: 28,384,555 / 108,924,715 (26.1%)
[Layer Freezing] Training last 4 transformer layers (layers 8-11)
[Layer Freezing] Trainable params: 28,384,555 / 108,924,715 (26.1%)
[Layer Freezing] Training last 4 transformer layers (layers 8-11)
[Layer Freezing] Trainable params: 28,384,555 / 108,924,715 (26.1%)
[Layer Freezing] Training last 4 transformer layers (layers 8-11)
[Layer Freezing] Trainable params: 28,384,555 / 108,924,715 (26.1%)
[Layer Freezing] Training last 4 transformer layers (layers 8-11)
[Layer Freezing] Trainable params: 28,384,555 / 108,924,715 (26.1%)
[Layer Freezing] Training last 4 transformer layers (layers 8-11)
[Layer Freezing] Trainable params: 28,384,555 / 108,924,715 (26.1%)
[Round 35] T=2.00  α_ce=1.00  α_kd=1.00
 Round 35 | F1 0.4099 | P 0.5858 | R 0.3153 | Time 45.1s | Comm N/A | Local Avg F1: 0.3384

=== Round 36/100 ===
[Round 36] KD=ON | policy=prev_global
[Layer Freezing] Training last 4 transformer layers (layers 8-11)
[Layer Freezing] Trainable params: 28,384,555 / 108,924,715 (26.1%)
[Layer Freezing] Training last 4 transformer layers (layers 8-11)
[Layer Freezing] Trainable params: 28,384,555 / 108,924,715 (26.1%)
[Layer Freezing] Training last 4 transformer layers (layers 8-11)
[Layer Freezing] Trainable params: 28,384,555 / 108,924,715 (26.1%)
[Layer Freezing] Training last 4 transformer layers (layers 8-11)
[Layer Freezing] Trainable params: 28,384,555 / 108,924,715 (26.1%)
[Layer Freezing] Training last 4 transformer layers (layers 8-11)
[Layer Freezing] Trainable params: 28,384,555 / 108,924,715 (26.1%)
[Layer Freezing] Training last 4 transformer layers (layers 8-11)
[Layer Freezing] Trainable params: 28,384,555 / 108,924,715 (26.1%)
[Layer Freezing] Training last 4 transformer layers (layers 8-11)
[Layer Freezing] Trainable params: 28,384,555 / 108,924,715 (26.1%)
[Layer Freezing] Training last 4 transformer layers (layers 8-11)
[Layer Freezing] Trainable params: 28,384,555 / 108,924,715 (26.1%)
[Layer Freezing] Training last 4 transformer layers (layers 8-11)
[Layer Freezing] Trainable params: 28,384,555 / 108,924,715 (26.1%)
[Layer Freezing] Training last 4 transformer layers (layers 8-11)
[Layer Freezing] Trainable params: 28,384,555 / 108,924,715 (26.1%)
[Round 36] T=2.00  α_ce=1.00  α_kd=1.00
 Round 36 | F1 0.4003 | P 0.5990 | R 0.3006 | Time 45.8s | Comm N/A | Local Avg F1: 0.3337

=== Round 37/100 ===
[Round 37] KD=ON | policy=prev_global
[Layer Freezing] Training last 4 transformer layers (layers 8-11)
[Layer Freezing] Trainable params: 28,384,555 / 108,924,715 (26.1%)
[Layer Freezing] Training last 4 transformer layers (layers 8-11)
[Layer Freezing] Trainable params: 28,384,555 / 108,924,715 (26.1%)
[Layer Freezing] Training last 4 transformer layers (layers 8-11)
[Layer Freezing] Trainable params: 28,384,555 / 108,924,715 (26.1%)
[Layer Freezing] Training last 4 transformer layers (layers 8-11)
[Layer Freezing] Trainable params: 28,384,555 / 108,924,715 (26.1%)
[Layer Freezing] Training last 4 transformer layers (layers 8-11)
[Layer Freezing] Trainable params: 28,384,555 / 108,924,715 (26.1%)
[Layer Freezing] Training last 4 transformer layers (layers 8-11)
[Layer Freezing] Trainable params: 28,384,555 / 108,924,715 (26.1%)
[Layer Freezing] Training last 4 transformer layers (layers 8-11)
[Layer Freezing] Trainable params: 28,384,555 / 108,924,715 (26.1%)
[Layer Freezing] Training last 4 transformer layers (layers 8-11)
[Layer Freezing] Trainable params: 28,384,555 / 108,924,715 (26.1%)
[Layer Freezing] Training last 4 transformer layers (layers 8-11)
[Layer Freezing] Trainable params: 28,384,555 / 108,924,715 (26.1%)
[Layer Freezing] Training last 4 transformer layers (layers 8-11)
[Layer Freezing] Trainable params: 28,384,555 / 108,924,715 (26.1%)
[Round 37] T=2.00  α_ce=1.00  α_kd=1.00
 Round 37 | F1 0.4053 | P 0.5960 | R 0.3071 | Time 45.8s | Comm N/A | Local Avg F1: 0.3453

=== Round 38/100 ===
[Round 38] KD=ON | policy=prev_global
[Layer Freezing] Training last 4 transformer layers (layers 8-11)
[Layer Freezing] Trainable params: 28,384,555 / 108,924,715 (26.1%)
[Layer Freezing] Training last 4 transformer layers (layers 8-11)
[Layer Freezing] Trainable params: 28,384,555 / 108,924,715 (26.1%)
[Layer Freezing] Training last 4 transformer layers (layers 8-11)
[Layer Freezing] Trainable params: 28,384,555 / 108,924,715 (26.1%)
[Layer Freezing] Training last 4 transformer layers (layers 8-11)
[Layer Freezing] Trainable params: 28,384,555 / 108,924,715 (26.1%)
[Layer Freezing] Training last 4 transformer layers (layers 8-11)
[Layer Freezing] Trainable params: 28,384,555 / 108,924,715 (26.1%)
[Layer Freezing] Training last 4 transformer layers (layers 8-11)
[Layer Freezing] Trainable params: 28,384,555 / 108,924,715 (26.1%)
[Layer Freezing] Training last 4 transformer layers (layers 8-11)
[Layer Freezing] Trainable params: 28,384,555 / 108,924,715 (26.1%)
[Layer Freezing] Training last 4 transformer layers (layers 8-11)
[Layer Freezing] Trainable params: 28,384,555 / 108,924,715 (26.1%)
[Layer Freezing] Training last 4 transformer layers (layers 8-11)
[Layer Freezing] Trainable params: 28,384,555 / 108,924,715 (26.1%)
[Layer Freezing] Training last 4 transformer layers (layers 8-11)
[Layer Freezing] Trainable params: 28,384,555 / 108,924,715 (26.1%)
[Round 38] T=2.00  α_ce=1.00  α_kd=1.00
 Round 38 | F1 0.4096 | P 0.5989 | R 0.3112 | Time 44.8s | Comm N/A | Local Avg F1: 0.3457

=== Round 39/100 ===
[Round 39] KD=ON | policy=prev_global
[Layer Freezing] Training last 4 transformer layers (layers 8-11)
[Layer Freezing] Trainable params: 28,384,555 / 108,924,715 (26.1%)
[Layer Freezing] Training last 4 transformer layers (layers 8-11)
[Layer Freezing] Trainable params: 28,384,555 / 108,924,715 (26.1%)
[Layer Freezing] Training last 4 transformer layers (layers 8-11)
[Layer Freezing] Trainable params: 28,384,555 / 108,924,715 (26.1%)
[Layer Freezing] Training last 4 transformer layers (layers 8-11)
[Layer Freezing] Trainable params: 28,384,555 / 108,924,715 (26.1%)
[Layer Freezing] Training last 4 transformer layers (layers 8-11)
[Layer Freezing] Trainable params: 28,384,555 / 108,924,715 (26.1%)
[Layer Freezing] Training last 4 transformer layers (layers 8-11)
[Layer Freezing] Trainable params: 28,384,555 / 108,924,715 (26.1%)
[Layer Freezing] Training last 4 transformer layers (layers 8-11)
[Layer Freezing] Trainable params: 28,384,555 / 108,924,715 (26.1%)
[Layer Freezing] Training last 4 transformer layers (layers 8-11)
[Layer Freezing] Trainable params: 28,384,555 / 108,924,715 (26.1%)
[Layer Freezing] Training last 4 transformer layers (layers 8-11)
[Layer Freezing] Trainable params: 28,384,555 / 108,924,715 (26.1%)
[Layer Freezing] Training last 4 transformer layers (layers 8-11)
[Layer Freezing] Trainable params: 28,384,555 / 108,924,715 (26.1%)
[Round 39] T=2.00  α_ce=1.00  α_kd=1.00
 Round 39 | F1 0.4207 | P 0.5941 | R 0.3257 | Time 44.6s | Comm N/A | Local Avg F1: 0.3551

=== Round 40/100 ===
[Round 40] KD=ON | policy=prev_global
[Layer Freezing] Training last 4 transformer layers (layers 8-11)
[Layer Freezing] Trainable params: 28,384,555 / 108,924,715 (26.1%)
[Layer Freezing] Training last 4 transformer layers (layers 8-11)
[Layer Freezing] Trainable params: 28,384,555 / 108,924,715 (26.1%)
[Layer Freezing] Training last 4 transformer layers (layers 8-11)
[Layer Freezing] Trainable params: 28,384,555 / 108,924,715 (26.1%)
[Layer Freezing] Training last 4 transformer layers (layers 8-11)
[Layer Freezing] Trainable params: 28,384,555 / 108,924,715 (26.1%)
[Layer Freezing] Training last 4 transformer layers (layers 8-11)
[Layer Freezing] Trainable params: 28,384,555 / 108,924,715 (26.1%)
[Layer Freezing] Training last 4 transformer layers (layers 8-11)
[Layer Freezing] Trainable params: 28,384,555 / 108,924,715 (26.1%)
[Layer Freezing] Training last 4 transformer layers (layers 8-11)
[Layer Freezing] Trainable params: 28,384,555 / 108,924,715 (26.1%)
[Layer Freezing] Training last 4 transformer layers (layers 8-11)
[Layer Freezing] Trainable params: 28,384,555 / 108,924,715 (26.1%)
[Layer Freezing] Training last 4 transformer layers (layers 8-11)
[Layer Freezing] Trainable params: 28,384,555 / 108,924,715 (26.1%)
[Layer Freezing] Training last 4 transformer layers (layers 8-11)
[Layer Freezing] Trainable params: 28,384,555 / 108,924,715 (26.1%)
[Round 40] T=2.00  α_ce=1.00  α_kd=1.00
 Round 40 | F1 0.4149 | P 0.6030 | R 0.3162 | Time 46.4s | Comm N/A | Local Avg F1: 0.3492

=== Round 41/100 ===
[Round 41] KD=ON | policy=prev_global
[Layer Freezing] Training last 4 transformer layers (layers 8-11)
[Layer Freezing] Trainable params: 28,384,555 / 108,924,715 (26.1%)
[Layer Freezing] Training last 4 transformer layers (layers 8-11)
[Layer Freezing] Trainable params: 28,384,555 / 108,924,715 (26.1%)
[Layer Freezing] Training last 4 transformer layers (layers 8-11)
[Layer Freezing] Trainable params: 28,384,555 / 108,924,715 (26.1%)
[Layer Freezing] Training last 4 transformer layers (layers 8-11)
[Layer Freezing] Trainable params: 28,384,555 / 108,924,715 (26.1%)
[Layer Freezing] Training last 4 transformer layers (layers 8-11)
[Layer Freezing] Trainable params: 28,384,555 / 108,924,715 (26.1%)
[Layer Freezing] Training last 4 transformer layers (layers 8-11)
[Layer Freezing] Trainable params: 28,384,555 / 108,924,715 (26.1%)
[Layer Freezing] Training last 4 transformer layers (layers 8-11)
[Layer Freezing] Trainable params: 28,384,555 / 108,924,715 (26.1%)
[Layer Freezing] Training last 4 transformer layers (layers 8-11)
[Layer Freezing] Trainable params: 28,384,555 / 108,924,715 (26.1%)
[Layer Freezing] Training last 4 transformer layers (layers 8-11)
[Layer Freezing] Trainable params: 28,384,555 / 108,924,715 (26.1%)
[Layer Freezing] Training last 4 transformer layers (layers 8-11)
[Layer Freezing] Trainable params: 28,384,555 / 108,924,715 (26.1%)
[Round 41] T=2.00  α_ce=1.00  α_kd=1.00
 Round 41 | F1 0.4338 | P 0.5901 | R 0.3430 | Time 45.5s | Comm N/A | Local Avg F1: 0.3630

=== Round 42/100 ===
[Round 42] KD=ON | policy=prev_global
[Layer Freezing] Training last 4 transformer layers (layers 8-11)
[Layer Freezing] Trainable params: 28,384,555 / 108,924,715 (26.1%)
[Layer Freezing] Training last 4 transformer layers (layers 8-11)
[Layer Freezing] Trainable params: 28,384,555 / 108,924,715 (26.1%)
[Layer Freezing] Training last 4 transformer layers (layers 8-11)
[Layer Freezing] Trainable params: 28,384,555 / 108,924,715 (26.1%)
[Layer Freezing] Training last 4 transformer layers (layers 8-11)
[Layer Freezing] Trainable params: 28,384,555 / 108,924,715 (26.1%)
[Layer Freezing] Training last 4 transformer layers (layers 8-11)
[Layer Freezing] Trainable params: 28,384,555 / 108,924,715 (26.1%)
[Layer Freezing] Training last 4 transformer layers (layers 8-11)
[Layer Freezing] Trainable params: 28,384,555 / 108,924,715 (26.1%)
[Layer Freezing] Training last 4 transformer layers (layers 8-11)
[Layer Freezing] Trainable params: 28,384,555 / 108,924,715 (26.1%)
[Layer Freezing] Training last 4 transformer layers (layers 8-11)
[Layer Freezing] Trainable params: 28,384,555 / 108,924,715 (26.1%)
[Layer Freezing] Training last 4 transformer layers (layers 8-11)
[Layer Freezing] Trainable params: 28,384,555 / 108,924,715 (26.1%)
[Layer Freezing] Training last 4 transformer layers (layers 8-11)
[Layer Freezing] Trainable params: 28,384,555 / 108,924,715 (26.1%)
[Round 42] T=2.00  α_ce=1.00  α_kd=1.00
 Round 42 | F1 0.4316 | P 0.6061 | R 0.3351 | Time 45.0s | Comm N/A | Local Avg F1: 0.3560

=== Round 43/100 ===
[Round 43] KD=ON | policy=prev_global
[Layer Freezing] Training last 4 transformer layers (layers 8-11)
[Layer Freezing] Trainable params: 28,384,555 / 108,924,715 (26.1%)
[Layer Freezing] Training last 4 transformer layers (layers 8-11)
[Layer Freezing] Trainable params: 28,384,555 / 108,924,715 (26.1%)
[Layer Freezing] Training last 4 transformer layers (layers 8-11)
[Layer Freezing] Trainable params: 28,384,555 / 108,924,715 (26.1%)
[Layer Freezing] Training last 4 transformer layers (layers 8-11)
[Layer Freezing] Trainable params: 28,384,555 / 108,924,715 (26.1%)
[Layer Freezing] Training last 4 transformer layers (layers 8-11)
[Layer Freezing] Trainable params: 28,384,555 / 108,924,715 (26.1%)
[Layer Freezing] Training last 4 transformer layers (layers 8-11)
[Layer Freezing] Trainable params: 28,384,555 / 108,924,715 (26.1%)
[Layer Freezing] Training last 4 transformer layers (layers 8-11)
[Layer Freezing] Trainable params: 28,384,555 / 108,924,715 (26.1%)
[Layer Freezing] Training last 4 transformer layers (layers 8-11)
[Layer Freezing] Trainable params: 28,384,555 / 108,924,715 (26.1%)
[Layer Freezing] Training last 4 transformer layers (layers 8-11)
[Layer Freezing] Trainable params: 28,384,555 / 108,924,715 (26.1%)
[Layer Freezing] Training last 4 transformer layers (layers 8-11)
[Layer Freezing] Trainable params: 28,384,555 / 108,924,715 (26.1%)
[Round 43] T=2.00  α_ce=1.00  α_kd=1.00
 Round 43 | F1 0.4291 | P 0.6162 | R 0.3292 | Time 46.6s | Comm N/A | Local Avg F1: 0.3541

=== Round 44/100 ===
[Round 44] KD=ON | policy=prev_global
[Layer Freezing] Training last 4 transformer layers (layers 8-11)
[Layer Freezing] Trainable params: 28,384,555 / 108,924,715 (26.1%)
[Layer Freezing] Training last 4 transformer layers (layers 8-11)
[Layer Freezing] Trainable params: 28,384,555 / 108,924,715 (26.1%)
[Layer Freezing] Training last 4 transformer layers (layers 8-11)
[Layer Freezing] Trainable params: 28,384,555 / 108,924,715 (26.1%)
[Layer Freezing] Training last 4 transformer layers (layers 8-11)
[Layer Freezing] Trainable params: 28,384,555 / 108,924,715 (26.1%)
[Layer Freezing] Training last 4 transformer layers (layers 8-11)
[Layer Freezing] Trainable params: 28,384,555 / 108,924,715 (26.1%)
[Layer Freezing] Training last 4 transformer layers (layers 8-11)
[Layer Freezing] Trainable params: 28,384,555 / 108,924,715 (26.1%)
[Layer Freezing] Training last 4 transformer layers (layers 8-11)
[Layer Freezing] Trainable params: 28,384,555 / 108,924,715 (26.1%)
[Layer Freezing] Training last 4 transformer layers (layers 8-11)
[Layer Freezing] Trainable params: 28,384,555 / 108,924,715 (26.1%)
[Layer Freezing] Training last 4 transformer layers (layers 8-11)
[Layer Freezing] Trainable params: 28,384,555 / 108,924,715 (26.1%)
[Layer Freezing] Training last 4 transformer layers (layers 8-11)
[Layer Freezing] Trainable params: 28,384,555 / 108,924,715 (26.1%)
[Round 44] T=2.00  α_ce=1.00  α_kd=1.00
 Round 44 | F1 0.4361 | P 0.6086 | R 0.3398 | Time 45.2s | Comm N/A | Local Avg F1: 0.3669

=== Round 45/100 ===
[Round 45] KD=ON | policy=prev_global
[Layer Freezing] Training last 4 transformer layers (layers 8-11)
[Layer Freezing] Trainable params: 28,384,555 / 108,924,715 (26.1%)
[Layer Freezing] Training last 4 transformer layers (layers 8-11)
[Layer Freezing] Trainable params: 28,384,555 / 108,924,715 (26.1%)
[Layer Freezing] Training last 4 transformer layers (layers 8-11)
[Layer Freezing] Trainable params: 28,384,555 / 108,924,715 (26.1%)
[Layer Freezing] Training last 4 transformer layers (layers 8-11)
[Layer Freezing] Trainable params: 28,384,555 / 108,924,715 (26.1%)
[Layer Freezing] Training last 4 transformer layers (layers 8-11)
[Layer Freezing] Trainable params: 28,384,555 / 108,924,715 (26.1%)
[Layer Freezing] Training last 4 transformer layers (layers 8-11)
[Layer Freezing] Trainable params: 28,384,555 / 108,924,715 (26.1%)
[Layer Freezing] Training last 4 transformer layers (layers 8-11)
[Layer Freezing] Trainable params: 28,384,555 / 108,924,715 (26.1%)
[Layer Freezing] Training last 4 transformer layers (layers 8-11)
[Layer Freezing] Trainable params: 28,384,555 / 108,924,715 (26.1%)
[Layer Freezing] Training last 4 transformer layers (layers 8-11)
[Layer Freezing] Trainable params: 28,384,555 / 108,924,715 (26.1%)
[Layer Freezing] Training last 4 transformer layers (layers 8-11)
[Layer Freezing] Trainable params: 28,384,555 / 108,924,715 (26.1%)
[Round 45] T=2.00  α_ce=1.00  α_kd=1.00
 Round 45 | F1 0.4473 | P 0.6069 | R 0.3541 | Time 44.9s | Comm N/A | Local Avg F1: 0.3752

=== Round 46/100 ===
[Round 46] KD=ON | policy=prev_global
[Layer Freezing] Training last 4 transformer layers (layers 8-11)
[Layer Freezing] Trainable params: 28,384,555 / 108,924,715 (26.1%)
[Layer Freezing] Training last 4 transformer layers (layers 8-11)
[Layer Freezing] Trainable params: 28,384,555 / 108,924,715 (26.1%)
[Layer Freezing] Training last 4 transformer layers (layers 8-11)
[Layer Freezing] Trainable params: 28,384,555 / 108,924,715 (26.1%)
[Layer Freezing] Training last 4 transformer layers (layers 8-11)
[Layer Freezing] Trainable params: 28,384,555 / 108,924,715 (26.1%)
[Layer Freezing] Training last 4 transformer layers (layers 8-11)
[Layer Freezing] Trainable params: 28,384,555 / 108,924,715 (26.1%)
[Layer Freezing] Training last 4 transformer layers (layers 8-11)
[Layer Freezing] Trainable params: 28,384,555 / 108,924,715 (26.1%)
[Layer Freezing] Training last 4 transformer layers (layers 8-11)
[Layer Freezing] Trainable params: 28,384,555 / 108,924,715 (26.1%)
[Layer Freezing] Training last 4 transformer layers (layers 8-11)
[Layer Freezing] Trainable params: 28,384,555 / 108,924,715 (26.1%)
[Layer Freezing] Training last 4 transformer layers (layers 8-11)
[Layer Freezing] Trainable params: 28,384,555 / 108,924,715 (26.1%)
[Layer Freezing] Training last 4 transformer layers (layers 8-11)
[Layer Freezing] Trainable params: 28,384,555 / 108,924,715 (26.1%)
[Round 46] T=2.00  α_ce=1.00  α_kd=1.00
 Round 46 | F1 0.4457 | P 0.6124 | R 0.3504 | Time 45.6s | Comm N/A | Local Avg F1: 0.3751

=== Round 47/100 ===
[Round 47] KD=ON | policy=prev_global
[Layer Freezing] Training last 4 transformer layers (layers 8-11)
[Layer Freezing] Trainable params: 28,384,555 / 108,924,715 (26.1%)
[Layer Freezing] Training last 4 transformer layers (layers 8-11)
[Layer Freezing] Trainable params: 28,384,555 / 108,924,715 (26.1%)
[Layer Freezing] Training last 4 transformer layers (layers 8-11)
[Layer Freezing] Trainable params: 28,384,555 / 108,924,715 (26.1%)
[Layer Freezing] Training last 4 transformer layers (layers 8-11)
[Layer Freezing] Trainable params: 28,384,555 / 108,924,715 (26.1%)
[Layer Freezing] Training last 4 transformer layers (layers 8-11)
[Layer Freezing] Trainable params: 28,384,555 / 108,924,715 (26.1%)
[Layer Freezing] Training last 4 transformer layers (layers 8-11)
[Layer Freezing] Trainable params: 28,384,555 / 108,924,715 (26.1%)
[Layer Freezing] Training last 4 transformer layers (layers 8-11)
[Layer Freezing] Trainable params: 28,384,555 / 108,924,715 (26.1%)
[Layer Freezing] Training last 4 transformer layers (layers 8-11)
[Layer Freezing] Trainable params: 28,384,555 / 108,924,715 (26.1%)
[Layer Freezing] Training last 4 transformer layers (layers 8-11)
[Layer Freezing] Trainable params: 28,384,555 / 108,924,715 (26.1%)
[Layer Freezing] Training last 4 transformer layers (layers 8-11)
[Layer Freezing] Trainable params: 28,384,555 / 108,924,715 (26.1%)
[Round 47] T=2.00  α_ce=1.00  α_kd=1.00
 Round 47 | F1 0.4479 | P 0.6079 | R 0.3545 | Time 44.6s | Comm N/A | Local Avg F1: 0.3750

=== Round 48/100 ===
[Round 48] KD=ON | policy=prev_global
[Layer Freezing] Training last 4 transformer layers (layers 8-11)
[Layer Freezing] Trainable params: 28,384,555 / 108,924,715 (26.1%)
[Layer Freezing] Training last 4 transformer layers (layers 8-11)
[Layer Freezing] Trainable params: 28,384,555 / 108,924,715 (26.1%)
[Layer Freezing] Training last 4 transformer layers (layers 8-11)
[Layer Freezing] Trainable params: 28,384,555 / 108,924,715 (26.1%)
[Layer Freezing] Training last 4 transformer layers (layers 8-11)
[Layer Freezing] Trainable params: 28,384,555 / 108,924,715 (26.1%)
[Layer Freezing] Training last 4 transformer layers (layers 8-11)
[Layer Freezing] Trainable params: 28,384,555 / 108,924,715 (26.1%)
[Layer Freezing] Training last 4 transformer layers (layers 8-11)
[Layer Freezing] Trainable params: 28,384,555 / 108,924,715 (26.1%)
[Layer Freezing] Training last 4 transformer layers (layers 8-11)
[Layer Freezing] Trainable params: 28,384,555 / 108,924,715 (26.1%)
[Layer Freezing] Training last 4 transformer layers (layers 8-11)
[Layer Freezing] Trainable params: 28,384,555 / 108,924,715 (26.1%)
[Layer Freezing] Training last 4 transformer layers (layers 8-11)
[Layer Freezing] Trainable params: 28,384,555 / 108,924,715 (26.1%)
[Layer Freezing] Training last 4 transformer layers (layers 8-11)
[Layer Freezing] Trainable params: 28,384,555 / 108,924,715 (26.1%)
[Round 48] T=2.00  α_ce=1.00  α_kd=1.00
 Round 48 | F1 0.4530 | P 0.6019 | R 0.3632 | Time 45.3s | Comm N/A | Local Avg F1: 0.3861

=== Round 49/100 ===
[Round 49] KD=ON | policy=prev_global
[Layer Freezing] Training last 4 transformer layers (layers 8-11)
[Layer Freezing] Trainable params: 28,384,555 / 108,924,715 (26.1%)
[Layer Freezing] Training last 4 transformer layers (layers 8-11)
[Layer Freezing] Trainable params: 28,384,555 / 108,924,715 (26.1%)
[Layer Freezing] Training last 4 transformer layers (layers 8-11)
[Layer Freezing] Trainable params: 28,384,555 / 108,924,715 (26.1%)
[Layer Freezing] Training last 4 transformer layers (layers 8-11)
[Layer Freezing] Trainable params: 28,384,555 / 108,924,715 (26.1%)
[Layer Freezing] Training last 4 transformer layers (layers 8-11)
[Layer Freezing] Trainable params: 28,384,555 / 108,924,715 (26.1%)
[Layer Freezing] Training last 4 transformer layers (layers 8-11)
[Layer Freezing] Trainable params: 28,384,555 / 108,924,715 (26.1%)
[Layer Freezing] Training last 4 transformer layers (layers 8-11)
[Layer Freezing] Trainable params: 28,384,555 / 108,924,715 (26.1%)
[Layer Freezing] Training last 4 transformer layers (layers 8-11)
[Layer Freezing] Trainable params: 28,384,555 / 108,924,715 (26.1%)
[Layer Freezing] Training last 4 transformer layers (layers 8-11)
[Layer Freezing] Trainable params: 28,384,555 / 108,924,715 (26.1%)
[Layer Freezing] Training last 4 transformer layers (layers 8-11)
[Layer Freezing] Trainable params: 28,384,555 / 108,924,715 (26.1%)
[Round 49] T=2.00  α_ce=1.00  α_kd=1.00
 Round 49 | F1 0.4504 | P 0.6062 | R 0.3583 | Time 45.7s | Comm N/A | Local Avg F1: 0.3830

=== Round 50/100 ===
[Round 50] KD=ON | policy=prev_global
[Layer Freezing] Training last 4 transformer layers (layers 8-11)
[Layer Freezing] Trainable params: 28,384,555 / 108,924,715 (26.1%)
[Layer Freezing] Training last 4 transformer layers (layers 8-11)
[Layer Freezing] Trainable params: 28,384,555 / 108,924,715 (26.1%)
[Layer Freezing] Training last 4 transformer layers (layers 8-11)
[Layer Freezing] Trainable params: 28,384,555 / 108,924,715 (26.1%)
[Layer Freezing] Training last 4 transformer layers (layers 8-11)
[Layer Freezing] Trainable params: 28,384,555 / 108,924,715 (26.1%)
[Layer Freezing] Training last 4 transformer layers (layers 8-11)
[Layer Freezing] Trainable params: 28,384,555 / 108,924,715 (26.1%)
[Layer Freezing] Training last 4 transformer layers (layers 8-11)
[Layer Freezing] Trainable params: 28,384,555 / 108,924,715 (26.1%)
[Layer Freezing] Training last 4 transformer layers (layers 8-11)
[Layer Freezing] Trainable params: 28,384,555 / 108,924,715 (26.1%)
[Layer Freezing] Training last 4 transformer layers (layers 8-11)
[Layer Freezing] Trainable params: 28,384,555 / 108,924,715 (26.1%)
[Layer Freezing] Training last 4 transformer layers (layers 8-11)
[Layer Freezing] Trainable params: 28,384,555 / 108,924,715 (26.1%)
[Layer Freezing] Training last 4 transformer layers (layers 8-11)
[Layer Freezing] Trainable params: 28,384,555 / 108,924,715 (26.1%)
[Round 50] T=2.00  α_ce=1.00  α_kd=1.00
 Round 50 | F1 0.4439 | P 0.6182 | R 0.3463 | Time 45.4s | Comm N/A | Local Avg F1: 0.3764

=== Round 51/100 ===
[Round 51] KD=ON | policy=prev_global
[Layer Freezing] Training last 4 transformer layers (layers 8-11)
[Layer Freezing] Trainable params: 28,384,555 / 108,924,715 (26.1%)
[Layer Freezing] Training last 4 transformer layers (layers 8-11)
[Layer Freezing] Trainable params: 28,384,555 / 108,924,715 (26.1%)
[Layer Freezing] Training last 4 transformer layers (layers 8-11)
[Layer Freezing] Trainable params: 28,384,555 / 108,924,715 (26.1%)
[Layer Freezing] Training last 4 transformer layers (layers 8-11)
[Layer Freezing] Trainable params: 28,384,555 / 108,924,715 (26.1%)
[Layer Freezing] Training last 4 transformer layers (layers 8-11)
[Layer Freezing] Trainable params: 28,384,555 / 108,924,715 (26.1%)
[Layer Freezing] Training last 4 transformer layers (layers 8-11)
[Layer Freezing] Trainable params: 28,384,555 / 108,924,715 (26.1%)
[Layer Freezing] Training last 4 transformer layers (layers 8-11)
[Layer Freezing] Trainable params: 28,384,555 / 108,924,715 (26.1%)
[Layer Freezing] Training last 4 transformer layers (layers 8-11)
[Layer Freezing] Trainable params: 28,384,555 / 108,924,715 (26.1%)
[Layer Freezing] Training last 4 transformer layers (layers 8-11)
[Layer Freezing] Trainable params: 28,384,555 / 108,924,715 (26.1%)
[Layer Freezing] Training last 4 transformer layers (layers 8-11)
[Layer Freezing] Trainable params: 28,384,555 / 108,924,715 (26.1%)
[Round 51] T=2.00  α_ce=1.00  α_kd=1.00
 Round 51 | F1 0.4598 | P 0.6108 | R 0.3686 | Time 45.1s | Comm N/A | Local Avg F1: 0.3909

=== Round 52/100 ===
[Round 52] KD=ON | policy=prev_global
[Layer Freezing] Training last 4 transformer layers (layers 8-11)
[Layer Freezing] Trainable params: 28,384,555 / 108,924,715 (26.1%)
[Layer Freezing] Training last 4 transformer layers (layers 8-11)
[Layer Freezing] Trainable params: 28,384,555 / 108,924,715 (26.1%)
[Layer Freezing] Training last 4 transformer layers (layers 8-11)
[Layer Freezing] Trainable params: 28,384,555 / 108,924,715 (26.1%)
[Layer Freezing] Training last 4 transformer layers (layers 8-11)
[Layer Freezing] Trainable params: 28,384,555 / 108,924,715 (26.1%)
[Layer Freezing] Training last 4 transformer layers (layers 8-11)
[Layer Freezing] Trainable params: 28,384,555 / 108,924,715 (26.1%)
[Layer Freezing] Training last 4 transformer layers (layers 8-11)
[Layer Freezing] Trainable params: 28,384,555 / 108,924,715 (26.1%)
[Layer Freezing] Training last 4 transformer layers (layers 8-11)
[Layer Freezing] Trainable params: 28,384,555 / 108,924,715 (26.1%)
[Layer Freezing] Training last 4 transformer layers (layers 8-11)
[Layer Freezing] Trainable params: 28,384,555 / 108,924,715 (26.1%)
[Layer Freezing] Training last 4 transformer layers (layers 8-11)
[Layer Freezing] Trainable params: 28,384,555 / 108,924,715 (26.1%)
[Layer Freezing] Training last 4 transformer layers (layers 8-11)
[Layer Freezing] Trainable params: 28,384,555 / 108,924,715 (26.1%)
[Round 52] T=2.00  α_ce=1.00  α_kd=1.00
 Round 52 | F1 0.4620 | P 0.6189 | R 0.3685 | Time 46.4s | Comm N/A | Local Avg F1: 0.3921

=== Round 53/100 ===
[Round 53] KD=ON | policy=prev_global
[Layer Freezing] Training last 4 transformer layers (layers 8-11)
[Layer Freezing] Trainable params: 28,384,555 / 108,924,715 (26.1%)
[Layer Freezing] Training last 4 transformer layers (layers 8-11)
[Layer Freezing] Trainable params: 28,384,555 / 108,924,715 (26.1%)
[Layer Freezing] Training last 4 transformer layers (layers 8-11)
[Layer Freezing] Trainable params: 28,384,555 / 108,924,715 (26.1%)
[Layer Freezing] Training last 4 transformer layers (layers 8-11)
[Layer Freezing] Trainable params: 28,384,555 / 108,924,715 (26.1%)
[Layer Freezing] Training last 4 transformer layers (layers 8-11)
[Layer Freezing] Trainable params: 28,384,555 / 108,924,715 (26.1%)
[Layer Freezing] Training last 4 transformer layers (layers 8-11)
[Layer Freezing] Trainable params: 28,384,555 / 108,924,715 (26.1%)
[Layer Freezing] Training last 4 transformer layers (layers 8-11)
[Layer Freezing] Trainable params: 28,384,555 / 108,924,715 (26.1%)
[Layer Freezing] Training last 4 transformer layers (layers 8-11)
[Layer Freezing] Trainable params: 28,384,555 / 108,924,715 (26.1%)
[Layer Freezing] Training last 4 transformer layers (layers 8-11)
[Layer Freezing] Trainable params: 28,384,555 / 108,924,715 (26.1%)
[Layer Freezing] Training last 4 transformer layers (layers 8-11)
[Layer Freezing] Trainable params: 28,384,555 / 108,924,715 (26.1%)
[Round 53] T=2.00  α_ce=1.00  α_kd=1.00
 Round 53 | F1 0.4663 | P 0.6194 | R 0.3739 | Time 45.6s | Comm N/A | Local Avg F1: 0.3939

=== Round 54/100 ===
[Round 54] KD=ON | policy=prev_global
[Layer Freezing] Training last 4 transformer layers (layers 8-11)
[Layer Freezing] Trainable params: 28,384,555 / 108,924,715 (26.1%)
[Layer Freezing] Training last 4 transformer layers (layers 8-11)
[Layer Freezing] Trainable params: 28,384,555 / 108,924,715 (26.1%)
[Layer Freezing] Training last 4 transformer layers (layers 8-11)
[Layer Freezing] Trainable params: 28,384,555 / 108,924,715 (26.1%)
[Layer Freezing] Training last 4 transformer layers (layers 8-11)
[Layer Freezing] Trainable params: 28,384,555 / 108,924,715 (26.1%)
[Layer Freezing] Training last 4 transformer layers (layers 8-11)
[Layer Freezing] Trainable params: 28,384,555 / 108,924,715 (26.1%)
[Layer Freezing] Training last 4 transformer layers (layers 8-11)
[Layer Freezing] Trainable params: 28,384,555 / 108,924,715 (26.1%)
[Layer Freezing] Training last 4 transformer layers (layers 8-11)
[Layer Freezing] Trainable params: 28,384,555 / 108,924,715 (26.1%)
[Layer Freezing] Training last 4 transformer layers (layers 8-11)
[Layer Freezing] Trainable params: 28,384,555 / 108,924,715 (26.1%)
[Layer Freezing] Training last 4 transformer layers (layers 8-11)
[Layer Freezing] Trainable params: 28,384,555 / 108,924,715 (26.1%)
[Layer Freezing] Training last 4 transformer layers (layers 8-11)
[Layer Freezing] Trainable params: 28,384,555 / 108,924,715 (26.1%)
[Round 54] T=2.00  α_ce=1.00  α_kd=1.00
 Round 54 | F1 0.4613 | P 0.6260 | R 0.3652 | Time 45.6s | Comm N/A | Local Avg F1: 0.3924

=== Round 55/100 ===
[Round 55] KD=ON | policy=prev_global
[Layer Freezing] Training last 4 transformer layers (layers 8-11)
[Layer Freezing] Trainable params: 28,384,555 / 108,924,715 (26.1%)
[Layer Freezing] Training last 4 transformer layers (layers 8-11)
[Layer Freezing] Trainable params: 28,384,555 / 108,924,715 (26.1%)
[Layer Freezing] Training last 4 transformer layers (layers 8-11)
[Layer Freezing] Trainable params: 28,384,555 / 108,924,715 (26.1%)
[Layer Freezing] Training last 4 transformer layers (layers 8-11)
[Layer Freezing] Trainable params: 28,384,555 / 108,924,715 (26.1%)
[Layer Freezing] Training last 4 transformer layers (layers 8-11)
[Layer Freezing] Trainable params: 28,384,555 / 108,924,715 (26.1%)
[Layer Freezing] Training last 4 transformer layers (layers 8-11)
[Layer Freezing] Trainable params: 28,384,555 / 108,924,715 (26.1%)
[Layer Freezing] Training last 4 transformer layers (layers 8-11)
[Layer Freezing] Trainable params: 28,384,555 / 108,924,715 (26.1%)
[Layer Freezing] Training last 4 transformer layers (layers 8-11)
[Layer Freezing] Trainable params: 28,384,555 / 108,924,715 (26.1%)
[Layer Freezing] Training last 4 transformer layers (layers 8-11)
[Layer Freezing] Trainable params: 28,384,555 / 108,924,715 (26.1%)
[Layer Freezing] Training last 4 transformer layers (layers 8-11)
[Layer Freezing] Trainable params: 28,384,555 / 108,924,715 (26.1%)
[Round 55] T=2.00  α_ce=1.00  α_kd=1.00
 Round 55 | F1 0.4772 | P 0.6043 | R 0.3942 | Time 46.4s | Comm N/A | Local Avg F1: 0.4039

=== Round 56/100 ===
[Round 56] KD=ON | policy=prev_global
[Layer Freezing] Training last 4 transformer layers (layers 8-11)
[Layer Freezing] Trainable params: 28,384,555 / 108,924,715 (26.1%)
[Layer Freezing] Training last 4 transformer layers (layers 8-11)
[Layer Freezing] Trainable params: 28,384,555 / 108,924,715 (26.1%)
[Layer Freezing] Training last 4 transformer layers (layers 8-11)
[Layer Freezing] Trainable params: 28,384,555 / 108,924,715 (26.1%)
[Layer Freezing] Training last 4 transformer layers (layers 8-11)
[Layer Freezing] Trainable params: 28,384,555 / 108,924,715 (26.1%)
[Layer Freezing] Training last 4 transformer layers (layers 8-11)
[Layer Freezing] Trainable params: 28,384,555 / 108,924,715 (26.1%)
[Layer Freezing] Training last 4 transformer layers (layers 8-11)
[Layer Freezing] Trainable params: 28,384,555 / 108,924,715 (26.1%)
[Layer Freezing] Training last 4 transformer layers (layers 8-11)
[Layer Freezing] Trainable params: 28,384,555 / 108,924,715 (26.1%)
[Layer Freezing] Training last 4 transformer layers (layers 8-11)
[Layer Freezing] Trainable params: 28,384,555 / 108,924,715 (26.1%)
[Layer Freezing] Training last 4 transformer layers (layers 8-11)
[Layer Freezing] Trainable params: 28,384,555 / 108,924,715 (26.1%)
[Layer Freezing] Training last 4 transformer layers (layers 8-11)
[Layer Freezing] Trainable params: 28,384,555 / 108,924,715 (26.1%)
[Round 56] T=2.00  α_ce=1.00  α_kd=1.00
 Round 56 | F1 0.4763 | P 0.6109 | R 0.3903 | Time 45.8s | Comm N/A | Local Avg F1: 0.4009

=== Round 57/100 ===
[Round 57] KD=ON | policy=prev_global
[Layer Freezing] Training last 4 transformer layers (layers 8-11)
[Layer Freezing] Trainable params: 28,384,555 / 108,924,715 (26.1%)
[Layer Freezing] Training last 4 transformer layers (layers 8-11)
[Layer Freezing] Trainable params: 28,384,555 / 108,924,715 (26.1%)
[Layer Freezing] Training last 4 transformer layers (layers 8-11)
[Layer Freezing] Trainable params: 28,384,555 / 108,924,715 (26.1%)
[Layer Freezing] Training last 4 transformer layers (layers 8-11)
[Layer Freezing] Trainable params: 28,384,555 / 108,924,715 (26.1%)
[Layer Freezing] Training last 4 transformer layers (layers 8-11)
[Layer Freezing] Trainable params: 28,384,555 / 108,924,715 (26.1%)
[Layer Freezing] Training last 4 transformer layers (layers 8-11)
[Layer Freezing] Trainable params: 28,384,555 / 108,924,715 (26.1%)
[Layer Freezing] Training last 4 transformer layers (layers 8-11)
[Layer Freezing] Trainable params: 28,384,555 / 108,924,715 (26.1%)
[Layer Freezing] Training last 4 transformer layers (layers 8-11)
[Layer Freezing] Trainable params: 28,384,555 / 108,924,715 (26.1%)
[Layer Freezing] Training last 4 transformer layers (layers 8-11)
[Layer Freezing] Trainable params: 28,384,555 / 108,924,715 (26.1%)
[Layer Freezing] Training last 4 transformer layers (layers 8-11)
[Layer Freezing] Trainable params: 28,384,555 / 108,924,715 (26.1%)
[Round 57] T=2.00  α_ce=1.00  α_kd=1.00
 Round 57 | F1 0.4813 | P 0.6134 | R 0.3961 | Time 45.3s | Comm N/A | Local Avg F1: 0.4054

=== Round 58/100 ===
[Round 58] KD=ON | policy=prev_global
[Layer Freezing] Training last 4 transformer layers (layers 8-11)
[Layer Freezing] Trainable params: 28,384,555 / 108,924,715 (26.1%)
[Layer Freezing] Training last 4 transformer layers (layers 8-11)
[Layer Freezing] Trainable params: 28,384,555 / 108,924,715 (26.1%)
[Layer Freezing] Training last 4 transformer layers (layers 8-11)
[Layer Freezing] Trainable params: 28,384,555 / 108,924,715 (26.1%)
[Layer Freezing] Training last 4 transformer layers (layers 8-11)
[Layer Freezing] Trainable params: 28,384,555 / 108,924,715 (26.1%)
[Layer Freezing] Training last 4 transformer layers (layers 8-11)
[Layer Freezing] Trainable params: 28,384,555 / 108,924,715 (26.1%)
[Layer Freezing] Training last 4 transformer layers (layers 8-11)
[Layer Freezing] Trainable params: 28,384,555 / 108,924,715 (26.1%)
[Layer Freezing] Training last 4 transformer layers (layers 8-11)
[Layer Freezing] Trainable params: 28,384,555 / 108,924,715 (26.1%)
[Layer Freezing] Training last 4 transformer layers (layers 8-11)
[Layer Freezing] Trainable params: 28,384,555 / 108,924,715 (26.1%)
[Layer Freezing] Training last 4 transformer layers (layers 8-11)
[Layer Freezing] Trainable params: 28,384,555 / 108,924,715 (26.1%)
[Layer Freezing] Training last 4 transformer layers (layers 8-11)
[Layer Freezing] Trainable params: 28,384,555 / 108,924,715 (26.1%)
[Round 58] T=2.00  α_ce=1.00  α_kd=1.00
 Round 58 | F1 0.4796 | P 0.6135 | R 0.3936 | Time 45.9s | Comm N/A | Local Avg F1: 0.4040

=== Round 59/100 ===
[Round 59] KD=ON | policy=prev_global
[Layer Freezing] Training last 4 transformer layers (layers 8-11)
[Layer Freezing] Trainable params: 28,384,555 / 108,924,715 (26.1%)
[Layer Freezing] Training last 4 transformer layers (layers 8-11)
[Layer Freezing] Trainable params: 28,384,555 / 108,924,715 (26.1%)
[Layer Freezing] Training last 4 transformer layers (layers 8-11)
[Layer Freezing] Trainable params: 28,384,555 / 108,924,715 (26.1%)
[Layer Freezing] Training last 4 transformer layers (layers 8-11)
[Layer Freezing] Trainable params: 28,384,555 / 108,924,715 (26.1%)
[Layer Freezing] Training last 4 transformer layers (layers 8-11)
[Layer Freezing] Trainable params: 28,384,555 / 108,924,715 (26.1%)
[Layer Freezing] Training last 4 transformer layers (layers 8-11)
[Layer Freezing] Trainable params: 28,384,555 / 108,924,715 (26.1%)
[Layer Freezing] Training last 4 transformer layers (layers 8-11)
[Layer Freezing] Trainable params: 28,384,555 / 108,924,715 (26.1%)
[Layer Freezing] Training last 4 transformer layers (layers 8-11)
[Layer Freezing] Trainable params: 28,384,555 / 108,924,715 (26.1%)
[Layer Freezing] Training last 4 transformer layers (layers 8-11)
[Layer Freezing] Trainable params: 28,384,555 / 108,924,715 (26.1%)
[Layer Freezing] Training last 4 transformer layers (layers 8-11)
[Layer Freezing] Trainable params: 28,384,555 / 108,924,715 (26.1%)
[Round 59] T=2.00  α_ce=1.00  α_kd=1.00
 Round 59 | F1 0.4757 | P 0.6200 | R 0.3859 | Time 44.8s | Comm N/A | Local Avg F1: 0.4048

=== Round 60/100 ===
[Round 60] KD=ON | policy=prev_global
[Layer Freezing] Training last 4 transformer layers (layers 8-11)
[Layer Freezing] Trainable params: 28,384,555 / 108,924,715 (26.1%)
[Layer Freezing] Training last 4 transformer layers (layers 8-11)
[Layer Freezing] Trainable params: 28,384,555 / 108,924,715 (26.1%)
[Layer Freezing] Training last 4 transformer layers (layers 8-11)
[Layer Freezing] Trainable params: 28,384,555 / 108,924,715 (26.1%)
[Layer Freezing] Training last 4 transformer layers (layers 8-11)
[Layer Freezing] Trainable params: 28,384,555 / 108,924,715 (26.1%)
[Layer Freezing] Training last 4 transformer layers (layers 8-11)
[Layer Freezing] Trainable params: 28,384,555 / 108,924,715 (26.1%)
[Layer Freezing] Training last 4 transformer layers (layers 8-11)
[Layer Freezing] Trainable params: 28,384,555 / 108,924,715 (26.1%)
[Layer Freezing] Training last 4 transformer layers (layers 8-11)
[Layer Freezing] Trainable params: 28,384,555 / 108,924,715 (26.1%)
[Layer Freezing] Training last 4 transformer layers (layers 8-11)
[Layer Freezing] Trainable params: 28,384,555 / 108,924,715 (26.1%)
[Layer Freezing] Training last 4 transformer layers (layers 8-11)
[Layer Freezing] Trainable params: 28,384,555 / 108,924,715 (26.1%)
[Layer Freezing] Training last 4 transformer layers (layers 8-11)
[Layer Freezing] Trainable params: 28,384,555 / 108,924,715 (26.1%)
[Round 60] T=2.00  α_ce=1.00  α_kd=1.00
 Round 60 | F1 0.4801 | P 0.6172 | R 0.3929 | Time 45.7s | Comm N/A | Local Avg F1: 0.4101

=== Round 61/100 ===
[Round 61] KD=ON | policy=prev_global
[Layer Freezing] Training last 4 transformer layers (layers 8-11)
[Layer Freezing] Trainable params: 28,384,555 / 108,924,715 (26.1%)
[Layer Freezing] Training last 4 transformer layers (layers 8-11)
[Layer Freezing] Trainable params: 28,384,555 / 108,924,715 (26.1%)
[Layer Freezing] Training last 4 transformer layers (layers 8-11)
[Layer Freezing] Trainable params: 28,384,555 / 108,924,715 (26.1%)
[Layer Freezing] Training last 4 transformer layers (layers 8-11)
[Layer Freezing] Trainable params: 28,384,555 / 108,924,715 (26.1%)
[Layer Freezing] Training last 4 transformer layers (layers 8-11)
[Layer Freezing] Trainable params: 28,384,555 / 108,924,715 (26.1%)
[Layer Freezing] Training last 4 transformer layers (layers 8-11)
[Layer Freezing] Trainable params: 28,384,555 / 108,924,715 (26.1%)
[Layer Freezing] Training last 4 transformer layers (layers 8-11)
[Layer Freezing] Trainable params: 28,384,555 / 108,924,715 (26.1%)
[Layer Freezing] Training last 4 transformer layers (layers 8-11)
[Layer Freezing] Trainable params: 28,384,555 / 108,924,715 (26.1%)
[Layer Freezing] Training last 4 transformer layers (layers 8-11)
[Layer Freezing] Trainable params: 28,384,555 / 108,924,715 (26.1%)
[Layer Freezing] Training last 4 transformer layers (layers 8-11)
[Layer Freezing] Trainable params: 28,384,555 / 108,924,715 (26.1%)
[Round 61] T=2.00  α_ce=1.00  α_kd=1.00
 Round 61 | F1 0.4799 | P 0.6165 | R 0.3929 | Time 46.7s | Comm N/A | Local Avg F1: 0.4090

=== Round 62/100 ===
[Round 62] KD=ON | policy=prev_global
[Layer Freezing] Training last 4 transformer layers (layers 8-11)
[Layer Freezing] Trainable params: 28,384,555 / 108,924,715 (26.1%)
[Layer Freezing] Training last 4 transformer layers (layers 8-11)
[Layer Freezing] Trainable params: 28,384,555 / 108,924,715 (26.1%)
[Layer Freezing] Training last 4 transformer layers (layers 8-11)
[Layer Freezing] Trainable params: 28,384,555 / 108,924,715 (26.1%)
[Layer Freezing] Training last 4 transformer layers (layers 8-11)
[Layer Freezing] Trainable params: 28,384,555 / 108,924,715 (26.1%)
[Layer Freezing] Training last 4 transformer layers (layers 8-11)
[Layer Freezing] Trainable params: 28,384,555 / 108,924,715 (26.1%)
[Layer Freezing] Training last 4 transformer layers (layers 8-11)
[Layer Freezing] Trainable params: 28,384,555 / 108,924,715 (26.1%)
[Layer Freezing] Training last 4 transformer layers (layers 8-11)
[Layer Freezing] Trainable params: 28,384,555 / 108,924,715 (26.1%)
[Layer Freezing] Training last 4 transformer layers (layers 8-11)
[Layer Freezing] Trainable params: 28,384,555 / 108,924,715 (26.1%)
[Layer Freezing] Training last 4 transformer layers (layers 8-11)
[Layer Freezing] Trainable params: 28,384,555 / 108,924,715 (26.1%)
[Layer Freezing] Training last 4 transformer layers (layers 8-11)
[Layer Freezing] Trainable params: 28,384,555 / 108,924,715 (26.1%)
[Round 62] T=2.00  α_ce=1.00  α_kd=1.00
 Round 62 | F1 0.4869 | P 0.6170 | R 0.4021 | Time 45.1s | Comm N/A | Local Avg F1: 0.4127

=== Round 63/100 ===
[Round 63] KD=ON | policy=prev_global
[Layer Freezing] Training last 4 transformer layers (layers 8-11)
[Layer Freezing] Trainable params: 28,384,555 / 108,924,715 (26.1%)
[Layer Freezing] Training last 4 transformer layers (layers 8-11)
[Layer Freezing] Trainable params: 28,384,555 / 108,924,715 (26.1%)
[Layer Freezing] Training last 4 transformer layers (layers 8-11)
[Layer Freezing] Trainable params: 28,384,555 / 108,924,715 (26.1%)
[Layer Freezing] Training last 4 transformer layers (layers 8-11)
[Layer Freezing] Trainable params: 28,384,555 / 108,924,715 (26.1%)
[Layer Freezing] Training last 4 transformer layers (layers 8-11)
[Layer Freezing] Trainable params: 28,384,555 / 108,924,715 (26.1%)
[Layer Freezing] Training last 4 transformer layers (layers 8-11)
[Layer Freezing] Trainable params: 28,384,555 / 108,924,715 (26.1%)
[Layer Freezing] Training last 4 transformer layers (layers 8-11)
[Layer Freezing] Trainable params: 28,384,555 / 108,924,715 (26.1%)
[Layer Freezing] Training last 4 transformer layers (layers 8-11)
[Layer Freezing] Trainable params: 28,384,555 / 108,924,715 (26.1%)
[Layer Freezing] Training last 4 transformer layers (layers 8-11)
[Layer Freezing] Trainable params: 28,384,555 / 108,924,715 (26.1%)
[Layer Freezing] Training last 4 transformer layers (layers 8-11)
[Layer Freezing] Trainable params: 28,384,555 / 108,924,715 (26.1%)
[Round 63] T=2.00  α_ce=1.00  α_kd=1.00
 Round 63 | F1 0.4850 | P 0.6204 | R 0.3981 | Time 45.7s | Comm N/A | Local Avg F1: 0.4114

=== Round 64/100 ===
[Round 64] KD=ON | policy=prev_global
[Layer Freezing] Training last 4 transformer layers (layers 8-11)
[Layer Freezing] Trainable params: 28,384,555 / 108,924,715 (26.1%)
[Layer Freezing] Training last 4 transformer layers (layers 8-11)
[Layer Freezing] Trainable params: 28,384,555 / 108,924,715 (26.1%)
[Layer Freezing] Training last 4 transformer layers (layers 8-11)
[Layer Freezing] Trainable params: 28,384,555 / 108,924,715 (26.1%)
[Layer Freezing] Training last 4 transformer layers (layers 8-11)
[Layer Freezing] Trainable params: 28,384,555 / 108,924,715 (26.1%)
[Layer Freezing] Training last 4 transformer layers (layers 8-11)
[Layer Freezing] Trainable params: 28,384,555 / 108,924,715 (26.1%)
[Layer Freezing] Training last 4 transformer layers (layers 8-11)
[Layer Freezing] Trainable params: 28,384,555 / 108,924,715 (26.1%)
[Layer Freezing] Training last 4 transformer layers (layers 8-11)
[Layer Freezing] Trainable params: 28,384,555 / 108,924,715 (26.1%)
[Layer Freezing] Training last 4 transformer layers (layers 8-11)
[Layer Freezing] Trainable params: 28,384,555 / 108,924,715 (26.1%)
[Layer Freezing] Training last 4 transformer layers (layers 8-11)
[Layer Freezing] Trainable params: 28,384,555 / 108,924,715 (26.1%)
[Layer Freezing] Training last 4 transformer layers (layers 8-11)
[Layer Freezing] Trainable params: 28,384,555 / 108,924,715 (26.1%)
[Round 64] T=2.00  α_ce=1.00  α_kd=1.00
 Round 64 | F1 0.4896 | P 0.6193 | R 0.4048 | Time 46.4s | Comm N/A | Local Avg F1: 0.4153

=== Round 65/100 ===
[Round 65] KD=ON | policy=prev_global
[Layer Freezing] Training last 4 transformer layers (layers 8-11)
[Layer Freezing] Trainable params: 28,384,555 / 108,924,715 (26.1%)
[Layer Freezing] Training last 4 transformer layers (layers 8-11)
[Layer Freezing] Trainable params: 28,384,555 / 108,924,715 (26.1%)
[Layer Freezing] Training last 4 transformer layers (layers 8-11)
[Layer Freezing] Trainable params: 28,384,555 / 108,924,715 (26.1%)
[Layer Freezing] Training last 4 transformer layers (layers 8-11)
[Layer Freezing] Trainable params: 28,384,555 / 108,924,715 (26.1%)
[Layer Freezing] Training last 4 transformer layers (layers 8-11)
[Layer Freezing] Trainable params: 28,384,555 / 108,924,715 (26.1%)
[Layer Freezing] Training last 4 transformer layers (layers 8-11)
[Layer Freezing] Trainable params: 28,384,555 / 108,924,715 (26.1%)
[Layer Freezing] Training last 4 transformer layers (layers 8-11)
[Layer Freezing] Trainable params: 28,384,555 / 108,924,715 (26.1%)
[Layer Freezing] Training last 4 transformer layers (layers 8-11)
[Layer Freezing] Trainable params: 28,384,555 / 108,924,715 (26.1%)
[Layer Freezing] Training last 4 transformer layers (layers 8-11)
[Layer Freezing] Trainable params: 28,384,555 / 108,924,715 (26.1%)
[Layer Freezing] Training last 4 transformer layers (layers 8-11)
[Layer Freezing] Trainable params: 28,384,555 / 108,924,715 (26.1%)
[Round 65] T=2.00  α_ce=1.00  α_kd=1.00
 Round 65 | F1 0.4770 | P 0.6327 | R 0.3828 | Time 46.1s | Comm N/A | Local Avg F1: 0.4070

=== Round 66/100 ===
[Round 66] KD=ON | policy=prev_global
[Layer Freezing] Training last 4 transformer layers (layers 8-11)
[Layer Freezing] Trainable params: 28,384,555 / 108,924,715 (26.1%)
[Layer Freezing] Training last 4 transformer layers (layers 8-11)
[Layer Freezing] Trainable params: 28,384,555 / 108,924,715 (26.1%)
[Layer Freezing] Training last 4 transformer layers (layers 8-11)
[Layer Freezing] Trainable params: 28,384,555 / 108,924,715 (26.1%)
[Layer Freezing] Training last 4 transformer layers (layers 8-11)
[Layer Freezing] Trainable params: 28,384,555 / 108,924,715 (26.1%)
[Layer Freezing] Training last 4 transformer layers (layers 8-11)
[Layer Freezing] Trainable params: 28,384,555 / 108,924,715 (26.1%)
[Layer Freezing] Training last 4 transformer layers (layers 8-11)
[Layer Freezing] Trainable params: 28,384,555 / 108,924,715 (26.1%)
[Layer Freezing] Training last 4 transformer layers (layers 8-11)
[Layer Freezing] Trainable params: 28,384,555 / 108,924,715 (26.1%)
[Layer Freezing] Training last 4 transformer layers (layers 8-11)
[Layer Freezing] Trainable params: 28,384,555 / 108,924,715 (26.1%)
[Layer Freezing] Training last 4 transformer layers (layers 8-11)
[Layer Freezing] Trainable params: 28,384,555 / 108,924,715 (26.1%)
[Layer Freezing] Training last 4 transformer layers (layers 8-11)
[Layer Freezing] Trainable params: 28,384,555 / 108,924,715 (26.1%)
[Round 66] T=2.00  α_ce=1.00  α_kd=1.00
 Round 66 | F1 0.4881 | P 0.6209 | R 0.4021 | Time 45.1s | Comm N/A | Local Avg F1: 0.4141

=== Round 67/100 ===
[Round 67] KD=ON | policy=prev_global
[Layer Freezing] Training last 4 transformer layers (layers 8-11)
[Layer Freezing] Trainable params: 28,384,555 / 108,924,715 (26.1%)
[Layer Freezing] Training last 4 transformer layers (layers 8-11)
[Layer Freezing] Trainable params: 28,384,555 / 108,924,715 (26.1%)
[Layer Freezing] Training last 4 transformer layers (layers 8-11)
[Layer Freezing] Trainable params: 28,384,555 / 108,924,715 (26.1%)
[Layer Freezing] Training last 4 transformer layers (layers 8-11)
[Layer Freezing] Trainable params: 28,384,555 / 108,924,715 (26.1%)
[Layer Freezing] Training last 4 transformer layers (layers 8-11)
[Layer Freezing] Trainable params: 28,384,555 / 108,924,715 (26.1%)
[Layer Freezing] Training last 4 transformer layers (layers 8-11)
[Layer Freezing] Trainable params: 28,384,555 / 108,924,715 (26.1%)
[Layer Freezing] Training last 4 transformer layers (layers 8-11)
[Layer Freezing] Trainable params: 28,384,555 / 108,924,715 (26.1%)
[Layer Freezing] Training last 4 transformer layers (layers 8-11)
[Layer Freezing] Trainable params: 28,384,555 / 108,924,715 (26.1%)
[Layer Freezing] Training last 4 transformer layers (layers 8-11)
[Layer Freezing] Trainable params: 28,384,555 / 108,924,715 (26.1%)
[Layer Freezing] Training last 4 transformer layers (layers 8-11)
[Layer Freezing] Trainable params: 28,384,555 / 108,924,715 (26.1%)
[Round 67] T=2.00  α_ce=1.00  α_kd=1.00
 Round 67 | F1 0.4922 | P 0.6244 | R 0.4061 | Time 46.9s | Comm N/A | Local Avg F1: 0.4160

=== Round 68/100 ===
[Round 68] KD=ON | policy=prev_global
[Layer Freezing] Training last 4 transformer layers (layers 8-11)
[Layer Freezing] Trainable params: 28,384,555 / 108,924,715 (26.1%)
[Layer Freezing] Training last 4 transformer layers (layers 8-11)
[Layer Freezing] Trainable params: 28,384,555 / 108,924,715 (26.1%)
[Layer Freezing] Training last 4 transformer layers (layers 8-11)
[Layer Freezing] Trainable params: 28,384,555 / 108,924,715 (26.1%)
[Layer Freezing] Training last 4 transformer layers (layers 8-11)
[Layer Freezing] Trainable params: 28,384,555 / 108,924,715 (26.1%)
[Layer Freezing] Training last 4 transformer layers (layers 8-11)
[Layer Freezing] Trainable params: 28,384,555 / 108,924,715 (26.1%)
[Layer Freezing] Training last 4 transformer layers (layers 8-11)
[Layer Freezing] Trainable params: 28,384,555 / 108,924,715 (26.1%)
[Layer Freezing] Training last 4 transformer layers (layers 8-11)
[Layer Freezing] Trainable params: 28,384,555 / 108,924,715 (26.1%)
[Layer Freezing] Training last 4 transformer layers (layers 8-11)
[Layer Freezing] Trainable params: 28,384,555 / 108,924,715 (26.1%)
[Layer Freezing] Training last 4 transformer layers (layers 8-11)
[Layer Freezing] Trainable params: 28,384,555 / 108,924,715 (26.1%)
[Layer Freezing] Training last 4 transformer layers (layers 8-11)
[Layer Freezing] Trainable params: 28,384,555 / 108,924,715 (26.1%)
[Round 68] T=2.00  α_ce=1.00  α_kd=1.00
 Round 68 | F1 0.4836 | P 0.6311 | R 0.3919 | Time 45.7s | Comm N/A | Local Avg F1: 0.4097

=== Round 69/100 ===
[Round 69] KD=ON | policy=prev_global
[Layer Freezing] Training last 4 transformer layers (layers 8-11)
[Layer Freezing] Trainable params: 28,384,555 / 108,924,715 (26.1%)
[Layer Freezing] Training last 4 transformer layers (layers 8-11)
[Layer Freezing] Trainable params: 28,384,555 / 108,924,715 (26.1%)
[Layer Freezing] Training last 4 transformer layers (layers 8-11)
[Layer Freezing] Trainable params: 28,384,555 / 108,924,715 (26.1%)
[Layer Freezing] Training last 4 transformer layers (layers 8-11)
[Layer Freezing] Trainable params: 28,384,555 / 108,924,715 (26.1%)
[Layer Freezing] Training last 4 transformer layers (layers 8-11)
[Layer Freezing] Trainable params: 28,384,555 / 108,924,715 (26.1%)
[Layer Freezing] Training last 4 transformer layers (layers 8-11)
[Layer Freezing] Trainable params: 28,384,555 / 108,924,715 (26.1%)
[Layer Freezing] Training last 4 transformer layers (layers 8-11)
[Layer Freezing] Trainable params: 28,384,555 / 108,924,715 (26.1%)
[Layer Freezing] Training last 4 transformer layers (layers 8-11)
[Layer Freezing] Trainable params: 28,384,555 / 108,924,715 (26.1%)
[Layer Freezing] Training last 4 transformer layers (layers 8-11)
[Layer Freezing] Trainable params: 28,384,555 / 108,924,715 (26.1%)
[Layer Freezing] Training last 4 transformer layers (layers 8-11)
[Layer Freezing] Trainable params: 28,384,555 / 108,924,715 (26.1%)
[Round 69] T=2.00  α_ce=1.00  α_kd=1.00
 Round 69 | F1 0.4988 | P 0.6209 | R 0.4169 | Time 45.9s | Comm N/A | Local Avg F1: 0.4235

=== Round 70/100 ===
[Round 70] KD=ON | policy=prev_global
[Layer Freezing] Training last 4 transformer layers (layers 8-11)
[Layer Freezing] Trainable params: 28,384,555 / 108,924,715 (26.1%)
[Layer Freezing] Training last 4 transformer layers (layers 8-11)
[Layer Freezing] Trainable params: 28,384,555 / 108,924,715 (26.1%)
[Layer Freezing] Training last 4 transformer layers (layers 8-11)
[Layer Freezing] Trainable params: 28,384,555 / 108,924,715 (26.1%)
[Layer Freezing] Training last 4 transformer layers (layers 8-11)
[Layer Freezing] Trainable params: 28,384,555 / 108,924,715 (26.1%)
[Layer Freezing] Training last 4 transformer layers (layers 8-11)
[Layer Freezing] Trainable params: 28,384,555 / 108,924,715 (26.1%)
[Layer Freezing] Training last 4 transformer layers (layers 8-11)
[Layer Freezing] Trainable params: 28,384,555 / 108,924,715 (26.1%)
[Layer Freezing] Training last 4 transformer layers (layers 8-11)
[Layer Freezing] Trainable params: 28,384,555 / 108,924,715 (26.1%)
[Layer Freezing] Training last 4 transformer layers (layers 8-11)
[Layer Freezing] Trainable params: 28,384,555 / 108,924,715 (26.1%)
[Layer Freezing] Training last 4 transformer layers (layers 8-11)
[Layer Freezing] Trainable params: 28,384,555 / 108,924,715 (26.1%)
[Layer Freezing] Training last 4 transformer layers (layers 8-11)
[Layer Freezing] Trainable params: 28,384,555 / 108,924,715 (26.1%)
[Round 70] T=2.00  α_ce=1.00  α_kd=1.00
 Round 70 | F1 0.4880 | P 0.6369 | R 0.3955 | Time 46.0s | Comm N/A | Local Avg F1: 0.4136

=== Round 71/100 ===
[Round 71] KD=ON | policy=prev_global
[Layer Freezing] Training last 4 transformer layers (layers 8-11)
[Layer Freezing] Trainable params: 28,384,555 / 108,924,715 (26.1%)
[Layer Freezing] Training last 4 transformer layers (layers 8-11)
[Layer Freezing] Trainable params: 28,384,555 / 108,924,715 (26.1%)
[Layer Freezing] Training last 4 transformer layers (layers 8-11)
[Layer Freezing] Trainable params: 28,384,555 / 108,924,715 (26.1%)
[Layer Freezing] Training last 4 transformer layers (layers 8-11)
[Layer Freezing] Trainable params: 28,384,555 / 108,924,715 (26.1%)
[Layer Freezing] Training last 4 transformer layers (layers 8-11)
[Layer Freezing] Trainable params: 28,384,555 / 108,924,715 (26.1%)
[Layer Freezing] Training last 4 transformer layers (layers 8-11)
[Layer Freezing] Trainable params: 28,384,555 / 108,924,715 (26.1%)
[Layer Freezing] Training last 4 transformer layers (layers 8-11)
[Layer Freezing] Trainable params: 28,384,555 / 108,924,715 (26.1%)
[Layer Freezing] Training last 4 transformer layers (layers 8-11)
[Layer Freezing] Trainable params: 28,384,555 / 108,924,715 (26.1%)
[Layer Freezing] Training last 4 transformer layers (layers 8-11)
[Layer Freezing] Trainable params: 28,384,555 / 108,924,715 (26.1%)
[Layer Freezing] Training last 4 transformer layers (layers 8-11)
[Layer Freezing] Trainable params: 28,384,555 / 108,924,715 (26.1%)
[Round 71] T=2.00  α_ce=1.00  α_kd=1.00
 Round 71 | F1 0.4951 | P 0.6333 | R 0.4064 | Time 46.9s | Comm N/A | Local Avg F1: 0.4202

=== Round 72/100 ===
[Round 72] KD=ON | policy=prev_global
[Layer Freezing] Training last 4 transformer layers (layers 8-11)
[Layer Freezing] Trainable params: 28,384,555 / 108,924,715 (26.1%)
[Layer Freezing] Training last 4 transformer layers (layers 8-11)
[Layer Freezing] Trainable params: 28,384,555 / 108,924,715 (26.1%)
[Layer Freezing] Training last 4 transformer layers (layers 8-11)
[Layer Freezing] Trainable params: 28,384,555 / 108,924,715 (26.1%)
[Layer Freezing] Training last 4 transformer layers (layers 8-11)
[Layer Freezing] Trainable params: 28,384,555 / 108,924,715 (26.1%)
[Layer Freezing] Training last 4 transformer layers (layers 8-11)
[Layer Freezing] Trainable params: 28,384,555 / 108,924,715 (26.1%)
[Layer Freezing] Training last 4 transformer layers (layers 8-11)
[Layer Freezing] Trainable params: 28,384,555 / 108,924,715 (26.1%)
[Layer Freezing] Training last 4 transformer layers (layers 8-11)
[Layer Freezing] Trainable params: 28,384,555 / 108,924,715 (26.1%)
[Layer Freezing] Training last 4 transformer layers (layers 8-11)
[Layer Freezing] Trainable params: 28,384,555 / 108,924,715 (26.1%)
[Layer Freezing] Training last 4 transformer layers (layers 8-11)
[Layer Freezing] Trainable params: 28,384,555 / 108,924,715 (26.1%)
[Layer Freezing] Training last 4 transformer layers (layers 8-11)
[Layer Freezing] Trainable params: 28,384,555 / 108,924,715 (26.1%)
[Round 72] T=2.00  α_ce=1.00  α_kd=1.00
 Round 72 | F1 0.5045 | P 0.6213 | R 0.4246 | Time 45.1s | Comm N/A | Local Avg F1: 0.4258

=== Round 73/100 ===
[Round 73] KD=ON | policy=prev_global
[Layer Freezing] Training last 4 transformer layers (layers 8-11)
[Layer Freezing] Trainable params: 28,384,555 / 108,924,715 (26.1%)
[Layer Freezing] Training last 4 transformer layers (layers 8-11)
[Layer Freezing] Trainable params: 28,384,555 / 108,924,715 (26.1%)
[Layer Freezing] Training last 4 transformer layers (layers 8-11)
[Layer Freezing] Trainable params: 28,384,555 / 108,924,715 (26.1%)
[Layer Freezing] Training last 4 transformer layers (layers 8-11)
[Layer Freezing] Trainable params: 28,384,555 / 108,924,715 (26.1%)
[Layer Freezing] Training last 4 transformer layers (layers 8-11)
[Layer Freezing] Trainable params: 28,384,555 / 108,924,715 (26.1%)
[Layer Freezing] Training last 4 transformer layers (layers 8-11)
[Layer Freezing] Trainable params: 28,384,555 / 108,924,715 (26.1%)
[Layer Freezing] Training last 4 transformer layers (layers 8-11)
[Layer Freezing] Trainable params: 28,384,555 / 108,924,715 (26.1%)
[Layer Freezing] Training last 4 transformer layers (layers 8-11)
[Layer Freezing] Trainable params: 28,384,555 / 108,924,715 (26.1%)
[Layer Freezing] Training last 4 transformer layers (layers 8-11)
[Layer Freezing] Trainable params: 28,384,555 / 108,924,715 (26.1%)
[Layer Freezing] Training last 4 transformer layers (layers 8-11)
[Layer Freezing] Trainable params: 28,384,555 / 108,924,715 (26.1%)
[Round 73] T=2.00  α_ce=1.00  α_kd=1.00
 Round 73 | F1 0.5119 | P 0.6154 | R 0.4382 | Time 46.0s | Comm N/A | Local Avg F1: 0.4332

=== Round 74/100 ===
[Round 74] KD=ON | policy=prev_global
[Layer Freezing] Training last 4 transformer layers (layers 8-11)
[Layer Freezing] Trainable params: 28,384,555 / 108,924,715 (26.1%)
[Layer Freezing] Training last 4 transformer layers (layers 8-11)
[Layer Freezing] Trainable params: 28,384,555 / 108,924,715 (26.1%)
[Layer Freezing] Training last 4 transformer layers (layers 8-11)
[Layer Freezing] Trainable params: 28,384,555 / 108,924,715 (26.1%)
[Layer Freezing] Training last 4 transformer layers (layers 8-11)
[Layer Freezing] Trainable params: 28,384,555 / 108,924,715 (26.1%)
[Layer Freezing] Training last 4 transformer layers (layers 8-11)
[Layer Freezing] Trainable params: 28,384,555 / 108,924,715 (26.1%)
[Layer Freezing] Training last 4 transformer layers (layers 8-11)
[Layer Freezing] Trainable params: 28,384,555 / 108,924,715 (26.1%)
[Layer Freezing] Training last 4 transformer layers (layers 8-11)
[Layer Freezing] Trainable params: 28,384,555 / 108,924,715 (26.1%)
[Layer Freezing] Training last 4 transformer layers (layers 8-11)
[Layer Freezing] Trainable params: 28,384,555 / 108,924,715 (26.1%)
[Layer Freezing] Training last 4 transformer layers (layers 8-11)
[Layer Freezing] Trainable params: 28,384,555 / 108,924,715 (26.1%)
[Layer Freezing] Training last 4 transformer layers (layers 8-11)
[Layer Freezing] Trainable params: 28,384,555 / 108,924,715 (26.1%)
[Round 74] T=2.00  α_ce=1.00  α_kd=1.00
 Round 74 | F1 0.5114 | P 0.6211 | R 0.4346 | Time 45.6s | Comm N/A | Local Avg F1: 0.4303

=== Round 75/100 ===
[Round 75] KD=ON | policy=prev_global
[Layer Freezing] Training last 4 transformer layers (layers 8-11)
[Layer Freezing] Trainable params: 28,384,555 / 108,924,715 (26.1%)
[Layer Freezing] Training last 4 transformer layers (layers 8-11)
[Layer Freezing] Trainable params: 28,384,555 / 108,924,715 (26.1%)
[Layer Freezing] Training last 4 transformer layers (layers 8-11)
[Layer Freezing] Trainable params: 28,384,555 / 108,924,715 (26.1%)
[Layer Freezing] Training last 4 transformer layers (layers 8-11)
[Layer Freezing] Trainable params: 28,384,555 / 108,924,715 (26.1%)
[Layer Freezing] Training last 4 transformer layers (layers 8-11)
[Layer Freezing] Trainable params: 28,384,555 / 108,924,715 (26.1%)
[Layer Freezing] Training last 4 transformer layers (layers 8-11)
[Layer Freezing] Trainable params: 28,384,555 / 108,924,715 (26.1%)
[Layer Freezing] Training last 4 transformer layers (layers 8-11)
[Layer Freezing] Trainable params: 28,384,555 / 108,924,715 (26.1%)
[Layer Freezing] Training last 4 transformer layers (layers 8-11)
[Layer Freezing] Trainable params: 28,384,555 / 108,924,715 (26.1%)
[Layer Freezing] Training last 4 transformer layers (layers 8-11)
[Layer Freezing] Trainable params: 28,384,555 / 108,924,715 (26.1%)
[Layer Freezing] Training last 4 transformer layers (layers 8-11)
[Layer Freezing] Trainable params: 28,384,555 / 108,924,715 (26.1%)
[Round 75] T=2.00  α_ce=1.00  α_kd=1.00
 Round 75 | F1 0.5027 | P 0.6311 | R 0.4177 | Time 46.3s | Comm N/A | Local Avg F1: 0.4256

=== Round 76/100 ===
[Round 76] KD=ON | policy=prev_global
[Layer Freezing] Training last 4 transformer layers (layers 8-11)
[Layer Freezing] Trainable params: 28,384,555 / 108,924,715 (26.1%)
[Layer Freezing] Training last 4 transformer layers (layers 8-11)
[Layer Freezing] Trainable params: 28,384,555 / 108,924,715 (26.1%)
[Layer Freezing] Training last 4 transformer layers (layers 8-11)
[Layer Freezing] Trainable params: 28,384,555 / 108,924,715 (26.1%)
[Layer Freezing] Training last 4 transformer layers (layers 8-11)
[Layer Freezing] Trainable params: 28,384,555 / 108,924,715 (26.1%)
[Layer Freezing] Training last 4 transformer layers (layers 8-11)
[Layer Freezing] Trainable params: 28,384,555 / 108,924,715 (26.1%)
[Layer Freezing] Training last 4 transformer layers (layers 8-11)
[Layer Freezing] Trainable params: 28,384,555 / 108,924,715 (26.1%)
[Layer Freezing] Training last 4 transformer layers (layers 8-11)
[Layer Freezing] Trainable params: 28,384,555 / 108,924,715 (26.1%)
[Layer Freezing] Training last 4 transformer layers (layers 8-11)
[Layer Freezing] Trainable params: 28,384,555 / 108,924,715 (26.1%)
[Layer Freezing] Training last 4 transformer layers (layers 8-11)
[Layer Freezing] Trainable params: 28,384,555 / 108,924,715 (26.1%)
[Layer Freezing] Training last 4 transformer layers (layers 8-11)
[Layer Freezing] Trainable params: 28,384,555 / 108,924,715 (26.1%)
[Round 76] T=2.00  α_ce=1.00  α_kd=1.00
 Round 76 | F1 0.5106 | P 0.6226 | R 0.4328 | Time 46.2s | Comm N/A | Local Avg F1: 0.4352

=== Round 77/100 ===
[Round 77] KD=ON | policy=prev_global
[Layer Freezing] Training last 4 transformer layers (layers 8-11)
[Layer Freezing] Trainable params: 28,384,555 / 108,924,715 (26.1%)
[Layer Freezing] Training last 4 transformer layers (layers 8-11)
[Layer Freezing] Trainable params: 28,384,555 / 108,924,715 (26.1%)
[Layer Freezing] Training last 4 transformer layers (layers 8-11)
[Layer Freezing] Trainable params: 28,384,555 / 108,924,715 (26.1%)
[Layer Freezing] Training last 4 transformer layers (layers 8-11)
[Layer Freezing] Trainable params: 28,384,555 / 108,924,715 (26.1%)
[Layer Freezing] Training last 4 transformer layers (layers 8-11)
[Layer Freezing] Trainable params: 28,384,555 / 108,924,715 (26.1%)
[Layer Freezing] Training last 4 transformer layers (layers 8-11)
[Layer Freezing] Trainable params: 28,384,555 / 108,924,715 (26.1%)
[Layer Freezing] Training last 4 transformer layers (layers 8-11)
[Layer Freezing] Trainable params: 28,384,555 / 108,924,715 (26.1%)
[Layer Freezing] Training last 4 transformer layers (layers 8-11)
[Layer Freezing] Trainable params: 28,384,555 / 108,924,715 (26.1%)
[Layer Freezing] Training last 4 transformer layers (layers 8-11)
[Layer Freezing] Trainable params: 28,384,555 / 108,924,715 (26.1%)
[Layer Freezing] Training last 4 transformer layers (layers 8-11)
[Layer Freezing] Trainable params: 28,384,555 / 108,924,715 (26.1%)
[Round 77] T=2.00  α_ce=1.00  α_kd=1.00
 Round 77 | F1 0.5089 | P 0.6229 | R 0.4301 | Time 46.0s | Comm N/A | Local Avg F1: 0.4339

=== Round 78/100 ===
[Round 78] KD=ON | policy=prev_global
[Layer Freezing] Training last 4 transformer layers (layers 8-11)
[Layer Freezing] Trainable params: 28,384,555 / 108,924,715 (26.1%)
[Layer Freezing] Training last 4 transformer layers (layers 8-11)
[Layer Freezing] Trainable params: 28,384,555 / 108,924,715 (26.1%)
[Layer Freezing] Training last 4 transformer layers (layers 8-11)
[Layer Freezing] Trainable params: 28,384,555 / 108,924,715 (26.1%)
[Layer Freezing] Training last 4 transformer layers (layers 8-11)
[Layer Freezing] Trainable params: 28,384,555 / 108,924,715 (26.1%)
[Layer Freezing] Training last 4 transformer layers (layers 8-11)
[Layer Freezing] Trainable params: 28,384,555 / 108,924,715 (26.1%)
[Layer Freezing] Training last 4 transformer layers (layers 8-11)
[Layer Freezing] Trainable params: 28,384,555 / 108,924,715 (26.1%)
[Layer Freezing] Training last 4 transformer layers (layers 8-11)
[Layer Freezing] Trainable params: 28,384,555 / 108,924,715 (26.1%)
[Layer Freezing] Training last 4 transformer layers (layers 8-11)
[Layer Freezing] Trainable params: 28,384,555 / 108,924,715 (26.1%)
[Layer Freezing] Training last 4 transformer layers (layers 8-11)
[Layer Freezing] Trainable params: 28,384,555 / 108,924,715 (26.1%)
[Layer Freezing] Training last 4 transformer layers (layers 8-11)
[Layer Freezing] Trainable params: 28,384,555 / 108,924,715 (26.1%)
[Round 78] T=2.00  α_ce=1.00  α_kd=1.00
 Round 78 | F1 0.5032 | P 0.6276 | R 0.4200 | Time 45.6s | Comm N/A | Local Avg F1: 0.4332

=== Round 79/100 ===
[Round 79] KD=ON | policy=prev_global
[Layer Freezing] Training last 4 transformer layers (layers 8-11)
[Layer Freezing] Trainable params: 28,384,555 / 108,924,715 (26.1%)
[Layer Freezing] Training last 4 transformer layers (layers 8-11)
[Layer Freezing] Trainable params: 28,384,555 / 108,924,715 (26.1%)
[Layer Freezing] Training last 4 transformer layers (layers 8-11)
[Layer Freezing] Trainable params: 28,384,555 / 108,924,715 (26.1%)
[Layer Freezing] Training last 4 transformer layers (layers 8-11)
[Layer Freezing] Trainable params: 28,384,555 / 108,924,715 (26.1%)
[Layer Freezing] Training last 4 transformer layers (layers 8-11)
[Layer Freezing] Trainable params: 28,384,555 / 108,924,715 (26.1%)
[Layer Freezing] Training last 4 transformer layers (layers 8-11)
[Layer Freezing] Trainable params: 28,384,555 / 108,924,715 (26.1%)
[Layer Freezing] Training last 4 transformer layers (layers 8-11)
[Layer Freezing] Trainable params: 28,384,555 / 108,924,715 (26.1%)
[Layer Freezing] Training last 4 transformer layers (layers 8-11)
[Layer Freezing] Trainable params: 28,384,555 / 108,924,715 (26.1%)
[Layer Freezing] Training last 4 transformer layers (layers 8-11)
[Layer Freezing] Trainable params: 28,384,555 / 108,924,715 (26.1%)
[Layer Freezing] Training last 4 transformer layers (layers 8-11)
[Layer Freezing] Trainable params: 28,384,555 / 108,924,715 (26.1%)
[Round 79] T=2.00  α_ce=1.00  α_kd=1.00
 Round 79 | F1 0.5082 | P 0.6252 | R 0.4281 | Time 46.6s | Comm N/A | Local Avg F1: 0.4343

=== Round 80/100 ===
[Round 80] KD=ON | policy=prev_global
[Layer Freezing] Training last 4 transformer layers (layers 8-11)
[Layer Freezing] Trainable params: 28,384,555 / 108,924,715 (26.1%)
[Layer Freezing] Training last 4 transformer layers (layers 8-11)
[Layer Freezing] Trainable params: 28,384,555 / 108,924,715 (26.1%)
[Layer Freezing] Training last 4 transformer layers (layers 8-11)
[Layer Freezing] Trainable params: 28,384,555 / 108,924,715 (26.1%)
[Layer Freezing] Training last 4 transformer layers (layers 8-11)
[Layer Freezing] Trainable params: 28,384,555 / 108,924,715 (26.1%)
[Layer Freezing] Training last 4 transformer layers (layers 8-11)
[Layer Freezing] Trainable params: 28,384,555 / 108,924,715 (26.1%)
[Layer Freezing] Training last 4 transformer layers (layers 8-11)
[Layer Freezing] Trainable params: 28,384,555 / 108,924,715 (26.1%)
[Layer Freezing] Training last 4 transformer layers (layers 8-11)
[Layer Freezing] Trainable params: 28,384,555 / 108,924,715 (26.1%)
[Layer Freezing] Training last 4 transformer layers (layers 8-11)
[Layer Freezing] Trainable params: 28,384,555 / 108,924,715 (26.1%)
[Layer Freezing] Training last 4 transformer layers (layers 8-11)
[Layer Freezing] Trainable params: 28,384,555 / 108,924,715 (26.1%)
[Layer Freezing] Training last 4 transformer layers (layers 8-11)
[Layer Freezing] Trainable params: 28,384,555 / 108,924,715 (26.1%)
[Round 80] T=2.00  α_ce=1.00  α_kd=1.00
 Round 80 | F1 0.5171 | P 0.6193 | R 0.4439 | Time 46.1s | Comm N/A | Local Avg F1: 0.4394

=== Round 81/100 ===
[Round 81] KD=ON | policy=prev_global
[Layer Freezing] Training last 4 transformer layers (layers 8-11)
[Layer Freezing] Trainable params: 28,384,555 / 108,924,715 (26.1%)
[Layer Freezing] Training last 4 transformer layers (layers 8-11)
[Layer Freezing] Trainable params: 28,384,555 / 108,924,715 (26.1%)
[Layer Freezing] Training last 4 transformer layers (layers 8-11)
[Layer Freezing] Trainable params: 28,384,555 / 108,924,715 (26.1%)
[Layer Freezing] Training last 4 transformer layers (layers 8-11)
[Layer Freezing] Trainable params: 28,384,555 / 108,924,715 (26.1%)
[Layer Freezing] Training last 4 transformer layers (layers 8-11)
[Layer Freezing] Trainable params: 28,384,555 / 108,924,715 (26.1%)
[Layer Freezing] Training last 4 transformer layers (layers 8-11)
[Layer Freezing] Trainable params: 28,384,555 / 108,924,715 (26.1%)
[Layer Freezing] Training last 4 transformer layers (layers 8-11)
[Layer Freezing] Trainable params: 28,384,555 / 108,924,715 (26.1%)
[Layer Freezing] Training last 4 transformer layers (layers 8-11)
[Layer Freezing] Trainable params: 28,384,555 / 108,924,715 (26.1%)
[Layer Freezing] Training last 4 transformer layers (layers 8-11)
[Layer Freezing] Trainable params: 28,384,555 / 108,924,715 (26.1%)
[Layer Freezing] Training last 4 transformer layers (layers 8-11)
[Layer Freezing] Trainable params: 28,384,555 / 108,924,715 (26.1%)
[Round 81] T=2.00  α_ce=1.00  α_kd=1.00
 Round 81 | F1 0.5048 | P 0.6289 | R 0.4216 | Time 46.0s | Comm N/A | Local Avg F1: 0.4342

=== Round 82/100 ===
[Round 82] KD=ON | policy=prev_global
[Layer Freezing] Training last 4 transformer layers (layers 8-11)
[Layer Freezing] Trainable params: 28,384,555 / 108,924,715 (26.1%)
[Layer Freezing] Training last 4 transformer layers (layers 8-11)
[Layer Freezing] Trainable params: 28,384,555 / 108,924,715 (26.1%)
[Layer Freezing] Training last 4 transformer layers (layers 8-11)
[Layer Freezing] Trainable params: 28,384,555 / 108,924,715 (26.1%)
[Layer Freezing] Training last 4 transformer layers (layers 8-11)
[Layer Freezing] Trainable params: 28,384,555 / 108,924,715 (26.1%)
[Layer Freezing] Training last 4 transformer layers (layers 8-11)
[Layer Freezing] Trainable params: 28,384,555 / 108,924,715 (26.1%)
[Layer Freezing] Training last 4 transformer layers (layers 8-11)
[Layer Freezing] Trainable params: 28,384,555 / 108,924,715 (26.1%)
[Layer Freezing] Training last 4 transformer layers (layers 8-11)
[Layer Freezing] Trainable params: 28,384,555 / 108,924,715 (26.1%)
[Layer Freezing] Training last 4 transformer layers (layers 8-11)
[Layer Freezing] Trainable params: 28,384,555 / 108,924,715 (26.1%)
[Layer Freezing] Training last 4 transformer layers (layers 8-11)
[Layer Freezing] Trainable params: 28,384,555 / 108,924,715 (26.1%)
[Layer Freezing] Training last 4 transformer layers (layers 8-11)
[Layer Freezing] Trainable params: 28,384,555 / 108,924,715 (26.1%)
[Round 82] T=2.00  α_ce=1.00  α_kd=1.00
 Round 82 | F1 0.5094 | P 0.6257 | R 0.4295 | Time 45.8s | Comm N/A | Local Avg F1: 0.4366

=== Round 83/100 ===
[Round 83] KD=ON | policy=prev_global
[Layer Freezing] Training last 4 transformer layers (layers 8-11)
[Layer Freezing] Trainable params: 28,384,555 / 108,924,715 (26.1%)
[Layer Freezing] Training last 4 transformer layers (layers 8-11)
[Layer Freezing] Trainable params: 28,384,555 / 108,924,715 (26.1%)
[Layer Freezing] Training last 4 transformer layers (layers 8-11)
[Layer Freezing] Trainable params: 28,384,555 / 108,924,715 (26.1%)
[Layer Freezing] Training last 4 transformer layers (layers 8-11)
[Layer Freezing] Trainable params: 28,384,555 / 108,924,715 (26.1%)
[Layer Freezing] Training last 4 transformer layers (layers 8-11)
[Layer Freezing] Trainable params: 28,384,555 / 108,924,715 (26.1%)
[Layer Freezing] Training last 4 transformer layers (layers 8-11)
[Layer Freezing] Trainable params: 28,384,555 / 108,924,715 (26.1%)
[Layer Freezing] Training last 4 transformer layers (layers 8-11)
[Layer Freezing] Trainable params: 28,384,555 / 108,924,715 (26.1%)
[Layer Freezing] Training last 4 transformer layers (layers 8-11)
[Layer Freezing] Trainable params: 28,384,555 / 108,924,715 (26.1%)
[Layer Freezing] Training last 4 transformer layers (layers 8-11)
[Layer Freezing] Trainable params: 28,384,555 / 108,924,715 (26.1%)
[Layer Freezing] Training last 4 transformer layers (layers 8-11)
[Layer Freezing] Trainable params: 28,384,555 / 108,924,715 (26.1%)
[Round 83] T=2.00  α_ce=1.00  α_kd=1.00
 Round 83 | F1 0.5123 | P 0.6209 | R 0.4361 | Time 46.0s | Comm N/A | Local Avg F1: 0.4385

=== Round 84/100 ===
[Round 84] KD=ON | policy=prev_global
[Layer Freezing] Training last 4 transformer layers (layers 8-11)
[Layer Freezing] Trainable params: 28,384,555 / 108,924,715 (26.1%)
[Layer Freezing] Training last 4 transformer layers (layers 8-11)
[Layer Freezing] Trainable params: 28,384,555 / 108,924,715 (26.1%)
[Layer Freezing] Training last 4 transformer layers (layers 8-11)
[Layer Freezing] Trainable params: 28,384,555 / 108,924,715 (26.1%)
[Layer Freezing] Training last 4 transformer layers (layers 8-11)
[Layer Freezing] Trainable params: 28,384,555 / 108,924,715 (26.1%)
[Layer Freezing] Training last 4 transformer layers (layers 8-11)
[Layer Freezing] Trainable params: 28,384,555 / 108,924,715 (26.1%)
[Layer Freezing] Training last 4 transformer layers (layers 8-11)
[Layer Freezing] Trainable params: 28,384,555 / 108,924,715 (26.1%)
[Layer Freezing] Training last 4 transformer layers (layers 8-11)
[Layer Freezing] Trainable params: 28,384,555 / 108,924,715 (26.1%)
[Layer Freezing] Training last 4 transformer layers (layers 8-11)
[Layer Freezing] Trainable params: 28,384,555 / 108,924,715 (26.1%)
[Layer Freezing] Training last 4 transformer layers (layers 8-11)
[Layer Freezing] Trainable params: 28,384,555 / 108,924,715 (26.1%)
[Layer Freezing] Training last 4 transformer layers (layers 8-11)
[Layer Freezing] Trainable params: 28,384,555 / 108,924,715 (26.1%)
[Round 84] T=2.00  α_ce=1.00  α_kd=1.00
 Round 84 | F1 0.5208 | P 0.6210 | R 0.4485 | Time 46.0s | Comm N/A | Local Avg F1: 0.4457

=== Round 85/100 ===
[Round 85] KD=ON | policy=prev_global
[Layer Freezing] Training last 4 transformer layers (layers 8-11)
[Layer Freezing] Trainable params: 28,384,555 / 108,924,715 (26.1%)
[Layer Freezing] Training last 4 transformer layers (layers 8-11)
[Layer Freezing] Trainable params: 28,384,555 / 108,924,715 (26.1%)
[Layer Freezing] Training last 4 transformer layers (layers 8-11)
[Layer Freezing] Trainable params: 28,384,555 / 108,924,715 (26.1%)
[Layer Freezing] Training last 4 transformer layers (layers 8-11)
[Layer Freezing] Trainable params: 28,384,555 / 108,924,715 (26.1%)
[Layer Freezing] Training last 4 transformer layers (layers 8-11)
[Layer Freezing] Trainable params: 28,384,555 / 108,924,715 (26.1%)
[Layer Freezing] Training last 4 transformer layers (layers 8-11)
[Layer Freezing] Trainable params: 28,384,555 / 108,924,715 (26.1%)
[Layer Freezing] Training last 4 transformer layers (layers 8-11)
[Layer Freezing] Trainable params: 28,384,555 / 108,924,715 (26.1%)
[Layer Freezing] Training last 4 transformer layers (layers 8-11)
[Layer Freezing] Trainable params: 28,384,555 / 108,924,715 (26.1%)
[Layer Freezing] Training last 4 transformer layers (layers 8-11)
[Layer Freezing] Trainable params: 28,384,555 / 108,924,715 (26.1%)
[Layer Freezing] Training last 4 transformer layers (layers 8-11)
[Layer Freezing] Trainable params: 28,384,555 / 108,924,715 (26.1%)
[Round 85] T=2.00  α_ce=1.00  α_kd=1.00
 Round 85 | F1 0.5122 | P 0.6290 | R 0.4320 | Time 46.4s | Comm N/A | Local Avg F1: 0.4359

=== Round 86/100 ===
[Round 86] KD=ON | policy=prev_global
[Layer Freezing] Training last 4 transformer layers (layers 8-11)
[Layer Freezing] Trainable params: 28,384,555 / 108,924,715 (26.1%)
[Layer Freezing] Training last 4 transformer layers (layers 8-11)
[Layer Freezing] Trainable params: 28,384,555 / 108,924,715 (26.1%)
[Layer Freezing] Training last 4 transformer layers (layers 8-11)
[Layer Freezing] Trainable params: 28,384,555 / 108,924,715 (26.1%)
[Layer Freezing] Training last 4 transformer layers (layers 8-11)
[Layer Freezing] Trainable params: 28,384,555 / 108,924,715 (26.1%)
[Layer Freezing] Training last 4 transformer layers (layers 8-11)
[Layer Freezing] Trainable params: 28,384,555 / 108,924,715 (26.1%)
[Layer Freezing] Training last 4 transformer layers (layers 8-11)
[Layer Freezing] Trainable params: 28,384,555 / 108,924,715 (26.1%)
[Layer Freezing] Training last 4 transformer layers (layers 8-11)
[Layer Freezing] Trainable params: 28,384,555 / 108,924,715 (26.1%)
[Layer Freezing] Training last 4 transformer layers (layers 8-11)
[Layer Freezing] Trainable params: 28,384,555 / 108,924,715 (26.1%)
[Layer Freezing] Training last 4 transformer layers (layers 8-11)
[Layer Freezing] Trainable params: 28,384,555 / 108,924,715 (26.1%)
[Layer Freezing] Training last 4 transformer layers (layers 8-11)
[Layer Freezing] Trainable params: 28,384,555 / 108,924,715 (26.1%)
[Round 86] T=2.00  α_ce=1.00  α_kd=1.00
 Round 86 | F1 0.5119 | P 0.6260 | R 0.4330 | Time 46.3s | Comm N/A | Local Avg F1: 0.4355

=== Round 87/100 ===
[Round 87] KD=ON | policy=prev_global
[Layer Freezing] Training last 4 transformer layers (layers 8-11)
[Layer Freezing] Trainable params: 28,384,555 / 108,924,715 (26.1%)
[Layer Freezing] Training last 4 transformer layers (layers 8-11)
[Layer Freezing] Trainable params: 28,384,555 / 108,924,715 (26.1%)
[Layer Freezing] Training last 4 transformer layers (layers 8-11)
[Layer Freezing] Trainable params: 28,384,555 / 108,924,715 (26.1%)
[Layer Freezing] Training last 4 transformer layers (layers 8-11)
[Layer Freezing] Trainable params: 28,384,555 / 108,924,715 (26.1%)
[Layer Freezing] Training last 4 transformer layers (layers 8-11)
[Layer Freezing] Trainable params: 28,384,555 / 108,924,715 (26.1%)
[Layer Freezing] Training last 4 transformer layers (layers 8-11)
[Layer Freezing] Trainable params: 28,384,555 / 108,924,715 (26.1%)
[Layer Freezing] Training last 4 transformer layers (layers 8-11)
[Layer Freezing] Trainable params: 28,384,555 / 108,924,715 (26.1%)
[Layer Freezing] Training last 4 transformer layers (layers 8-11)
[Layer Freezing] Trainable params: 28,384,555 / 108,924,715 (26.1%)
[Layer Freezing] Training last 4 transformer layers (layers 8-11)
[Layer Freezing] Trainable params: 28,384,555 / 108,924,715 (26.1%)
[Layer Freezing] Training last 4 transformer layers (layers 8-11)
[Layer Freezing] Trainable params: 28,384,555 / 108,924,715 (26.1%)
[Round 87] T=2.00  α_ce=1.00  α_kd=1.00
 Round 87 | F1 0.5199 | P 0.6212 | R 0.4471 | Time 44.9s | Comm N/A | Local Avg F1: 0.4423

=== Round 88/100 ===
[Round 88] KD=ON | policy=prev_global
[Layer Freezing] Training last 4 transformer layers (layers 8-11)
[Layer Freezing] Trainable params: 28,384,555 / 108,924,715 (26.1%)
[Layer Freezing] Training last 4 transformer layers (layers 8-11)
[Layer Freezing] Trainable params: 28,384,555 / 108,924,715 (26.1%)
[Layer Freezing] Training last 4 transformer layers (layers 8-11)
[Layer Freezing] Trainable params: 28,384,555 / 108,924,715 (26.1%)
[Layer Freezing] Training last 4 transformer layers (layers 8-11)
[Layer Freezing] Trainable params: 28,384,555 / 108,924,715 (26.1%)
[Layer Freezing] Training last 4 transformer layers (layers 8-11)
[Layer Freezing] Trainable params: 28,384,555 / 108,924,715 (26.1%)
[Layer Freezing] Training last 4 transformer layers (layers 8-11)
[Layer Freezing] Trainable params: 28,384,555 / 108,924,715 (26.1%)
[Layer Freezing] Training last 4 transformer layers (layers 8-11)
[Layer Freezing] Trainable params: 28,384,555 / 108,924,715 (26.1%)
[Layer Freezing] Training last 4 transformer layers (layers 8-11)
[Layer Freezing] Trainable params: 28,384,555 / 108,924,715 (26.1%)
[Layer Freezing] Training last 4 transformer layers (layers 8-11)
[Layer Freezing] Trainable params: 28,384,555 / 108,924,715 (26.1%)
[Layer Freezing] Training last 4 transformer layers (layers 8-11)
[Layer Freezing] Trainable params: 28,384,555 / 108,924,715 (26.1%)
[Round 88] T=2.00  α_ce=1.00  α_kd=1.00
 Round 88 | F1 0.5215 | P 0.6187 | R 0.4507 | Time 46.2s | Comm N/A | Local Avg F1: 0.4464

=== Round 89/100 ===
[Round 89] KD=ON | policy=prev_global
[Layer Freezing] Training last 4 transformer layers (layers 8-11)
[Layer Freezing] Trainable params: 28,384,555 / 108,924,715 (26.1%)
[Layer Freezing] Training last 4 transformer layers (layers 8-11)
[Layer Freezing] Trainable params: 28,384,555 / 108,924,715 (26.1%)
[Layer Freezing] Training last 4 transformer layers (layers 8-11)
[Layer Freezing] Trainable params: 28,384,555 / 108,924,715 (26.1%)
[Layer Freezing] Training last 4 transformer layers (layers 8-11)
[Layer Freezing] Trainable params: 28,384,555 / 108,924,715 (26.1%)
[Layer Freezing] Training last 4 transformer layers (layers 8-11)
[Layer Freezing] Trainable params: 28,384,555 / 108,924,715 (26.1%)
[Layer Freezing] Training last 4 transformer layers (layers 8-11)
[Layer Freezing] Trainable params: 28,384,555 / 108,924,715 (26.1%)
[Layer Freezing] Training last 4 transformer layers (layers 8-11)
[Layer Freezing] Trainable params: 28,384,555 / 108,924,715 (26.1%)
[Layer Freezing] Training last 4 transformer layers (layers 8-11)
[Layer Freezing] Trainable params: 28,384,555 / 108,924,715 (26.1%)
[Layer Freezing] Training last 4 transformer layers (layers 8-11)
[Layer Freezing] Trainable params: 28,384,555 / 108,924,715 (26.1%)
[Layer Freezing] Training last 4 transformer layers (layers 8-11)
[Layer Freezing] Trainable params: 28,384,555 / 108,924,715 (26.1%)
[Round 89] T=2.00  α_ce=1.00  α_kd=1.00
 Round 89 | F1 0.5122 | P 0.6303 | R 0.4313 | Time 46.8s | Comm N/A | Local Avg F1: 0.4389

=== Round 90/100 ===
[Round 90] KD=ON | policy=prev_global
[Layer Freezing] Training last 4 transformer layers (layers 8-11)
[Layer Freezing] Trainable params: 28,384,555 / 108,924,715 (26.1%)
[Layer Freezing] Training last 4 transformer layers (layers 8-11)
[Layer Freezing] Trainable params: 28,384,555 / 108,924,715 (26.1%)
[Layer Freezing] Training last 4 transformer layers (layers 8-11)
[Layer Freezing] Trainable params: 28,384,555 / 108,924,715 (26.1%)
[Layer Freezing] Training last 4 transformer layers (layers 8-11)
[Layer Freezing] Trainable params: 28,384,555 / 108,924,715 (26.1%)
[Layer Freezing] Training last 4 transformer layers (layers 8-11)
[Layer Freezing] Trainable params: 28,384,555 / 108,924,715 (26.1%)
[Layer Freezing] Training last 4 transformer layers (layers 8-11)
[Layer Freezing] Trainable params: 28,384,555 / 108,924,715 (26.1%)
[Layer Freezing] Training last 4 transformer layers (layers 8-11)
[Layer Freezing] Trainable params: 28,384,555 / 108,924,715 (26.1%)
[Layer Freezing] Training last 4 transformer layers (layers 8-11)
[Layer Freezing] Trainable params: 28,384,555 / 108,924,715 (26.1%)
[Layer Freezing] Training last 4 transformer layers (layers 8-11)
[Layer Freezing] Trainable params: 28,384,555 / 108,924,715 (26.1%)
[Layer Freezing] Training last 4 transformer layers (layers 8-11)
[Layer Freezing] Trainable params: 28,384,555 / 108,924,715 (26.1%)
[Round 90] T=2.00  α_ce=1.00  α_kd=1.00
 Round 90 | F1 0.5166 | P 0.6310 | R 0.4372 | Time 45.7s | Comm N/A | Local Avg F1: 0.4422

=== Round 91/100 ===
[Round 91] KD=ON | policy=prev_global
[Layer Freezing] Training last 4 transformer layers (layers 8-11)
[Layer Freezing] Trainable params: 28,384,555 / 108,924,715 (26.1%)
[Layer Freezing] Training last 4 transformer layers (layers 8-11)
[Layer Freezing] Trainable params: 28,384,555 / 108,924,715 (26.1%)
[Layer Freezing] Training last 4 transformer layers (layers 8-11)
[Layer Freezing] Trainable params: 28,384,555 / 108,924,715 (26.1%)
[Layer Freezing] Training last 4 transformer layers (layers 8-11)
[Layer Freezing] Trainable params: 28,384,555 / 108,924,715 (26.1%)
[Layer Freezing] Training last 4 transformer layers (layers 8-11)
[Layer Freezing] Trainable params: 28,384,555 / 108,924,715 (26.1%)
[Layer Freezing] Training last 4 transformer layers (layers 8-11)
[Layer Freezing] Trainable params: 28,384,555 / 108,924,715 (26.1%)
[Layer Freezing] Training last 4 transformer layers (layers 8-11)
[Layer Freezing] Trainable params: 28,384,555 / 108,924,715 (26.1%)
[Layer Freezing] Training last 4 transformer layers (layers 8-11)
[Layer Freezing] Trainable params: 28,384,555 / 108,924,715 (26.1%)
[Layer Freezing] Training last 4 transformer layers (layers 8-11)
[Layer Freezing] Trainable params: 28,384,555 / 108,924,715 (26.1%)
[Layer Freezing] Training last 4 transformer layers (layers 8-11)
[Layer Freezing] Trainable params: 28,384,555 / 108,924,715 (26.1%)
[Round 91] T=2.00  α_ce=1.00  α_kd=1.00
 Round 91 | F1 0.5106 | P 0.6319 | R 0.4283 | Time 45.4s | Comm N/A | Local Avg F1: 0.4383

=== Round 92/100 ===
[Round 92] KD=ON | policy=prev_global
[Layer Freezing] Training last 4 transformer layers (layers 8-11)
[Layer Freezing] Trainable params: 28,384,555 / 108,924,715 (26.1%)
[Layer Freezing] Training last 4 transformer layers (layers 8-11)
[Layer Freezing] Trainable params: 28,384,555 / 108,924,715 (26.1%)
[Layer Freezing] Training last 4 transformer layers (layers 8-11)
[Layer Freezing] Trainable params: 28,384,555 / 108,924,715 (26.1%)
[Layer Freezing] Training last 4 transformer layers (layers 8-11)
[Layer Freezing] Trainable params: 28,384,555 / 108,924,715 (26.1%)
[Layer Freezing] Training last 4 transformer layers (layers 8-11)
[Layer Freezing] Trainable params: 28,384,555 / 108,924,715 (26.1%)
[Layer Freezing] Training last 4 transformer layers (layers 8-11)
[Layer Freezing] Trainable params: 28,384,555 / 108,924,715 (26.1%)
[Layer Freezing] Training last 4 transformer layers (layers 8-11)
[Layer Freezing] Trainable params: 28,384,555 / 108,924,715 (26.1%)
[Layer Freezing] Training last 4 transformer layers (layers 8-11)
[Layer Freezing] Trainable params: 28,384,555 / 108,924,715 (26.1%)
[Layer Freezing] Training last 4 transformer layers (layers 8-11)
[Layer Freezing] Trainable params: 28,384,555 / 108,924,715 (26.1%)
[Layer Freezing] Training last 4 transformer layers (layers 8-11)
[Layer Freezing] Trainable params: 28,384,555 / 108,924,715 (26.1%)
[Round 92] T=2.00  α_ce=1.00  α_kd=1.00
 Round 92 | F1 0.5164 | P 0.6269 | R 0.4391 | Time 47.0s | Comm N/A | Local Avg F1: 0.4444

=== Round 93/100 ===
[Round 93] KD=ON | policy=prev_global
[Layer Freezing] Training last 4 transformer layers (layers 8-11)
[Layer Freezing] Trainable params: 28,384,555 / 108,924,715 (26.1%)
[Layer Freezing] Training last 4 transformer layers (layers 8-11)
[Layer Freezing] Trainable params: 28,384,555 / 108,924,715 (26.1%)
[Layer Freezing] Training last 4 transformer layers (layers 8-11)
[Layer Freezing] Trainable params: 28,384,555 / 108,924,715 (26.1%)
[Layer Freezing] Training last 4 transformer layers (layers 8-11)
[Layer Freezing] Trainable params: 28,384,555 / 108,924,715 (26.1%)
[Layer Freezing] Training last 4 transformer layers (layers 8-11)
[Layer Freezing] Trainable params: 28,384,555 / 108,924,715 (26.1%)
[Layer Freezing] Training last 4 transformer layers (layers 8-11)
[Layer Freezing] Trainable params: 28,384,555 / 108,924,715 (26.1%)
[Layer Freezing] Training last 4 transformer layers (layers 8-11)
[Layer Freezing] Trainable params: 28,384,555 / 108,924,715 (26.1%)
[Layer Freezing] Training last 4 transformer layers (layers 8-11)
[Layer Freezing] Trainable params: 28,384,555 / 108,924,715 (26.1%)
[Layer Freezing] Training last 4 transformer layers (layers 8-11)
[Layer Freezing] Trainable params: 28,384,555 / 108,924,715 (26.1%)
[Layer Freezing] Training last 4 transformer layers (layers 8-11)
[Layer Freezing] Trainable params: 28,384,555 / 108,924,715 (26.1%)
[Round 93] T=2.00  α_ce=1.00  α_kd=1.00
 Round 93 | F1 0.5180 | P 0.6271 | R 0.4413 | Time 45.6s | Comm N/A | Local Avg F1: 0.4452

=== Round 94/100 ===
[Round 94] KD=ON | policy=prev_global
[Layer Freezing] Training last 4 transformer layers (layers 8-11)
[Layer Freezing] Trainable params: 28,384,555 / 108,924,715 (26.1%)
[Layer Freezing] Training last 4 transformer layers (layers 8-11)
[Layer Freezing] Trainable params: 28,384,555 / 108,924,715 (26.1%)
[Layer Freezing] Training last 4 transformer layers (layers 8-11)
[Layer Freezing] Trainable params: 28,384,555 / 108,924,715 (26.1%)
[Layer Freezing] Training last 4 transformer layers (layers 8-11)
[Layer Freezing] Trainable params: 28,384,555 / 108,924,715 (26.1%)
[Layer Freezing] Training last 4 transformer layers (layers 8-11)
[Layer Freezing] Trainable params: 28,384,555 / 108,924,715 (26.1%)
[Layer Freezing] Training last 4 transformer layers (layers 8-11)
[Layer Freezing] Trainable params: 28,384,555 / 108,924,715 (26.1%)
[Layer Freezing] Training last 4 transformer layers (layers 8-11)
[Layer Freezing] Trainable params: 28,384,555 / 108,924,715 (26.1%)
[Layer Freezing] Training last 4 transformer layers (layers 8-11)
[Layer Freezing] Trainable params: 28,384,555 / 108,924,715 (26.1%)
[Layer Freezing] Training last 4 transformer layers (layers 8-11)
[Layer Freezing] Trainable params: 28,384,555 / 108,924,715 (26.1%)
[Layer Freezing] Training last 4 transformer layers (layers 8-11)
[Layer Freezing] Trainable params: 28,384,555 / 108,924,715 (26.1%)
[Round 94] T=2.00  α_ce=1.00  α_kd=1.00
 Round 94 | F1 0.5241 | P 0.6163 | R 0.4559 | Time 45.1s | Comm N/A | Local Avg F1: 0.4528

=== Round 95/100 ===
[Round 95] KD=ON | policy=prev_global
[Layer Freezing] Training last 4 transformer layers (layers 8-11)
[Layer Freezing] Trainable params: 28,384,555 / 108,924,715 (26.1%)
[Layer Freezing] Training last 4 transformer layers (layers 8-11)
[Layer Freezing] Trainable params: 28,384,555 / 108,924,715 (26.1%)
[Layer Freezing] Training last 4 transformer layers (layers 8-11)
[Layer Freezing] Trainable params: 28,384,555 / 108,924,715 (26.1%)
[Layer Freezing] Training last 4 transformer layers (layers 8-11)
[Layer Freezing] Trainable params: 28,384,555 / 108,924,715 (26.1%)
[Layer Freezing] Training last 4 transformer layers (layers 8-11)
[Layer Freezing] Trainable params: 28,384,555 / 108,924,715 (26.1%)
[Layer Freezing] Training last 4 transformer layers (layers 8-11)
[Layer Freezing] Trainable params: 28,384,555 / 108,924,715 (26.1%)
[Layer Freezing] Training last 4 transformer layers (layers 8-11)
[Layer Freezing] Trainable params: 28,384,555 / 108,924,715 (26.1%)
[Layer Freezing] Training last 4 transformer layers (layers 8-11)
[Layer Freezing] Trainable params: 28,384,555 / 108,924,715 (26.1%)
[Layer Freezing] Training last 4 transformer layers (layers 8-11)
[Layer Freezing] Trainable params: 28,384,555 / 108,924,715 (26.1%)
[Layer Freezing] Training last 4 transformer layers (layers 8-11)
[Layer Freezing] Trainable params: 28,384,555 / 108,924,715 (26.1%)
[Round 95] T=2.00  α_ce=1.00  α_kd=1.00
 Round 95 | F1 0.5238 | P 0.6203 | R 0.4533 | Time 46.9s | Comm N/A | Local Avg F1: 0.4519

=== Round 96/100 ===
[Round 96] KD=ON | policy=prev_global
[Layer Freezing] Training last 4 transformer layers (layers 8-11)
[Layer Freezing] Trainable params: 28,384,555 / 108,924,715 (26.1%)
[Layer Freezing] Training last 4 transformer layers (layers 8-11)
[Layer Freezing] Trainable params: 28,384,555 / 108,924,715 (26.1%)
[Layer Freezing] Training last 4 transformer layers (layers 8-11)
[Layer Freezing] Trainable params: 28,384,555 / 108,924,715 (26.1%)
[Layer Freezing] Training last 4 transformer layers (layers 8-11)
[Layer Freezing] Trainable params: 28,384,555 / 108,924,715 (26.1%)
[Layer Freezing] Training last 4 transformer layers (layers 8-11)
[Layer Freezing] Trainable params: 28,384,555 / 108,924,715 (26.1%)
[Layer Freezing] Training last 4 transformer layers (layers 8-11)
[Layer Freezing] Trainable params: 28,384,555 / 108,924,715 (26.1%)
[Layer Freezing] Training last 4 transformer layers (layers 8-11)
[Layer Freezing] Trainable params: 28,384,555 / 108,924,715 (26.1%)
[Layer Freezing] Training last 4 transformer layers (layers 8-11)
[Layer Freezing] Trainable params: 28,384,555 / 108,924,715 (26.1%)
[Layer Freezing] Training last 4 transformer layers (layers 8-11)
[Layer Freezing] Trainable params: 28,384,555 / 108,924,715 (26.1%)
[Layer Freezing] Training last 4 transformer layers (layers 8-11)
[Layer Freezing] Trainable params: 28,384,555 / 108,924,715 (26.1%)
[Round 96] T=2.00  α_ce=1.00  α_kd=1.00
 Round 96 | F1 0.5152 | P 0.6333 | R 0.4342 | Time 45.7s | Comm N/A | Local Avg F1: 0.4469

=== Round 97/100 ===
[Round 97] KD=ON | policy=prev_global
[Layer Freezing] Training last 4 transformer layers (layers 8-11)
[Layer Freezing] Trainable params: 28,384,555 / 108,924,715 (26.1%)
[Layer Freezing] Training last 4 transformer layers (layers 8-11)
[Layer Freezing] Trainable params: 28,384,555 / 108,924,715 (26.1%)
[Layer Freezing] Training last 4 transformer layers (layers 8-11)
[Layer Freezing] Trainable params: 28,384,555 / 108,924,715 (26.1%)
[Layer Freezing] Training last 4 transformer layers (layers 8-11)
[Layer Freezing] Trainable params: 28,384,555 / 108,924,715 (26.1%)
[Layer Freezing] Training last 4 transformer layers (layers 8-11)
[Layer Freezing] Trainable params: 28,384,555 / 108,924,715 (26.1%)
[Layer Freezing] Training last 4 transformer layers (layers 8-11)
[Layer Freezing] Trainable params: 28,384,555 / 108,924,715 (26.1%)
[Layer Freezing] Training last 4 transformer layers (layers 8-11)
[Layer Freezing] Trainable params: 28,384,555 / 108,924,715 (26.1%)
[Layer Freezing] Training last 4 transformer layers (layers 8-11)
[Layer Freezing] Trainable params: 28,384,555 / 108,924,715 (26.1%)
[Layer Freezing] Training last 4 transformer layers (layers 8-11)
[Layer Freezing] Trainable params: 28,384,555 / 108,924,715 (26.1%)
[Layer Freezing] Training last 4 transformer layers (layers 8-11)
[Layer Freezing] Trainable params: 28,384,555 / 108,924,715 (26.1%)
[Round 97] T=2.00  α_ce=1.00  α_kd=1.00
 Round 97 | F1 0.5211 | P 0.6313 | R 0.4436 | Time 46.1s | Comm N/A | Local Avg F1: 0.4518

=== Round 98/100 ===
[Round 98] KD=ON | policy=prev_global
[Layer Freezing] Training last 4 transformer layers (layers 8-11)
[Layer Freezing] Trainable params: 28,384,555 / 108,924,715 (26.1%)
[Layer Freezing] Training last 4 transformer layers (layers 8-11)
[Layer Freezing] Trainable params: 28,384,555 / 108,924,715 (26.1%)
[Layer Freezing] Training last 4 transformer layers (layers 8-11)
[Layer Freezing] Trainable params: 28,384,555 / 108,924,715 (26.1%)
[Layer Freezing] Training last 4 transformer layers (layers 8-11)
[Layer Freezing] Trainable params: 28,384,555 / 108,924,715 (26.1%)
[Layer Freezing] Training last 4 transformer layers (layers 8-11)
[Layer Freezing] Trainable params: 28,384,555 / 108,924,715 (26.1%)
[Layer Freezing] Training last 4 transformer layers (layers 8-11)
[Layer Freezing] Trainable params: 28,384,555 / 108,924,715 (26.1%)
[Layer Freezing] Training last 4 transformer layers (layers 8-11)
[Layer Freezing] Trainable params: 28,384,555 / 108,924,715 (26.1%)
[Layer Freezing] Training last 4 transformer layers (layers 8-11)
[Layer Freezing] Trainable params: 28,384,555 / 108,924,715 (26.1%)
[Layer Freezing] Training last 4 transformer layers (layers 8-11)
[Layer Freezing] Trainable params: 28,384,555 / 108,924,715 (26.1%)
[Layer Freezing] Training last 4 transformer layers (layers 8-11)
[Layer Freezing] Trainable params: 28,384,555 / 108,924,715 (26.1%)
[Round 98] T=2.00  α_ce=1.00  α_kd=1.00
 Round 98 | F1 0.5283 | P 0.6212 | R 0.4596 | Time 46.2s | Comm N/A | Local Avg F1: 0.4535

=== Round 99/100 ===
[Round 99] KD=ON | policy=prev_global
[Layer Freezing] Training last 4 transformer layers (layers 8-11)
[Layer Freezing] Trainable params: 28,384,555 / 108,924,715 (26.1%)
[Layer Freezing] Training last 4 transformer layers (layers 8-11)
[Layer Freezing] Trainable params: 28,384,555 / 108,924,715 (26.1%)
[Layer Freezing] Training last 4 transformer layers (layers 8-11)
[Layer Freezing] Trainable params: 28,384,555 / 108,924,715 (26.1%)
[Layer Freezing] Training last 4 transformer layers (layers 8-11)
[Layer Freezing] Trainable params: 28,384,555 / 108,924,715 (26.1%)
[Layer Freezing] Training last 4 transformer layers (layers 8-11)
[Layer Freezing] Trainable params: 28,384,555 / 108,924,715 (26.1%)
[Layer Freezing] Training last 4 transformer layers (layers 8-11)
[Layer Freezing] Trainable params: 28,384,555 / 108,924,715 (26.1%)
[Layer Freezing] Training last 4 transformer layers (layers 8-11)
[Layer Freezing] Trainable params: 28,384,555 / 108,924,715 (26.1%)
[Layer Freezing] Training last 4 transformer layers (layers 8-11)
[Layer Freezing] Trainable params: 28,384,555 / 108,924,715 (26.1%)
[Layer Freezing] Training last 4 transformer layers (layers 8-11)
[Layer Freezing] Trainable params: 28,384,555 / 108,924,715 (26.1%)
[Layer Freezing] Training last 4 transformer layers (layers 8-11)
[Layer Freezing] Trainable params: 28,384,555 / 108,924,715 (26.1%)
[Round 99] T=2.00  α_ce=1.00  α_kd=1.00
 Round 99 | F1 0.5259 | P 0.6297 | R 0.4515 | Time 45.7s | Comm N/A | Local Avg F1: 0.4523

=== Round 100/100 ===
[Round 100] KD=ON | policy=prev_global
[Layer Freezing] Training last 4 transformer layers (layers 8-11)
[Layer Freezing] Trainable params: 28,384,555 / 108,924,715 (26.1%)
[Layer Freezing] Training last 4 transformer layers (layers 8-11)
[Layer Freezing] Trainable params: 28,384,555 / 108,924,715 (26.1%)
[Layer Freezing] Training last 4 transformer layers (layers 8-11)
[Layer Freezing] Trainable params: 28,384,555 / 108,924,715 (26.1%)
[Layer Freezing] Training last 4 transformer layers (layers 8-11)
[Layer Freezing] Trainable params: 28,384,555 / 108,924,715 (26.1%)
[Layer Freezing] Training last 4 transformer layers (layers 8-11)
[Layer Freezing] Trainable params: 28,384,555 / 108,924,715 (26.1%)
[Layer Freezing] Training last 4 transformer layers (layers 8-11)
[Layer Freezing] Trainable params: 28,384,555 / 108,924,715 (26.1%)
[Layer Freezing] Training last 4 transformer layers (layers 8-11)
[Layer Freezing] Trainable params: 28,384,555 / 108,924,715 (26.1%)
[Layer Freezing] Training last 4 transformer layers (layers 8-11)
[Layer Freezing] Trainable params: 28,384,555 / 108,924,715 (26.1%)
[Layer Freezing] Training last 4 transformer layers (layers 8-11)
[Layer Freezing] Trainable params: 28,384,555 / 108,924,715 (26.1%)
[Layer Freezing] Training last 4 transformer layers (layers 8-11)
[Layer Freezing] Trainable params: 28,384,555 / 108,924,715 (26.1%)
[Round 100] T=2.00  α_ce=1.00  α_kd=1.00
 Round 100 | F1 0.5298 | P 0.6238 | R 0.4604 | Time 45.6s | Comm N/A | Local Avg F1: 0.4567
[save_json] Saved: results/FedSAD_20250820_092523/fed_results.json
[save_json] Backup: results/FedSAD_20250820_092523/fed_results_20250820_104133.json
