日志文件：logs/run_20250819_000604.log

== FedSAD 0.01==
📁 从本地加载模型: /root/autodl-tmp/new/fedner/models/microsoft_BiomedNLP-PubMedBERT-base-uncased-abstract
Some weights of BertForTokenClassification were not initialized from the model checkpoint at /root/autodl-tmp/new/fedner/models/microsoft_BiomedNLP-PubMedBERT-base-uncased-abstract and are newly initialized because the shapes did not match:
- classifier.bias: found shape torch.Size([2]) in the checkpoint and torch.Size([43]) in the model instantiated
- classifier.weight: found shape torch.Size([2, 768]) in the checkpoint and torch.Size([43, 768]) in the model instantiated
You should probably TRAIN this model on a down-stream task to be able to use it for predictions and inference.
Using device: cuda
📁 从本地加载模型: /root/autodl-tmp/new/fedner/models/microsoft_BiomedNLP-PubMedBERT-base-uncased-abstract
Some weights of BertForTokenClassification were not initialized from the model checkpoint at /root/autodl-tmp/new/fedner/models/microsoft_BiomedNLP-PubMedBERT-base-uncased-abstract and are newly initialized because the shapes did not match:
- classifier.bias: found shape torch.Size([2]) in the checkpoint and torch.Size([43]) in the model instantiated
- classifier.weight: found shape torch.Size([2, 768]) in the checkpoint and torch.Size([43, 768]) in the model instantiated
You should probably TRAIN this model on a down-stream task to be able to use it for predictions and inference.

============================================================
EXPERIMENT CONFIGURATION
============================================================
Algorithm: FedSAD | Clients: 10 (100% per round) | Rounds: 100, Local epochs: 2 | Training: Last 4 layers | Sampling: 200 samples per client (random) | Data: Non-IID (α=0.01)
------------------------------------------------------------
Algorithm-specific parameters for FedSAD:
  - use_distillation: True
  - kd_start_round: 2
  - teacher_policy: ema_first
  - temperature_start: 2.0, temperature_end: 2.0
  - alpha_ce_start: 1.0, alpha_ce_end: 1.0
  - alpha_kd_start: 1.0, alpha_kd_end: 1.0
  - hidden_distill: False, alpha_hidden: 0.0
  - o_downweight: 1.0
============================================================

Model initialized: 108,924,715/108,924,715 trainable params (100.0%)

=== Round 1/100 ===
[Round 1] KD=OFF | policy=ema_first
[Layer Freezing] Training last 4 transformer layers (layers 8-11)
[Layer Freezing] Trainable params: 28,384,555 / 108,924,715 (26.1%)
/root/miniconda3/lib/python3.12/site-packages/torch/nn/modules/module.py:1762: FutureWarning: `encoder_attention_mask` is deprecated and will be removed in version 4.55.0 for `BertSdpaSelfAttention.forward`.
  return forward_call(*args, **kwargs)
[Layer Freezing] Training last 4 transformer layers (layers 8-11)
[Layer Freezing] Trainable params: 28,384,555 / 108,924,715 (26.1%)
[Layer Freezing] Training last 4 transformer layers (layers 8-11)
[Layer Freezing] Trainable params: 28,384,555 / 108,924,715 (26.1%)
[Layer Freezing] Training last 4 transformer layers (layers 8-11)
[Layer Freezing] Trainable params: 28,384,555 / 108,924,715 (26.1%)
[Layer Freezing] Training last 4 transformer layers (layers 8-11)
[Layer Freezing] Trainable params: 28,384,555 / 108,924,715 (26.1%)
[Layer Freezing] Training last 4 transformer layers (layers 8-11)
[Layer Freezing] Trainable params: 28,384,555 / 108,924,715 (26.1%)
[Layer Freezing] Training last 4 transformer layers (layers 8-11)
[Layer Freezing] Trainable params: 28,384,555 / 108,924,715 (26.1%)
[Layer Freezing] Training last 4 transformer layers (layers 8-11)
[Layer Freezing] Trainable params: 28,384,555 / 108,924,715 (26.1%)
[Layer Freezing] Training last 4 transformer layers (layers 8-11)
[Layer Freezing] Trainable params: 28,384,555 / 108,924,715 (26.1%)
[Layer Freezing] Training last 4 transformer layers (layers 8-11)
[Layer Freezing] Trainable params: 28,384,555 / 108,924,715 (26.1%)
[Round 1] T=2.00  α_ce=1.00  α_kd=0.00
/root/miniconda3/lib/python3.12/site-packages/seqeval/metrics/v1.py:57: UndefinedMetricWarning: Precision is ill-defined and being set to 0.0 due to no predicted samples. Use `zero_division` parameter to control this behavior.
  _warn_prf(average, modifier, msg_start, len(result))
/root/miniconda3/lib/python3.12/site-packages/seqeval/metrics/v1.py:159: UndefinedMetricWarning: F-score is ill-defined and being set to 0.0 due to no true nor predicted samples. Use `zero_division` parameter to control this behavior.
  _warn_prf(
/root/miniconda3/lib/python3.12/site-packages/seqeval/metrics/v1.py:57: UndefinedMetricWarning: Recall is ill-defined and being set to 0.0 due to no true samples. Use `zero_division` parameter to control this behavior.
  _warn_prf(average, modifier, msg_start, len(result))
 Round 1 | F1 0.0000 | P 0.0000 | R 0.0000 | Time 41.3s | Comm N/A | Local Avg F1: 0.0000

=== Round 2/100 ===
[Round 2] KD=ON | policy=ema_first
[Layer Freezing] Training last 4 transformer layers (layers 8-11)
[Layer Freezing] Trainable params: 28,384,555 / 108,924,715 (26.1%)
[Layer Freezing] Training last 4 transformer layers (layers 8-11)
[Layer Freezing] Trainable params: 28,384,555 / 108,924,715 (26.1%)
[Layer Freezing] Training last 4 transformer layers (layers 8-11)
[Layer Freezing] Trainable params: 28,384,555 / 108,924,715 (26.1%)
[Layer Freezing] Training last 4 transformer layers (layers 8-11)
[Layer Freezing] Trainable params: 28,384,555 / 108,924,715 (26.1%)
[Layer Freezing] Training last 4 transformer layers (layers 8-11)
[Layer Freezing] Trainable params: 28,384,555 / 108,924,715 (26.1%)
[Layer Freezing] Training last 4 transformer layers (layers 8-11)
[Layer Freezing] Trainable params: 28,384,555 / 108,924,715 (26.1%)
[Layer Freezing] Training last 4 transformer layers (layers 8-11)
[Layer Freezing] Trainable params: 28,384,555 / 108,924,715 (26.1%)
[Layer Freezing] Training last 4 transformer layers (layers 8-11)
[Layer Freezing] Trainable params: 28,384,555 / 108,924,715 (26.1%)
[Layer Freezing] Training last 4 transformer layers (layers 8-11)
[Layer Freezing] Trainable params: 28,384,555 / 108,924,715 (26.1%)
[Layer Freezing] Training last 4 transformer layers (layers 8-11)
[Layer Freezing] Trainable params: 28,384,555 / 108,924,715 (26.1%)
[Round 2] T=2.00  α_ce=1.00  α_kd=1.00
 Round 2 | F1 0.0000 | P 0.0000 | R 0.0000 | Time 43.1s | Comm N/A | Local Avg F1: 0.0000

=== Round 3/100 ===
[Round 3] KD=ON | policy=ema_first
[Layer Freezing] Training last 4 transformer layers (layers 8-11)
[Layer Freezing] Trainable params: 28,384,555 / 108,924,715 (26.1%)
[Layer Freezing] Training last 4 transformer layers (layers 8-11)
[Layer Freezing] Trainable params: 28,384,555 / 108,924,715 (26.1%)
[Layer Freezing] Training last 4 transformer layers (layers 8-11)
[Layer Freezing] Trainable params: 28,384,555 / 108,924,715 (26.1%)
[Layer Freezing] Training last 4 transformer layers (layers 8-11)
[Layer Freezing] Trainable params: 28,384,555 / 108,924,715 (26.1%)
[Layer Freezing] Training last 4 transformer layers (layers 8-11)
[Layer Freezing] Trainable params: 28,384,555 / 108,924,715 (26.1%)
[Layer Freezing] Training last 4 transformer layers (layers 8-11)
[Layer Freezing] Trainable params: 28,384,555 / 108,924,715 (26.1%)
[Layer Freezing] Training last 4 transformer layers (layers 8-11)
[Layer Freezing] Trainable params: 28,384,555 / 108,924,715 (26.1%)
[Layer Freezing] Training last 4 transformer layers (layers 8-11)
[Layer Freezing] Trainable params: 28,384,555 / 108,924,715 (26.1%)
[Layer Freezing] Training last 4 transformer layers (layers 8-11)
[Layer Freezing] Trainable params: 28,384,555 / 108,924,715 (26.1%)
[Layer Freezing] Training last 4 transformer layers (layers 8-11)
[Layer Freezing] Trainable params: 28,384,555 / 108,924,715 (26.1%)
[Round 3] T=2.00  α_ce=1.00  α_kd=1.00
 Round 3 | F1 0.0003 | P 0.6667 | R 0.0001 | Time 43.3s | Comm N/A | Local Avg F1: 0.0011

=== Round 4/100 ===
[Round 4] KD=ON | policy=ema_first
[Layer Freezing] Training last 4 transformer layers (layers 8-11)
[Layer Freezing] Trainable params: 28,384,555 / 108,924,715 (26.1%)
[Layer Freezing] Training last 4 transformer layers (layers 8-11)
[Layer Freezing] Trainable params: 28,384,555 / 108,924,715 (26.1%)
[Layer Freezing] Training last 4 transformer layers (layers 8-11)
[Layer Freezing] Trainable params: 28,384,555 / 108,924,715 (26.1%)
[Layer Freezing] Training last 4 transformer layers (layers 8-11)
[Layer Freezing] Trainable params: 28,384,555 / 108,924,715 (26.1%)
[Layer Freezing] Training last 4 transformer layers (layers 8-11)
[Layer Freezing] Trainable params: 28,384,555 / 108,924,715 (26.1%)
[Layer Freezing] Training last 4 transformer layers (layers 8-11)
[Layer Freezing] Trainable params: 28,384,555 / 108,924,715 (26.1%)
[Layer Freezing] Training last 4 transformer layers (layers 8-11)
[Layer Freezing] Trainable params: 28,384,555 / 108,924,715 (26.1%)
[Layer Freezing] Training last 4 transformer layers (layers 8-11)
[Layer Freezing] Trainable params: 28,384,555 / 108,924,715 (26.1%)
[Layer Freezing] Training last 4 transformer layers (layers 8-11)
[Layer Freezing] Trainable params: 28,384,555 / 108,924,715 (26.1%)
[Layer Freezing] Training last 4 transformer layers (layers 8-11)
[Layer Freezing] Trainable params: 28,384,555 / 108,924,715 (26.1%)
[Round 4] T=2.00  α_ce=1.00  α_kd=1.00
 Round 4 | F1 0.0529 | P 0.6329 | R 0.0276 | Time 44.2s | Comm N/A | Local Avg F1: 0.0416

=== Round 5/100 ===
[Round 5] KD=ON | policy=ema_first
[Layer Freezing] Training last 4 transformer layers (layers 8-11)
[Layer Freezing] Trainable params: 28,384,555 / 108,924,715 (26.1%)
[Layer Freezing] Training last 4 transformer layers (layers 8-11)
[Layer Freezing] Trainable params: 28,384,555 / 108,924,715 (26.1%)
[Layer Freezing] Training last 4 transformer layers (layers 8-11)
[Layer Freezing] Trainable params: 28,384,555 / 108,924,715 (26.1%)
[Layer Freezing] Training last 4 transformer layers (layers 8-11)
[Layer Freezing] Trainable params: 28,384,555 / 108,924,715 (26.1%)
[Layer Freezing] Training last 4 transformer layers (layers 8-11)
[Layer Freezing] Trainable params: 28,384,555 / 108,924,715 (26.1%)
[Layer Freezing] Training last 4 transformer layers (layers 8-11)
[Layer Freezing] Trainable params: 28,384,555 / 108,924,715 (26.1%)
[Layer Freezing] Training last 4 transformer layers (layers 8-11)
[Layer Freezing] Trainable params: 28,384,555 / 108,924,715 (26.1%)
[Layer Freezing] Training last 4 transformer layers (layers 8-11)
[Layer Freezing] Trainable params: 28,384,555 / 108,924,715 (26.1%)
[Layer Freezing] Training last 4 transformer layers (layers 8-11)
[Layer Freezing] Trainable params: 28,384,555 / 108,924,715 (26.1%)
[Layer Freezing] Training last 4 transformer layers (layers 8-11)
[Layer Freezing] Trainable params: 28,384,555 / 108,924,715 (26.1%)
[Round 5] T=2.00  α_ce=1.00  α_kd=1.00
 Round 5 | F1 0.1047 | P 0.6173 | R 0.0572 | Time 42.6s | Comm N/A | Local Avg F1: 0.0716

=== Round 6/100 ===
[Round 6] KD=ON | policy=ema_first
[Layer Freezing] Training last 4 transformer layers (layers 8-11)
[Layer Freezing] Trainable params: 28,384,555 / 108,924,715 (26.1%)
[Layer Freezing] Training last 4 transformer layers (layers 8-11)
[Layer Freezing] Trainable params: 28,384,555 / 108,924,715 (26.1%)
[Layer Freezing] Training last 4 transformer layers (layers 8-11)
[Layer Freezing] Trainable params: 28,384,555 / 108,924,715 (26.1%)
[Layer Freezing] Training last 4 transformer layers (layers 8-11)
[Layer Freezing] Trainable params: 28,384,555 / 108,924,715 (26.1%)
[Layer Freezing] Training last 4 transformer layers (layers 8-11)
[Layer Freezing] Trainable params: 28,384,555 / 108,924,715 (26.1%)
[Layer Freezing] Training last 4 transformer layers (layers 8-11)
[Layer Freezing] Trainable params: 28,384,555 / 108,924,715 (26.1%)
[Layer Freezing] Training last 4 transformer layers (layers 8-11)
[Layer Freezing] Trainable params: 28,384,555 / 108,924,715 (26.1%)
[Layer Freezing] Training last 4 transformer layers (layers 8-11)
[Layer Freezing] Trainable params: 28,384,555 / 108,924,715 (26.1%)
[Layer Freezing] Training last 4 transformer layers (layers 8-11)
[Layer Freezing] Trainable params: 28,384,555 / 108,924,715 (26.1%)
[Layer Freezing] Training last 4 transformer layers (layers 8-11)
[Layer Freezing] Trainable params: 28,384,555 / 108,924,715 (26.1%)
[Round 6] T=2.00  α_ce=1.00  α_kd=1.00
 Round 6 | F1 0.1639 | P 0.5521 | R 0.0963 | Time 43.4s | Comm N/A | Local Avg F1: 0.1079

=== Round 7/100 ===
[Round 7] KD=ON | policy=ema_first
[Layer Freezing] Training last 4 transformer layers (layers 8-11)
[Layer Freezing] Trainable params: 28,384,555 / 108,924,715 (26.1%)
[Layer Freezing] Training last 4 transformer layers (layers 8-11)
[Layer Freezing] Trainable params: 28,384,555 / 108,924,715 (26.1%)
[Layer Freezing] Training last 4 transformer layers (layers 8-11)
[Layer Freezing] Trainable params: 28,384,555 / 108,924,715 (26.1%)
[Layer Freezing] Training last 4 transformer layers (layers 8-11)
[Layer Freezing] Trainable params: 28,384,555 / 108,924,715 (26.1%)
[Layer Freezing] Training last 4 transformer layers (layers 8-11)
[Layer Freezing] Trainable params: 28,384,555 / 108,924,715 (26.1%)
[Layer Freezing] Training last 4 transformer layers (layers 8-11)
[Layer Freezing] Trainable params: 28,384,555 / 108,924,715 (26.1%)
[Layer Freezing] Training last 4 transformer layers (layers 8-11)
[Layer Freezing] Trainable params: 28,384,555 / 108,924,715 (26.1%)
[Layer Freezing] Training last 4 transformer layers (layers 8-11)
[Layer Freezing] Trainable params: 28,384,555 / 108,924,715 (26.1%)
[Layer Freezing] Training last 4 transformer layers (layers 8-11)
[Layer Freezing] Trainable params: 28,384,555 / 108,924,715 (26.1%)
[Layer Freezing] Training last 4 transformer layers (layers 8-11)
[Layer Freezing] Trainable params: 28,384,555 / 108,924,715 (26.1%)
[Round 7] T=2.00  α_ce=1.00  α_kd=1.00
 Round 7 | F1 0.1660 | P 0.5576 | R 0.0975 | Time 43.9s | Comm N/A | Local Avg F1: 0.1142

=== Round 8/100 ===
[Round 8] KD=ON | policy=ema_first
[Layer Freezing] Training last 4 transformer layers (layers 8-11)
[Layer Freezing] Trainable params: 28,384,555 / 108,924,715 (26.1%)
[Layer Freezing] Training last 4 transformer layers (layers 8-11)
[Layer Freezing] Trainable params: 28,384,555 / 108,924,715 (26.1%)
[Layer Freezing] Training last 4 transformer layers (layers 8-11)
[Layer Freezing] Trainable params: 28,384,555 / 108,924,715 (26.1%)
[Layer Freezing] Training last 4 transformer layers (layers 8-11)
[Layer Freezing] Trainable params: 28,384,555 / 108,924,715 (26.1%)
[Layer Freezing] Training last 4 transformer layers (layers 8-11)
[Layer Freezing] Trainable params: 28,384,555 / 108,924,715 (26.1%)
[Layer Freezing] Training last 4 transformer layers (layers 8-11)
[Layer Freezing] Trainable params: 28,384,555 / 108,924,715 (26.1%)
[Layer Freezing] Training last 4 transformer layers (layers 8-11)
[Layer Freezing] Trainable params: 28,384,555 / 108,924,715 (26.1%)
[Layer Freezing] Training last 4 transformer layers (layers 8-11)
[Layer Freezing] Trainable params: 28,384,555 / 108,924,715 (26.1%)
[Layer Freezing] Training last 4 transformer layers (layers 8-11)
[Layer Freezing] Trainable params: 28,384,555 / 108,924,715 (26.1%)
[Layer Freezing] Training last 4 transformer layers (layers 8-11)
[Layer Freezing] Trainable params: 28,384,555 / 108,924,715 (26.1%)
[Round 8] T=2.00  α_ce=1.00  α_kd=1.00
 Round 8 | F1 0.1784 | P 0.5399 | R 0.1068 | Time 43.7s | Comm N/A | Local Avg F1: 0.1269

=== Round 9/100 ===
[Round 9] KD=ON | policy=ema_first
[Layer Freezing] Training last 4 transformer layers (layers 8-11)
[Layer Freezing] Trainable params: 28,384,555 / 108,924,715 (26.1%)
[Layer Freezing] Training last 4 transformer layers (layers 8-11)
[Layer Freezing] Trainable params: 28,384,555 / 108,924,715 (26.1%)
[Layer Freezing] Training last 4 transformer layers (layers 8-11)
[Layer Freezing] Trainable params: 28,384,555 / 108,924,715 (26.1%)
[Layer Freezing] Training last 4 transformer layers (layers 8-11)
[Layer Freezing] Trainable params: 28,384,555 / 108,924,715 (26.1%)
[Layer Freezing] Training last 4 transformer layers (layers 8-11)
[Layer Freezing] Trainable params: 28,384,555 / 108,924,715 (26.1%)
[Layer Freezing] Training last 4 transformer layers (layers 8-11)
[Layer Freezing] Trainable params: 28,384,555 / 108,924,715 (26.1%)
[Layer Freezing] Training last 4 transformer layers (layers 8-11)
[Layer Freezing] Trainable params: 28,384,555 / 108,924,715 (26.1%)
[Layer Freezing] Training last 4 transformer layers (layers 8-11)
[Layer Freezing] Trainable params: 28,384,555 / 108,924,715 (26.1%)
[Layer Freezing] Training last 4 transformer layers (layers 8-11)
[Layer Freezing] Trainable params: 28,384,555 / 108,924,715 (26.1%)
[Layer Freezing] Training last 4 transformer layers (layers 8-11)
[Layer Freezing] Trainable params: 28,384,555 / 108,924,715 (26.1%)
[Round 9] T=2.00  α_ce=1.00  α_kd=1.00
 Round 9 | F1 0.2376 | P 0.5093 | R 0.1549 | Time 42.8s | Comm N/A | Local Avg F1: 0.1733

=== Round 10/100 ===
[Round 10] KD=ON | policy=ema_first
[Layer Freezing] Training last 4 transformer layers (layers 8-11)
[Layer Freezing] Trainable params: 28,384,555 / 108,924,715 (26.1%)
[Layer Freezing] Training last 4 transformer layers (layers 8-11)
[Layer Freezing] Trainable params: 28,384,555 / 108,924,715 (26.1%)
[Layer Freezing] Training last 4 transformer layers (layers 8-11)
[Layer Freezing] Trainable params: 28,384,555 / 108,924,715 (26.1%)
[Layer Freezing] Training last 4 transformer layers (layers 8-11)
[Layer Freezing] Trainable params: 28,384,555 / 108,924,715 (26.1%)
[Layer Freezing] Training last 4 transformer layers (layers 8-11)
[Layer Freezing] Trainable params: 28,384,555 / 108,924,715 (26.1%)
[Layer Freezing] Training last 4 transformer layers (layers 8-11)
[Layer Freezing] Trainable params: 28,384,555 / 108,924,715 (26.1%)
[Layer Freezing] Training last 4 transformer layers (layers 8-11)
[Layer Freezing] Trainable params: 28,384,555 / 108,924,715 (26.1%)
[Layer Freezing] Training last 4 transformer layers (layers 8-11)
[Layer Freezing] Trainable params: 28,384,555 / 108,924,715 (26.1%)
[Layer Freezing] Training last 4 transformer layers (layers 8-11)
[Layer Freezing] Trainable params: 28,384,555 / 108,924,715 (26.1%)
[Layer Freezing] Training last 4 transformer layers (layers 8-11)
[Layer Freezing] Trainable params: 28,384,555 / 108,924,715 (26.1%)
[Round 10] T=2.00  α_ce=1.00  α_kd=1.00
 Round 10 | F1 0.2311 | P 0.5320 | R 0.1476 | Time 44.5s | Comm N/A | Local Avg F1: 0.1811

=== Round 11/100 ===
[Round 11] KD=ON | policy=ema_first
[Layer Freezing] Training last 4 transformer layers (layers 8-11)
[Layer Freezing] Trainable params: 28,384,555 / 108,924,715 (26.1%)
[Layer Freezing] Training last 4 transformer layers (layers 8-11)
[Layer Freezing] Trainable params: 28,384,555 / 108,924,715 (26.1%)
[Layer Freezing] Training last 4 transformer layers (layers 8-11)
[Layer Freezing] Trainable params: 28,384,555 / 108,924,715 (26.1%)
[Layer Freezing] Training last 4 transformer layers (layers 8-11)
[Layer Freezing] Trainable params: 28,384,555 / 108,924,715 (26.1%)
[Layer Freezing] Training last 4 transformer layers (layers 8-11)
[Layer Freezing] Trainable params: 28,384,555 / 108,924,715 (26.1%)
[Layer Freezing] Training last 4 transformer layers (layers 8-11)
[Layer Freezing] Trainable params: 28,384,555 / 108,924,715 (26.1%)
[Layer Freezing] Training last 4 transformer layers (layers 8-11)
[Layer Freezing] Trainable params: 28,384,555 / 108,924,715 (26.1%)
[Layer Freezing] Training last 4 transformer layers (layers 8-11)
[Layer Freezing] Trainable params: 28,384,555 / 108,924,715 (26.1%)
[Layer Freezing] Training last 4 transformer layers (layers 8-11)
[Layer Freezing] Trainable params: 28,384,555 / 108,924,715 (26.1%)
[Layer Freezing] Training last 4 transformer layers (layers 8-11)
[Layer Freezing] Trainable params: 28,384,555 / 108,924,715 (26.1%)
[Round 11] T=2.00  α_ce=1.00  α_kd=1.00
 Round 11 | F1 0.2281 | P 0.5425 | R 0.1444 | Time 43.8s | Comm N/A | Local Avg F1: 0.1836

=== Round 12/100 ===
[Round 12] KD=ON | policy=ema_first
[Layer Freezing] Training last 4 transformer layers (layers 8-11)
[Layer Freezing] Trainable params: 28,384,555 / 108,924,715 (26.1%)
[Layer Freezing] Training last 4 transformer layers (layers 8-11)
[Layer Freezing] Trainable params: 28,384,555 / 108,924,715 (26.1%)
[Layer Freezing] Training last 4 transformer layers (layers 8-11)
[Layer Freezing] Trainable params: 28,384,555 / 108,924,715 (26.1%)
[Layer Freezing] Training last 4 transformer layers (layers 8-11)
[Layer Freezing] Trainable params: 28,384,555 / 108,924,715 (26.1%)
[Layer Freezing] Training last 4 transformer layers (layers 8-11)
[Layer Freezing] Trainable params: 28,384,555 / 108,924,715 (26.1%)
[Layer Freezing] Training last 4 transformer layers (layers 8-11)
[Layer Freezing] Trainable params: 28,384,555 / 108,924,715 (26.1%)
[Layer Freezing] Training last 4 transformer layers (layers 8-11)
[Layer Freezing] Trainable params: 28,384,555 / 108,924,715 (26.1%)
[Layer Freezing] Training last 4 transformer layers (layers 8-11)
[Layer Freezing] Trainable params: 28,384,555 / 108,924,715 (26.1%)
[Layer Freezing] Training last 4 transformer layers (layers 8-11)
[Layer Freezing] Trainable params: 28,384,555 / 108,924,715 (26.1%)
[Layer Freezing] Training last 4 transformer layers (layers 8-11)
[Layer Freezing] Trainable params: 28,384,555 / 108,924,715 (26.1%)
[Round 12] T=2.00  α_ce=1.00  α_kd=1.00
 Round 12 | F1 0.2725 | P 0.5248 | R 0.1840 | Time 43.9s | Comm N/A | Local Avg F1: 0.2233

=== Round 13/100 ===
[Round 13] KD=ON | policy=ema_first
[Layer Freezing] Training last 4 transformer layers (layers 8-11)
[Layer Freezing] Trainable params: 28,384,555 / 108,924,715 (26.1%)
[Layer Freezing] Training last 4 transformer layers (layers 8-11)
[Layer Freezing] Trainable params: 28,384,555 / 108,924,715 (26.1%)
[Layer Freezing] Training last 4 transformer layers (layers 8-11)
[Layer Freezing] Trainable params: 28,384,555 / 108,924,715 (26.1%)
[Layer Freezing] Training last 4 transformer layers (layers 8-11)
[Layer Freezing] Trainable params: 28,384,555 / 108,924,715 (26.1%)
[Layer Freezing] Training last 4 transformer layers (layers 8-11)
[Layer Freezing] Trainable params: 28,384,555 / 108,924,715 (26.1%)
[Layer Freezing] Training last 4 transformer layers (layers 8-11)
[Layer Freezing] Trainable params: 28,384,555 / 108,924,715 (26.1%)
[Layer Freezing] Training last 4 transformer layers (layers 8-11)
[Layer Freezing] Trainable params: 28,384,555 / 108,924,715 (26.1%)
[Layer Freezing] Training last 4 transformer layers (layers 8-11)
[Layer Freezing] Trainable params: 28,384,555 / 108,924,715 (26.1%)
[Layer Freezing] Training last 4 transformer layers (layers 8-11)
[Layer Freezing] Trainable params: 28,384,555 / 108,924,715 (26.1%)
[Layer Freezing] Training last 4 transformer layers (layers 8-11)
[Layer Freezing] Trainable params: 28,384,555 / 108,924,715 (26.1%)
[Round 13] T=2.00  α_ce=1.00  α_kd=1.00
 Round 13 | F1 0.2629 | P 0.5575 | R 0.1720 | Time 44.0s | Comm N/A | Local Avg F1: 0.2147

=== Round 14/100 ===
[Round 14] KD=ON | policy=ema_first
[Layer Freezing] Training last 4 transformer layers (layers 8-11)
[Layer Freezing] Trainable params: 28,384,555 / 108,924,715 (26.1%)
[Layer Freezing] Training last 4 transformer layers (layers 8-11)
[Layer Freezing] Trainable params: 28,384,555 / 108,924,715 (26.1%)
[Layer Freezing] Training last 4 transformer layers (layers 8-11)
[Layer Freezing] Trainable params: 28,384,555 / 108,924,715 (26.1%)
[Layer Freezing] Training last 4 transformer layers (layers 8-11)
[Layer Freezing] Trainable params: 28,384,555 / 108,924,715 (26.1%)
[Layer Freezing] Training last 4 transformer layers (layers 8-11)
[Layer Freezing] Trainable params: 28,384,555 / 108,924,715 (26.1%)
[Layer Freezing] Training last 4 transformer layers (layers 8-11)
[Layer Freezing] Trainable params: 28,384,555 / 108,924,715 (26.1%)
[Layer Freezing] Training last 4 transformer layers (layers 8-11)
[Layer Freezing] Trainable params: 28,384,555 / 108,924,715 (26.1%)
[Layer Freezing] Training last 4 transformer layers (layers 8-11)
[Layer Freezing] Trainable params: 28,384,555 / 108,924,715 (26.1%)
[Layer Freezing] Training last 4 transformer layers (layers 8-11)
[Layer Freezing] Trainable params: 28,384,555 / 108,924,715 (26.1%)
[Layer Freezing] Training last 4 transformer layers (layers 8-11)
[Layer Freezing] Trainable params: 28,384,555 / 108,924,715 (26.1%)
[Round 14] T=2.00  α_ce=1.00  α_kd=1.00
 Round 14 | F1 0.2960 | P 0.5527 | R 0.2021 | Time 43.4s | Comm N/A | Local Avg F1: 0.2387

=== Round 15/100 ===
[Round 15] KD=ON | policy=ema_first
[Layer Freezing] Training last 4 transformer layers (layers 8-11)
[Layer Freezing] Trainable params: 28,384,555 / 108,924,715 (26.1%)
[Layer Freezing] Training last 4 transformer layers (layers 8-11)
[Layer Freezing] Trainable params: 28,384,555 / 108,924,715 (26.1%)
[Layer Freezing] Training last 4 transformer layers (layers 8-11)
[Layer Freezing] Trainable params: 28,384,555 / 108,924,715 (26.1%)
[Layer Freezing] Training last 4 transformer layers (layers 8-11)
[Layer Freezing] Trainable params: 28,384,555 / 108,924,715 (26.1%)
[Layer Freezing] Training last 4 transformer layers (layers 8-11)
[Layer Freezing] Trainable params: 28,384,555 / 108,924,715 (26.1%)
[Layer Freezing] Training last 4 transformer layers (layers 8-11)
[Layer Freezing] Trainable params: 28,384,555 / 108,924,715 (26.1%)
[Layer Freezing] Training last 4 transformer layers (layers 8-11)
[Layer Freezing] Trainable params: 28,384,555 / 108,924,715 (26.1%)
[Layer Freezing] Training last 4 transformer layers (layers 8-11)
[Layer Freezing] Trainable params: 28,384,555 / 108,924,715 (26.1%)
[Layer Freezing] Training last 4 transformer layers (layers 8-11)
[Layer Freezing] Trainable params: 28,384,555 / 108,924,715 (26.1%)
[Layer Freezing] Training last 4 transformer layers (layers 8-11)
[Layer Freezing] Trainable params: 28,384,555 / 108,924,715 (26.1%)
[Round 15] T=2.00  α_ce=1.00  α_kd=1.00
 Round 15 | F1 0.2995 | P 0.5639 | R 0.2039 | Time 44.3s | Comm N/A | Local Avg F1: 0.2352

=== Round 16/100 ===
[Round 16] KD=ON | policy=ema_first
[Layer Freezing] Training last 4 transformer layers (layers 8-11)
[Layer Freezing] Trainable params: 28,384,555 / 108,924,715 (26.1%)
[Layer Freezing] Training last 4 transformer layers (layers 8-11)
[Layer Freezing] Trainable params: 28,384,555 / 108,924,715 (26.1%)
[Layer Freezing] Training last 4 transformer layers (layers 8-11)
[Layer Freezing] Trainable params: 28,384,555 / 108,924,715 (26.1%)
[Layer Freezing] Training last 4 transformer layers (layers 8-11)
[Layer Freezing] Trainable params: 28,384,555 / 108,924,715 (26.1%)
[Layer Freezing] Training last 4 transformer layers (layers 8-11)
[Layer Freezing] Trainable params: 28,384,555 / 108,924,715 (26.1%)
[Layer Freezing] Training last 4 transformer layers (layers 8-11)
[Layer Freezing] Trainable params: 28,384,555 / 108,924,715 (26.1%)
[Layer Freezing] Training last 4 transformer layers (layers 8-11)
[Layer Freezing] Trainable params: 28,384,555 / 108,924,715 (26.1%)
[Layer Freezing] Training last 4 transformer layers (layers 8-11)
[Layer Freezing] Trainable params: 28,384,555 / 108,924,715 (26.1%)
[Layer Freezing] Training last 4 transformer layers (layers 8-11)
[Layer Freezing] Trainable params: 28,384,555 / 108,924,715 (26.1%)
[Layer Freezing] Training last 4 transformer layers (layers 8-11)
[Layer Freezing] Trainable params: 28,384,555 / 108,924,715 (26.1%)
[Round 16] T=2.00  α_ce=1.00  α_kd=1.00
 Round 16 | F1 0.3469 | P 0.5420 | R 0.2550 | Time 44.9s | Comm N/A | Local Avg F1: 0.2792

=== Round 17/100 ===
[Round 17] KD=ON | policy=ema_first
[Layer Freezing] Training last 4 transformer layers (layers 8-11)
[Layer Freezing] Trainable params: 28,384,555 / 108,924,715 (26.1%)
[Layer Freezing] Training last 4 transformer layers (layers 8-11)
[Layer Freezing] Trainable params: 28,384,555 / 108,924,715 (26.1%)
[Layer Freezing] Training last 4 transformer layers (layers 8-11)
[Layer Freezing] Trainable params: 28,384,555 / 108,924,715 (26.1%)
[Layer Freezing] Training last 4 transformer layers (layers 8-11)
[Layer Freezing] Trainable params: 28,384,555 / 108,924,715 (26.1%)
[Layer Freezing] Training last 4 transformer layers (layers 8-11)
[Layer Freezing] Trainable params: 28,384,555 / 108,924,715 (26.1%)
[Layer Freezing] Training last 4 transformer layers (layers 8-11)
[Layer Freezing] Trainable params: 28,384,555 / 108,924,715 (26.1%)
[Layer Freezing] Training last 4 transformer layers (layers 8-11)
[Layer Freezing] Trainable params: 28,384,555 / 108,924,715 (26.1%)
[Layer Freezing] Training last 4 transformer layers (layers 8-11)
[Layer Freezing] Trainable params: 28,384,555 / 108,924,715 (26.1%)
[Layer Freezing] Training last 4 transformer layers (layers 8-11)
[Layer Freezing] Trainable params: 28,384,555 / 108,924,715 (26.1%)
[Layer Freezing] Training last 4 transformer layers (layers 8-11)
[Layer Freezing] Trainable params: 28,384,555 / 108,924,715 (26.1%)
[Round 17] T=2.00  α_ce=1.00  α_kd=1.00
 Round 17 | F1 0.3343 | P 0.5690 | R 0.2366 | Time 43.9s | Comm N/A | Local Avg F1: 0.2683

=== Round 18/100 ===
[Round 18] KD=ON | policy=ema_first
[Layer Freezing] Training last 4 transformer layers (layers 8-11)
[Layer Freezing] Trainable params: 28,384,555 / 108,924,715 (26.1%)
[Layer Freezing] Training last 4 transformer layers (layers 8-11)
[Layer Freezing] Trainable params: 28,384,555 / 108,924,715 (26.1%)
[Layer Freezing] Training last 4 transformer layers (layers 8-11)
[Layer Freezing] Trainable params: 28,384,555 / 108,924,715 (26.1%)
[Layer Freezing] Training last 4 transformer layers (layers 8-11)
[Layer Freezing] Trainable params: 28,384,555 / 108,924,715 (26.1%)
[Layer Freezing] Training last 4 transformer layers (layers 8-11)
[Layer Freezing] Trainable params: 28,384,555 / 108,924,715 (26.1%)
[Layer Freezing] Training last 4 transformer layers (layers 8-11)
[Layer Freezing] Trainable params: 28,384,555 / 108,924,715 (26.1%)
[Layer Freezing] Training last 4 transformer layers (layers 8-11)
[Layer Freezing] Trainable params: 28,384,555 / 108,924,715 (26.1%)
[Layer Freezing] Training last 4 transformer layers (layers 8-11)
[Layer Freezing] Trainable params: 28,384,555 / 108,924,715 (26.1%)
[Layer Freezing] Training last 4 transformer layers (layers 8-11)
[Layer Freezing] Trainable params: 28,384,555 / 108,924,715 (26.1%)
[Layer Freezing] Training last 4 transformer layers (layers 8-11)
[Layer Freezing] Trainable params: 28,384,555 / 108,924,715 (26.1%)
[Round 18] T=2.00  α_ce=1.00  α_kd=1.00
 Round 18 | F1 0.3323 | P 0.5801 | R 0.2328 | Time 43.7s | Comm N/A | Local Avg F1: 0.2752

=== Round 19/100 ===
[Round 19] KD=ON | policy=ema_first
[Layer Freezing] Training last 4 transformer layers (layers 8-11)
[Layer Freezing] Trainable params: 28,384,555 / 108,924,715 (26.1%)
[Layer Freezing] Training last 4 transformer layers (layers 8-11)
[Layer Freezing] Trainable params: 28,384,555 / 108,924,715 (26.1%)
[Layer Freezing] Training last 4 transformer layers (layers 8-11)
[Layer Freezing] Trainable params: 28,384,555 / 108,924,715 (26.1%)
[Layer Freezing] Training last 4 transformer layers (layers 8-11)
[Layer Freezing] Trainable params: 28,384,555 / 108,924,715 (26.1%)
[Layer Freezing] Training last 4 transformer layers (layers 8-11)
[Layer Freezing] Trainable params: 28,384,555 / 108,924,715 (26.1%)
[Layer Freezing] Training last 4 transformer layers (layers 8-11)
[Layer Freezing] Trainable params: 28,384,555 / 108,924,715 (26.1%)
[Layer Freezing] Training last 4 transformer layers (layers 8-11)
[Layer Freezing] Trainable params: 28,384,555 / 108,924,715 (26.1%)
[Layer Freezing] Training last 4 transformer layers (layers 8-11)
[Layer Freezing] Trainable params: 28,384,555 / 108,924,715 (26.1%)
[Layer Freezing] Training last 4 transformer layers (layers 8-11)
[Layer Freezing] Trainable params: 28,384,555 / 108,924,715 (26.1%)
[Layer Freezing] Training last 4 transformer layers (layers 8-11)
[Layer Freezing] Trainable params: 28,384,555 / 108,924,715 (26.1%)
[Round 19] T=2.00  α_ce=1.00  α_kd=1.00
 Round 19 | F1 0.3252 | P 0.5936 | R 0.2240 | Time 44.5s | Comm N/A | Local Avg F1: 0.2718

=== Round 20/100 ===
[Round 20] KD=ON | policy=ema_first
[Layer Freezing] Training last 4 transformer layers (layers 8-11)
[Layer Freezing] Trainable params: 28,384,555 / 108,924,715 (26.1%)
[Layer Freezing] Training last 4 transformer layers (layers 8-11)
[Layer Freezing] Trainable params: 28,384,555 / 108,924,715 (26.1%)
[Layer Freezing] Training last 4 transformer layers (layers 8-11)
[Layer Freezing] Trainable params: 28,384,555 / 108,924,715 (26.1%)
[Layer Freezing] Training last 4 transformer layers (layers 8-11)
[Layer Freezing] Trainable params: 28,384,555 / 108,924,715 (26.1%)
[Layer Freezing] Training last 4 transformer layers (layers 8-11)
[Layer Freezing] Trainable params: 28,384,555 / 108,924,715 (26.1%)
[Layer Freezing] Training last 4 transformer layers (layers 8-11)
[Layer Freezing] Trainable params: 28,384,555 / 108,924,715 (26.1%)
[Layer Freezing] Training last 4 transformer layers (layers 8-11)
[Layer Freezing] Trainable params: 28,384,555 / 108,924,715 (26.1%)
[Layer Freezing] Training last 4 transformer layers (layers 8-11)
[Layer Freezing] Trainable params: 28,384,555 / 108,924,715 (26.1%)
[Layer Freezing] Training last 4 transformer layers (layers 8-11)
[Layer Freezing] Trainable params: 28,384,555 / 108,924,715 (26.1%)
[Layer Freezing] Training last 4 transformer layers (layers 8-11)
[Layer Freezing] Trainable params: 28,384,555 / 108,924,715 (26.1%)
[Round 20] T=2.00  α_ce=1.00  α_kd=1.00
 Round 20 | F1 0.3461 | P 0.5822 | R 0.2463 | Time 42.4s | Comm N/A | Local Avg F1: 0.2918

=== Round 21/100 ===
[Round 21] KD=ON | policy=ema_first
[Layer Freezing] Training last 4 transformer layers (layers 8-11)
[Layer Freezing] Trainable params: 28,384,555 / 108,924,715 (26.1%)
[Layer Freezing] Training last 4 transformer layers (layers 8-11)
[Layer Freezing] Trainable params: 28,384,555 / 108,924,715 (26.1%)
[Layer Freezing] Training last 4 transformer layers (layers 8-11)
[Layer Freezing] Trainable params: 28,384,555 / 108,924,715 (26.1%)
[Layer Freezing] Training last 4 transformer layers (layers 8-11)
[Layer Freezing] Trainable params: 28,384,555 / 108,924,715 (26.1%)
[Layer Freezing] Training last 4 transformer layers (layers 8-11)
[Layer Freezing] Trainable params: 28,384,555 / 108,924,715 (26.1%)
[Layer Freezing] Training last 4 transformer layers (layers 8-11)
[Layer Freezing] Trainable params: 28,384,555 / 108,924,715 (26.1%)
[Layer Freezing] Training last 4 transformer layers (layers 8-11)
[Layer Freezing] Trainable params: 28,384,555 / 108,924,715 (26.1%)
[Layer Freezing] Training last 4 transformer layers (layers 8-11)
[Layer Freezing] Trainable params: 28,384,555 / 108,924,715 (26.1%)
[Layer Freezing] Training last 4 transformer layers (layers 8-11)
[Layer Freezing] Trainable params: 28,384,555 / 108,924,715 (26.1%)
[Layer Freezing] Training last 4 transformer layers (layers 8-11)
[Layer Freezing] Trainable params: 28,384,555 / 108,924,715 (26.1%)
[Round 21] T=2.00  α_ce=1.00  α_kd=1.00
 Round 21 | F1 0.3490 | P 0.5956 | R 0.2469 | Time 46.0s | Comm N/A | Local Avg F1: 0.2919

=== Round 22/100 ===
[Round 22] KD=ON | policy=ema_first
[Layer Freezing] Training last 4 transformer layers (layers 8-11)
[Layer Freezing] Trainable params: 28,384,555 / 108,924,715 (26.1%)
[Layer Freezing] Training last 4 transformer layers (layers 8-11)
[Layer Freezing] Trainable params: 28,384,555 / 108,924,715 (26.1%)
[Layer Freezing] Training last 4 transformer layers (layers 8-11)
[Layer Freezing] Trainable params: 28,384,555 / 108,924,715 (26.1%)
[Layer Freezing] Training last 4 transformer layers (layers 8-11)
[Layer Freezing] Trainable params: 28,384,555 / 108,924,715 (26.1%)
[Layer Freezing] Training last 4 transformer layers (layers 8-11)
[Layer Freezing] Trainable params: 28,384,555 / 108,924,715 (26.1%)
[Layer Freezing] Training last 4 transformer layers (layers 8-11)
[Layer Freezing] Trainable params: 28,384,555 / 108,924,715 (26.1%)
[Layer Freezing] Training last 4 transformer layers (layers 8-11)
[Layer Freezing] Trainable params: 28,384,555 / 108,924,715 (26.1%)
[Layer Freezing] Training last 4 transformer layers (layers 8-11)
[Layer Freezing] Trainable params: 28,384,555 / 108,924,715 (26.1%)
[Layer Freezing] Training last 4 transformer layers (layers 8-11)
[Layer Freezing] Trainable params: 28,384,555 / 108,924,715 (26.1%)
[Layer Freezing] Training last 4 transformer layers (layers 8-11)
[Layer Freezing] Trainable params: 28,384,555 / 108,924,715 (26.1%)
[Round 22] T=2.00  α_ce=1.00  α_kd=1.00
 Round 22 | F1 0.3833 | P 0.5811 | R 0.2859 | Time 44.5s | Comm N/A | Local Avg F1: 0.3183

=== Round 23/100 ===
[Round 23] KD=ON | policy=ema_first
[Layer Freezing] Training last 4 transformer layers (layers 8-11)
[Layer Freezing] Trainable params: 28,384,555 / 108,924,715 (26.1%)
[Layer Freezing] Training last 4 transformer layers (layers 8-11)
[Layer Freezing] Trainable params: 28,384,555 / 108,924,715 (26.1%)
[Layer Freezing] Training last 4 transformer layers (layers 8-11)
[Layer Freezing] Trainable params: 28,384,555 / 108,924,715 (26.1%)
[Layer Freezing] Training last 4 transformer layers (layers 8-11)
[Layer Freezing] Trainable params: 28,384,555 / 108,924,715 (26.1%)
[Layer Freezing] Training last 4 transformer layers (layers 8-11)
[Layer Freezing] Trainable params: 28,384,555 / 108,924,715 (26.1%)
[Layer Freezing] Training last 4 transformer layers (layers 8-11)
[Layer Freezing] Trainable params: 28,384,555 / 108,924,715 (26.1%)
[Layer Freezing] Training last 4 transformer layers (layers 8-11)
[Layer Freezing] Trainable params: 28,384,555 / 108,924,715 (26.1%)
[Layer Freezing] Training last 4 transformer layers (layers 8-11)
[Layer Freezing] Trainable params: 28,384,555 / 108,924,715 (26.1%)
[Layer Freezing] Training last 4 transformer layers (layers 8-11)
[Layer Freezing] Trainable params: 28,384,555 / 108,924,715 (26.1%)
[Layer Freezing] Training last 4 transformer layers (layers 8-11)
[Layer Freezing] Trainable params: 28,384,555 / 108,924,715 (26.1%)
[Round 23] T=2.00  α_ce=1.00  α_kd=1.00
 Round 23 | F1 0.3725 | P 0.5890 | R 0.2724 | Time 43.3s | Comm N/A | Local Avg F1: 0.3141

=== Round 24/100 ===
[Round 24] KD=ON | policy=ema_first
[Layer Freezing] Training last 4 transformer layers (layers 8-11)
[Layer Freezing] Trainable params: 28,384,555 / 108,924,715 (26.1%)
[Layer Freezing] Training last 4 transformer layers (layers 8-11)
[Layer Freezing] Trainable params: 28,384,555 / 108,924,715 (26.1%)
[Layer Freezing] Training last 4 transformer layers (layers 8-11)
[Layer Freezing] Trainable params: 28,384,555 / 108,924,715 (26.1%)
[Layer Freezing] Training last 4 transformer layers (layers 8-11)
[Layer Freezing] Trainable params: 28,384,555 / 108,924,715 (26.1%)
[Layer Freezing] Training last 4 transformer layers (layers 8-11)
[Layer Freezing] Trainable params: 28,384,555 / 108,924,715 (26.1%)
[Layer Freezing] Training last 4 transformer layers (layers 8-11)
[Layer Freezing] Trainable params: 28,384,555 / 108,924,715 (26.1%)
[Layer Freezing] Training last 4 transformer layers (layers 8-11)
[Layer Freezing] Trainable params: 28,384,555 / 108,924,715 (26.1%)
[Layer Freezing] Training last 4 transformer layers (layers 8-11)
[Layer Freezing] Trainable params: 28,384,555 / 108,924,715 (26.1%)
[Layer Freezing] Training last 4 transformer layers (layers 8-11)
[Layer Freezing] Trainable params: 28,384,555 / 108,924,715 (26.1%)
[Layer Freezing] Training last 4 transformer layers (layers 8-11)
[Layer Freezing] Trainable params: 28,384,555 / 108,924,715 (26.1%)
[Round 24] T=2.00  α_ce=1.00  α_kd=1.00
 Round 24 | F1 0.3795 | P 0.5939 | R 0.2788 | Time 44.5s | Comm N/A | Local Avg F1: 0.3175

=== Round 25/100 ===
[Round 25] KD=ON | policy=ema_first
[Layer Freezing] Training last 4 transformer layers (layers 8-11)
[Layer Freezing] Trainable params: 28,384,555 / 108,924,715 (26.1%)
[Layer Freezing] Training last 4 transformer layers (layers 8-11)
[Layer Freezing] Trainable params: 28,384,555 / 108,924,715 (26.1%)
[Layer Freezing] Training last 4 transformer layers (layers 8-11)
[Layer Freezing] Trainable params: 28,384,555 / 108,924,715 (26.1%)
[Layer Freezing] Training last 4 transformer layers (layers 8-11)
[Layer Freezing] Trainable params: 28,384,555 / 108,924,715 (26.1%)
[Layer Freezing] Training last 4 transformer layers (layers 8-11)
[Layer Freezing] Trainable params: 28,384,555 / 108,924,715 (26.1%)
[Layer Freezing] Training last 4 transformer layers (layers 8-11)
[Layer Freezing] Trainable params: 28,384,555 / 108,924,715 (26.1%)
[Layer Freezing] Training last 4 transformer layers (layers 8-11)
[Layer Freezing] Trainable params: 28,384,555 / 108,924,715 (26.1%)
[Layer Freezing] Training last 4 transformer layers (layers 8-11)
[Layer Freezing] Trainable params: 28,384,555 / 108,924,715 (26.1%)
[Layer Freezing] Training last 4 transformer layers (layers 8-11)
[Layer Freezing] Trainable params: 28,384,555 / 108,924,715 (26.1%)
[Layer Freezing] Training last 4 transformer layers (layers 8-11)
[Layer Freezing] Trainable params: 28,384,555 / 108,924,715 (26.1%)
[Round 25] T=2.00  α_ce=1.00  α_kd=1.00
 Round 25 | F1 0.3947 | P 0.5804 | R 0.2990 | Time 44.0s | Comm N/A | Local Avg F1: 0.3325

=== Round 26/100 ===
[Round 26] KD=ON | policy=ema_first
[Layer Freezing] Training last 4 transformer layers (layers 8-11)
[Layer Freezing] Trainable params: 28,384,555 / 108,924,715 (26.1%)
[Layer Freezing] Training last 4 transformer layers (layers 8-11)
[Layer Freezing] Trainable params: 28,384,555 / 108,924,715 (26.1%)
[Layer Freezing] Training last 4 transformer layers (layers 8-11)
[Layer Freezing] Trainable params: 28,384,555 / 108,924,715 (26.1%)
[Layer Freezing] Training last 4 transformer layers (layers 8-11)
[Layer Freezing] Trainable params: 28,384,555 / 108,924,715 (26.1%)
[Layer Freezing] Training last 4 transformer layers (layers 8-11)
[Layer Freezing] Trainable params: 28,384,555 / 108,924,715 (26.1%)
[Layer Freezing] Training last 4 transformer layers (layers 8-11)
[Layer Freezing] Trainable params: 28,384,555 / 108,924,715 (26.1%)
[Layer Freezing] Training last 4 transformer layers (layers 8-11)
[Layer Freezing] Trainable params: 28,384,555 / 108,924,715 (26.1%)
[Layer Freezing] Training last 4 transformer layers (layers 8-11)
[Layer Freezing] Trainable params: 28,384,555 / 108,924,715 (26.1%)
[Layer Freezing] Training last 4 transformer layers (layers 8-11)
[Layer Freezing] Trainable params: 28,384,555 / 108,924,715 (26.1%)
[Layer Freezing] Training last 4 transformer layers (layers 8-11)
[Layer Freezing] Trainable params: 28,384,555 / 108,924,715 (26.1%)
[Round 26] T=2.00  α_ce=1.00  α_kd=1.00
 Round 26 | F1 0.4012 | P 0.5896 | R 0.3041 | Time 43.2s | Comm N/A | Local Avg F1: 0.3399

=== Round 27/100 ===
[Round 27] KD=ON | policy=ema_first
[Layer Freezing] Training last 4 transformer layers (layers 8-11)
[Layer Freezing] Trainable params: 28,384,555 / 108,924,715 (26.1%)
[Layer Freezing] Training last 4 transformer layers (layers 8-11)
[Layer Freezing] Trainable params: 28,384,555 / 108,924,715 (26.1%)
[Layer Freezing] Training last 4 transformer layers (layers 8-11)
[Layer Freezing] Trainable params: 28,384,555 / 108,924,715 (26.1%)
[Layer Freezing] Training last 4 transformer layers (layers 8-11)
[Layer Freezing] Trainable params: 28,384,555 / 108,924,715 (26.1%)
[Layer Freezing] Training last 4 transformer layers (layers 8-11)
[Layer Freezing] Trainable params: 28,384,555 / 108,924,715 (26.1%)
[Layer Freezing] Training last 4 transformer layers (layers 8-11)
[Layer Freezing] Trainable params: 28,384,555 / 108,924,715 (26.1%)
[Layer Freezing] Training last 4 transformer layers (layers 8-11)
[Layer Freezing] Trainable params: 28,384,555 / 108,924,715 (26.1%)
[Layer Freezing] Training last 4 transformer layers (layers 8-11)
[Layer Freezing] Trainable params: 28,384,555 / 108,924,715 (26.1%)
[Layer Freezing] Training last 4 transformer layers (layers 8-11)
[Layer Freezing] Trainable params: 28,384,555 / 108,924,715 (26.1%)
[Layer Freezing] Training last 4 transformer layers (layers 8-11)
[Layer Freezing] Trainable params: 28,384,555 / 108,924,715 (26.1%)
[Round 27] T=2.00  α_ce=1.00  α_kd=1.00
 Round 27 | F1 0.3957 | P 0.5954 | R 0.2963 | Time 45.6s | Comm N/A | Local Avg F1: 0.3342

=== Round 28/100 ===
[Round 28] KD=ON | policy=ema_first
[Layer Freezing] Training last 4 transformer layers (layers 8-11)
[Layer Freezing] Trainable params: 28,384,555 / 108,924,715 (26.1%)
[Layer Freezing] Training last 4 transformer layers (layers 8-11)
[Layer Freezing] Trainable params: 28,384,555 / 108,924,715 (26.1%)
[Layer Freezing] Training last 4 transformer layers (layers 8-11)
[Layer Freezing] Trainable params: 28,384,555 / 108,924,715 (26.1%)
[Layer Freezing] Training last 4 transformer layers (layers 8-11)
[Layer Freezing] Trainable params: 28,384,555 / 108,924,715 (26.1%)
[Layer Freezing] Training last 4 transformer layers (layers 8-11)
[Layer Freezing] Trainable params: 28,384,555 / 108,924,715 (26.1%)
[Layer Freezing] Training last 4 transformer layers (layers 8-11)
[Layer Freezing] Trainable params: 28,384,555 / 108,924,715 (26.1%)
[Layer Freezing] Training last 4 transformer layers (layers 8-11)
[Layer Freezing] Trainable params: 28,384,555 / 108,924,715 (26.1%)
[Layer Freezing] Training last 4 transformer layers (layers 8-11)
[Layer Freezing] Trainable params: 28,384,555 / 108,924,715 (26.1%)
[Layer Freezing] Training last 4 transformer layers (layers 8-11)
[Layer Freezing] Trainable params: 28,384,555 / 108,924,715 (26.1%)
[Layer Freezing] Training last 4 transformer layers (layers 8-11)
[Layer Freezing] Trainable params: 28,384,555 / 108,924,715 (26.1%)
[Round 28] T=2.00  α_ce=1.00  α_kd=1.00
 Round 28 | F1 0.3903 | P 0.6012 | R 0.2890 | Time 43.8s | Comm N/A | Local Avg F1: 0.3308

=== Round 29/100 ===
[Round 29] KD=ON | policy=ema_first
[Layer Freezing] Training last 4 transformer layers (layers 8-11)
[Layer Freezing] Trainable params: 28,384,555 / 108,924,715 (26.1%)
[Layer Freezing] Training last 4 transformer layers (layers 8-11)
[Layer Freezing] Trainable params: 28,384,555 / 108,924,715 (26.1%)
[Layer Freezing] Training last 4 transformer layers (layers 8-11)
[Layer Freezing] Trainable params: 28,384,555 / 108,924,715 (26.1%)
[Layer Freezing] Training last 4 transformer layers (layers 8-11)
[Layer Freezing] Trainable params: 28,384,555 / 108,924,715 (26.1%)
[Layer Freezing] Training last 4 transformer layers (layers 8-11)
[Layer Freezing] Trainable params: 28,384,555 / 108,924,715 (26.1%)
[Layer Freezing] Training last 4 transformer layers (layers 8-11)
[Layer Freezing] Trainable params: 28,384,555 / 108,924,715 (26.1%)
[Layer Freezing] Training last 4 transformer layers (layers 8-11)
[Layer Freezing] Trainable params: 28,384,555 / 108,924,715 (26.1%)
[Layer Freezing] Training last 4 transformer layers (layers 8-11)
[Layer Freezing] Trainable params: 28,384,555 / 108,924,715 (26.1%)
[Layer Freezing] Training last 4 transformer layers (layers 8-11)
[Layer Freezing] Trainable params: 28,384,555 / 108,924,715 (26.1%)
[Layer Freezing] Training last 4 transformer layers (layers 8-11)
[Layer Freezing] Trainable params: 28,384,555 / 108,924,715 (26.1%)
[Round 29] T=2.00  α_ce=1.00  α_kd=1.00
 Round 29 | F1 0.4188 | P 0.5987 | R 0.3221 | Time 43.1s | Comm N/A | Local Avg F1: 0.3545

=== Round 30/100 ===
[Round 30] KD=ON | policy=ema_first
[Layer Freezing] Training last 4 transformer layers (layers 8-11)
[Layer Freezing] Trainable params: 28,384,555 / 108,924,715 (26.1%)
[Layer Freezing] Training last 4 transformer layers (layers 8-11)
[Layer Freezing] Trainable params: 28,384,555 / 108,924,715 (26.1%)
[Layer Freezing] Training last 4 transformer layers (layers 8-11)
[Layer Freezing] Trainable params: 28,384,555 / 108,924,715 (26.1%)
[Layer Freezing] Training last 4 transformer layers (layers 8-11)
[Layer Freezing] Trainable params: 28,384,555 / 108,924,715 (26.1%)
[Layer Freezing] Training last 4 transformer layers (layers 8-11)
[Layer Freezing] Trainable params: 28,384,555 / 108,924,715 (26.1%)
[Layer Freezing] Training last 4 transformer layers (layers 8-11)
[Layer Freezing] Trainable params: 28,384,555 / 108,924,715 (26.1%)
[Layer Freezing] Training last 4 transformer layers (layers 8-11)
[Layer Freezing] Trainable params: 28,384,555 / 108,924,715 (26.1%)
[Layer Freezing] Training last 4 transformer layers (layers 8-11)
[Layer Freezing] Trainable params: 28,384,555 / 108,924,715 (26.1%)
[Layer Freezing] Training last 4 transformer layers (layers 8-11)
[Layer Freezing] Trainable params: 28,384,555 / 108,924,715 (26.1%)
[Layer Freezing] Training last 4 transformer layers (layers 8-11)
[Layer Freezing] Trainable params: 28,384,555 / 108,924,715 (26.1%)
[Round 30] T=2.00  α_ce=1.00  α_kd=1.00
 Round 30 | F1 0.4260 | P 0.5996 | R 0.3304 | Time 44.5s | Comm N/A | Local Avg F1: 0.3558

=== Round 31/100 ===
[Round 31] KD=ON | policy=ema_first
[Layer Freezing] Training last 4 transformer layers (layers 8-11)
[Layer Freezing] Trainable params: 28,384,555 / 108,924,715 (26.1%)
[Layer Freezing] Training last 4 transformer layers (layers 8-11)
[Layer Freezing] Trainable params: 28,384,555 / 108,924,715 (26.1%)
[Layer Freezing] Training last 4 transformer layers (layers 8-11)
[Layer Freezing] Trainable params: 28,384,555 / 108,924,715 (26.1%)
[Layer Freezing] Training last 4 transformer layers (layers 8-11)
[Layer Freezing] Trainable params: 28,384,555 / 108,924,715 (26.1%)
[Layer Freezing] Training last 4 transformer layers (layers 8-11)
[Layer Freezing] Trainable params: 28,384,555 / 108,924,715 (26.1%)
[Layer Freezing] Training last 4 transformer layers (layers 8-11)
[Layer Freezing] Trainable params: 28,384,555 / 108,924,715 (26.1%)
[Layer Freezing] Training last 4 transformer layers (layers 8-11)
[Layer Freezing] Trainable params: 28,384,555 / 108,924,715 (26.1%)
[Layer Freezing] Training last 4 transformer layers (layers 8-11)
[Layer Freezing] Trainable params: 28,384,555 / 108,924,715 (26.1%)
[Layer Freezing] Training last 4 transformer layers (layers 8-11)
[Layer Freezing] Trainable params: 28,384,555 / 108,924,715 (26.1%)
[Layer Freezing] Training last 4 transformer layers (layers 8-11)
[Layer Freezing] Trainable params: 28,384,555 / 108,924,715 (26.1%)
[Round 31] T=2.00  α_ce=1.00  α_kd=1.00
 Round 31 | F1 0.4164 | P 0.6062 | R 0.3170 | Time 43.5s | Comm N/A | Local Avg F1: 0.3533

=== Round 32/100 ===
[Round 32] KD=ON | policy=ema_first
[Layer Freezing] Training last 4 transformer layers (layers 8-11)
[Layer Freezing] Trainable params: 28,384,555 / 108,924,715 (26.1%)
[Layer Freezing] Training last 4 transformer layers (layers 8-11)
[Layer Freezing] Trainable params: 28,384,555 / 108,924,715 (26.1%)
[Layer Freezing] Training last 4 transformer layers (layers 8-11)
[Layer Freezing] Trainable params: 28,384,555 / 108,924,715 (26.1%)
[Layer Freezing] Training last 4 transformer layers (layers 8-11)
[Layer Freezing] Trainable params: 28,384,555 / 108,924,715 (26.1%)
[Layer Freezing] Training last 4 transformer layers (layers 8-11)
[Layer Freezing] Trainable params: 28,384,555 / 108,924,715 (26.1%)
[Layer Freezing] Training last 4 transformer layers (layers 8-11)
[Layer Freezing] Trainable params: 28,384,555 / 108,924,715 (26.1%)
[Layer Freezing] Training last 4 transformer layers (layers 8-11)
[Layer Freezing] Trainable params: 28,384,555 / 108,924,715 (26.1%)
[Layer Freezing] Training last 4 transformer layers (layers 8-11)
[Layer Freezing] Trainable params: 28,384,555 / 108,924,715 (26.1%)
[Layer Freezing] Training last 4 transformer layers (layers 8-11)
[Layer Freezing] Trainable params: 28,384,555 / 108,924,715 (26.1%)
[Layer Freezing] Training last 4 transformer layers (layers 8-11)
[Layer Freezing] Trainable params: 28,384,555 / 108,924,715 (26.1%)
[Round 32] T=2.00  α_ce=1.00  α_kd=1.00
 Round 32 | F1 0.4105 | P 0.6141 | R 0.3083 | Time 42.5s | Comm N/A | Local Avg F1: 0.3476

=== Round 33/100 ===
[Round 33] KD=ON | policy=ema_first
[Layer Freezing] Training last 4 transformer layers (layers 8-11)
[Layer Freezing] Trainable params: 28,384,555 / 108,924,715 (26.1%)
[Layer Freezing] Training last 4 transformer layers (layers 8-11)
[Layer Freezing] Trainable params: 28,384,555 / 108,924,715 (26.1%)
[Layer Freezing] Training last 4 transformer layers (layers 8-11)
[Layer Freezing] Trainable params: 28,384,555 / 108,924,715 (26.1%)
[Layer Freezing] Training last 4 transformer layers (layers 8-11)
[Layer Freezing] Trainable params: 28,384,555 / 108,924,715 (26.1%)
[Layer Freezing] Training last 4 transformer layers (layers 8-11)
[Layer Freezing] Trainable params: 28,384,555 / 108,924,715 (26.1%)
[Layer Freezing] Training last 4 transformer layers (layers 8-11)
[Layer Freezing] Trainable params: 28,384,555 / 108,924,715 (26.1%)
[Layer Freezing] Training last 4 transformer layers (layers 8-11)
[Layer Freezing] Trainable params: 28,384,555 / 108,924,715 (26.1%)
[Layer Freezing] Training last 4 transformer layers (layers 8-11)
[Layer Freezing] Trainable params: 28,384,555 / 108,924,715 (26.1%)
[Layer Freezing] Training last 4 transformer layers (layers 8-11)
[Layer Freezing] Trainable params: 28,384,555 / 108,924,715 (26.1%)
[Layer Freezing] Training last 4 transformer layers (layers 8-11)
[Layer Freezing] Trainable params: 28,384,555 / 108,924,715 (26.1%)
[Round 33] T=2.00  α_ce=1.00  α_kd=1.00
 Round 33 | F1 0.4194 | P 0.6173 | R 0.3176 | Time 44.5s | Comm N/A | Local Avg F1: 0.3532

=== Round 34/100 ===
[Round 34] KD=ON | policy=ema_first
[Layer Freezing] Training last 4 transformer layers (layers 8-11)
[Layer Freezing] Trainable params: 28,384,555 / 108,924,715 (26.1%)
[Layer Freezing] Training last 4 transformer layers (layers 8-11)
[Layer Freezing] Trainable params: 28,384,555 / 108,924,715 (26.1%)
[Layer Freezing] Training last 4 transformer layers (layers 8-11)
[Layer Freezing] Trainable params: 28,384,555 / 108,924,715 (26.1%)
[Layer Freezing] Training last 4 transformer layers (layers 8-11)
[Layer Freezing] Trainable params: 28,384,555 / 108,924,715 (26.1%)
[Layer Freezing] Training last 4 transformer layers (layers 8-11)
[Layer Freezing] Trainable params: 28,384,555 / 108,924,715 (26.1%)
[Layer Freezing] Training last 4 transformer layers (layers 8-11)
[Layer Freezing] Trainable params: 28,384,555 / 108,924,715 (26.1%)
[Layer Freezing] Training last 4 transformer layers (layers 8-11)
[Layer Freezing] Trainable params: 28,384,555 / 108,924,715 (26.1%)
[Layer Freezing] Training last 4 transformer layers (layers 8-11)
[Layer Freezing] Trainable params: 28,384,555 / 108,924,715 (26.1%)
[Layer Freezing] Training last 4 transformer layers (layers 8-11)
[Layer Freezing] Trainable params: 28,384,555 / 108,924,715 (26.1%)
[Layer Freezing] Training last 4 transformer layers (layers 8-11)
[Layer Freezing] Trainable params: 28,384,555 / 108,924,715 (26.1%)
[Round 34] T=2.00  α_ce=1.00  α_kd=1.00
 Round 34 | F1 0.4445 | P 0.6014 | R 0.3526 | Time 43.0s | Comm N/A | Local Avg F1: 0.3724

=== Round 35/100 ===
[Round 35] KD=ON | policy=ema_first
[Layer Freezing] Training last 4 transformer layers (layers 8-11)
[Layer Freezing] Trainable params: 28,384,555 / 108,924,715 (26.1%)
[Layer Freezing] Training last 4 transformer layers (layers 8-11)
[Layer Freezing] Trainable params: 28,384,555 / 108,924,715 (26.1%)
[Layer Freezing] Training last 4 transformer layers (layers 8-11)
[Layer Freezing] Trainable params: 28,384,555 / 108,924,715 (26.1%)
[Layer Freezing] Training last 4 transformer layers (layers 8-11)
[Layer Freezing] Trainable params: 28,384,555 / 108,924,715 (26.1%)
[Layer Freezing] Training last 4 transformer layers (layers 8-11)
[Layer Freezing] Trainable params: 28,384,555 / 108,924,715 (26.1%)
[Layer Freezing] Training last 4 transformer layers (layers 8-11)
[Layer Freezing] Trainable params: 28,384,555 / 108,924,715 (26.1%)
[Layer Freezing] Training last 4 transformer layers (layers 8-11)
[Layer Freezing] Trainable params: 28,384,555 / 108,924,715 (26.1%)
[Layer Freezing] Training last 4 transformer layers (layers 8-11)
[Layer Freezing] Trainable params: 28,384,555 / 108,924,715 (26.1%)
[Layer Freezing] Training last 4 transformer layers (layers 8-11)
[Layer Freezing] Trainable params: 28,384,555 / 108,924,715 (26.1%)
[Layer Freezing] Training last 4 transformer layers (layers 8-11)
[Layer Freezing] Trainable params: 28,384,555 / 108,924,715 (26.1%)
[Round 35] T=2.00  α_ce=1.00  α_kd=1.00
 Round 35 | F1 0.4288 | P 0.6223 | R 0.3271 | Time 43.6s | Comm N/A | Local Avg F1: 0.3589

=== Round 36/100 ===
[Round 36] KD=ON | policy=ema_first
[Layer Freezing] Training last 4 transformer layers (layers 8-11)
[Layer Freezing] Trainable params: 28,384,555 / 108,924,715 (26.1%)
[Layer Freezing] Training last 4 transformer layers (layers 8-11)
[Layer Freezing] Trainable params: 28,384,555 / 108,924,715 (26.1%)
[Layer Freezing] Training last 4 transformer layers (layers 8-11)
[Layer Freezing] Trainable params: 28,384,555 / 108,924,715 (26.1%)
[Layer Freezing] Training last 4 transformer layers (layers 8-11)
[Layer Freezing] Trainable params: 28,384,555 / 108,924,715 (26.1%)
[Layer Freezing] Training last 4 transformer layers (layers 8-11)
[Layer Freezing] Trainable params: 28,384,555 / 108,924,715 (26.1%)
[Layer Freezing] Training last 4 transformer layers (layers 8-11)
[Layer Freezing] Trainable params: 28,384,555 / 108,924,715 (26.1%)
[Layer Freezing] Training last 4 transformer layers (layers 8-11)
[Layer Freezing] Trainable params: 28,384,555 / 108,924,715 (26.1%)
[Layer Freezing] Training last 4 transformer layers (layers 8-11)
[Layer Freezing] Trainable params: 28,384,555 / 108,924,715 (26.1%)
[Layer Freezing] Training last 4 transformer layers (layers 8-11)
[Layer Freezing] Trainable params: 28,384,555 / 108,924,715 (26.1%)
[Layer Freezing] Training last 4 transformer layers (layers 8-11)
[Layer Freezing] Trainable params: 28,384,555 / 108,924,715 (26.1%)
[Round 36] T=2.00  α_ce=1.00  α_kd=1.00
 Round 36 | F1 0.4464 | P 0.6094 | R 0.3522 | Time 43.3s | Comm N/A | Local Avg F1: 0.3772

=== Round 37/100 ===
[Round 37] KD=ON | policy=ema_first
[Layer Freezing] Training last 4 transformer layers (layers 8-11)
[Layer Freezing] Trainable params: 28,384,555 / 108,924,715 (26.1%)
[Layer Freezing] Training last 4 transformer layers (layers 8-11)
[Layer Freezing] Trainable params: 28,384,555 / 108,924,715 (26.1%)
[Layer Freezing] Training last 4 transformer layers (layers 8-11)
[Layer Freezing] Trainable params: 28,384,555 / 108,924,715 (26.1%)
[Layer Freezing] Training last 4 transformer layers (layers 8-11)
[Layer Freezing] Trainable params: 28,384,555 / 108,924,715 (26.1%)
[Layer Freezing] Training last 4 transformer layers (layers 8-11)
[Layer Freezing] Trainable params: 28,384,555 / 108,924,715 (26.1%)
[Layer Freezing] Training last 4 transformer layers (layers 8-11)
[Layer Freezing] Trainable params: 28,384,555 / 108,924,715 (26.1%)
[Layer Freezing] Training last 4 transformer layers (layers 8-11)
[Layer Freezing] Trainable params: 28,384,555 / 108,924,715 (26.1%)
[Layer Freezing] Training last 4 transformer layers (layers 8-11)
[Layer Freezing] Trainable params: 28,384,555 / 108,924,715 (26.1%)
[Layer Freezing] Training last 4 transformer layers (layers 8-11)
[Layer Freezing] Trainable params: 28,384,555 / 108,924,715 (26.1%)
[Layer Freezing] Training last 4 transformer layers (layers 8-11)
[Layer Freezing] Trainable params: 28,384,555 / 108,924,715 (26.1%)
[Round 37] T=2.00  α_ce=1.00  α_kd=1.00
 Round 37 | F1 0.4473 | P 0.6144 | R 0.3517 | Time 43.2s | Comm N/A | Local Avg F1: 0.3797

=== Round 38/100 ===
[Round 38] KD=ON | policy=ema_first
[Layer Freezing] Training last 4 transformer layers (layers 8-11)
[Layer Freezing] Trainable params: 28,384,555 / 108,924,715 (26.1%)
[Layer Freezing] Training last 4 transformer layers (layers 8-11)
[Layer Freezing] Trainable params: 28,384,555 / 108,924,715 (26.1%)
[Layer Freezing] Training last 4 transformer layers (layers 8-11)
[Layer Freezing] Trainable params: 28,384,555 / 108,924,715 (26.1%)
[Layer Freezing] Training last 4 transformer layers (layers 8-11)
[Layer Freezing] Trainable params: 28,384,555 / 108,924,715 (26.1%)
[Layer Freezing] Training last 4 transformer layers (layers 8-11)
[Layer Freezing] Trainable params: 28,384,555 / 108,924,715 (26.1%)
[Layer Freezing] Training last 4 transformer layers (layers 8-11)
[Layer Freezing] Trainable params: 28,384,555 / 108,924,715 (26.1%)
[Layer Freezing] Training last 4 transformer layers (layers 8-11)
[Layer Freezing] Trainable params: 28,384,555 / 108,924,715 (26.1%)
[Layer Freezing] Training last 4 transformer layers (layers 8-11)
[Layer Freezing] Trainable params: 28,384,555 / 108,924,715 (26.1%)
[Layer Freezing] Training last 4 transformer layers (layers 8-11)
[Layer Freezing] Trainable params: 28,384,555 / 108,924,715 (26.1%)
[Layer Freezing] Training last 4 transformer layers (layers 8-11)
[Layer Freezing] Trainable params: 28,384,555 / 108,924,715 (26.1%)
[Round 38] T=2.00  α_ce=1.00  α_kd=1.00
 Round 38 | F1 0.4413 | P 0.6208 | R 0.3423 | Time 43.2s | Comm N/A | Local Avg F1: 0.3713

=== Round 39/100 ===
[Round 39] KD=ON | policy=ema_first
[Layer Freezing] Training last 4 transformer layers (layers 8-11)
[Layer Freezing] Trainable params: 28,384,555 / 108,924,715 (26.1%)
[Layer Freezing] Training last 4 transformer layers (layers 8-11)
[Layer Freezing] Trainable params: 28,384,555 / 108,924,715 (26.1%)
[Layer Freezing] Training last 4 transformer layers (layers 8-11)
[Layer Freezing] Trainable params: 28,384,555 / 108,924,715 (26.1%)
[Layer Freezing] Training last 4 transformer layers (layers 8-11)
[Layer Freezing] Trainable params: 28,384,555 / 108,924,715 (26.1%)
[Layer Freezing] Training last 4 transformer layers (layers 8-11)
[Layer Freezing] Trainable params: 28,384,555 / 108,924,715 (26.1%)
[Layer Freezing] Training last 4 transformer layers (layers 8-11)
[Layer Freezing] Trainable params: 28,384,555 / 108,924,715 (26.1%)
[Layer Freezing] Training last 4 transformer layers (layers 8-11)
[Layer Freezing] Trainable params: 28,384,555 / 108,924,715 (26.1%)
[Layer Freezing] Training last 4 transformer layers (layers 8-11)
[Layer Freezing] Trainable params: 28,384,555 / 108,924,715 (26.1%)
[Layer Freezing] Training last 4 transformer layers (layers 8-11)
[Layer Freezing] Trainable params: 28,384,555 / 108,924,715 (26.1%)
[Layer Freezing] Training last 4 transformer layers (layers 8-11)
[Layer Freezing] Trainable params: 28,384,555 / 108,924,715 (26.1%)
[Round 39] T=2.00  α_ce=1.00  α_kd=1.00
 Round 39 | F1 0.4514 | P 0.6145 | R 0.3567 | Time 44.0s | Comm N/A | Local Avg F1: 0.3829

=== Round 40/100 ===
[Round 40] KD=ON | policy=ema_first
[Layer Freezing] Training last 4 transformer layers (layers 8-11)
[Layer Freezing] Trainable params: 28,384,555 / 108,924,715 (26.1%)
[Layer Freezing] Training last 4 transformer layers (layers 8-11)
[Layer Freezing] Trainable params: 28,384,555 / 108,924,715 (26.1%)
[Layer Freezing] Training last 4 transformer layers (layers 8-11)
[Layer Freezing] Trainable params: 28,384,555 / 108,924,715 (26.1%)
[Layer Freezing] Training last 4 transformer layers (layers 8-11)
[Layer Freezing] Trainable params: 28,384,555 / 108,924,715 (26.1%)
[Layer Freezing] Training last 4 transformer layers (layers 8-11)
[Layer Freezing] Trainable params: 28,384,555 / 108,924,715 (26.1%)
[Layer Freezing] Training last 4 transformer layers (layers 8-11)
[Layer Freezing] Trainable params: 28,384,555 / 108,924,715 (26.1%)
[Layer Freezing] Training last 4 transformer layers (layers 8-11)
[Layer Freezing] Trainable params: 28,384,555 / 108,924,715 (26.1%)
[Layer Freezing] Training last 4 transformer layers (layers 8-11)
[Layer Freezing] Trainable params: 28,384,555 / 108,924,715 (26.1%)
[Layer Freezing] Training last 4 transformer layers (layers 8-11)
[Layer Freezing] Trainable params: 28,384,555 / 108,924,715 (26.1%)
[Layer Freezing] Training last 4 transformer layers (layers 8-11)
[Layer Freezing] Trainable params: 28,384,555 / 108,924,715 (26.1%)
[Round 40] T=2.00  α_ce=1.00  α_kd=1.00
 Round 40 | F1 0.4535 | P 0.6241 | R 0.3562 | Time 43.5s | Comm N/A | Local Avg F1: 0.3800

=== Round 41/100 ===
[Round 41] KD=ON | policy=ema_first
[Layer Freezing] Training last 4 transformer layers (layers 8-11)
[Layer Freezing] Trainable params: 28,384,555 / 108,924,715 (26.1%)
[Layer Freezing] Training last 4 transformer layers (layers 8-11)
[Layer Freezing] Trainable params: 28,384,555 / 108,924,715 (26.1%)
[Layer Freezing] Training last 4 transformer layers (layers 8-11)
[Layer Freezing] Trainable params: 28,384,555 / 108,924,715 (26.1%)
[Layer Freezing] Training last 4 transformer layers (layers 8-11)
[Layer Freezing] Trainable params: 28,384,555 / 108,924,715 (26.1%)
[Layer Freezing] Training last 4 transformer layers (layers 8-11)
[Layer Freezing] Trainable params: 28,384,555 / 108,924,715 (26.1%)
[Layer Freezing] Training last 4 transformer layers (layers 8-11)
[Layer Freezing] Trainable params: 28,384,555 / 108,924,715 (26.1%)
[Layer Freezing] Training last 4 transformer layers (layers 8-11)
[Layer Freezing] Trainable params: 28,384,555 / 108,924,715 (26.1%)
[Layer Freezing] Training last 4 transformer layers (layers 8-11)
[Layer Freezing] Trainable params: 28,384,555 / 108,924,715 (26.1%)
[Layer Freezing] Training last 4 transformer layers (layers 8-11)
[Layer Freezing] Trainable params: 28,384,555 / 108,924,715 (26.1%)
[Layer Freezing] Training last 4 transformer layers (layers 8-11)
[Layer Freezing] Trainable params: 28,384,555 / 108,924,715 (26.1%)
[Round 41] T=2.00  α_ce=1.00  α_kd=1.00
 Round 41 | F1 0.4606 | P 0.6141 | R 0.3685 | Time 43.9s | Comm N/A | Local Avg F1: 0.3880

=== Round 42/100 ===
[Round 42] KD=ON | policy=ema_first
[Layer Freezing] Training last 4 transformer layers (layers 8-11)
[Layer Freezing] Trainable params: 28,384,555 / 108,924,715 (26.1%)
[Layer Freezing] Training last 4 transformer layers (layers 8-11)
[Layer Freezing] Trainable params: 28,384,555 / 108,924,715 (26.1%)
[Layer Freezing] Training last 4 transformer layers (layers 8-11)
[Layer Freezing] Trainable params: 28,384,555 / 108,924,715 (26.1%)
[Layer Freezing] Training last 4 transformer layers (layers 8-11)
[Layer Freezing] Trainable params: 28,384,555 / 108,924,715 (26.1%)
[Layer Freezing] Training last 4 transformer layers (layers 8-11)
[Layer Freezing] Trainable params: 28,384,555 / 108,924,715 (26.1%)
[Layer Freezing] Training last 4 transformer layers (layers 8-11)
[Layer Freezing] Trainable params: 28,384,555 / 108,924,715 (26.1%)
[Layer Freezing] Training last 4 transformer layers (layers 8-11)
[Layer Freezing] Trainable params: 28,384,555 / 108,924,715 (26.1%)
[Layer Freezing] Training last 4 transformer layers (layers 8-11)
[Layer Freezing] Trainable params: 28,384,555 / 108,924,715 (26.1%)
[Layer Freezing] Training last 4 transformer layers (layers 8-11)
[Layer Freezing] Trainable params: 28,384,555 / 108,924,715 (26.1%)
[Layer Freezing] Training last 4 transformer layers (layers 8-11)
[Layer Freezing] Trainable params: 28,384,555 / 108,924,715 (26.1%)
[Round 42] T=2.00  α_ce=1.00  α_kd=1.00
 Round 42 | F1 0.4606 | P 0.6257 | R 0.3644 | Time 44.5s | Comm N/A | Local Avg F1: 0.3898

=== Round 43/100 ===
[Round 43] KD=ON | policy=ema_first
[Layer Freezing] Training last 4 transformer layers (layers 8-11)
[Layer Freezing] Trainable params: 28,384,555 / 108,924,715 (26.1%)
[Layer Freezing] Training last 4 transformer layers (layers 8-11)
[Layer Freezing] Trainable params: 28,384,555 / 108,924,715 (26.1%)
[Layer Freezing] Training last 4 transformer layers (layers 8-11)
[Layer Freezing] Trainable params: 28,384,555 / 108,924,715 (26.1%)
[Layer Freezing] Training last 4 transformer layers (layers 8-11)
[Layer Freezing] Trainable params: 28,384,555 / 108,924,715 (26.1%)
[Layer Freezing] Training last 4 transformer layers (layers 8-11)
[Layer Freezing] Trainable params: 28,384,555 / 108,924,715 (26.1%)
[Layer Freezing] Training last 4 transformer layers (layers 8-11)
[Layer Freezing] Trainable params: 28,384,555 / 108,924,715 (26.1%)
[Layer Freezing] Training last 4 transformer layers (layers 8-11)
[Layer Freezing] Trainable params: 28,384,555 / 108,924,715 (26.1%)
[Layer Freezing] Training last 4 transformer layers (layers 8-11)
[Layer Freezing] Trainable params: 28,384,555 / 108,924,715 (26.1%)
[Layer Freezing] Training last 4 transformer layers (layers 8-11)
[Layer Freezing] Trainable params: 28,384,555 / 108,924,715 (26.1%)
[Layer Freezing] Training last 4 transformer layers (layers 8-11)
[Layer Freezing] Trainable params: 28,384,555 / 108,924,715 (26.1%)
[Round 43] T=2.00  α_ce=1.00  α_kd=1.00
 Round 43 | F1 0.4379 | P 0.6448 | R 0.3315 | Time 43.1s | Comm N/A | Local Avg F1: 0.3646

=== Round 44/100 ===
[Round 44] KD=ON | policy=ema_first
[Layer Freezing] Training last 4 transformer layers (layers 8-11)
[Layer Freezing] Trainable params: 28,384,555 / 108,924,715 (26.1%)
[Layer Freezing] Training last 4 transformer layers (layers 8-11)
[Layer Freezing] Trainable params: 28,384,555 / 108,924,715 (26.1%)
[Layer Freezing] Training last 4 transformer layers (layers 8-11)
[Layer Freezing] Trainable params: 28,384,555 / 108,924,715 (26.1%)
[Layer Freezing] Training last 4 transformer layers (layers 8-11)
[Layer Freezing] Trainable params: 28,384,555 / 108,924,715 (26.1%)
[Layer Freezing] Training last 4 transformer layers (layers 8-11)
[Layer Freezing] Trainable params: 28,384,555 / 108,924,715 (26.1%)
[Layer Freezing] Training last 4 transformer layers (layers 8-11)
[Layer Freezing] Trainable params: 28,384,555 / 108,924,715 (26.1%)
[Layer Freezing] Training last 4 transformer layers (layers 8-11)
[Layer Freezing] Trainable params: 28,384,555 / 108,924,715 (26.1%)
[Layer Freezing] Training last 4 transformer layers (layers 8-11)
[Layer Freezing] Trainable params: 28,384,555 / 108,924,715 (26.1%)
[Layer Freezing] Training last 4 transformer layers (layers 8-11)
[Layer Freezing] Trainable params: 28,384,555 / 108,924,715 (26.1%)
[Layer Freezing] Training last 4 transformer layers (layers 8-11)
[Layer Freezing] Trainable params: 28,384,555 / 108,924,715 (26.1%)
[Round 44] T=2.00  α_ce=1.00  α_kd=1.00
 Round 44 | F1 0.4644 | P 0.6262 | R 0.3691 | Time 44.5s | Comm N/A | Local Avg F1: 0.3951

=== Round 45/100 ===
[Round 45] KD=ON | policy=ema_first
[Layer Freezing] Training last 4 transformer layers (layers 8-11)
[Layer Freezing] Trainable params: 28,384,555 / 108,924,715 (26.1%)
[Layer Freezing] Training last 4 transformer layers (layers 8-11)
[Layer Freezing] Trainable params: 28,384,555 / 108,924,715 (26.1%)
[Layer Freezing] Training last 4 transformer layers (layers 8-11)
[Layer Freezing] Trainable params: 28,384,555 / 108,924,715 (26.1%)
[Layer Freezing] Training last 4 transformer layers (layers 8-11)
[Layer Freezing] Trainable params: 28,384,555 / 108,924,715 (26.1%)
[Layer Freezing] Training last 4 transformer layers (layers 8-11)
[Layer Freezing] Trainable params: 28,384,555 / 108,924,715 (26.1%)
[Layer Freezing] Training last 4 transformer layers (layers 8-11)
[Layer Freezing] Trainable params: 28,384,555 / 108,924,715 (26.1%)
[Layer Freezing] Training last 4 transformer layers (layers 8-11)
[Layer Freezing] Trainable params: 28,384,555 / 108,924,715 (26.1%)
[Layer Freezing] Training last 4 transformer layers (layers 8-11)
[Layer Freezing] Trainable params: 28,384,555 / 108,924,715 (26.1%)
[Layer Freezing] Training last 4 transformer layers (layers 8-11)
[Layer Freezing] Trainable params: 28,384,555 / 108,924,715 (26.1%)
[Layer Freezing] Training last 4 transformer layers (layers 8-11)
[Layer Freezing] Trainable params: 28,384,555 / 108,924,715 (26.1%)
[Round 45] T=2.00  α_ce=1.00  α_kd=1.00
 Round 45 | F1 0.4567 | P 0.6337 | R 0.3570 | Time 43.9s | Comm N/A | Local Avg F1: 0.3839

=== Round 46/100 ===
[Round 46] KD=ON | policy=ema_first
[Layer Freezing] Training last 4 transformer layers (layers 8-11)
[Layer Freezing] Trainable params: 28,384,555 / 108,924,715 (26.1%)
[Layer Freezing] Training last 4 transformer layers (layers 8-11)
[Layer Freezing] Trainable params: 28,384,555 / 108,924,715 (26.1%)
[Layer Freezing] Training last 4 transformer layers (layers 8-11)
[Layer Freezing] Trainable params: 28,384,555 / 108,924,715 (26.1%)
[Layer Freezing] Training last 4 transformer layers (layers 8-11)
[Layer Freezing] Trainable params: 28,384,555 / 108,924,715 (26.1%)
[Layer Freezing] Training last 4 transformer layers (layers 8-11)
[Layer Freezing] Trainable params: 28,384,555 / 108,924,715 (26.1%)
[Layer Freezing] Training last 4 transformer layers (layers 8-11)
[Layer Freezing] Trainable params: 28,384,555 / 108,924,715 (26.1%)
[Layer Freezing] Training last 4 transformer layers (layers 8-11)
[Layer Freezing] Trainable params: 28,384,555 / 108,924,715 (26.1%)
[Layer Freezing] Training last 4 transformer layers (layers 8-11)
[Layer Freezing] Trainable params: 28,384,555 / 108,924,715 (26.1%)
[Layer Freezing] Training last 4 transformer layers (layers 8-11)
[Layer Freezing] Trainable params: 28,384,555 / 108,924,715 (26.1%)
[Layer Freezing] Training last 4 transformer layers (layers 8-11)
[Layer Freezing] Trainable params: 28,384,555 / 108,924,715 (26.1%)
[Round 46] T=2.00  α_ce=1.00  α_kd=1.00
 Round 46 | F1 0.4494 | P 0.6392 | R 0.3465 | Time 43.9s | Comm N/A | Local Avg F1: 0.3816

=== Round 47/100 ===
[Round 47] KD=ON | policy=ema_first
[Layer Freezing] Training last 4 transformer layers (layers 8-11)
[Layer Freezing] Trainable params: 28,384,555 / 108,924,715 (26.1%)
[Layer Freezing] Training last 4 transformer layers (layers 8-11)
[Layer Freezing] Trainable params: 28,384,555 / 108,924,715 (26.1%)
[Layer Freezing] Training last 4 transformer layers (layers 8-11)
[Layer Freezing] Trainable params: 28,384,555 / 108,924,715 (26.1%)
[Layer Freezing] Training last 4 transformer layers (layers 8-11)
[Layer Freezing] Trainable params: 28,384,555 / 108,924,715 (26.1%)
[Layer Freezing] Training last 4 transformer layers (layers 8-11)
[Layer Freezing] Trainable params: 28,384,555 / 108,924,715 (26.1%)
[Layer Freezing] Training last 4 transformer layers (layers 8-11)
[Layer Freezing] Trainable params: 28,384,555 / 108,924,715 (26.1%)
[Layer Freezing] Training last 4 transformer layers (layers 8-11)
[Layer Freezing] Trainable params: 28,384,555 / 108,924,715 (26.1%)
[Layer Freezing] Training last 4 transformer layers (layers 8-11)
[Layer Freezing] Trainable params: 28,384,555 / 108,924,715 (26.1%)
[Layer Freezing] Training last 4 transformer layers (layers 8-11)
[Layer Freezing] Trainable params: 28,384,555 / 108,924,715 (26.1%)
[Layer Freezing] Training last 4 transformer layers (layers 8-11)
[Layer Freezing] Trainable params: 28,384,555 / 108,924,715 (26.1%)
[Round 47] T=2.00  α_ce=1.00  α_kd=1.00
 Round 47 | F1 0.4695 | P 0.6282 | R 0.3749 | Time 43.7s | Comm N/A | Local Avg F1: 0.3962

=== Round 48/100 ===
[Round 48] KD=ON | policy=ema_first
[Layer Freezing] Training last 4 transformer layers (layers 8-11)
[Layer Freezing] Trainable params: 28,384,555 / 108,924,715 (26.1%)
[Layer Freezing] Training last 4 transformer layers (layers 8-11)
[Layer Freezing] Trainable params: 28,384,555 / 108,924,715 (26.1%)
[Layer Freezing] Training last 4 transformer layers (layers 8-11)
[Layer Freezing] Trainable params: 28,384,555 / 108,924,715 (26.1%)
[Layer Freezing] Training last 4 transformer layers (layers 8-11)
[Layer Freezing] Trainable params: 28,384,555 / 108,924,715 (26.1%)
[Layer Freezing] Training last 4 transformer layers (layers 8-11)
[Layer Freezing] Trainable params: 28,384,555 / 108,924,715 (26.1%)
[Layer Freezing] Training last 4 transformer layers (layers 8-11)
[Layer Freezing] Trainable params: 28,384,555 / 108,924,715 (26.1%)
[Layer Freezing] Training last 4 transformer layers (layers 8-11)
[Layer Freezing] Trainable params: 28,384,555 / 108,924,715 (26.1%)
[Layer Freezing] Training last 4 transformer layers (layers 8-11)
[Layer Freezing] Trainable params: 28,384,555 / 108,924,715 (26.1%)
[Layer Freezing] Training last 4 transformer layers (layers 8-11)
[Layer Freezing] Trainable params: 28,384,555 / 108,924,715 (26.1%)
[Layer Freezing] Training last 4 transformer layers (layers 8-11)
[Layer Freezing] Trainable params: 28,384,555 / 108,924,715 (26.1%)
[Round 48] T=2.00  α_ce=1.00  α_kd=1.00
 Round 48 | F1 0.4735 | P 0.6231 | R 0.3818 | Time 44.2s | Comm N/A | Local Avg F1: 0.4048

=== Round 49/100 ===
[Round 49] KD=ON | policy=ema_first
[Layer Freezing] Training last 4 transformer layers (layers 8-11)
[Layer Freezing] Trainable params: 28,384,555 / 108,924,715 (26.1%)
[Layer Freezing] Training last 4 transformer layers (layers 8-11)
[Layer Freezing] Trainable params: 28,384,555 / 108,924,715 (26.1%)
[Layer Freezing] Training last 4 transformer layers (layers 8-11)
[Layer Freezing] Trainable params: 28,384,555 / 108,924,715 (26.1%)
[Layer Freezing] Training last 4 transformer layers (layers 8-11)
[Layer Freezing] Trainable params: 28,384,555 / 108,924,715 (26.1%)
[Layer Freezing] Training last 4 transformer layers (layers 8-11)
[Layer Freezing] Trainable params: 28,384,555 / 108,924,715 (26.1%)
[Layer Freezing] Training last 4 transformer layers (layers 8-11)
[Layer Freezing] Trainable params: 28,384,555 / 108,924,715 (26.1%)
[Layer Freezing] Training last 4 transformer layers (layers 8-11)
[Layer Freezing] Trainable params: 28,384,555 / 108,924,715 (26.1%)
[Layer Freezing] Training last 4 transformer layers (layers 8-11)
[Layer Freezing] Trainable params: 28,384,555 / 108,924,715 (26.1%)
[Layer Freezing] Training last 4 transformer layers (layers 8-11)
[Layer Freezing] Trainable params: 28,384,555 / 108,924,715 (26.1%)
[Layer Freezing] Training last 4 transformer layers (layers 8-11)
[Layer Freezing] Trainable params: 28,384,555 / 108,924,715 (26.1%)
[Round 49] T=2.00  α_ce=1.00  α_kd=1.00
 Round 49 | F1 0.4640 | P 0.6386 | R 0.3643 | Time 43.2s | Comm N/A | Local Avg F1: 0.3966

=== Round 50/100 ===
[Round 50] KD=ON | policy=ema_first
[Layer Freezing] Training last 4 transformer layers (layers 8-11)
[Layer Freezing] Trainable params: 28,384,555 / 108,924,715 (26.1%)
[Layer Freezing] Training last 4 transformer layers (layers 8-11)
[Layer Freezing] Trainable params: 28,384,555 / 108,924,715 (26.1%)
[Layer Freezing] Training last 4 transformer layers (layers 8-11)
[Layer Freezing] Trainable params: 28,384,555 / 108,924,715 (26.1%)
[Layer Freezing] Training last 4 transformer layers (layers 8-11)
[Layer Freezing] Trainable params: 28,384,555 / 108,924,715 (26.1%)
[Layer Freezing] Training last 4 transformer layers (layers 8-11)
[Layer Freezing] Trainable params: 28,384,555 / 108,924,715 (26.1%)
[Layer Freezing] Training last 4 transformer layers (layers 8-11)
[Layer Freezing] Trainable params: 28,384,555 / 108,924,715 (26.1%)
[Layer Freezing] Training last 4 transformer layers (layers 8-11)
[Layer Freezing] Trainable params: 28,384,555 / 108,924,715 (26.1%)
[Layer Freezing] Training last 4 transformer layers (layers 8-11)
[Layer Freezing] Trainable params: 28,384,555 / 108,924,715 (26.1%)
[Layer Freezing] Training last 4 transformer layers (layers 8-11)
[Layer Freezing] Trainable params: 28,384,555 / 108,924,715 (26.1%)
[Layer Freezing] Training last 4 transformer layers (layers 8-11)
[Layer Freezing] Trainable params: 28,384,555 / 108,924,715 (26.1%)
[Round 50] T=2.00  α_ce=1.00  α_kd=1.00
 Round 50 | F1 0.4641 | P 0.6352 | R 0.3656 | Time 44.8s | Comm N/A | Local Avg F1: 0.3994

=== Round 51/100 ===
[Round 51] KD=ON | policy=ema_first
[Layer Freezing] Training last 4 transformer layers (layers 8-11)
[Layer Freezing] Trainable params: 28,384,555 / 108,924,715 (26.1%)
[Layer Freezing] Training last 4 transformer layers (layers 8-11)
[Layer Freezing] Trainable params: 28,384,555 / 108,924,715 (26.1%)
[Layer Freezing] Training last 4 transformer layers (layers 8-11)
[Layer Freezing] Trainable params: 28,384,555 / 108,924,715 (26.1%)
[Layer Freezing] Training last 4 transformer layers (layers 8-11)
[Layer Freezing] Trainable params: 28,384,555 / 108,924,715 (26.1%)
[Layer Freezing] Training last 4 transformer layers (layers 8-11)
[Layer Freezing] Trainable params: 28,384,555 / 108,924,715 (26.1%)
[Layer Freezing] Training last 4 transformer layers (layers 8-11)
[Layer Freezing] Trainable params: 28,384,555 / 108,924,715 (26.1%)
[Layer Freezing] Training last 4 transformer layers (layers 8-11)
[Layer Freezing] Trainable params: 28,384,555 / 108,924,715 (26.1%)
[Layer Freezing] Training last 4 transformer layers (layers 8-11)
[Layer Freezing] Trainable params: 28,384,555 / 108,924,715 (26.1%)
[Layer Freezing] Training last 4 transformer layers (layers 8-11)
[Layer Freezing] Trainable params: 28,384,555 / 108,924,715 (26.1%)
[Layer Freezing] Training last 4 transformer layers (layers 8-11)
[Layer Freezing] Trainable params: 28,384,555 / 108,924,715 (26.1%)
[Round 51] T=2.00  α_ce=1.00  α_kd=1.00
 Round 51 | F1 0.4678 | P 0.6354 | R 0.3702 | Time 44.0s | Comm N/A | Local Avg F1: 0.3977

=== Round 52/100 ===
[Round 52] KD=ON | policy=ema_first
[Layer Freezing] Training last 4 transformer layers (layers 8-11)
[Layer Freezing] Trainable params: 28,384,555 / 108,924,715 (26.1%)
[Layer Freezing] Training last 4 transformer layers (layers 8-11)
[Layer Freezing] Trainable params: 28,384,555 / 108,924,715 (26.1%)
[Layer Freezing] Training last 4 transformer layers (layers 8-11)
[Layer Freezing] Trainable params: 28,384,555 / 108,924,715 (26.1%)
[Layer Freezing] Training last 4 transformer layers (layers 8-11)
[Layer Freezing] Trainable params: 28,384,555 / 108,924,715 (26.1%)
[Layer Freezing] Training last 4 transformer layers (layers 8-11)
[Layer Freezing] Trainable params: 28,384,555 / 108,924,715 (26.1%)
[Layer Freezing] Training last 4 transformer layers (layers 8-11)
[Layer Freezing] Trainable params: 28,384,555 / 108,924,715 (26.1%)
[Layer Freezing] Training last 4 transformer layers (layers 8-11)
[Layer Freezing] Trainable params: 28,384,555 / 108,924,715 (26.1%)
[Layer Freezing] Training last 4 transformer layers (layers 8-11)
[Layer Freezing] Trainable params: 28,384,555 / 108,924,715 (26.1%)
[Layer Freezing] Training last 4 transformer layers (layers 8-11)
[Layer Freezing] Trainable params: 28,384,555 / 108,924,715 (26.1%)
[Layer Freezing] Training last 4 transformer layers (layers 8-11)
[Layer Freezing] Trainable params: 28,384,555 / 108,924,715 (26.1%)
[Round 52] T=2.00  α_ce=1.00  α_kd=1.00
 Round 52 | F1 0.4847 | P 0.6278 | R 0.3947 | Time 43.1s | Comm N/A | Local Avg F1: 0.4141

=== Round 53/100 ===
[Round 53] KD=ON | policy=ema_first
[Layer Freezing] Training last 4 transformer layers (layers 8-11)
[Layer Freezing] Trainable params: 28,384,555 / 108,924,715 (26.1%)
[Layer Freezing] Training last 4 transformer layers (layers 8-11)
[Layer Freezing] Trainable params: 28,384,555 / 108,924,715 (26.1%)
[Layer Freezing] Training last 4 transformer layers (layers 8-11)
[Layer Freezing] Trainable params: 28,384,555 / 108,924,715 (26.1%)
[Layer Freezing] Training last 4 transformer layers (layers 8-11)
[Layer Freezing] Trainable params: 28,384,555 / 108,924,715 (26.1%)
[Layer Freezing] Training last 4 transformer layers (layers 8-11)
[Layer Freezing] Trainable params: 28,384,555 / 108,924,715 (26.1%)
[Layer Freezing] Training last 4 transformer layers (layers 8-11)
[Layer Freezing] Trainable params: 28,384,555 / 108,924,715 (26.1%)
[Layer Freezing] Training last 4 transformer layers (layers 8-11)
[Layer Freezing] Trainable params: 28,384,555 / 108,924,715 (26.1%)
[Layer Freezing] Training last 4 transformer layers (layers 8-11)
[Layer Freezing] Trainable params: 28,384,555 / 108,924,715 (26.1%)
[Layer Freezing] Training last 4 transformer layers (layers 8-11)
[Layer Freezing] Trainable params: 28,384,555 / 108,924,715 (26.1%)
[Layer Freezing] Training last 4 transformer layers (layers 8-11)
[Layer Freezing] Trainable params: 28,384,555 / 108,924,715 (26.1%)
[Round 53] T=2.00  α_ce=1.00  α_kd=1.00
 Round 53 | F1 0.4794 | P 0.6360 | R 0.3846 | Time 43.7s | Comm N/A | Local Avg F1: 0.4106

=== Round 54/100 ===
[Round 54] KD=ON | policy=ema_first
[Layer Freezing] Training last 4 transformer layers (layers 8-11)
[Layer Freezing] Trainable params: 28,384,555 / 108,924,715 (26.1%)
[Layer Freezing] Training last 4 transformer layers (layers 8-11)
[Layer Freezing] Trainable params: 28,384,555 / 108,924,715 (26.1%)
[Layer Freezing] Training last 4 transformer layers (layers 8-11)
[Layer Freezing] Trainable params: 28,384,555 / 108,924,715 (26.1%)
[Layer Freezing] Training last 4 transformer layers (layers 8-11)
[Layer Freezing] Trainable params: 28,384,555 / 108,924,715 (26.1%)
[Layer Freezing] Training last 4 transformer layers (layers 8-11)
[Layer Freezing] Trainable params: 28,384,555 / 108,924,715 (26.1%)
[Layer Freezing] Training last 4 transformer layers (layers 8-11)
[Layer Freezing] Trainable params: 28,384,555 / 108,924,715 (26.1%)
[Layer Freezing] Training last 4 transformer layers (layers 8-11)
[Layer Freezing] Trainable params: 28,384,555 / 108,924,715 (26.1%)
[Layer Freezing] Training last 4 transformer layers (layers 8-11)
[Layer Freezing] Trainable params: 28,384,555 / 108,924,715 (26.1%)
[Layer Freezing] Training last 4 transformer layers (layers 8-11)
[Layer Freezing] Trainable params: 28,384,555 / 108,924,715 (26.1%)
[Layer Freezing] Training last 4 transformer layers (layers 8-11)
[Layer Freezing] Trainable params: 28,384,555 / 108,924,715 (26.1%)
[Round 54] T=2.00  α_ce=1.00  α_kd=1.00
 Round 54 | F1 0.4713 | P 0.6412 | R 0.3726 | Time 44.0s | Comm N/A | Local Avg F1: 0.4071

=== Round 55/100 ===
[Round 55] KD=ON | policy=ema_first
[Layer Freezing] Training last 4 transformer layers (layers 8-11)
[Layer Freezing] Trainable params: 28,384,555 / 108,924,715 (26.1%)
[Layer Freezing] Training last 4 transformer layers (layers 8-11)
[Layer Freezing] Trainable params: 28,384,555 / 108,924,715 (26.1%)
[Layer Freezing] Training last 4 transformer layers (layers 8-11)
[Layer Freezing] Trainable params: 28,384,555 / 108,924,715 (26.1%)
[Layer Freezing] Training last 4 transformer layers (layers 8-11)
[Layer Freezing] Trainable params: 28,384,555 / 108,924,715 (26.1%)
[Layer Freezing] Training last 4 transformer layers (layers 8-11)
[Layer Freezing] Trainable params: 28,384,555 / 108,924,715 (26.1%)
[Layer Freezing] Training last 4 transformer layers (layers 8-11)
[Layer Freezing] Trainable params: 28,384,555 / 108,924,715 (26.1%)
[Layer Freezing] Training last 4 transformer layers (layers 8-11)
[Layer Freezing] Trainable params: 28,384,555 / 108,924,715 (26.1%)
[Layer Freezing] Training last 4 transformer layers (layers 8-11)
[Layer Freezing] Trainable params: 28,384,555 / 108,924,715 (26.1%)
[Layer Freezing] Training last 4 transformer layers (layers 8-11)
[Layer Freezing] Trainable params: 28,384,555 / 108,924,715 (26.1%)
[Layer Freezing] Training last 4 transformer layers (layers 8-11)
[Layer Freezing] Trainable params: 28,384,555 / 108,924,715 (26.1%)
[Round 55] T=2.00  α_ce=1.00  α_kd=1.00
 Round 55 | F1 0.4890 | P 0.6246 | R 0.4017 | Time 43.5s | Comm N/A | Local Avg F1: 0.4200

=== Round 56/100 ===
[Round 56] KD=ON | policy=ema_first
[Layer Freezing] Training last 4 transformer layers (layers 8-11)
[Layer Freezing] Trainable params: 28,384,555 / 108,924,715 (26.1%)
[Layer Freezing] Training last 4 transformer layers (layers 8-11)
[Layer Freezing] Trainable params: 28,384,555 / 108,924,715 (26.1%)
[Layer Freezing] Training last 4 transformer layers (layers 8-11)
[Layer Freezing] Trainable params: 28,384,555 / 108,924,715 (26.1%)
[Layer Freezing] Training last 4 transformer layers (layers 8-11)
[Layer Freezing] Trainable params: 28,384,555 / 108,924,715 (26.1%)
[Layer Freezing] Training last 4 transformer layers (layers 8-11)
[Layer Freezing] Trainable params: 28,384,555 / 108,924,715 (26.1%)
[Layer Freezing] Training last 4 transformer layers (layers 8-11)
[Layer Freezing] Trainable params: 28,384,555 / 108,924,715 (26.1%)
[Layer Freezing] Training last 4 transformer layers (layers 8-11)
[Layer Freezing] Trainable params: 28,384,555 / 108,924,715 (26.1%)
[Layer Freezing] Training last 4 transformer layers (layers 8-11)
[Layer Freezing] Trainable params: 28,384,555 / 108,924,715 (26.1%)
[Layer Freezing] Training last 4 transformer layers (layers 8-11)
[Layer Freezing] Trainable params: 28,384,555 / 108,924,715 (26.1%)
[Layer Freezing] Training last 4 transformer layers (layers 8-11)
[Layer Freezing] Trainable params: 28,384,555 / 108,924,715 (26.1%)
[Round 56] T=2.00  α_ce=1.00  α_kd=1.00
 Round 56 | F1 0.4856 | P 0.6322 | R 0.3942 | Time 44.5s | Comm N/A | Local Avg F1: 0.4128

=== Round 57/100 ===
[Round 57] KD=ON | policy=ema_first
[Layer Freezing] Training last 4 transformer layers (layers 8-11)
[Layer Freezing] Trainable params: 28,384,555 / 108,924,715 (26.1%)
[Layer Freezing] Training last 4 transformer layers (layers 8-11)
[Layer Freezing] Trainable params: 28,384,555 / 108,924,715 (26.1%)
[Layer Freezing] Training last 4 transformer layers (layers 8-11)
[Layer Freezing] Trainable params: 28,384,555 / 108,924,715 (26.1%)
[Layer Freezing] Training last 4 transformer layers (layers 8-11)
[Layer Freezing] Trainable params: 28,384,555 / 108,924,715 (26.1%)
[Layer Freezing] Training last 4 transformer layers (layers 8-11)
[Layer Freezing] Trainable params: 28,384,555 / 108,924,715 (26.1%)
[Layer Freezing] Training last 4 transformer layers (layers 8-11)
[Layer Freezing] Trainable params: 28,384,555 / 108,924,715 (26.1%)
[Layer Freezing] Training last 4 transformer layers (layers 8-11)
[Layer Freezing] Trainable params: 28,384,555 / 108,924,715 (26.1%)
[Layer Freezing] Training last 4 transformer layers (layers 8-11)
[Layer Freezing] Trainable params: 28,384,555 / 108,924,715 (26.1%)
[Layer Freezing] Training last 4 transformer layers (layers 8-11)
[Layer Freezing] Trainable params: 28,384,555 / 108,924,715 (26.1%)
[Layer Freezing] Training last 4 transformer layers (layers 8-11)
[Layer Freezing] Trainable params: 28,384,555 / 108,924,715 (26.1%)
[Round 57] T=2.00  α_ce=1.00  α_kd=1.00
 Round 57 | F1 0.4831 | P 0.6362 | R 0.3894 | Time 44.1s | Comm N/A | Local Avg F1: 0.4137

=== Round 58/100 ===
[Round 58] KD=ON | policy=ema_first
[Layer Freezing] Training last 4 transformer layers (layers 8-11)
[Layer Freezing] Trainable params: 28,384,555 / 108,924,715 (26.1%)
[Layer Freezing] Training last 4 transformer layers (layers 8-11)
[Layer Freezing] Trainable params: 28,384,555 / 108,924,715 (26.1%)
[Layer Freezing] Training last 4 transformer layers (layers 8-11)
[Layer Freezing] Trainable params: 28,384,555 / 108,924,715 (26.1%)
[Layer Freezing] Training last 4 transformer layers (layers 8-11)
[Layer Freezing] Trainable params: 28,384,555 / 108,924,715 (26.1%)
[Layer Freezing] Training last 4 transformer layers (layers 8-11)
[Layer Freezing] Trainable params: 28,384,555 / 108,924,715 (26.1%)
[Layer Freezing] Training last 4 transformer layers (layers 8-11)
[Layer Freezing] Trainable params: 28,384,555 / 108,924,715 (26.1%)
[Layer Freezing] Training last 4 transformer layers (layers 8-11)
[Layer Freezing] Trainable params: 28,384,555 / 108,924,715 (26.1%)
[Layer Freezing] Training last 4 transformer layers (layers 8-11)
[Layer Freezing] Trainable params: 28,384,555 / 108,924,715 (26.1%)
[Layer Freezing] Training last 4 transformer layers (layers 8-11)
[Layer Freezing] Trainable params: 28,384,555 / 108,924,715 (26.1%)
[Layer Freezing] Training last 4 transformer layers (layers 8-11)
[Layer Freezing] Trainable params: 28,384,555 / 108,924,715 (26.1%)
[Round 58] T=2.00  α_ce=1.00  α_kd=1.00
 Round 58 | F1 0.4881 | P 0.6304 | R 0.3982 | Time 42.6s | Comm N/A | Local Avg F1: 0.4173

=== Round 59/100 ===
[Round 59] KD=ON | policy=ema_first
[Layer Freezing] Training last 4 transformer layers (layers 8-11)
[Layer Freezing] Trainable params: 28,384,555 / 108,924,715 (26.1%)
[Layer Freezing] Training last 4 transformer layers (layers 8-11)
[Layer Freezing] Trainable params: 28,384,555 / 108,924,715 (26.1%)
[Layer Freezing] Training last 4 transformer layers (layers 8-11)
[Layer Freezing] Trainable params: 28,384,555 / 108,924,715 (26.1%)
[Layer Freezing] Training last 4 transformer layers (layers 8-11)
[Layer Freezing] Trainable params: 28,384,555 / 108,924,715 (26.1%)
[Layer Freezing] Training last 4 transformer layers (layers 8-11)
[Layer Freezing] Trainable params: 28,384,555 / 108,924,715 (26.1%)
[Layer Freezing] Training last 4 transformer layers (layers 8-11)
[Layer Freezing] Trainable params: 28,384,555 / 108,924,715 (26.1%)
[Layer Freezing] Training last 4 transformer layers (layers 8-11)
[Layer Freezing] Trainable params: 28,384,555 / 108,924,715 (26.1%)
[Layer Freezing] Training last 4 transformer layers (layers 8-11)
[Layer Freezing] Trainable params: 28,384,555 / 108,924,715 (26.1%)
[Layer Freezing] Training last 4 transformer layers (layers 8-11)
[Layer Freezing] Trainable params: 28,384,555 / 108,924,715 (26.1%)
[Layer Freezing] Training last 4 transformer layers (layers 8-11)
[Layer Freezing] Trainable params: 28,384,555 / 108,924,715 (26.1%)
[Round 59] T=2.00  α_ce=1.00  α_kd=1.00
 Round 59 | F1 0.4812 | P 0.6395 | R 0.3857 | Time 44.4s | Comm N/A | Local Avg F1: 0.4114

=== Round 60/100 ===
[Round 60] KD=ON | policy=ema_first
[Layer Freezing] Training last 4 transformer layers (layers 8-11)
[Layer Freezing] Trainable params: 28,384,555 / 108,924,715 (26.1%)
[Layer Freezing] Training last 4 transformer layers (layers 8-11)
[Layer Freezing] Trainable params: 28,384,555 / 108,924,715 (26.1%)
[Layer Freezing] Training last 4 transformer layers (layers 8-11)
[Layer Freezing] Trainable params: 28,384,555 / 108,924,715 (26.1%)
[Layer Freezing] Training last 4 transformer layers (layers 8-11)
[Layer Freezing] Trainable params: 28,384,555 / 108,924,715 (26.1%)
[Layer Freezing] Training last 4 transformer layers (layers 8-11)
[Layer Freezing] Trainable params: 28,384,555 / 108,924,715 (26.1%)
[Layer Freezing] Training last 4 transformer layers (layers 8-11)
[Layer Freezing] Trainable params: 28,384,555 / 108,924,715 (26.1%)
[Layer Freezing] Training last 4 transformer layers (layers 8-11)
[Layer Freezing] Trainable params: 28,384,555 / 108,924,715 (26.1%)
[Layer Freezing] Training last 4 transformer layers (layers 8-11)
[Layer Freezing] Trainable params: 28,384,555 / 108,924,715 (26.1%)
[Layer Freezing] Training last 4 transformer layers (layers 8-11)
[Layer Freezing] Trainable params: 28,384,555 / 108,924,715 (26.1%)
[Layer Freezing] Training last 4 transformer layers (layers 8-11)
[Layer Freezing] Trainable params: 28,384,555 / 108,924,715 (26.1%)
[Round 60] T=2.00  α_ce=1.00  α_kd=1.00
 Round 60 | F1 0.4823 | P 0.6354 | R 0.3887 | Time 43.8s | Comm N/A | Local Avg F1: 0.4169

=== Round 61/100 ===
[Round 61] KD=ON | policy=ema_first
[Layer Freezing] Training last 4 transformer layers (layers 8-11)
[Layer Freezing] Trainable params: 28,384,555 / 108,924,715 (26.1%)
[Layer Freezing] Training last 4 transformer layers (layers 8-11)
[Layer Freezing] Trainable params: 28,384,555 / 108,924,715 (26.1%)
[Layer Freezing] Training last 4 transformer layers (layers 8-11)
[Layer Freezing] Trainable params: 28,384,555 / 108,924,715 (26.1%)
[Layer Freezing] Training last 4 transformer layers (layers 8-11)
[Layer Freezing] Trainable params: 28,384,555 / 108,924,715 (26.1%)
[Layer Freezing] Training last 4 transformer layers (layers 8-11)
[Layer Freezing] Trainable params: 28,384,555 / 108,924,715 (26.1%)
[Layer Freezing] Training last 4 transformer layers (layers 8-11)
[Layer Freezing] Trainable params: 28,384,555 / 108,924,715 (26.1%)
[Layer Freezing] Training last 4 transformer layers (layers 8-11)
[Layer Freezing] Trainable params: 28,384,555 / 108,924,715 (26.1%)
[Layer Freezing] Training last 4 transformer layers (layers 8-11)
[Layer Freezing] Trainable params: 28,384,555 / 108,924,715 (26.1%)
[Layer Freezing] Training last 4 transformer layers (layers 8-11)
[Layer Freezing] Trainable params: 28,384,555 / 108,924,715 (26.1%)
[Layer Freezing] Training last 4 transformer layers (layers 8-11)
[Layer Freezing] Trainable params: 28,384,555 / 108,924,715 (26.1%)
[Round 61] T=2.00  α_ce=1.00  α_kd=1.00
 Round 61 | F1 0.4865 | P 0.6393 | R 0.3926 | Time 43.2s | Comm N/A | Local Avg F1: 0.4147

=== Round 62/100 ===
[Round 62] KD=ON | policy=ema_first
[Layer Freezing] Training last 4 transformer layers (layers 8-11)
[Layer Freezing] Trainable params: 28,384,555 / 108,924,715 (26.1%)
[Layer Freezing] Training last 4 transformer layers (layers 8-11)
[Layer Freezing] Trainable params: 28,384,555 / 108,924,715 (26.1%)
[Layer Freezing] Training last 4 transformer layers (layers 8-11)
[Layer Freezing] Trainable params: 28,384,555 / 108,924,715 (26.1%)
[Layer Freezing] Training last 4 transformer layers (layers 8-11)
[Layer Freezing] Trainable params: 28,384,555 / 108,924,715 (26.1%)
[Layer Freezing] Training last 4 transformer layers (layers 8-11)
[Layer Freezing] Trainable params: 28,384,555 / 108,924,715 (26.1%)
[Layer Freezing] Training last 4 transformer layers (layers 8-11)
[Layer Freezing] Trainable params: 28,384,555 / 108,924,715 (26.1%)
[Layer Freezing] Training last 4 transformer layers (layers 8-11)
[Layer Freezing] Trainable params: 28,384,555 / 108,924,715 (26.1%)
[Layer Freezing] Training last 4 transformer layers (layers 8-11)
[Layer Freezing] Trainable params: 28,384,555 / 108,924,715 (26.1%)
[Layer Freezing] Training last 4 transformer layers (layers 8-11)
[Layer Freezing] Trainable params: 28,384,555 / 108,924,715 (26.1%)
[Layer Freezing] Training last 4 transformer layers (layers 8-11)
[Layer Freezing] Trainable params: 28,384,555 / 108,924,715 (26.1%)
[Round 62] T=2.00  α_ce=1.00  α_kd=1.00
 Round 62 | F1 0.4928 | P 0.6362 | R 0.4022 | Time 44.1s | Comm N/A | Local Avg F1: 0.4198

=== Round 63/100 ===
[Round 63] KD=ON | policy=ema_first
[Layer Freezing] Training last 4 transformer layers (layers 8-11)
[Layer Freezing] Trainable params: 28,384,555 / 108,924,715 (26.1%)
[Layer Freezing] Training last 4 transformer layers (layers 8-11)
[Layer Freezing] Trainable params: 28,384,555 / 108,924,715 (26.1%)
[Layer Freezing] Training last 4 transformer layers (layers 8-11)
[Layer Freezing] Trainable params: 28,384,555 / 108,924,715 (26.1%)
[Layer Freezing] Training last 4 transformer layers (layers 8-11)
[Layer Freezing] Trainable params: 28,384,555 / 108,924,715 (26.1%)
[Layer Freezing] Training last 4 transformer layers (layers 8-11)
[Layer Freezing] Trainable params: 28,384,555 / 108,924,715 (26.1%)
[Layer Freezing] Training last 4 transformer layers (layers 8-11)
[Layer Freezing] Trainable params: 28,384,555 / 108,924,715 (26.1%)
[Layer Freezing] Training last 4 transformer layers (layers 8-11)
[Layer Freezing] Trainable params: 28,384,555 / 108,924,715 (26.1%)
[Layer Freezing] Training last 4 transformer layers (layers 8-11)
[Layer Freezing] Trainable params: 28,384,555 / 108,924,715 (26.1%)
[Layer Freezing] Training last 4 transformer layers (layers 8-11)
[Layer Freezing] Trainable params: 28,384,555 / 108,924,715 (26.1%)
[Layer Freezing] Training last 4 transformer layers (layers 8-11)
[Layer Freezing] Trainable params: 28,384,555 / 108,924,715 (26.1%)
[Round 63] T=2.00  α_ce=1.00  α_kd=1.00
 Round 63 | F1 0.4879 | P 0.6348 | R 0.3962 | Time 43.6s | Comm N/A | Local Avg F1: 0.4188

=== Round 64/100 ===
[Round 64] KD=ON | policy=ema_first
[Layer Freezing] Training last 4 transformer layers (layers 8-11)
[Layer Freezing] Trainable params: 28,384,555 / 108,924,715 (26.1%)
[Layer Freezing] Training last 4 transformer layers (layers 8-11)
[Layer Freezing] Trainable params: 28,384,555 / 108,924,715 (26.1%)
[Layer Freezing] Training last 4 transformer layers (layers 8-11)
[Layer Freezing] Trainable params: 28,384,555 / 108,924,715 (26.1%)
[Layer Freezing] Training last 4 transformer layers (layers 8-11)
[Layer Freezing] Trainable params: 28,384,555 / 108,924,715 (26.1%)
[Layer Freezing] Training last 4 transformer layers (layers 8-11)
[Layer Freezing] Trainable params: 28,384,555 / 108,924,715 (26.1%)
[Layer Freezing] Training last 4 transformer layers (layers 8-11)
[Layer Freezing] Trainable params: 28,384,555 / 108,924,715 (26.1%)
[Layer Freezing] Training last 4 transformer layers (layers 8-11)
[Layer Freezing] Trainable params: 28,384,555 / 108,924,715 (26.1%)
[Layer Freezing] Training last 4 transformer layers (layers 8-11)
[Layer Freezing] Trainable params: 28,384,555 / 108,924,715 (26.1%)
[Layer Freezing] Training last 4 transformer layers (layers 8-11)
[Layer Freezing] Trainable params: 28,384,555 / 108,924,715 (26.1%)
[Layer Freezing] Training last 4 transformer layers (layers 8-11)
[Layer Freezing] Trainable params: 28,384,555 / 108,924,715 (26.1%)
[Round 64] T=2.00  α_ce=1.00  α_kd=1.00
 Round 64 | F1 0.5042 | P 0.6335 | R 0.4187 | Time 43.5s | Comm N/A | Local Avg F1: 0.4310

=== Round 65/100 ===
[Round 65] KD=ON | policy=ema_first
[Layer Freezing] Training last 4 transformer layers (layers 8-11)
[Layer Freezing] Trainable params: 28,384,555 / 108,924,715 (26.1%)
[Layer Freezing] Training last 4 transformer layers (layers 8-11)
[Layer Freezing] Trainable params: 28,384,555 / 108,924,715 (26.1%)
[Layer Freezing] Training last 4 transformer layers (layers 8-11)
[Layer Freezing] Trainable params: 28,384,555 / 108,924,715 (26.1%)
[Layer Freezing] Training last 4 transformer layers (layers 8-11)
[Layer Freezing] Trainable params: 28,384,555 / 108,924,715 (26.1%)
[Layer Freezing] Training last 4 transformer layers (layers 8-11)
[Layer Freezing] Trainable params: 28,384,555 / 108,924,715 (26.1%)
[Layer Freezing] Training last 4 transformer layers (layers 8-11)
[Layer Freezing] Trainable params: 28,384,555 / 108,924,715 (26.1%)
[Layer Freezing] Training last 4 transformer layers (layers 8-11)
[Layer Freezing] Trainable params: 28,384,555 / 108,924,715 (26.1%)
[Layer Freezing] Training last 4 transformer layers (layers 8-11)
[Layer Freezing] Trainable params: 28,384,555 / 108,924,715 (26.1%)
[Layer Freezing] Training last 4 transformer layers (layers 8-11)
[Layer Freezing] Trainable params: 28,384,555 / 108,924,715 (26.1%)
[Layer Freezing] Training last 4 transformer layers (layers 8-11)
[Layer Freezing] Trainable params: 28,384,555 / 108,924,715 (26.1%)
[Round 65] T=2.00  α_ce=1.00  α_kd=1.00
 Round 65 | F1 0.4972 | P 0.6380 | R 0.4073 | Time 44.0s | Comm N/A | Local Avg F1: 0.4267

=== Round 66/100 ===
[Round 66] KD=ON | policy=ema_first
[Layer Freezing] Training last 4 transformer layers (layers 8-11)
[Layer Freezing] Trainable params: 28,384,555 / 108,924,715 (26.1%)
[Layer Freezing] Training last 4 transformer layers (layers 8-11)
[Layer Freezing] Trainable params: 28,384,555 / 108,924,715 (26.1%)
[Layer Freezing] Training last 4 transformer layers (layers 8-11)
[Layer Freezing] Trainable params: 28,384,555 / 108,924,715 (26.1%)
[Layer Freezing] Training last 4 transformer layers (layers 8-11)
[Layer Freezing] Trainable params: 28,384,555 / 108,924,715 (26.1%)
[Layer Freezing] Training last 4 transformer layers (layers 8-11)
[Layer Freezing] Trainable params: 28,384,555 / 108,924,715 (26.1%)
[Layer Freezing] Training last 4 transformer layers (layers 8-11)
[Layer Freezing] Trainable params: 28,384,555 / 108,924,715 (26.1%)
[Layer Freezing] Training last 4 transformer layers (layers 8-11)
[Layer Freezing] Trainable params: 28,384,555 / 108,924,715 (26.1%)
[Layer Freezing] Training last 4 transformer layers (layers 8-11)
[Layer Freezing] Trainable params: 28,384,555 / 108,924,715 (26.1%)
[Layer Freezing] Training last 4 transformer layers (layers 8-11)
[Layer Freezing] Trainable params: 28,384,555 / 108,924,715 (26.1%)
[Layer Freezing] Training last 4 transformer layers (layers 8-11)
[Layer Freezing] Trainable params: 28,384,555 / 108,924,715 (26.1%)
[Round 66] T=2.00  α_ce=1.00  α_kd=1.00
 Round 66 | F1 0.4890 | P 0.6404 | R 0.3955 | Time 43.9s | Comm N/A | Local Avg F1: 0.4195

=== Round 67/100 ===
[Round 67] KD=ON | policy=ema_first
[Layer Freezing] Training last 4 transformer layers (layers 8-11)
[Layer Freezing] Trainable params: 28,384,555 / 108,924,715 (26.1%)
[Layer Freezing] Training last 4 transformer layers (layers 8-11)
[Layer Freezing] Trainable params: 28,384,555 / 108,924,715 (26.1%)
[Layer Freezing] Training last 4 transformer layers (layers 8-11)
[Layer Freezing] Trainable params: 28,384,555 / 108,924,715 (26.1%)
[Layer Freezing] Training last 4 transformer layers (layers 8-11)
[Layer Freezing] Trainable params: 28,384,555 / 108,924,715 (26.1%)
[Layer Freezing] Training last 4 transformer layers (layers 8-11)
[Layer Freezing] Trainable params: 28,384,555 / 108,924,715 (26.1%)
[Layer Freezing] Training last 4 transformer layers (layers 8-11)
[Layer Freezing] Trainable params: 28,384,555 / 108,924,715 (26.1%)
[Layer Freezing] Training last 4 transformer layers (layers 8-11)
[Layer Freezing] Trainable params: 28,384,555 / 108,924,715 (26.1%)
[Layer Freezing] Training last 4 transformer layers (layers 8-11)
[Layer Freezing] Trainable params: 28,384,555 / 108,924,715 (26.1%)
[Layer Freezing] Training last 4 transformer layers (layers 8-11)
[Layer Freezing] Trainable params: 28,384,555 / 108,924,715 (26.1%)
[Layer Freezing] Training last 4 transformer layers (layers 8-11)
[Layer Freezing] Trainable params: 28,384,555 / 108,924,715 (26.1%)
[Round 67] T=2.00  α_ce=1.00  α_kd=1.00
 Round 67 | F1 0.5073 | P 0.6320 | R 0.4238 | Time 43.5s | Comm N/A | Local Avg F1: 0.4350

=== Round 68/100 ===
[Round 68] KD=ON | policy=ema_first
[Layer Freezing] Training last 4 transformer layers (layers 8-11)
[Layer Freezing] Trainable params: 28,384,555 / 108,924,715 (26.1%)
[Layer Freezing] Training last 4 transformer layers (layers 8-11)
[Layer Freezing] Trainable params: 28,384,555 / 108,924,715 (26.1%)
[Layer Freezing] Training last 4 transformer layers (layers 8-11)
[Layer Freezing] Trainable params: 28,384,555 / 108,924,715 (26.1%)
[Layer Freezing] Training last 4 transformer layers (layers 8-11)
[Layer Freezing] Trainable params: 28,384,555 / 108,924,715 (26.1%)
[Layer Freezing] Training last 4 transformer layers (layers 8-11)
[Layer Freezing] Trainable params: 28,384,555 / 108,924,715 (26.1%)
[Layer Freezing] Training last 4 transformer layers (layers 8-11)
[Layer Freezing] Trainable params: 28,384,555 / 108,924,715 (26.1%)
[Layer Freezing] Training last 4 transformer layers (layers 8-11)
[Layer Freezing] Trainable params: 28,384,555 / 108,924,715 (26.1%)
[Layer Freezing] Training last 4 transformer layers (layers 8-11)
[Layer Freezing] Trainable params: 28,384,555 / 108,924,715 (26.1%)
[Layer Freezing] Training last 4 transformer layers (layers 8-11)
[Layer Freezing] Trainable params: 28,384,555 / 108,924,715 (26.1%)
[Layer Freezing] Training last 4 transformer layers (layers 8-11)
[Layer Freezing] Trainable params: 28,384,555 / 108,924,715 (26.1%)
[Round 68] T=2.00  α_ce=1.00  α_kd=1.00
 Round 68 | F1 0.4910 | P 0.6389 | R 0.3987 | Time 44.6s | Comm N/A | Local Avg F1: 0.4258

=== Round 69/100 ===
[Round 69] KD=ON | policy=ema_first
[Layer Freezing] Training last 4 transformer layers (layers 8-11)
[Layer Freezing] Trainable params: 28,384,555 / 108,924,715 (26.1%)
[Layer Freezing] Training last 4 transformer layers (layers 8-11)
[Layer Freezing] Trainable params: 28,384,555 / 108,924,715 (26.1%)
[Layer Freezing] Training last 4 transformer layers (layers 8-11)
[Layer Freezing] Trainable params: 28,384,555 / 108,924,715 (26.1%)
[Layer Freezing] Training last 4 transformer layers (layers 8-11)
[Layer Freezing] Trainable params: 28,384,555 / 108,924,715 (26.1%)
[Layer Freezing] Training last 4 transformer layers (layers 8-11)
[Layer Freezing] Trainable params: 28,384,555 / 108,924,715 (26.1%)
[Layer Freezing] Training last 4 transformer layers (layers 8-11)
[Layer Freezing] Trainable params: 28,384,555 / 108,924,715 (26.1%)
[Layer Freezing] Training last 4 transformer layers (layers 8-11)
[Layer Freezing] Trainable params: 28,384,555 / 108,924,715 (26.1%)
[Layer Freezing] Training last 4 transformer layers (layers 8-11)
[Layer Freezing] Trainable params: 28,384,555 / 108,924,715 (26.1%)
[Layer Freezing] Training last 4 transformer layers (layers 8-11)
[Layer Freezing] Trainable params: 28,384,555 / 108,924,715 (26.1%)
[Layer Freezing] Training last 4 transformer layers (layers 8-11)
[Layer Freezing] Trainable params: 28,384,555 / 108,924,715 (26.1%)
[Round 69] T=2.00  α_ce=1.00  α_kd=1.00
 Round 69 | F1 0.5045 | P 0.6316 | R 0.4199 | Time 44.2s | Comm N/A | Local Avg F1: 0.4278

=== Round 70/100 ===
[Round 70] KD=ON | policy=ema_first
[Layer Freezing] Training last 4 transformer layers (layers 8-11)
[Layer Freezing] Trainable params: 28,384,555 / 108,924,715 (26.1%)
[Layer Freezing] Training last 4 transformer layers (layers 8-11)
[Layer Freezing] Trainable params: 28,384,555 / 108,924,715 (26.1%)
[Layer Freezing] Training last 4 transformer layers (layers 8-11)
[Layer Freezing] Trainable params: 28,384,555 / 108,924,715 (26.1%)
[Layer Freezing] Training last 4 transformer layers (layers 8-11)
[Layer Freezing] Trainable params: 28,384,555 / 108,924,715 (26.1%)
[Layer Freezing] Training last 4 transformer layers (layers 8-11)
[Layer Freezing] Trainable params: 28,384,555 / 108,924,715 (26.1%)
[Layer Freezing] Training last 4 transformer layers (layers 8-11)
[Layer Freezing] Trainable params: 28,384,555 / 108,924,715 (26.1%)
[Layer Freezing] Training last 4 transformer layers (layers 8-11)
[Layer Freezing] Trainable params: 28,384,555 / 108,924,715 (26.1%)
[Layer Freezing] Training last 4 transformer layers (layers 8-11)
[Layer Freezing] Trainable params: 28,384,555 / 108,924,715 (26.1%)
[Layer Freezing] Training last 4 transformer layers (layers 8-11)
[Layer Freezing] Trainable params: 28,384,555 / 108,924,715 (26.1%)
[Layer Freezing] Training last 4 transformer layers (layers 8-11)
[Layer Freezing] Trainable params: 28,384,555 / 108,924,715 (26.1%)
[Round 70] T=2.00  α_ce=1.00  α_kd=1.00
 Round 70 | F1 0.5034 | P 0.6424 | R 0.4139 | Time 43.4s | Comm N/A | Local Avg F1: 0.4326

=== Round 71/100 ===
[Round 71] KD=ON | policy=ema_first
[Layer Freezing] Training last 4 transformer layers (layers 8-11)
[Layer Freezing] Trainable params: 28,384,555 / 108,924,715 (26.1%)
[Layer Freezing] Training last 4 transformer layers (layers 8-11)
[Layer Freezing] Trainable params: 28,384,555 / 108,924,715 (26.1%)
[Layer Freezing] Training last 4 transformer layers (layers 8-11)
[Layer Freezing] Trainable params: 28,384,555 / 108,924,715 (26.1%)
[Layer Freezing] Training last 4 transformer layers (layers 8-11)
[Layer Freezing] Trainable params: 28,384,555 / 108,924,715 (26.1%)
[Layer Freezing] Training last 4 transformer layers (layers 8-11)
[Layer Freezing] Trainable params: 28,384,555 / 108,924,715 (26.1%)
[Layer Freezing] Training last 4 transformer layers (layers 8-11)
[Layer Freezing] Trainable params: 28,384,555 / 108,924,715 (26.1%)
[Layer Freezing] Training last 4 transformer layers (layers 8-11)
[Layer Freezing] Trainable params: 28,384,555 / 108,924,715 (26.1%)
[Layer Freezing] Training last 4 transformer layers (layers 8-11)
[Layer Freezing] Trainable params: 28,384,555 / 108,924,715 (26.1%)
[Layer Freezing] Training last 4 transformer layers (layers 8-11)
[Layer Freezing] Trainable params: 28,384,555 / 108,924,715 (26.1%)
[Layer Freezing] Training last 4 transformer layers (layers 8-11)
[Layer Freezing] Trainable params: 28,384,555 / 108,924,715 (26.1%)
[Round 71] T=2.00  α_ce=1.00  α_kd=1.00
 Round 71 | F1 0.5126 | P 0.6325 | R 0.4309 | Time 44.9s | Comm N/A | Local Avg F1: 0.4409

=== Round 72/100 ===
[Round 72] KD=ON | policy=ema_first
[Layer Freezing] Training last 4 transformer layers (layers 8-11)
[Layer Freezing] Trainable params: 28,384,555 / 108,924,715 (26.1%)
[Layer Freezing] Training last 4 transformer layers (layers 8-11)
[Layer Freezing] Trainable params: 28,384,555 / 108,924,715 (26.1%)
[Layer Freezing] Training last 4 transformer layers (layers 8-11)
[Layer Freezing] Trainable params: 28,384,555 / 108,924,715 (26.1%)
[Layer Freezing] Training last 4 transformer layers (layers 8-11)
[Layer Freezing] Trainable params: 28,384,555 / 108,924,715 (26.1%)
[Layer Freezing] Training last 4 transformer layers (layers 8-11)
[Layer Freezing] Trainable params: 28,384,555 / 108,924,715 (26.1%)
[Layer Freezing] Training last 4 transformer layers (layers 8-11)
[Layer Freezing] Trainable params: 28,384,555 / 108,924,715 (26.1%)
[Layer Freezing] Training last 4 transformer layers (layers 8-11)
[Layer Freezing] Trainable params: 28,384,555 / 108,924,715 (26.1%)
[Layer Freezing] Training last 4 transformer layers (layers 8-11)
[Layer Freezing] Trainable params: 28,384,555 / 108,924,715 (26.1%)
[Layer Freezing] Training last 4 transformer layers (layers 8-11)
[Layer Freezing] Trainable params: 28,384,555 / 108,924,715 (26.1%)
[Layer Freezing] Training last 4 transformer layers (layers 8-11)
[Layer Freezing] Trainable params: 28,384,555 / 108,924,715 (26.1%)
[Round 72] T=2.00  α_ce=1.00  α_kd=1.00
 Round 72 | F1 0.5058 | P 0.6355 | R 0.4201 | Time 44.0s | Comm N/A | Local Avg F1: 0.4355

=== Round 73/100 ===
[Round 73] KD=ON | policy=ema_first
[Layer Freezing] Training last 4 transformer layers (layers 8-11)
[Layer Freezing] Trainable params: 28,384,555 / 108,924,715 (26.1%)
[Layer Freezing] Training last 4 transformer layers (layers 8-11)
[Layer Freezing] Trainable params: 28,384,555 / 108,924,715 (26.1%)
[Layer Freezing] Training last 4 transformer layers (layers 8-11)
[Layer Freezing] Trainable params: 28,384,555 / 108,924,715 (26.1%)
[Layer Freezing] Training last 4 transformer layers (layers 8-11)
[Layer Freezing] Trainable params: 28,384,555 / 108,924,715 (26.1%)
[Layer Freezing] Training last 4 transformer layers (layers 8-11)
[Layer Freezing] Trainable params: 28,384,555 / 108,924,715 (26.1%)
[Layer Freezing] Training last 4 transformer layers (layers 8-11)
[Layer Freezing] Trainable params: 28,384,555 / 108,924,715 (26.1%)
[Layer Freezing] Training last 4 transformer layers (layers 8-11)
[Layer Freezing] Trainable params: 28,384,555 / 108,924,715 (26.1%)
[Layer Freezing] Training last 4 transformer layers (layers 8-11)
[Layer Freezing] Trainable params: 28,384,555 / 108,924,715 (26.1%)
[Layer Freezing] Training last 4 transformer layers (layers 8-11)
[Layer Freezing] Trainable params: 28,384,555 / 108,924,715 (26.1%)
[Layer Freezing] Training last 4 transformer layers (layers 8-11)
[Layer Freezing] Trainable params: 28,384,555 / 108,924,715 (26.1%)
[Round 73] T=2.00  α_ce=1.00  α_kd=1.00
 Round 73 | F1 0.5098 | P 0.6358 | R 0.4255 | Time 42.5s | Comm N/A | Local Avg F1: 0.4386

=== Round 74/100 ===
[Round 74] KD=ON | policy=ema_first
[Layer Freezing] Training last 4 transformer layers (layers 8-11)
[Layer Freezing] Trainable params: 28,384,555 / 108,924,715 (26.1%)
[Layer Freezing] Training last 4 transformer layers (layers 8-11)
[Layer Freezing] Trainable params: 28,384,555 / 108,924,715 (26.1%)
[Layer Freezing] Training last 4 transformer layers (layers 8-11)
[Layer Freezing] Trainable params: 28,384,555 / 108,924,715 (26.1%)
[Layer Freezing] Training last 4 transformer layers (layers 8-11)
[Layer Freezing] Trainable params: 28,384,555 / 108,924,715 (26.1%)
[Layer Freezing] Training last 4 transformer layers (layers 8-11)
[Layer Freezing] Trainable params: 28,384,555 / 108,924,715 (26.1%)
[Layer Freezing] Training last 4 transformer layers (layers 8-11)
[Layer Freezing] Trainable params: 28,384,555 / 108,924,715 (26.1%)
[Layer Freezing] Training last 4 transformer layers (layers 8-11)
[Layer Freezing] Trainable params: 28,384,555 / 108,924,715 (26.1%)
[Layer Freezing] Training last 4 transformer layers (layers 8-11)
[Layer Freezing] Trainable params: 28,384,555 / 108,924,715 (26.1%)
[Layer Freezing] Training last 4 transformer layers (layers 8-11)
[Layer Freezing] Trainable params: 28,384,555 / 108,924,715 (26.1%)
[Layer Freezing] Training last 4 transformer layers (layers 8-11)
[Layer Freezing] Trainable params: 28,384,555 / 108,924,715 (26.1%)
[Round 74] T=2.00  α_ce=1.00  α_kd=1.00
 Round 74 | F1 0.5033 | P 0.6414 | R 0.4141 | Time 44.6s | Comm N/A | Local Avg F1: 0.4316

=== Round 75/100 ===
[Round 75] KD=ON | policy=ema_first
[Layer Freezing] Training last 4 transformer layers (layers 8-11)
[Layer Freezing] Trainable params: 28,384,555 / 108,924,715 (26.1%)
[Layer Freezing] Training last 4 transformer layers (layers 8-11)
[Layer Freezing] Trainable params: 28,384,555 / 108,924,715 (26.1%)
[Layer Freezing] Training last 4 transformer layers (layers 8-11)
[Layer Freezing] Trainable params: 28,384,555 / 108,924,715 (26.1%)
[Layer Freezing] Training last 4 transformer layers (layers 8-11)
[Layer Freezing] Trainable params: 28,384,555 / 108,924,715 (26.1%)
[Layer Freezing] Training last 4 transformer layers (layers 8-11)
[Layer Freezing] Trainable params: 28,384,555 / 108,924,715 (26.1%)
[Layer Freezing] Training last 4 transformer layers (layers 8-11)
[Layer Freezing] Trainable params: 28,384,555 / 108,924,715 (26.1%)
[Layer Freezing] Training last 4 transformer layers (layers 8-11)
[Layer Freezing] Trainable params: 28,384,555 / 108,924,715 (26.1%)
[Layer Freezing] Training last 4 transformer layers (layers 8-11)
[Layer Freezing] Trainable params: 28,384,555 / 108,924,715 (26.1%)
[Layer Freezing] Training last 4 transformer layers (layers 8-11)
[Layer Freezing] Trainable params: 28,384,555 / 108,924,715 (26.1%)
[Layer Freezing] Training last 4 transformer layers (layers 8-11)
[Layer Freezing] Trainable params: 28,384,555 / 108,924,715 (26.1%)
[Round 75] T=2.00  α_ce=1.00  α_kd=1.00
 Round 75 | F1 0.4996 | P 0.6452 | R 0.4077 | Time 43.0s | Comm N/A | Local Avg F1: 0.4319

=== Round 76/100 ===
[Round 76] KD=ON | policy=ema_first
[Layer Freezing] Training last 4 transformer layers (layers 8-11)
[Layer Freezing] Trainable params: 28,384,555 / 108,924,715 (26.1%)
[Layer Freezing] Training last 4 transformer layers (layers 8-11)
[Layer Freezing] Trainable params: 28,384,555 / 108,924,715 (26.1%)
[Layer Freezing] Training last 4 transformer layers (layers 8-11)
[Layer Freezing] Trainable params: 28,384,555 / 108,924,715 (26.1%)
[Layer Freezing] Training last 4 transformer layers (layers 8-11)
[Layer Freezing] Trainable params: 28,384,555 / 108,924,715 (26.1%)
[Layer Freezing] Training last 4 transformer layers (layers 8-11)
[Layer Freezing] Trainable params: 28,384,555 / 108,924,715 (26.1%)
[Layer Freezing] Training last 4 transformer layers (layers 8-11)
[Layer Freezing] Trainable params: 28,384,555 / 108,924,715 (26.1%)
[Layer Freezing] Training last 4 transformer layers (layers 8-11)
[Layer Freezing] Trainable params: 28,384,555 / 108,924,715 (26.1%)
[Layer Freezing] Training last 4 transformer layers (layers 8-11)
[Layer Freezing] Trainable params: 28,384,555 / 108,924,715 (26.1%)
[Layer Freezing] Training last 4 transformer layers (layers 8-11)
[Layer Freezing] Trainable params: 28,384,555 / 108,924,715 (26.1%)
[Layer Freezing] Training last 4 transformer layers (layers 8-11)
[Layer Freezing] Trainable params: 28,384,555 / 108,924,715 (26.1%)
[Round 76] T=2.00  α_ce=1.00  α_kd=1.00
 Round 76 | F1 0.5173 | P 0.6333 | R 0.4372 | Time 44.0s | Comm N/A | Local Avg F1: 0.4426

=== Round 77/100 ===
[Round 77] KD=ON | policy=ema_first
[Layer Freezing] Training last 4 transformer layers (layers 8-11)
[Layer Freezing] Trainable params: 28,384,555 / 108,924,715 (26.1%)
[Layer Freezing] Training last 4 transformer layers (layers 8-11)
[Layer Freezing] Trainable params: 28,384,555 / 108,924,715 (26.1%)
[Layer Freezing] Training last 4 transformer layers (layers 8-11)
[Layer Freezing] Trainable params: 28,384,555 / 108,924,715 (26.1%)
[Layer Freezing] Training last 4 transformer layers (layers 8-11)
[Layer Freezing] Trainable params: 28,384,555 / 108,924,715 (26.1%)
[Layer Freezing] Training last 4 transformer layers (layers 8-11)
[Layer Freezing] Trainable params: 28,384,555 / 108,924,715 (26.1%)
[Layer Freezing] Training last 4 transformer layers (layers 8-11)
[Layer Freezing] Trainable params: 28,384,555 / 108,924,715 (26.1%)
[Layer Freezing] Training last 4 transformer layers (layers 8-11)
[Layer Freezing] Trainable params: 28,384,555 / 108,924,715 (26.1%)
[Layer Freezing] Training last 4 transformer layers (layers 8-11)
[Layer Freezing] Trainable params: 28,384,555 / 108,924,715 (26.1%)
[Layer Freezing] Training last 4 transformer layers (layers 8-11)
[Layer Freezing] Trainable params: 28,384,555 / 108,924,715 (26.1%)
[Layer Freezing] Training last 4 transformer layers (layers 8-11)
[Layer Freezing] Trainable params: 28,384,555 / 108,924,715 (26.1%)
[Round 77] T=2.00  α_ce=1.00  α_kd=1.00
 Round 77 | F1 0.5097 | P 0.6365 | R 0.4250 | Time 44.1s | Comm N/A | Local Avg F1: 0.4377

=== Round 78/100 ===
[Round 78] KD=ON | policy=ema_first
[Layer Freezing] Training last 4 transformer layers (layers 8-11)
[Layer Freezing] Trainable params: 28,384,555 / 108,924,715 (26.1%)
[Layer Freezing] Training last 4 transformer layers (layers 8-11)
[Layer Freezing] Trainable params: 28,384,555 / 108,924,715 (26.1%)
[Layer Freezing] Training last 4 transformer layers (layers 8-11)
[Layer Freezing] Trainable params: 28,384,555 / 108,924,715 (26.1%)
[Layer Freezing] Training last 4 transformer layers (layers 8-11)
[Layer Freezing] Trainable params: 28,384,555 / 108,924,715 (26.1%)
[Layer Freezing] Training last 4 transformer layers (layers 8-11)
[Layer Freezing] Trainable params: 28,384,555 / 108,924,715 (26.1%)
[Layer Freezing] Training last 4 transformer layers (layers 8-11)
[Layer Freezing] Trainable params: 28,384,555 / 108,924,715 (26.1%)
[Layer Freezing] Training last 4 transformer layers (layers 8-11)
[Layer Freezing] Trainable params: 28,384,555 / 108,924,715 (26.1%)
[Layer Freezing] Training last 4 transformer layers (layers 8-11)
[Layer Freezing] Trainable params: 28,384,555 / 108,924,715 (26.1%)
[Layer Freezing] Training last 4 transformer layers (layers 8-11)
[Layer Freezing] Trainable params: 28,384,555 / 108,924,715 (26.1%)
[Layer Freezing] Training last 4 transformer layers (layers 8-11)
[Layer Freezing] Trainable params: 28,384,555 / 108,924,715 (26.1%)
[Round 78] T=2.00  α_ce=1.00  α_kd=1.00
 Round 78 | F1 0.5092 | P 0.6410 | R 0.4224 | Time 42.8s | Comm N/A | Local Avg F1: 0.4366

=== Round 79/100 ===
[Round 79] KD=ON | policy=ema_first
[Layer Freezing] Training last 4 transformer layers (layers 8-11)
[Layer Freezing] Trainable params: 28,384,555 / 108,924,715 (26.1%)
[Layer Freezing] Training last 4 transformer layers (layers 8-11)
[Layer Freezing] Trainable params: 28,384,555 / 108,924,715 (26.1%)
[Layer Freezing] Training last 4 transformer layers (layers 8-11)
[Layer Freezing] Trainable params: 28,384,555 / 108,924,715 (26.1%)
[Layer Freezing] Training last 4 transformer layers (layers 8-11)
[Layer Freezing] Trainable params: 28,384,555 / 108,924,715 (26.1%)
[Layer Freezing] Training last 4 transformer layers (layers 8-11)
[Layer Freezing] Trainable params: 28,384,555 / 108,924,715 (26.1%)
[Layer Freezing] Training last 4 transformer layers (layers 8-11)
[Layer Freezing] Trainable params: 28,384,555 / 108,924,715 (26.1%)
[Layer Freezing] Training last 4 transformer layers (layers 8-11)
[Layer Freezing] Trainable params: 28,384,555 / 108,924,715 (26.1%)
[Layer Freezing] Training last 4 transformer layers (layers 8-11)
[Layer Freezing] Trainable params: 28,384,555 / 108,924,715 (26.1%)
[Layer Freezing] Training last 4 transformer layers (layers 8-11)
[Layer Freezing] Trainable params: 28,384,555 / 108,924,715 (26.1%)
[Layer Freezing] Training last 4 transformer layers (layers 8-11)
[Layer Freezing] Trainable params: 28,384,555 / 108,924,715 (26.1%)
[Round 79] T=2.00  α_ce=1.00  α_kd=1.00
 Round 79 | F1 0.5148 | P 0.6399 | R 0.4306 | Time 43.7s | Comm N/A | Local Avg F1: 0.4422

=== Round 80/100 ===
[Round 80] KD=ON | policy=ema_first
[Layer Freezing] Training last 4 transformer layers (layers 8-11)
[Layer Freezing] Trainable params: 28,384,555 / 108,924,715 (26.1%)
[Layer Freezing] Training last 4 transformer layers (layers 8-11)
[Layer Freezing] Trainable params: 28,384,555 / 108,924,715 (26.1%)
[Layer Freezing] Training last 4 transformer layers (layers 8-11)
[Layer Freezing] Trainable params: 28,384,555 / 108,924,715 (26.1%)
[Layer Freezing] Training last 4 transformer layers (layers 8-11)
[Layer Freezing] Trainable params: 28,384,555 / 108,924,715 (26.1%)
[Layer Freezing] Training last 4 transformer layers (layers 8-11)
[Layer Freezing] Trainable params: 28,384,555 / 108,924,715 (26.1%)
[Layer Freezing] Training last 4 transformer layers (layers 8-11)
[Layer Freezing] Trainable params: 28,384,555 / 108,924,715 (26.1%)
[Layer Freezing] Training last 4 transformer layers (layers 8-11)
[Layer Freezing] Trainable params: 28,384,555 / 108,924,715 (26.1%)
[Layer Freezing] Training last 4 transformer layers (layers 8-11)
[Layer Freezing] Trainable params: 28,384,555 / 108,924,715 (26.1%)
[Layer Freezing] Training last 4 transformer layers (layers 8-11)
[Layer Freezing] Trainable params: 28,384,555 / 108,924,715 (26.1%)
[Layer Freezing] Training last 4 transformer layers (layers 8-11)
[Layer Freezing] Trainable params: 28,384,555 / 108,924,715 (26.1%)
[Round 80] T=2.00  α_ce=1.00  α_kd=1.00
 Round 80 | F1 0.5131 | P 0.6382 | R 0.4291 | Time 44.2s | Comm N/A | Local Avg F1: 0.4402

=== Round 81/100 ===
[Round 81] KD=ON | policy=ema_first
[Layer Freezing] Training last 4 transformer layers (layers 8-11)
[Layer Freezing] Trainable params: 28,384,555 / 108,924,715 (26.1%)
[Layer Freezing] Training last 4 transformer layers (layers 8-11)
[Layer Freezing] Trainable params: 28,384,555 / 108,924,715 (26.1%)
[Layer Freezing] Training last 4 transformer layers (layers 8-11)
[Layer Freezing] Trainable params: 28,384,555 / 108,924,715 (26.1%)
[Layer Freezing] Training last 4 transformer layers (layers 8-11)
[Layer Freezing] Trainable params: 28,384,555 / 108,924,715 (26.1%)
[Layer Freezing] Training last 4 transformer layers (layers 8-11)
[Layer Freezing] Trainable params: 28,384,555 / 108,924,715 (26.1%)
[Layer Freezing] Training last 4 transformer layers (layers 8-11)
[Layer Freezing] Trainable params: 28,384,555 / 108,924,715 (26.1%)
[Layer Freezing] Training last 4 transformer layers (layers 8-11)
[Layer Freezing] Trainable params: 28,384,555 / 108,924,715 (26.1%)
[Layer Freezing] Training last 4 transformer layers (layers 8-11)
[Layer Freezing] Trainable params: 28,384,555 / 108,924,715 (26.1%)
[Layer Freezing] Training last 4 transformer layers (layers 8-11)
[Layer Freezing] Trainable params: 28,384,555 / 108,924,715 (26.1%)
[Layer Freezing] Training last 4 transformer layers (layers 8-11)
[Layer Freezing] Trainable params: 28,384,555 / 108,924,715 (26.1%)
[Round 81] T=2.00  α_ce=1.00  α_kd=1.00
 Round 81 | F1 0.5080 | P 0.6427 | R 0.4199 | Time 43.1s | Comm N/A | Local Avg F1: 0.4350

=== Round 82/100 ===
[Round 82] KD=ON | policy=ema_first
[Layer Freezing] Training last 4 transformer layers (layers 8-11)
[Layer Freezing] Trainable params: 28,384,555 / 108,924,715 (26.1%)
[Layer Freezing] Training last 4 transformer layers (layers 8-11)
[Layer Freezing] Trainable params: 28,384,555 / 108,924,715 (26.1%)
[Layer Freezing] Training last 4 transformer layers (layers 8-11)
[Layer Freezing] Trainable params: 28,384,555 / 108,924,715 (26.1%)
[Layer Freezing] Training last 4 transformer layers (layers 8-11)
[Layer Freezing] Trainable params: 28,384,555 / 108,924,715 (26.1%)
[Layer Freezing] Training last 4 transformer layers (layers 8-11)
[Layer Freezing] Trainable params: 28,384,555 / 108,924,715 (26.1%)
[Layer Freezing] Training last 4 transformer layers (layers 8-11)
[Layer Freezing] Trainable params: 28,384,555 / 108,924,715 (26.1%)
[Layer Freezing] Training last 4 transformer layers (layers 8-11)
[Layer Freezing] Trainable params: 28,384,555 / 108,924,715 (26.1%)
[Layer Freezing] Training last 4 transformer layers (layers 8-11)
[Layer Freezing] Trainable params: 28,384,555 / 108,924,715 (26.1%)
[Layer Freezing] Training last 4 transformer layers (layers 8-11)
[Layer Freezing] Trainable params: 28,384,555 / 108,924,715 (26.1%)
[Layer Freezing] Training last 4 transformer layers (layers 8-11)
[Layer Freezing] Trainable params: 28,384,555 / 108,924,715 (26.1%)
[Round 82] T=2.00  α_ce=1.00  α_kd=1.00
 Round 82 | F1 0.5142 | P 0.6312 | R 0.4338 | Time 43.5s | Comm N/A | Local Avg F1: 0.4430

=== Round 83/100 ===
[Round 83] KD=ON | policy=ema_first
[Layer Freezing] Training last 4 transformer layers (layers 8-11)
[Layer Freezing] Trainable params: 28,384,555 / 108,924,715 (26.1%)
[Layer Freezing] Training last 4 transformer layers (layers 8-11)
[Layer Freezing] Trainable params: 28,384,555 / 108,924,715 (26.1%)
[Layer Freezing] Training last 4 transformer layers (layers 8-11)
[Layer Freezing] Trainable params: 28,384,555 / 108,924,715 (26.1%)
[Layer Freezing] Training last 4 transformer layers (layers 8-11)
[Layer Freezing] Trainable params: 28,384,555 / 108,924,715 (26.1%)
[Layer Freezing] Training last 4 transformer layers (layers 8-11)
[Layer Freezing] Trainable params: 28,384,555 / 108,924,715 (26.1%)
[Layer Freezing] Training last 4 transformer layers (layers 8-11)
[Layer Freezing] Trainable params: 28,384,555 / 108,924,715 (26.1%)
[Layer Freezing] Training last 4 transformer layers (layers 8-11)
[Layer Freezing] Trainable params: 28,384,555 / 108,924,715 (26.1%)
[Layer Freezing] Training last 4 transformer layers (layers 8-11)
[Layer Freezing] Trainable params: 28,384,555 / 108,924,715 (26.1%)
[Layer Freezing] Training last 4 transformer layers (layers 8-11)
[Layer Freezing] Trainable params: 28,384,555 / 108,924,715 (26.1%)
[Layer Freezing] Training last 4 transformer layers (layers 8-11)
[Layer Freezing] Trainable params: 28,384,555 / 108,924,715 (26.1%)
[Round 83] T=2.00  α_ce=1.00  α_kd=1.00
 Round 83 | F1 0.5194 | P 0.6308 | R 0.4414 | Time 44.2s | Comm N/A | Local Avg F1: 0.4469

=== Round 84/100 ===
[Round 84] KD=ON | policy=ema_first
[Layer Freezing] Training last 4 transformer layers (layers 8-11)
[Layer Freezing] Trainable params: 28,384,555 / 108,924,715 (26.1%)
[Layer Freezing] Training last 4 transformer layers (layers 8-11)
[Layer Freezing] Trainable params: 28,384,555 / 108,924,715 (26.1%)
[Layer Freezing] Training last 4 transformer layers (layers 8-11)
[Layer Freezing] Trainable params: 28,384,555 / 108,924,715 (26.1%)
[Layer Freezing] Training last 4 transformer layers (layers 8-11)
[Layer Freezing] Trainable params: 28,384,555 / 108,924,715 (26.1%)
[Layer Freezing] Training last 4 transformer layers (layers 8-11)
[Layer Freezing] Trainable params: 28,384,555 / 108,924,715 (26.1%)
[Layer Freezing] Training last 4 transformer layers (layers 8-11)
[Layer Freezing] Trainable params: 28,384,555 / 108,924,715 (26.1%)
[Layer Freezing] Training last 4 transformer layers (layers 8-11)
[Layer Freezing] Trainable params: 28,384,555 / 108,924,715 (26.1%)
[Layer Freezing] Training last 4 transformer layers (layers 8-11)
[Layer Freezing] Trainable params: 28,384,555 / 108,924,715 (26.1%)
[Layer Freezing] Training last 4 transformer layers (layers 8-11)
[Layer Freezing] Trainable params: 28,384,555 / 108,924,715 (26.1%)
[Layer Freezing] Training last 4 transformer layers (layers 8-11)
[Layer Freezing] Trainable params: 28,384,555 / 108,924,715 (26.1%)
[Round 84] T=2.00  α_ce=1.00  α_kd=1.00
 Round 84 | F1 0.5222 | P 0.6376 | R 0.4421 | Time 43.0s | Comm N/A | Local Avg F1: 0.4447

=== Round 85/100 ===
[Round 85] KD=ON | policy=ema_first
[Layer Freezing] Training last 4 transformer layers (layers 8-11)
[Layer Freezing] Trainable params: 28,384,555 / 108,924,715 (26.1%)
[Layer Freezing] Training last 4 transformer layers (layers 8-11)
[Layer Freezing] Trainable params: 28,384,555 / 108,924,715 (26.1%)
[Layer Freezing] Training last 4 transformer layers (layers 8-11)
[Layer Freezing] Trainable params: 28,384,555 / 108,924,715 (26.1%)
[Layer Freezing] Training last 4 transformer layers (layers 8-11)
[Layer Freezing] Trainable params: 28,384,555 / 108,924,715 (26.1%)
[Layer Freezing] Training last 4 transformer layers (layers 8-11)
[Layer Freezing] Trainable params: 28,384,555 / 108,924,715 (26.1%)
[Layer Freezing] Training last 4 transformer layers (layers 8-11)
[Layer Freezing] Trainable params: 28,384,555 / 108,924,715 (26.1%)
[Layer Freezing] Training last 4 transformer layers (layers 8-11)
[Layer Freezing] Trainable params: 28,384,555 / 108,924,715 (26.1%)
[Layer Freezing] Training last 4 transformer layers (layers 8-11)
[Layer Freezing] Trainable params: 28,384,555 / 108,924,715 (26.1%)
[Layer Freezing] Training last 4 transformer layers (layers 8-11)
[Layer Freezing] Trainable params: 28,384,555 / 108,924,715 (26.1%)
[Layer Freezing] Training last 4 transformer layers (layers 8-11)
[Layer Freezing] Trainable params: 28,384,555 / 108,924,715 (26.1%)
[Round 85] T=2.00  α_ce=1.00  α_kd=1.00
 Round 85 | F1 0.5108 | P 0.6450 | R 0.4229 | Time 43.9s | Comm N/A | Local Avg F1: 0.4385

=== Round 86/100 ===
[Round 86] KD=ON | policy=ema_first
[Layer Freezing] Training last 4 transformer layers (layers 8-11)
[Layer Freezing] Trainable params: 28,384,555 / 108,924,715 (26.1%)
[Layer Freezing] Training last 4 transformer layers (layers 8-11)
[Layer Freezing] Trainable params: 28,384,555 / 108,924,715 (26.1%)
[Layer Freezing] Training last 4 transformer layers (layers 8-11)
[Layer Freezing] Trainable params: 28,384,555 / 108,924,715 (26.1%)
[Layer Freezing] Training last 4 transformer layers (layers 8-11)
[Layer Freezing] Trainable params: 28,384,555 / 108,924,715 (26.1%)
[Layer Freezing] Training last 4 transformer layers (layers 8-11)
[Layer Freezing] Trainable params: 28,384,555 / 108,924,715 (26.1%)
[Layer Freezing] Training last 4 transformer layers (layers 8-11)
[Layer Freezing] Trainable params: 28,384,555 / 108,924,715 (26.1%)
[Layer Freezing] Training last 4 transformer layers (layers 8-11)
[Layer Freezing] Trainable params: 28,384,555 / 108,924,715 (26.1%)
[Layer Freezing] Training last 4 transformer layers (layers 8-11)
[Layer Freezing] Trainable params: 28,384,555 / 108,924,715 (26.1%)
[Layer Freezing] Training last 4 transformer layers (layers 8-11)
[Layer Freezing] Trainable params: 28,384,555 / 108,924,715 (26.1%)
[Layer Freezing] Training last 4 transformer layers (layers 8-11)
[Layer Freezing] Trainable params: 28,384,555 / 108,924,715 (26.1%)
[Round 86] T=2.00  α_ce=1.00  α_kd=1.00
 Round 86 | F1 0.5216 | P 0.6332 | R 0.4435 | Time 43.9s | Comm N/A | Local Avg F1: 0.4470

=== Round 87/100 ===
[Round 87] KD=ON | policy=ema_first
[Layer Freezing] Training last 4 transformer layers (layers 8-11)
[Layer Freezing] Trainable params: 28,384,555 / 108,924,715 (26.1%)
[Layer Freezing] Training last 4 transformer layers (layers 8-11)
[Layer Freezing] Trainable params: 28,384,555 / 108,924,715 (26.1%)
[Layer Freezing] Training last 4 transformer layers (layers 8-11)
[Layer Freezing] Trainable params: 28,384,555 / 108,924,715 (26.1%)
[Layer Freezing] Training last 4 transformer layers (layers 8-11)
[Layer Freezing] Trainable params: 28,384,555 / 108,924,715 (26.1%)
[Layer Freezing] Training last 4 transformer layers (layers 8-11)
[Layer Freezing] Trainable params: 28,384,555 / 108,924,715 (26.1%)
[Layer Freezing] Training last 4 transformer layers (layers 8-11)
[Layer Freezing] Trainable params: 28,384,555 / 108,924,715 (26.1%)
[Layer Freezing] Training last 4 transformer layers (layers 8-11)
[Layer Freezing] Trainable params: 28,384,555 / 108,924,715 (26.1%)
[Layer Freezing] Training last 4 transformer layers (layers 8-11)
[Layer Freezing] Trainable params: 28,384,555 / 108,924,715 (26.1%)
[Layer Freezing] Training last 4 transformer layers (layers 8-11)
[Layer Freezing] Trainable params: 28,384,555 / 108,924,715 (26.1%)
[Layer Freezing] Training last 4 transformer layers (layers 8-11)
[Layer Freezing] Trainable params: 28,384,555 / 108,924,715 (26.1%)
[Round 87] T=2.00  α_ce=1.00  α_kd=1.00
 Round 87 | F1 0.5281 | P 0.6285 | R 0.4553 | Time 42.5s | Comm N/A | Local Avg F1: 0.4482

=== Round 88/100 ===
[Round 88] KD=ON | policy=ema_first
[Layer Freezing] Training last 4 transformer layers (layers 8-11)
[Layer Freezing] Trainable params: 28,384,555 / 108,924,715 (26.1%)
[Layer Freezing] Training last 4 transformer layers (layers 8-11)
[Layer Freezing] Trainable params: 28,384,555 / 108,924,715 (26.1%)
[Layer Freezing] Training last 4 transformer layers (layers 8-11)
[Layer Freezing] Trainable params: 28,384,555 / 108,924,715 (26.1%)
[Layer Freezing] Training last 4 transformer layers (layers 8-11)
[Layer Freezing] Trainable params: 28,384,555 / 108,924,715 (26.1%)
[Layer Freezing] Training last 4 transformer layers (layers 8-11)
[Layer Freezing] Trainable params: 28,384,555 / 108,924,715 (26.1%)
[Layer Freezing] Training last 4 transformer layers (layers 8-11)
[Layer Freezing] Trainable params: 28,384,555 / 108,924,715 (26.1%)
[Layer Freezing] Training last 4 transformer layers (layers 8-11)
[Layer Freezing] Trainable params: 28,384,555 / 108,924,715 (26.1%)
[Layer Freezing] Training last 4 transformer layers (layers 8-11)
[Layer Freezing] Trainable params: 28,384,555 / 108,924,715 (26.1%)
[Layer Freezing] Training last 4 transformer layers (layers 8-11)
[Layer Freezing] Trainable params: 28,384,555 / 108,924,715 (26.1%)
[Layer Freezing] Training last 4 transformer layers (layers 8-11)
[Layer Freezing] Trainable params: 28,384,555 / 108,924,715 (26.1%)
[Round 88] T=2.00  α_ce=1.00  α_kd=1.00
 Round 88 | F1 0.5161 | P 0.6338 | R 0.4353 | Time 44.4s | Comm N/A | Local Avg F1: 0.4465

=== Round 89/100 ===
[Round 89] KD=ON | policy=ema_first
[Layer Freezing] Training last 4 transformer layers (layers 8-11)
[Layer Freezing] Trainable params: 28,384,555 / 108,924,715 (26.1%)
[Layer Freezing] Training last 4 transformer layers (layers 8-11)
[Layer Freezing] Trainable params: 28,384,555 / 108,924,715 (26.1%)
[Layer Freezing] Training last 4 transformer layers (layers 8-11)
[Layer Freezing] Trainable params: 28,384,555 / 108,924,715 (26.1%)
[Layer Freezing] Training last 4 transformer layers (layers 8-11)
[Layer Freezing] Trainable params: 28,384,555 / 108,924,715 (26.1%)
[Layer Freezing] Training last 4 transformer layers (layers 8-11)
[Layer Freezing] Trainable params: 28,384,555 / 108,924,715 (26.1%)
[Layer Freezing] Training last 4 transformer layers (layers 8-11)
[Layer Freezing] Trainable params: 28,384,555 / 108,924,715 (26.1%)
[Layer Freezing] Training last 4 transformer layers (layers 8-11)
[Layer Freezing] Trainable params: 28,384,555 / 108,924,715 (26.1%)
[Layer Freezing] Training last 4 transformer layers (layers 8-11)
[Layer Freezing] Trainable params: 28,384,555 / 108,924,715 (26.1%)
[Layer Freezing] Training last 4 transformer layers (layers 8-11)
[Layer Freezing] Trainable params: 28,384,555 / 108,924,715 (26.1%)
[Layer Freezing] Training last 4 transformer layers (layers 8-11)
[Layer Freezing] Trainable params: 28,384,555 / 108,924,715 (26.1%)
[Round 89] T=2.00  α_ce=1.00  α_kd=1.00
 Round 89 | F1 0.5181 | P 0.6336 | R 0.4382 | Time 43.5s | Comm N/A | Local Avg F1: 0.4415

=== Round 90/100 ===
[Round 90] KD=ON | policy=ema_first
[Layer Freezing] Training last 4 transformer layers (layers 8-11)
[Layer Freezing] Trainable params: 28,384,555 / 108,924,715 (26.1%)
[Layer Freezing] Training last 4 transformer layers (layers 8-11)
[Layer Freezing] Trainable params: 28,384,555 / 108,924,715 (26.1%)
[Layer Freezing] Training last 4 transformer layers (layers 8-11)
[Layer Freezing] Trainable params: 28,384,555 / 108,924,715 (26.1%)
[Layer Freezing] Training last 4 transformer layers (layers 8-11)
[Layer Freezing] Trainable params: 28,384,555 / 108,924,715 (26.1%)
[Layer Freezing] Training last 4 transformer layers (layers 8-11)
[Layer Freezing] Trainable params: 28,384,555 / 108,924,715 (26.1%)
[Layer Freezing] Training last 4 transformer layers (layers 8-11)
[Layer Freezing] Trainable params: 28,384,555 / 108,924,715 (26.1%)
[Layer Freezing] Training last 4 transformer layers (layers 8-11)
[Layer Freezing] Trainable params: 28,384,555 / 108,924,715 (26.1%)
[Layer Freezing] Training last 4 transformer layers (layers 8-11)
[Layer Freezing] Trainable params: 28,384,555 / 108,924,715 (26.1%)
[Layer Freezing] Training last 4 transformer layers (layers 8-11)
[Layer Freezing] Trainable params: 28,384,555 / 108,924,715 (26.1%)
[Layer Freezing] Training last 4 transformer layers (layers 8-11)
[Layer Freezing] Trainable params: 28,384,555 / 108,924,715 (26.1%)
[Round 90] T=2.00  α_ce=1.00  α_kd=1.00
 Round 90 | F1 0.5191 | P 0.6383 | R 0.4374 | Time 43.6s | Comm N/A | Local Avg F1: 0.4482

=== Round 91/100 ===
[Round 91] KD=ON | policy=ema_first
[Layer Freezing] Training last 4 transformer layers (layers 8-11)
[Layer Freezing] Trainable params: 28,384,555 / 108,924,715 (26.1%)
[Layer Freezing] Training last 4 transformer layers (layers 8-11)
[Layer Freezing] Trainable params: 28,384,555 / 108,924,715 (26.1%)
[Layer Freezing] Training last 4 transformer layers (layers 8-11)
[Layer Freezing] Trainable params: 28,384,555 / 108,924,715 (26.1%)
[Layer Freezing] Training last 4 transformer layers (layers 8-11)
[Layer Freezing] Trainable params: 28,384,555 / 108,924,715 (26.1%)
[Layer Freezing] Training last 4 transformer layers (layers 8-11)
[Layer Freezing] Trainable params: 28,384,555 / 108,924,715 (26.1%)
[Layer Freezing] Training last 4 transformer layers (layers 8-11)
[Layer Freezing] Trainable params: 28,384,555 / 108,924,715 (26.1%)
[Layer Freezing] Training last 4 transformer layers (layers 8-11)
[Layer Freezing] Trainable params: 28,384,555 / 108,924,715 (26.1%)
[Layer Freezing] Training last 4 transformer layers (layers 8-11)
[Layer Freezing] Trainable params: 28,384,555 / 108,924,715 (26.1%)
[Layer Freezing] Training last 4 transformer layers (layers 8-11)
[Layer Freezing] Trainable params: 28,384,555 / 108,924,715 (26.1%)
[Layer Freezing] Training last 4 transformer layers (layers 8-11)
[Layer Freezing] Trainable params: 28,384,555 / 108,924,715 (26.1%)
[Round 91] T=2.00  α_ce=1.00  α_kd=1.00
 Round 91 | F1 0.5208 | P 0.6339 | R 0.4420 | Time 44.0s | Comm N/A | Local Avg F1: 0.4473

=== Round 92/100 ===
[Round 92] KD=ON | policy=ema_first
[Layer Freezing] Training last 4 transformer layers (layers 8-11)
[Layer Freezing] Trainable params: 28,384,555 / 108,924,715 (26.1%)
[Layer Freezing] Training last 4 transformer layers (layers 8-11)
[Layer Freezing] Trainable params: 28,384,555 / 108,924,715 (26.1%)
[Layer Freezing] Training last 4 transformer layers (layers 8-11)
[Layer Freezing] Trainable params: 28,384,555 / 108,924,715 (26.1%)
[Layer Freezing] Training last 4 transformer layers (layers 8-11)
[Layer Freezing] Trainable params: 28,384,555 / 108,924,715 (26.1%)
[Layer Freezing] Training last 4 transformer layers (layers 8-11)
[Layer Freezing] Trainable params: 28,384,555 / 108,924,715 (26.1%)
[Layer Freezing] Training last 4 transformer layers (layers 8-11)
[Layer Freezing] Trainable params: 28,384,555 / 108,924,715 (26.1%)
[Layer Freezing] Training last 4 transformer layers (layers 8-11)
[Layer Freezing] Trainable params: 28,384,555 / 108,924,715 (26.1%)
[Layer Freezing] Training last 4 transformer layers (layers 8-11)
[Layer Freezing] Trainable params: 28,384,555 / 108,924,715 (26.1%)
[Layer Freezing] Training last 4 transformer layers (layers 8-11)
[Layer Freezing] Trainable params: 28,384,555 / 108,924,715 (26.1%)
[Layer Freezing] Training last 4 transformer layers (layers 8-11)
[Layer Freezing] Trainable params: 28,384,555 / 108,924,715 (26.1%)
[Round 92] T=2.00  α_ce=1.00  α_kd=1.00
 Round 92 | F1 0.5248 | P 0.6310 | R 0.4492 | Time 44.0s | Comm N/A | Local Avg F1: 0.4487

=== Round 93/100 ===
[Round 93] KD=ON | policy=ema_first
[Layer Freezing] Training last 4 transformer layers (layers 8-11)
[Layer Freezing] Trainable params: 28,384,555 / 108,924,715 (26.1%)
[Layer Freezing] Training last 4 transformer layers (layers 8-11)
[Layer Freezing] Trainable params: 28,384,555 / 108,924,715 (26.1%)
[Layer Freezing] Training last 4 transformer layers (layers 8-11)
[Layer Freezing] Trainable params: 28,384,555 / 108,924,715 (26.1%)
[Layer Freezing] Training last 4 transformer layers (layers 8-11)
[Layer Freezing] Trainable params: 28,384,555 / 108,924,715 (26.1%)
[Layer Freezing] Training last 4 transformer layers (layers 8-11)
[Layer Freezing] Trainable params: 28,384,555 / 108,924,715 (26.1%)
[Layer Freezing] Training last 4 transformer layers (layers 8-11)
[Layer Freezing] Trainable params: 28,384,555 / 108,924,715 (26.1%)
[Layer Freezing] Training last 4 transformer layers (layers 8-11)
[Layer Freezing] Trainable params: 28,384,555 / 108,924,715 (26.1%)
[Layer Freezing] Training last 4 transformer layers (layers 8-11)
[Layer Freezing] Trainable params: 28,384,555 / 108,924,715 (26.1%)
[Layer Freezing] Training last 4 transformer layers (layers 8-11)
[Layer Freezing] Trainable params: 28,384,555 / 108,924,715 (26.1%)
[Layer Freezing] Training last 4 transformer layers (layers 8-11)
[Layer Freezing] Trainable params: 28,384,555 / 108,924,715 (26.1%)
[Round 93] T=2.00  α_ce=1.00  α_kd=1.00
 Round 93 | F1 0.5149 | P 0.6404 | R 0.4305 | Time 42.8s | Comm N/A | Local Avg F1: 0.4439

=== Round 94/100 ===
[Round 94] KD=ON | policy=ema_first
[Layer Freezing] Training last 4 transformer layers (layers 8-11)
[Layer Freezing] Trainable params: 28,384,555 / 108,924,715 (26.1%)
[Layer Freezing] Training last 4 transformer layers (layers 8-11)
[Layer Freezing] Trainable params: 28,384,555 / 108,924,715 (26.1%)
[Layer Freezing] Training last 4 transformer layers (layers 8-11)
[Layer Freezing] Trainable params: 28,384,555 / 108,924,715 (26.1%)
[Layer Freezing] Training last 4 transformer layers (layers 8-11)
[Layer Freezing] Trainable params: 28,384,555 / 108,924,715 (26.1%)
[Layer Freezing] Training last 4 transformer layers (layers 8-11)
[Layer Freezing] Trainable params: 28,384,555 / 108,924,715 (26.1%)
[Layer Freezing] Training last 4 transformer layers (layers 8-11)
[Layer Freezing] Trainable params: 28,384,555 / 108,924,715 (26.1%)
[Layer Freezing] Training last 4 transformer layers (layers 8-11)
[Layer Freezing] Trainable params: 28,384,555 / 108,924,715 (26.1%)
[Layer Freezing] Training last 4 transformer layers (layers 8-11)
[Layer Freezing] Trainable params: 28,384,555 / 108,924,715 (26.1%)
[Layer Freezing] Training last 4 transformer layers (layers 8-11)
[Layer Freezing] Trainable params: 28,384,555 / 108,924,715 (26.1%)
[Layer Freezing] Training last 4 transformer layers (layers 8-11)
[Layer Freezing] Trainable params: 28,384,555 / 108,924,715 (26.1%)
[Round 94] T=2.00  α_ce=1.00  α_kd=1.00
 Round 94 | F1 0.5210 | P 0.6372 | R 0.4406 | Time 44.9s | Comm N/A | Local Avg F1: 0.4484

=== Round 95/100 ===
[Round 95] KD=ON | policy=ema_first
[Layer Freezing] Training last 4 transformer layers (layers 8-11)
[Layer Freezing] Trainable params: 28,384,555 / 108,924,715 (26.1%)
[Layer Freezing] Training last 4 transformer layers (layers 8-11)
[Layer Freezing] Trainable params: 28,384,555 / 108,924,715 (26.1%)
[Layer Freezing] Training last 4 transformer layers (layers 8-11)
[Layer Freezing] Trainable params: 28,384,555 / 108,924,715 (26.1%)
[Layer Freezing] Training last 4 transformer layers (layers 8-11)
[Layer Freezing] Trainable params: 28,384,555 / 108,924,715 (26.1%)
[Layer Freezing] Training last 4 transformer layers (layers 8-11)
[Layer Freezing] Trainable params: 28,384,555 / 108,924,715 (26.1%)
[Layer Freezing] Training last 4 transformer layers (layers 8-11)
[Layer Freezing] Trainable params: 28,384,555 / 108,924,715 (26.1%)
[Layer Freezing] Training last 4 transformer layers (layers 8-11)
[Layer Freezing] Trainable params: 28,384,555 / 108,924,715 (26.1%)
[Layer Freezing] Training last 4 transformer layers (layers 8-11)
[Layer Freezing] Trainable params: 28,384,555 / 108,924,715 (26.1%)
[Layer Freezing] Training last 4 transformer layers (layers 8-11)
[Layer Freezing] Trainable params: 28,384,555 / 108,924,715 (26.1%)
[Layer Freezing] Training last 4 transformer layers (layers 8-11)
[Layer Freezing] Trainable params: 28,384,555 / 108,924,715 (26.1%)
[Round 95] T=2.00  α_ce=1.00  α_kd=1.00
 Round 95 | F1 0.5208 | P 0.6364 | R 0.4408 | Time 42.9s | Comm N/A | Local Avg F1: 0.4491

=== Round 96/100 ===
[Round 96] KD=ON | policy=ema_first
[Layer Freezing] Training last 4 transformer layers (layers 8-11)
[Layer Freezing] Trainable params: 28,384,555 / 108,924,715 (26.1%)
[Layer Freezing] Training last 4 transformer layers (layers 8-11)
[Layer Freezing] Trainable params: 28,384,555 / 108,924,715 (26.1%)
[Layer Freezing] Training last 4 transformer layers (layers 8-11)
[Layer Freezing] Trainable params: 28,384,555 / 108,924,715 (26.1%)
[Layer Freezing] Training last 4 transformer layers (layers 8-11)
[Layer Freezing] Trainable params: 28,384,555 / 108,924,715 (26.1%)
[Layer Freezing] Training last 4 transformer layers (layers 8-11)
[Layer Freezing] Trainable params: 28,384,555 / 108,924,715 (26.1%)
[Layer Freezing] Training last 4 transformer layers (layers 8-11)
[Layer Freezing] Trainable params: 28,384,555 / 108,924,715 (26.1%)
[Layer Freezing] Training last 4 transformer layers (layers 8-11)
[Layer Freezing] Trainable params: 28,384,555 / 108,924,715 (26.1%)
[Layer Freezing] Training last 4 transformer layers (layers 8-11)
[Layer Freezing] Trainable params: 28,384,555 / 108,924,715 (26.1%)
[Layer Freezing] Training last 4 transformer layers (layers 8-11)
[Layer Freezing] Trainable params: 28,384,555 / 108,924,715 (26.1%)
[Layer Freezing] Training last 4 transformer layers (layers 8-11)
[Layer Freezing] Trainable params: 28,384,555 / 108,924,715 (26.1%)
[Round 96] T=2.00  α_ce=1.00  α_kd=1.00
 Round 96 | F1 0.5203 | P 0.6401 | R 0.4383 | Time 43.1s | Comm N/A | Local Avg F1: 0.4481

=== Round 97/100 ===
[Round 97] KD=ON | policy=ema_first
[Layer Freezing] Training last 4 transformer layers (layers 8-11)
[Layer Freezing] Trainable params: 28,384,555 / 108,924,715 (26.1%)
[Layer Freezing] Training last 4 transformer layers (layers 8-11)
[Layer Freezing] Trainable params: 28,384,555 / 108,924,715 (26.1%)
[Layer Freezing] Training last 4 transformer layers (layers 8-11)
[Layer Freezing] Trainable params: 28,384,555 / 108,924,715 (26.1%)
[Layer Freezing] Training last 4 transformer layers (layers 8-11)
[Layer Freezing] Trainable params: 28,384,555 / 108,924,715 (26.1%)
[Layer Freezing] Training last 4 transformer layers (layers 8-11)
[Layer Freezing] Trainable params: 28,384,555 / 108,924,715 (26.1%)
[Layer Freezing] Training last 4 transformer layers (layers 8-11)
[Layer Freezing] Trainable params: 28,384,555 / 108,924,715 (26.1%)
[Layer Freezing] Training last 4 transformer layers (layers 8-11)
[Layer Freezing] Trainable params: 28,384,555 / 108,924,715 (26.1%)
[Layer Freezing] Training last 4 transformer layers (layers 8-11)
[Layer Freezing] Trainable params: 28,384,555 / 108,924,715 (26.1%)
[Layer Freezing] Training last 4 transformer layers (layers 8-11)
[Layer Freezing] Trainable params: 28,384,555 / 108,924,715 (26.1%)
[Layer Freezing] Training last 4 transformer layers (layers 8-11)
[Layer Freezing] Trainable params: 28,384,555 / 108,924,715 (26.1%)
[Round 97] T=2.00  α_ce=1.00  α_kd=1.00
 Round 97 | F1 0.5209 | P 0.6440 | R 0.4373 | Time 44.7s | Comm N/A | Local Avg F1: 0.4467

=== Round 98/100 ===
[Round 98] KD=ON | policy=ema_first
[Layer Freezing] Training last 4 transformer layers (layers 8-11)
[Layer Freezing] Trainable params: 28,384,555 / 108,924,715 (26.1%)
[Layer Freezing] Training last 4 transformer layers (layers 8-11)
[Layer Freezing] Trainable params: 28,384,555 / 108,924,715 (26.1%)
[Layer Freezing] Training last 4 transformer layers (layers 8-11)
[Layer Freezing] Trainable params: 28,384,555 / 108,924,715 (26.1%)
[Layer Freezing] Training last 4 transformer layers (layers 8-11)
[Layer Freezing] Trainable params: 28,384,555 / 108,924,715 (26.1%)
[Layer Freezing] Training last 4 transformer layers (layers 8-11)
[Layer Freezing] Trainable params: 28,384,555 / 108,924,715 (26.1%)
[Layer Freezing] Training last 4 transformer layers (layers 8-11)
[Layer Freezing] Trainable params: 28,384,555 / 108,924,715 (26.1%)
[Layer Freezing] Training last 4 transformer layers (layers 8-11)
[Layer Freezing] Trainable params: 28,384,555 / 108,924,715 (26.1%)
[Layer Freezing] Training last 4 transformer layers (layers 8-11)
[Layer Freezing] Trainable params: 28,384,555 / 108,924,715 (26.1%)
[Layer Freezing] Training last 4 transformer layers (layers 8-11)
[Layer Freezing] Trainable params: 28,384,555 / 108,924,715 (26.1%)
[Layer Freezing] Training last 4 transformer layers (layers 8-11)
[Layer Freezing] Trainable params: 28,384,555 / 108,924,715 (26.1%)
[Round 98] T=2.00  α_ce=1.00  α_kd=1.00
 Round 98 | F1 0.5224 | P 0.6359 | R 0.4433 | Time 43.7s | Comm N/A | Local Avg F1: 0.4467

=== Round 99/100 ===
[Round 99] KD=ON | policy=ema_first
[Layer Freezing] Training last 4 transformer layers (layers 8-11)
[Layer Freezing] Trainable params: 28,384,555 / 108,924,715 (26.1%)
[Layer Freezing] Training last 4 transformer layers (layers 8-11)
[Layer Freezing] Trainable params: 28,384,555 / 108,924,715 (26.1%)
[Layer Freezing] Training last 4 transformer layers (layers 8-11)
[Layer Freezing] Trainable params: 28,384,555 / 108,924,715 (26.1%)
[Layer Freezing] Training last 4 transformer layers (layers 8-11)
[Layer Freezing] Trainable params: 28,384,555 / 108,924,715 (26.1%)
[Layer Freezing] Training last 4 transformer layers (layers 8-11)
[Layer Freezing] Trainable params: 28,384,555 / 108,924,715 (26.1%)
[Layer Freezing] Training last 4 transformer layers (layers 8-11)
[Layer Freezing] Trainable params: 28,384,555 / 108,924,715 (26.1%)
[Layer Freezing] Training last 4 transformer layers (layers 8-11)
[Layer Freezing] Trainable params: 28,384,555 / 108,924,715 (26.1%)
[Layer Freezing] Training last 4 transformer layers (layers 8-11)
[Layer Freezing] Trainable params: 28,384,555 / 108,924,715 (26.1%)
[Layer Freezing] Training last 4 transformer layers (layers 8-11)
[Layer Freezing] Trainable params: 28,384,555 / 108,924,715 (26.1%)
[Layer Freezing] Training last 4 transformer layers (layers 8-11)
[Layer Freezing] Trainable params: 28,384,555 / 108,924,715 (26.1%)
[Round 99] T=2.00  α_ce=1.00  α_kd=1.00
 Round 99 | F1 0.5290 | P 0.6386 | R 0.4516 | Time 43.6s | Comm N/A | Local Avg F1: 0.4564

=== Round 100/100 ===
[Round 100] KD=ON | policy=ema_first
[Layer Freezing] Training last 4 transformer layers (layers 8-11)
[Layer Freezing] Trainable params: 28,384,555 / 108,924,715 (26.1%)
[Layer Freezing] Training last 4 transformer layers (layers 8-11)
[Layer Freezing] Trainable params: 28,384,555 / 108,924,715 (26.1%)
[Layer Freezing] Training last 4 transformer layers (layers 8-11)
[Layer Freezing] Trainable params: 28,384,555 / 108,924,715 (26.1%)
[Layer Freezing] Training last 4 transformer layers (layers 8-11)
[Layer Freezing] Trainable params: 28,384,555 / 108,924,715 (26.1%)
[Layer Freezing] Training last 4 transformer layers (layers 8-11)
[Layer Freezing] Trainable params: 28,384,555 / 108,924,715 (26.1%)
[Layer Freezing] Training last 4 transformer layers (layers 8-11)
[Layer Freezing] Trainable params: 28,384,555 / 108,924,715 (26.1%)
[Layer Freezing] Training last 4 transformer layers (layers 8-11)
[Layer Freezing] Trainable params: 28,384,555 / 108,924,715 (26.1%)
[Layer Freezing] Training last 4 transformer layers (layers 8-11)
[Layer Freezing] Trainable params: 28,384,555 / 108,924,715 (26.1%)
[Layer Freezing] Training last 4 transformer layers (layers 8-11)
[Layer Freezing] Trainable params: 28,384,555 / 108,924,715 (26.1%)
[Layer Freezing] Training last 4 transformer layers (layers 8-11)
[Layer Freezing] Trainable params: 28,384,555 / 108,924,715 (26.1%)
[Round 100] T=2.00  α_ce=1.00  α_kd=1.00
 Round 100 | F1 0.5291 | P 0.6386 | R 0.4517 | Time 44.9s | Comm N/A | Local Avg F1: 0.4556
[save_json] Saved: results/FedSAD_20250819_000621/fed_results.json
[save_json] Backup: results/FedSAD_20250819_000621/fed_results_20250819_011917.json
== FedSAD 0.01==
📁 从本地加载模型: /root/autodl-tmp/new/fedner/models/microsoft_BiomedNLP-PubMedBERT-base-uncased-abstract
Some weights of BertForTokenClassification were not initialized from the model checkpoint at /root/autodl-tmp/new/fedner/models/microsoft_BiomedNLP-PubMedBERT-base-uncased-abstract and are newly initialized because the shapes did not match:
- classifier.bias: found shape torch.Size([2]) in the checkpoint and torch.Size([43]) in the model instantiated
- classifier.weight: found shape torch.Size([2, 768]) in the checkpoint and torch.Size([43, 768]) in the model instantiated
You should probably TRAIN this model on a down-stream task to be able to use it for predictions and inference.
Using device: cuda
📁 从本地加载模型: /root/autodl-tmp/new/fedner/models/microsoft_BiomedNLP-PubMedBERT-base-uncased-abstract
Some weights of BertForTokenClassification were not initialized from the model checkpoint at /root/autodl-tmp/new/fedner/models/microsoft_BiomedNLP-PubMedBERT-base-uncased-abstract and are newly initialized because the shapes did not match:
- classifier.bias: found shape torch.Size([2]) in the checkpoint and torch.Size([43]) in the model instantiated
- classifier.weight: found shape torch.Size([2, 768]) in the checkpoint and torch.Size([43, 768]) in the model instantiated
You should probably TRAIN this model on a down-stream task to be able to use it for predictions and inference.

============================================================
EXPERIMENT CONFIGURATION
============================================================
Algorithm: FedSAD | Clients: 10 (100% per round) | Rounds: 100, Local epochs: 2 | Training: Last 4 layers | Sampling: 200 samples per client (random) | Data: Non-IID (α=0.01)
------------------------------------------------------------
Algorithm-specific parameters for FedSAD:
  - use_distillation: True
  - kd_start_round: 2
  - teacher_policy: prev_global
  - temperature_start: 5.0, temperature_end: 1.5
  - alpha_ce_start: 1.0, alpha_ce_end: 0.7
  - alpha_kd_start: 0.0, alpha_kd_end: 0.3
  - hidden_distill: False, alpha_hidden: 0.0
  - o_downweight: 1.0
============================================================

Model initialized: 108,924,715/108,924,715 trainable params (100.0%)

=== Round 1/100 ===
[Round 1] KD=OFF | policy=prev_global
[Layer Freezing] Training last 4 transformer layers (layers 8-11)
[Layer Freezing] Trainable params: 28,384,555 / 108,924,715 (26.1%)
/root/miniconda3/lib/python3.12/site-packages/torch/nn/modules/module.py:1762: FutureWarning: `encoder_attention_mask` is deprecated and will be removed in version 4.55.0 for `BertSdpaSelfAttention.forward`.
  return forward_call(*args, **kwargs)
[Layer Freezing] Training last 4 transformer layers (layers 8-11)
[Layer Freezing] Trainable params: 28,384,555 / 108,924,715 (26.1%)
[Layer Freezing] Training last 4 transformer layers (layers 8-11)
[Layer Freezing] Trainable params: 28,384,555 / 108,924,715 (26.1%)
[Layer Freezing] Training last 4 transformer layers (layers 8-11)
[Layer Freezing] Trainable params: 28,384,555 / 108,924,715 (26.1%)
[Layer Freezing] Training last 4 transformer layers (layers 8-11)
[Layer Freezing] Trainable params: 28,384,555 / 108,924,715 (26.1%)
[Layer Freezing] Training last 4 transformer layers (layers 8-11)
[Layer Freezing] Trainable params: 28,384,555 / 108,924,715 (26.1%)
[Layer Freezing] Training last 4 transformer layers (layers 8-11)
[Layer Freezing] Trainable params: 28,384,555 / 108,924,715 (26.1%)
[Layer Freezing] Training last 4 transformer layers (layers 8-11)
[Layer Freezing] Trainable params: 28,384,555 / 108,924,715 (26.1%)
[Layer Freezing] Training last 4 transformer layers (layers 8-11)
[Layer Freezing] Trainable params: 28,384,555 / 108,924,715 (26.1%)
[Layer Freezing] Training last 4 transformer layers (layers 8-11)
[Layer Freezing] Trainable params: 28,384,555 / 108,924,715 (26.1%)
[Round 1] T=5.00  α_ce=1.00  α_kd=0.00
/root/miniconda3/lib/python3.12/site-packages/seqeval/metrics/v1.py:57: UndefinedMetricWarning: Precision is ill-defined and being set to 0.0 due to no predicted samples. Use `zero_division` parameter to control this behavior.
  _warn_prf(average, modifier, msg_start, len(result))
/root/miniconda3/lib/python3.12/site-packages/seqeval/metrics/v1.py:159: UndefinedMetricWarning: F-score is ill-defined and being set to 0.0 due to no true nor predicted samples. Use `zero_division` parameter to control this behavior.
  _warn_prf(
/root/miniconda3/lib/python3.12/site-packages/seqeval/metrics/v1.py:57: UndefinedMetricWarning: Recall is ill-defined and being set to 0.0 due to no true samples. Use `zero_division` parameter to control this behavior.
  _warn_prf(average, modifier, msg_start, len(result))
 Round 1 | F1 0.0000 | P 0.0000 | R 0.0000 | Time 41.5s | Comm N/A | Local Avg F1: 0.0000

=== Round 2/100 ===
[Round 2] KD=ON | policy=prev_global
[Layer Freezing] Training last 4 transformer layers (layers 8-11)
[Layer Freezing] Trainable params: 28,384,555 / 108,924,715 (26.1%)
[Layer Freezing] Training last 4 transformer layers (layers 8-11)
[Layer Freezing] Trainable params: 28,384,555 / 108,924,715 (26.1%)
[Layer Freezing] Training last 4 transformer layers (layers 8-11)
[Layer Freezing] Trainable params: 28,384,555 / 108,924,715 (26.1%)
[Layer Freezing] Training last 4 transformer layers (layers 8-11)
[Layer Freezing] Trainable params: 28,384,555 / 108,924,715 (26.1%)
[Layer Freezing] Training last 4 transformer layers (layers 8-11)
[Layer Freezing] Trainable params: 28,384,555 / 108,924,715 (26.1%)
[Layer Freezing] Training last 4 transformer layers (layers 8-11)
[Layer Freezing] Trainable params: 28,384,555 / 108,924,715 (26.1%)
[Layer Freezing] Training last 4 transformer layers (layers 8-11)
[Layer Freezing] Trainable params: 28,384,555 / 108,924,715 (26.1%)
[Layer Freezing] Training last 4 transformer layers (layers 8-11)
[Layer Freezing] Trainable params: 28,384,555 / 108,924,715 (26.1%)
[Layer Freezing] Training last 4 transformer layers (layers 8-11)
[Layer Freezing] Trainable params: 28,384,555 / 108,924,715 (26.1%)
[Layer Freezing] Training last 4 transformer layers (layers 8-11)
[Layer Freezing] Trainable params: 28,384,555 / 108,924,715 (26.1%)
[Round 2] T=5.00  α_ce=1.00  α_kd=0.00
 Round 2 | F1 0.0000 | P 0.0000 | R 0.0000 | Time 43.2s | Comm N/A | Local Avg F1: 0.0000

=== Round 3/100 ===
[Round 3] KD=ON | policy=prev_global
[Layer Freezing] Training last 4 transformer layers (layers 8-11)
[Layer Freezing] Trainable params: 28,384,555 / 108,924,715 (26.1%)
[Layer Freezing] Training last 4 transformer layers (layers 8-11)
[Layer Freezing] Trainable params: 28,384,555 / 108,924,715 (26.1%)
[Layer Freezing] Training last 4 transformer layers (layers 8-11)
[Layer Freezing] Trainable params: 28,384,555 / 108,924,715 (26.1%)
[Layer Freezing] Training last 4 transformer layers (layers 8-11)
[Layer Freezing] Trainable params: 28,384,555 / 108,924,715 (26.1%)
[Layer Freezing] Training last 4 transformer layers (layers 8-11)
[Layer Freezing] Trainable params: 28,384,555 / 108,924,715 (26.1%)
[Layer Freezing] Training last 4 transformer layers (layers 8-11)
[Layer Freezing] Trainable params: 28,384,555 / 108,924,715 (26.1%)
[Layer Freezing] Training last 4 transformer layers (layers 8-11)
[Layer Freezing] Trainable params: 28,384,555 / 108,924,715 (26.1%)
[Layer Freezing] Training last 4 transformer layers (layers 8-11)
[Layer Freezing] Trainable params: 28,384,555 / 108,924,715 (26.1%)
[Layer Freezing] Training last 4 transformer layers (layers 8-11)
[Layer Freezing] Trainable params: 28,384,555 / 108,924,715 (26.1%)
[Layer Freezing] Training last 4 transformer layers (layers 8-11)
[Layer Freezing] Trainable params: 28,384,555 / 108,924,715 (26.1%)
[Round 3] T=4.96  α_ce=1.00  α_kd=0.00
 Round 3 | F1 0.0003 | P 0.8750 | R 0.0002 | Time 43.2s | Comm N/A | Local Avg F1: 0.0007

=== Round 4/100 ===
[Round 4] KD=ON | policy=prev_global
[Layer Freezing] Training last 4 transformer layers (layers 8-11)
[Layer Freezing] Trainable params: 28,384,555 / 108,924,715 (26.1%)
[Layer Freezing] Training last 4 transformer layers (layers 8-11)
[Layer Freezing] Trainable params: 28,384,555 / 108,924,715 (26.1%)
[Layer Freezing] Training last 4 transformer layers (layers 8-11)
[Layer Freezing] Trainable params: 28,384,555 / 108,924,715 (26.1%)
[Layer Freezing] Training last 4 transformer layers (layers 8-11)
[Layer Freezing] Trainable params: 28,384,555 / 108,924,715 (26.1%)
[Layer Freezing] Training last 4 transformer layers (layers 8-11)
[Layer Freezing] Trainable params: 28,384,555 / 108,924,715 (26.1%)
[Layer Freezing] Training last 4 transformer layers (layers 8-11)
[Layer Freezing] Trainable params: 28,384,555 / 108,924,715 (26.1%)
[Layer Freezing] Training last 4 transformer layers (layers 8-11)
[Layer Freezing] Trainable params: 28,384,555 / 108,924,715 (26.1%)
[Layer Freezing] Training last 4 transformer layers (layers 8-11)
[Layer Freezing] Trainable params: 28,384,555 / 108,924,715 (26.1%)
[Layer Freezing] Training last 4 transformer layers (layers 8-11)
[Layer Freezing] Trainable params: 28,384,555 / 108,924,715 (26.1%)
[Layer Freezing] Training last 4 transformer layers (layers 8-11)
[Layer Freezing] Trainable params: 28,384,555 / 108,924,715 (26.1%)
[Round 4] T=4.93  α_ce=0.99  α_kd=0.01
 Round 4 | F1 0.0189 | P 0.6555 | R 0.0096 | Time 43.6s | Comm N/A | Local Avg F1: 0.0143

=== Round 5/100 ===
[Round 5] KD=ON | policy=prev_global
[Layer Freezing] Training last 4 transformer layers (layers 8-11)
[Layer Freezing] Trainable params: 28,384,555 / 108,924,715 (26.1%)
[Layer Freezing] Training last 4 transformer layers (layers 8-11)
[Layer Freezing] Trainable params: 28,384,555 / 108,924,715 (26.1%)
[Layer Freezing] Training last 4 transformer layers (layers 8-11)
[Layer Freezing] Trainable params: 28,384,555 / 108,924,715 (26.1%)
[Layer Freezing] Training last 4 transformer layers (layers 8-11)
[Layer Freezing] Trainable params: 28,384,555 / 108,924,715 (26.1%)
[Layer Freezing] Training last 4 transformer layers (layers 8-11)
[Layer Freezing] Trainable params: 28,384,555 / 108,924,715 (26.1%)
[Layer Freezing] Training last 4 transformer layers (layers 8-11)
[Layer Freezing] Trainable params: 28,384,555 / 108,924,715 (26.1%)
[Layer Freezing] Training last 4 transformer layers (layers 8-11)
[Layer Freezing] Trainable params: 28,384,555 / 108,924,715 (26.1%)
[Layer Freezing] Training last 4 transformer layers (layers 8-11)
[Layer Freezing] Trainable params: 28,384,555 / 108,924,715 (26.1%)
[Layer Freezing] Training last 4 transformer layers (layers 8-11)
[Layer Freezing] Trainable params: 28,384,555 / 108,924,715 (26.1%)
[Layer Freezing] Training last 4 transformer layers (layers 8-11)
[Layer Freezing] Trainable params: 28,384,555 / 108,924,715 (26.1%)
[Round 5] T=4.89  α_ce=0.99  α_kd=0.01
 Round 5 | F1 0.0598 | P 0.6485 | R 0.0314 | Time 42.3s | Comm N/A | Local Avg F1: 0.0445

=== Round 6/100 ===
[Round 6] KD=ON | policy=prev_global
[Layer Freezing] Training last 4 transformer layers (layers 8-11)
[Layer Freezing] Trainable params: 28,384,555 / 108,924,715 (26.1%)
[Layer Freezing] Training last 4 transformer layers (layers 8-11)
[Layer Freezing] Trainable params: 28,384,555 / 108,924,715 (26.1%)
[Layer Freezing] Training last 4 transformer layers (layers 8-11)
[Layer Freezing] Trainable params: 28,384,555 / 108,924,715 (26.1%)
[Layer Freezing] Training last 4 transformer layers (layers 8-11)
[Layer Freezing] Trainable params: 28,384,555 / 108,924,715 (26.1%)
[Layer Freezing] Training last 4 transformer layers (layers 8-11)
[Layer Freezing] Trainable params: 28,384,555 / 108,924,715 (26.1%)
[Layer Freezing] Training last 4 transformer layers (layers 8-11)
[Layer Freezing] Trainable params: 28,384,555 / 108,924,715 (26.1%)
[Layer Freezing] Training last 4 transformer layers (layers 8-11)
[Layer Freezing] Trainable params: 28,384,555 / 108,924,715 (26.1%)
[Layer Freezing] Training last 4 transformer layers (layers 8-11)
[Layer Freezing] Trainable params: 28,384,555 / 108,924,715 (26.1%)
[Layer Freezing] Training last 4 transformer layers (layers 8-11)
[Layer Freezing] Trainable params: 28,384,555 / 108,924,715 (26.1%)
[Layer Freezing] Training last 4 transformer layers (layers 8-11)
[Layer Freezing] Trainable params: 28,384,555 / 108,924,715 (26.1%)
[Round 6] T=4.86  α_ce=0.99  α_kd=0.01
 Round 6 | F1 0.1379 | P 0.5877 | R 0.0781 | Time 43.9s | Comm N/A | Local Avg F1: 0.0887

=== Round 7/100 ===
[Round 7] KD=ON | policy=prev_global
[Layer Freezing] Training last 4 transformer layers (layers 8-11)
[Layer Freezing] Trainable params: 28,384,555 / 108,924,715 (26.1%)
[Layer Freezing] Training last 4 transformer layers (layers 8-11)
[Layer Freezing] Trainable params: 28,384,555 / 108,924,715 (26.1%)
[Layer Freezing] Training last 4 transformer layers (layers 8-11)
[Layer Freezing] Trainable params: 28,384,555 / 108,924,715 (26.1%)
[Layer Freezing] Training last 4 transformer layers (layers 8-11)
[Layer Freezing] Trainable params: 28,384,555 / 108,924,715 (26.1%)
[Layer Freezing] Training last 4 transformer layers (layers 8-11)
[Layer Freezing] Trainable params: 28,384,555 / 108,924,715 (26.1%)
[Layer Freezing] Training last 4 transformer layers (layers 8-11)
[Layer Freezing] Trainable params: 28,384,555 / 108,924,715 (26.1%)
[Layer Freezing] Training last 4 transformer layers (layers 8-11)
[Layer Freezing] Trainable params: 28,384,555 / 108,924,715 (26.1%)
[Layer Freezing] Training last 4 transformer layers (layers 8-11)
[Layer Freezing] Trainable params: 28,384,555 / 108,924,715 (26.1%)
[Layer Freezing] Training last 4 transformer layers (layers 8-11)
[Layer Freezing] Trainable params: 28,384,555 / 108,924,715 (26.1%)
[Layer Freezing] Training last 4 transformer layers (layers 8-11)
[Layer Freezing] Trainable params: 28,384,555 / 108,924,715 (26.1%)
[Round 7] T=4.82  α_ce=0.98  α_kd=0.02
 Round 7 | F1 0.1237 | P 0.6181 | R 0.0687 | Time 43.7s | Comm N/A | Local Avg F1: 0.0818

=== Round 8/100 ===
[Round 8] KD=ON | policy=prev_global
[Layer Freezing] Training last 4 transformer layers (layers 8-11)
[Layer Freezing] Trainable params: 28,384,555 / 108,924,715 (26.1%)
[Layer Freezing] Training last 4 transformer layers (layers 8-11)
[Layer Freezing] Trainable params: 28,384,555 / 108,924,715 (26.1%)
[Layer Freezing] Training last 4 transformer layers (layers 8-11)
[Layer Freezing] Trainable params: 28,384,555 / 108,924,715 (26.1%)
[Layer Freezing] Training last 4 transformer layers (layers 8-11)
[Layer Freezing] Trainable params: 28,384,555 / 108,924,715 (26.1%)
[Layer Freezing] Training last 4 transformer layers (layers 8-11)
[Layer Freezing] Trainable params: 28,384,555 / 108,924,715 (26.1%)
[Layer Freezing] Training last 4 transformer layers (layers 8-11)
[Layer Freezing] Trainable params: 28,384,555 / 108,924,715 (26.1%)
[Layer Freezing] Training last 4 transformer layers (layers 8-11)
[Layer Freezing] Trainable params: 28,384,555 / 108,924,715 (26.1%)
[Layer Freezing] Training last 4 transformer layers (layers 8-11)
[Layer Freezing] Trainable params: 28,384,555 / 108,924,715 (26.1%)
[Layer Freezing] Training last 4 transformer layers (layers 8-11)
[Layer Freezing] Trainable params: 28,384,555 / 108,924,715 (26.1%)
[Layer Freezing] Training last 4 transformer layers (layers 8-11)
[Layer Freezing] Trainable params: 28,384,555 / 108,924,715 (26.1%)
[Round 8] T=4.79  α_ce=0.98  α_kd=0.02
 Round 8 | F1 0.1397 | P 0.5872 | R 0.0793 | Time 42.8s | Comm N/A | Local Avg F1: 0.0931

=== Round 9/100 ===
[Round 9] KD=ON | policy=prev_global
[Layer Freezing] Training last 4 transformer layers (layers 8-11)
[Layer Freezing] Trainable params: 28,384,555 / 108,924,715 (26.1%)
[Layer Freezing] Training last 4 transformer layers (layers 8-11)
[Layer Freezing] Trainable params: 28,384,555 / 108,924,715 (26.1%)
[Layer Freezing] Training last 4 transformer layers (layers 8-11)
[Layer Freezing] Trainable params: 28,384,555 / 108,924,715 (26.1%)
[Layer Freezing] Training last 4 transformer layers (layers 8-11)
[Layer Freezing] Trainable params: 28,384,555 / 108,924,715 (26.1%)
[Layer Freezing] Training last 4 transformer layers (layers 8-11)
[Layer Freezing] Trainable params: 28,384,555 / 108,924,715 (26.1%)
[Layer Freezing] Training last 4 transformer layers (layers 8-11)
[Layer Freezing] Trainable params: 28,384,555 / 108,924,715 (26.1%)
[Layer Freezing] Training last 4 transformer layers (layers 8-11)
[Layer Freezing] Trainable params: 28,384,555 / 108,924,715 (26.1%)
[Layer Freezing] Training last 4 transformer layers (layers 8-11)
[Layer Freezing] Trainable params: 28,384,555 / 108,924,715 (26.1%)
[Layer Freezing] Training last 4 transformer layers (layers 8-11)
[Layer Freezing] Trainable params: 28,384,555 / 108,924,715 (26.1%)
[Layer Freezing] Training last 4 transformer layers (layers 8-11)
[Layer Freezing] Trainable params: 28,384,555 / 108,924,715 (26.1%)
[Round 9] T=4.75  α_ce=0.98  α_kd=0.02
 Round 9 | F1 0.1970 | P 0.5208 | R 0.1215 | Time 44.0s | Comm N/A | Local Avg F1: 0.1384

=== Round 10/100 ===
[Round 10] KD=ON | policy=prev_global
[Layer Freezing] Training last 4 transformer layers (layers 8-11)
[Layer Freezing] Trainable params: 28,384,555 / 108,924,715 (26.1%)
[Layer Freezing] Training last 4 transformer layers (layers 8-11)
[Layer Freezing] Trainable params: 28,384,555 / 108,924,715 (26.1%)
[Layer Freezing] Training last 4 transformer layers (layers 8-11)
[Layer Freezing] Trainable params: 28,384,555 / 108,924,715 (26.1%)
[Layer Freezing] Training last 4 transformer layers (layers 8-11)
[Layer Freezing] Trainable params: 28,384,555 / 108,924,715 (26.1%)
[Layer Freezing] Training last 4 transformer layers (layers 8-11)
[Layer Freezing] Trainable params: 28,384,555 / 108,924,715 (26.1%)
[Layer Freezing] Training last 4 transformer layers (layers 8-11)
[Layer Freezing] Trainable params: 28,384,555 / 108,924,715 (26.1%)
[Layer Freezing] Training last 4 transformer layers (layers 8-11)
[Layer Freezing] Trainable params: 28,384,555 / 108,924,715 (26.1%)
[Layer Freezing] Training last 4 transformer layers (layers 8-11)
[Layer Freezing] Trainable params: 28,384,555 / 108,924,715 (26.1%)
[Layer Freezing] Training last 4 transformer layers (layers 8-11)
[Layer Freezing] Trainable params: 28,384,555 / 108,924,715 (26.1%)
[Layer Freezing] Training last 4 transformer layers (layers 8-11)
[Layer Freezing] Trainable params: 28,384,555 / 108,924,715 (26.1%)
[Round 10] T=4.71  α_ce=0.98  α_kd=0.02
 Round 10 | F1 0.1961 | P 0.5478 | R 0.1194 | Time 42.6s | Comm N/A | Local Avg F1: 0.1420

=== Round 11/100 ===
[Round 11] KD=ON | policy=prev_global
[Layer Freezing] Training last 4 transformer layers (layers 8-11)
[Layer Freezing] Trainable params: 28,384,555 / 108,924,715 (26.1%)
[Layer Freezing] Training last 4 transformer layers (layers 8-11)
[Layer Freezing] Trainable params: 28,384,555 / 108,924,715 (26.1%)
[Layer Freezing] Training last 4 transformer layers (layers 8-11)
[Layer Freezing] Trainable params: 28,384,555 / 108,924,715 (26.1%)
[Layer Freezing] Training last 4 transformer layers (layers 8-11)
[Layer Freezing] Trainable params: 28,384,555 / 108,924,715 (26.1%)
[Layer Freezing] Training last 4 transformer layers (layers 8-11)
[Layer Freezing] Trainable params: 28,384,555 / 108,924,715 (26.1%)
[Layer Freezing] Training last 4 transformer layers (layers 8-11)
[Layer Freezing] Trainable params: 28,384,555 / 108,924,715 (26.1%)
[Layer Freezing] Training last 4 transformer layers (layers 8-11)
[Layer Freezing] Trainable params: 28,384,555 / 108,924,715 (26.1%)
[Layer Freezing] Training last 4 transformer layers (layers 8-11)
[Layer Freezing] Trainable params: 28,384,555 / 108,924,715 (26.1%)
[Layer Freezing] Training last 4 transformer layers (layers 8-11)
[Layer Freezing] Trainable params: 28,384,555 / 108,924,715 (26.1%)
[Layer Freezing] Training last 4 transformer layers (layers 8-11)
[Layer Freezing] Trainable params: 28,384,555 / 108,924,715 (26.1%)
[Round 11] T=4.68  α_ce=0.97  α_kd=0.03
 Round 11 | F1 0.1906 | P 0.5579 | R 0.1149 | Time 42.8s | Comm N/A | Local Avg F1: 0.1435

=== Round 12/100 ===
[Round 12] KD=ON | policy=prev_global
[Layer Freezing] Training last 4 transformer layers (layers 8-11)
[Layer Freezing] Trainable params: 28,384,555 / 108,924,715 (26.1%)
[Layer Freezing] Training last 4 transformer layers (layers 8-11)
[Layer Freezing] Trainable params: 28,384,555 / 108,924,715 (26.1%)
[Layer Freezing] Training last 4 transformer layers (layers 8-11)
[Layer Freezing] Trainable params: 28,384,555 / 108,924,715 (26.1%)
[Layer Freezing] Training last 4 transformer layers (layers 8-11)
[Layer Freezing] Trainable params: 28,384,555 / 108,924,715 (26.1%)
[Layer Freezing] Training last 4 transformer layers (layers 8-11)
[Layer Freezing] Trainable params: 28,384,555 / 108,924,715 (26.1%)
[Layer Freezing] Training last 4 transformer layers (layers 8-11)
[Layer Freezing] Trainable params: 28,384,555 / 108,924,715 (26.1%)
[Layer Freezing] Training last 4 transformer layers (layers 8-11)
[Layer Freezing] Trainable params: 28,384,555 / 108,924,715 (26.1%)
[Layer Freezing] Training last 4 transformer layers (layers 8-11)
[Layer Freezing] Trainable params: 28,384,555 / 108,924,715 (26.1%)
[Layer Freezing] Training last 4 transformer layers (layers 8-11)
[Layer Freezing] Trainable params: 28,384,555 / 108,924,715 (26.1%)
[Layer Freezing] Training last 4 transformer layers (layers 8-11)
[Layer Freezing] Trainable params: 28,384,555 / 108,924,715 (26.1%)
[Round 12] T=4.64  α_ce=0.97  α_kd=0.03
 Round 12 | F1 0.2409 | P 0.5300 | R 0.1559 | Time 44.0s | Comm N/A | Local Avg F1: 0.1925

=== Round 13/100 ===
[Round 13] KD=ON | policy=prev_global
[Layer Freezing] Training last 4 transformer layers (layers 8-11)
[Layer Freezing] Trainable params: 28,384,555 / 108,924,715 (26.1%)
[Layer Freezing] Training last 4 transformer layers (layers 8-11)
[Layer Freezing] Trainable params: 28,384,555 / 108,924,715 (26.1%)
[Layer Freezing] Training last 4 transformer layers (layers 8-11)
[Layer Freezing] Trainable params: 28,384,555 / 108,924,715 (26.1%)
[Layer Freezing] Training last 4 transformer layers (layers 8-11)
[Layer Freezing] Trainable params: 28,384,555 / 108,924,715 (26.1%)
[Layer Freezing] Training last 4 transformer layers (layers 8-11)
[Layer Freezing] Trainable params: 28,384,555 / 108,924,715 (26.1%)
[Layer Freezing] Training last 4 transformer layers (layers 8-11)
[Layer Freezing] Trainable params: 28,384,555 / 108,924,715 (26.1%)
[Layer Freezing] Training last 4 transformer layers (layers 8-11)
[Layer Freezing] Trainable params: 28,384,555 / 108,924,715 (26.1%)
[Layer Freezing] Training last 4 transformer layers (layers 8-11)
[Layer Freezing] Trainable params: 28,384,555 / 108,924,715 (26.1%)
[Layer Freezing] Training last 4 transformer layers (layers 8-11)
[Layer Freezing] Trainable params: 28,384,555 / 108,924,715 (26.1%)
[Layer Freezing] Training last 4 transformer layers (layers 8-11)
[Layer Freezing] Trainable params: 28,384,555 / 108,924,715 (26.1%)
[Round 13] T=4.61  α_ce=0.97  α_kd=0.03
 Round 13 | F1 0.2313 | P 0.5655 | R 0.1454 | Time 42.8s | Comm N/A | Local Avg F1: 0.1802

=== Round 14/100 ===
[Round 14] KD=ON | policy=prev_global
[Layer Freezing] Training last 4 transformer layers (layers 8-11)
[Layer Freezing] Trainable params: 28,384,555 / 108,924,715 (26.1%)
[Layer Freezing] Training last 4 transformer layers (layers 8-11)
[Layer Freezing] Trainable params: 28,384,555 / 108,924,715 (26.1%)
[Layer Freezing] Training last 4 transformer layers (layers 8-11)
[Layer Freezing] Trainable params: 28,384,555 / 108,924,715 (26.1%)
[Layer Freezing] Training last 4 transformer layers (layers 8-11)
[Layer Freezing] Trainable params: 28,384,555 / 108,924,715 (26.1%)
[Layer Freezing] Training last 4 transformer layers (layers 8-11)
[Layer Freezing] Trainable params: 28,384,555 / 108,924,715 (26.1%)
[Layer Freezing] Training last 4 transformer layers (layers 8-11)
[Layer Freezing] Trainable params: 28,384,555 / 108,924,715 (26.1%)
[Layer Freezing] Training last 4 transformer layers (layers 8-11)
[Layer Freezing] Trainable params: 28,384,555 / 108,924,715 (26.1%)
[Layer Freezing] Training last 4 transformer layers (layers 8-11)
[Layer Freezing] Trainable params: 28,384,555 / 108,924,715 (26.1%)
[Layer Freezing] Training last 4 transformer layers (layers 8-11)
[Layer Freezing] Trainable params: 28,384,555 / 108,924,715 (26.1%)
[Layer Freezing] Training last 4 transformer layers (layers 8-11)
[Layer Freezing] Trainable params: 28,384,555 / 108,924,715 (26.1%)
[Round 14] T=4.57  α_ce=0.96  α_kd=0.04
 Round 14 | F1 0.2730 | P 0.5531 | R 0.1813 | Time 43.2s | Comm N/A | Local Avg F1: 0.2152

=== Round 15/100 ===
[Round 15] KD=ON | policy=prev_global
[Layer Freezing] Training last 4 transformer layers (layers 8-11)
[Layer Freezing] Trainable params: 28,384,555 / 108,924,715 (26.1%)
[Layer Freezing] Training last 4 transformer layers (layers 8-11)
[Layer Freezing] Trainable params: 28,384,555 / 108,924,715 (26.1%)
[Layer Freezing] Training last 4 transformer layers (layers 8-11)
[Layer Freezing] Trainable params: 28,384,555 / 108,924,715 (26.1%)
[Layer Freezing] Training last 4 transformer layers (layers 8-11)
[Layer Freezing] Trainable params: 28,384,555 / 108,924,715 (26.1%)
[Layer Freezing] Training last 4 transformer layers (layers 8-11)
[Layer Freezing] Trainable params: 28,384,555 / 108,924,715 (26.1%)
[Layer Freezing] Training last 4 transformer layers (layers 8-11)
[Layer Freezing] Trainable params: 28,384,555 / 108,924,715 (26.1%)
[Layer Freezing] Training last 4 transformer layers (layers 8-11)
[Layer Freezing] Trainable params: 28,384,555 / 108,924,715 (26.1%)
[Layer Freezing] Training last 4 transformer layers (layers 8-11)
[Layer Freezing] Trainable params: 28,384,555 / 108,924,715 (26.1%)
[Layer Freezing] Training last 4 transformer layers (layers 8-11)
[Layer Freezing] Trainable params: 28,384,555 / 108,924,715 (26.1%)
[Layer Freezing] Training last 4 transformer layers (layers 8-11)
[Layer Freezing] Trainable params: 28,384,555 / 108,924,715 (26.1%)
[Round 15] T=4.54  α_ce=0.96  α_kd=0.04
 Round 15 | F1 0.2685 | P 0.5625 | R 0.1763 | Time 44.7s | Comm N/A | Local Avg F1: 0.2089

=== Round 16/100 ===
[Round 16] KD=ON | policy=prev_global
[Layer Freezing] Training last 4 transformer layers (layers 8-11)
[Layer Freezing] Trainable params: 28,384,555 / 108,924,715 (26.1%)
[Layer Freezing] Training last 4 transformer layers (layers 8-11)
[Layer Freezing] Trainable params: 28,384,555 / 108,924,715 (26.1%)
[Layer Freezing] Training last 4 transformer layers (layers 8-11)
[Layer Freezing] Trainable params: 28,384,555 / 108,924,715 (26.1%)
[Layer Freezing] Training last 4 transformer layers (layers 8-11)
[Layer Freezing] Trainable params: 28,384,555 / 108,924,715 (26.1%)
[Layer Freezing] Training last 4 transformer layers (layers 8-11)
[Layer Freezing] Trainable params: 28,384,555 / 108,924,715 (26.1%)
[Layer Freezing] Training last 4 transformer layers (layers 8-11)
[Layer Freezing] Trainable params: 28,384,555 / 108,924,715 (26.1%)
[Layer Freezing] Training last 4 transformer layers (layers 8-11)
[Layer Freezing] Trainable params: 28,384,555 / 108,924,715 (26.1%)
[Layer Freezing] Training last 4 transformer layers (layers 8-11)
[Layer Freezing] Trainable params: 28,384,555 / 108,924,715 (26.1%)
[Layer Freezing] Training last 4 transformer layers (layers 8-11)
[Layer Freezing] Trainable params: 28,384,555 / 108,924,715 (26.1%)
[Layer Freezing] Training last 4 transformer layers (layers 8-11)
[Layer Freezing] Trainable params: 28,384,555 / 108,924,715 (26.1%)
[Round 16] T=4.50  α_ce=0.96  α_kd=0.04
 Round 16 | F1 0.3265 | P 0.5419 | R 0.2337 | Time 43.2s | Comm N/A | Local Avg F1: 0.2594

=== Round 17/100 ===
[Round 17] KD=ON | policy=prev_global
[Layer Freezing] Training last 4 transformer layers (layers 8-11)
[Layer Freezing] Trainable params: 28,384,555 / 108,924,715 (26.1%)
[Layer Freezing] Training last 4 transformer layers (layers 8-11)
[Layer Freezing] Trainable params: 28,384,555 / 108,924,715 (26.1%)
[Layer Freezing] Training last 4 transformer layers (layers 8-11)
[Layer Freezing] Trainable params: 28,384,555 / 108,924,715 (26.1%)
[Layer Freezing] Training last 4 transformer layers (layers 8-11)
[Layer Freezing] Trainable params: 28,384,555 / 108,924,715 (26.1%)
[Layer Freezing] Training last 4 transformer layers (layers 8-11)
[Layer Freezing] Trainable params: 28,384,555 / 108,924,715 (26.1%)
[Layer Freezing] Training last 4 transformer layers (layers 8-11)
[Layer Freezing] Trainable params: 28,384,555 / 108,924,715 (26.1%)
[Layer Freezing] Training last 4 transformer layers (layers 8-11)
[Layer Freezing] Trainable params: 28,384,555 / 108,924,715 (26.1%)
[Layer Freezing] Training last 4 transformer layers (layers 8-11)
[Layer Freezing] Trainable params: 28,384,555 / 108,924,715 (26.1%)
[Layer Freezing] Training last 4 transformer layers (layers 8-11)
[Layer Freezing] Trainable params: 28,384,555 / 108,924,715 (26.1%)
[Layer Freezing] Training last 4 transformer layers (layers 8-11)
[Layer Freezing] Trainable params: 28,384,555 / 108,924,715 (26.1%)
[Round 17] T=4.46  α_ce=0.95  α_kd=0.05
 Round 17 | F1 0.3141 | P 0.5634 | R 0.2178 | Time 43.2s | Comm N/A | Local Avg F1: 0.2416

=== Round 18/100 ===
[Round 18] KD=ON | policy=prev_global
[Layer Freezing] Training last 4 transformer layers (layers 8-11)
[Layer Freezing] Trainable params: 28,384,555 / 108,924,715 (26.1%)
[Layer Freezing] Training last 4 transformer layers (layers 8-11)
[Layer Freezing] Trainable params: 28,384,555 / 108,924,715 (26.1%)
[Layer Freezing] Training last 4 transformer layers (layers 8-11)
[Layer Freezing] Trainable params: 28,384,555 / 108,924,715 (26.1%)
[Layer Freezing] Training last 4 transformer layers (layers 8-11)
[Layer Freezing] Trainable params: 28,384,555 / 108,924,715 (26.1%)
[Layer Freezing] Training last 4 transformer layers (layers 8-11)
[Layer Freezing] Trainable params: 28,384,555 / 108,924,715 (26.1%)
[Layer Freezing] Training last 4 transformer layers (layers 8-11)
[Layer Freezing] Trainable params: 28,384,555 / 108,924,715 (26.1%)
[Layer Freezing] Training last 4 transformer layers (layers 8-11)
[Layer Freezing] Trainable params: 28,384,555 / 108,924,715 (26.1%)
[Layer Freezing] Training last 4 transformer layers (layers 8-11)
[Layer Freezing] Trainable params: 28,384,555 / 108,924,715 (26.1%)
[Layer Freezing] Training last 4 transformer layers (layers 8-11)
[Layer Freezing] Trainable params: 28,384,555 / 108,924,715 (26.1%)
[Layer Freezing] Training last 4 transformer layers (layers 8-11)
[Layer Freezing] Trainable params: 28,384,555 / 108,924,715 (26.1%)
[Round 18] T=4.43  α_ce=0.95  α_kd=0.05
 Round 18 | F1 0.3391 | P 0.5684 | R 0.2417 | Time 44.6s | Comm N/A | Local Avg F1: 0.2710

=== Round 19/100 ===
[Round 19] KD=ON | policy=prev_global
[Layer Freezing] Training last 4 transformer layers (layers 8-11)
[Layer Freezing] Trainable params: 28,384,555 / 108,924,715 (26.1%)
[Layer Freezing] Training last 4 transformer layers (layers 8-11)
[Layer Freezing] Trainable params: 28,384,555 / 108,924,715 (26.1%)
[Layer Freezing] Training last 4 transformer layers (layers 8-11)
[Layer Freezing] Trainable params: 28,384,555 / 108,924,715 (26.1%)
[Layer Freezing] Training last 4 transformer layers (layers 8-11)
[Layer Freezing] Trainable params: 28,384,555 / 108,924,715 (26.1%)
[Layer Freezing] Training last 4 transformer layers (layers 8-11)
[Layer Freezing] Trainable params: 28,384,555 / 108,924,715 (26.1%)
[Layer Freezing] Training last 4 transformer layers (layers 8-11)
[Layer Freezing] Trainable params: 28,384,555 / 108,924,715 (26.1%)
[Layer Freezing] Training last 4 transformer layers (layers 8-11)
[Layer Freezing] Trainable params: 28,384,555 / 108,924,715 (26.1%)
[Layer Freezing] Training last 4 transformer layers (layers 8-11)
[Layer Freezing] Trainable params: 28,384,555 / 108,924,715 (26.1%)
[Layer Freezing] Training last 4 transformer layers (layers 8-11)
[Layer Freezing] Trainable params: 28,384,555 / 108,924,715 (26.1%)
[Layer Freezing] Training last 4 transformer layers (layers 8-11)
[Layer Freezing] Trainable params: 28,384,555 / 108,924,715 (26.1%)
[Round 19] T=4.39  α_ce=0.95  α_kd=0.05
 Round 19 | F1 0.3261 | P 0.5816 | R 0.2266 | Time 43.2s | Comm N/A | Local Avg F1: 0.2662

=== Round 20/100 ===
[Round 20] KD=ON | policy=prev_global
[Layer Freezing] Training last 4 transformer layers (layers 8-11)
[Layer Freezing] Trainable params: 28,384,555 / 108,924,715 (26.1%)
[Layer Freezing] Training last 4 transformer layers (layers 8-11)
[Layer Freezing] Trainable params: 28,384,555 / 108,924,715 (26.1%)
[Layer Freezing] Training last 4 transformer layers (layers 8-11)
[Layer Freezing] Trainable params: 28,384,555 / 108,924,715 (26.1%)
[Layer Freezing] Training last 4 transformer layers (layers 8-11)
[Layer Freezing] Trainable params: 28,384,555 / 108,924,715 (26.1%)
[Layer Freezing] Training last 4 transformer layers (layers 8-11)
[Layer Freezing] Trainable params: 28,384,555 / 108,924,715 (26.1%)
[Layer Freezing] Training last 4 transformer layers (layers 8-11)
[Layer Freezing] Trainable params: 28,384,555 / 108,924,715 (26.1%)
[Layer Freezing] Training last 4 transformer layers (layers 8-11)
[Layer Freezing] Trainable params: 28,384,555 / 108,924,715 (26.1%)
[Layer Freezing] Training last 4 transformer layers (layers 8-11)
[Layer Freezing] Trainable params: 28,384,555 / 108,924,715 (26.1%)
[Layer Freezing] Training last 4 transformer layers (layers 8-11)
[Layer Freezing] Trainable params: 28,384,555 / 108,924,715 (26.1%)
[Layer Freezing] Training last 4 transformer layers (layers 8-11)
[Layer Freezing] Trainable params: 28,384,555 / 108,924,715 (26.1%)
[Round 20] T=4.36  α_ce=0.94  α_kd=0.06
 Round 20 | F1 0.3540 | P 0.5642 | R 0.2579 | Time 43.8s | Comm N/A | Local Avg F1: 0.2904

=== Round 21/100 ===
[Round 21] KD=ON | policy=prev_global
[Layer Freezing] Training last 4 transformer layers (layers 8-11)
[Layer Freezing] Trainable params: 28,384,555 / 108,924,715 (26.1%)
[Layer Freezing] Training last 4 transformer layers (layers 8-11)
[Layer Freezing] Trainable params: 28,384,555 / 108,924,715 (26.1%)
[Layer Freezing] Training last 4 transformer layers (layers 8-11)
[Layer Freezing] Trainable params: 28,384,555 / 108,924,715 (26.1%)
[Layer Freezing] Training last 4 transformer layers (layers 8-11)
[Layer Freezing] Trainable params: 28,384,555 / 108,924,715 (26.1%)
[Layer Freezing] Training last 4 transformer layers (layers 8-11)
[Layer Freezing] Trainable params: 28,384,555 / 108,924,715 (26.1%)
[Layer Freezing] Training last 4 transformer layers (layers 8-11)
[Layer Freezing] Trainable params: 28,384,555 / 108,924,715 (26.1%)
[Layer Freezing] Training last 4 transformer layers (layers 8-11)
[Layer Freezing] Trainable params: 28,384,555 / 108,924,715 (26.1%)
[Layer Freezing] Training last 4 transformer layers (layers 8-11)
[Layer Freezing] Trainable params: 28,384,555 / 108,924,715 (26.1%)
[Layer Freezing] Training last 4 transformer layers (layers 8-11)
[Layer Freezing] Trainable params: 28,384,555 / 108,924,715 (26.1%)
[Layer Freezing] Training last 4 transformer layers (layers 8-11)
[Layer Freezing] Trainable params: 28,384,555 / 108,924,715 (26.1%)
[Round 21] T=4.32  α_ce=0.94  α_kd=0.06
 Round 21 | F1 0.3645 | P 0.5755 | R 0.2667 | Time 43.6s | Comm N/A | Local Avg F1: 0.3045

=== Round 22/100 ===
[Round 22] KD=ON | policy=prev_global
[Layer Freezing] Training last 4 transformer layers (layers 8-11)
[Layer Freezing] Trainable params: 28,384,555 / 108,924,715 (26.1%)
[Layer Freezing] Training last 4 transformer layers (layers 8-11)
[Layer Freezing] Trainable params: 28,384,555 / 108,924,715 (26.1%)
[Layer Freezing] Training last 4 transformer layers (layers 8-11)
[Layer Freezing] Trainable params: 28,384,555 / 108,924,715 (26.1%)
[Layer Freezing] Training last 4 transformer layers (layers 8-11)
[Layer Freezing] Trainable params: 28,384,555 / 108,924,715 (26.1%)
[Layer Freezing] Training last 4 transformer layers (layers 8-11)
[Layer Freezing] Trainable params: 28,384,555 / 108,924,715 (26.1%)
[Layer Freezing] Training last 4 transformer layers (layers 8-11)
[Layer Freezing] Trainable params: 28,384,555 / 108,924,715 (26.1%)
[Layer Freezing] Training last 4 transformer layers (layers 8-11)
[Layer Freezing] Trainable params: 28,384,555 / 108,924,715 (26.1%)
[Layer Freezing] Training last 4 transformer layers (layers 8-11)
[Layer Freezing] Trainable params: 28,384,555 / 108,924,715 (26.1%)
[Layer Freezing] Training last 4 transformer layers (layers 8-11)
[Layer Freezing] Trainable params: 28,384,555 / 108,924,715 (26.1%)
[Layer Freezing] Training last 4 transformer layers (layers 8-11)
[Layer Freezing] Trainable params: 28,384,555 / 108,924,715 (26.1%)
[Round 22] T=4.29  α_ce=0.94  α_kd=0.06
 Round 22 | F1 0.4010 | P 0.5555 | R 0.3137 | Time 43.7s | Comm N/A | Local Avg F1: 0.3275

=== Round 23/100 ===
[Round 23] KD=ON | policy=prev_global
[Layer Freezing] Training last 4 transformer layers (layers 8-11)
[Layer Freezing] Trainable params: 28,384,555 / 108,924,715 (26.1%)
[Layer Freezing] Training last 4 transformer layers (layers 8-11)
[Layer Freezing] Trainable params: 28,384,555 / 108,924,715 (26.1%)
[Layer Freezing] Training last 4 transformer layers (layers 8-11)
[Layer Freezing] Trainable params: 28,384,555 / 108,924,715 (26.1%)
[Layer Freezing] Training last 4 transformer layers (layers 8-11)
[Layer Freezing] Trainable params: 28,384,555 / 108,924,715 (26.1%)
[Layer Freezing] Training last 4 transformer layers (layers 8-11)
[Layer Freezing] Trainable params: 28,384,555 / 108,924,715 (26.1%)
[Layer Freezing] Training last 4 transformer layers (layers 8-11)
[Layer Freezing] Trainable params: 28,384,555 / 108,924,715 (26.1%)
[Layer Freezing] Training last 4 transformer layers (layers 8-11)
[Layer Freezing] Trainable params: 28,384,555 / 108,924,715 (26.1%)
[Layer Freezing] Training last 4 transformer layers (layers 8-11)
[Layer Freezing] Trainable params: 28,384,555 / 108,924,715 (26.1%)
[Layer Freezing] Training last 4 transformer layers (layers 8-11)
[Layer Freezing] Trainable params: 28,384,555 / 108,924,715 (26.1%)
[Layer Freezing] Training last 4 transformer layers (layers 8-11)
[Layer Freezing] Trainable params: 28,384,555 / 108,924,715 (26.1%)
[Round 23] T=4.25  α_ce=0.94  α_kd=0.06
 Round 23 | F1 0.3818 | P 0.5785 | R 0.2849 | Time 43.3s | Comm N/A | Local Avg F1: 0.3195

=== Round 24/100 ===
[Round 24] KD=ON | policy=prev_global
[Layer Freezing] Training last 4 transformer layers (layers 8-11)
[Layer Freezing] Trainable params: 28,384,555 / 108,924,715 (26.1%)
[Layer Freezing] Training last 4 transformer layers (layers 8-11)
[Layer Freezing] Trainable params: 28,384,555 / 108,924,715 (26.1%)
[Layer Freezing] Training last 4 transformer layers (layers 8-11)
[Layer Freezing] Trainable params: 28,384,555 / 108,924,715 (26.1%)
[Layer Freezing] Training last 4 transformer layers (layers 8-11)
[Layer Freezing] Trainable params: 28,384,555 / 108,924,715 (26.1%)
[Layer Freezing] Training last 4 transformer layers (layers 8-11)
[Layer Freezing] Trainable params: 28,384,555 / 108,924,715 (26.1%)
[Layer Freezing] Training last 4 transformer layers (layers 8-11)
[Layer Freezing] Trainable params: 28,384,555 / 108,924,715 (26.1%)
[Layer Freezing] Training last 4 transformer layers (layers 8-11)
[Layer Freezing] Trainable params: 28,384,555 / 108,924,715 (26.1%)
[Layer Freezing] Training last 4 transformer layers (layers 8-11)
[Layer Freezing] Trainable params: 28,384,555 / 108,924,715 (26.1%)
[Layer Freezing] Training last 4 transformer layers (layers 8-11)
[Layer Freezing] Trainable params: 28,384,555 / 108,924,715 (26.1%)
[Layer Freezing] Training last 4 transformer layers (layers 8-11)
[Layer Freezing] Trainable params: 28,384,555 / 108,924,715 (26.1%)
[Round 24] T=4.21  α_ce=0.93  α_kd=0.07
 Round 24 | F1 0.3931 | P 0.5761 | R 0.2983 | Time 44.5s | Comm N/A | Local Avg F1: 0.3267

=== Round 25/100 ===
[Round 25] KD=ON | policy=prev_global
[Layer Freezing] Training last 4 transformer layers (layers 8-11)
[Layer Freezing] Trainable params: 28,384,555 / 108,924,715 (26.1%)
[Layer Freezing] Training last 4 transformer layers (layers 8-11)
[Layer Freezing] Trainable params: 28,384,555 / 108,924,715 (26.1%)
[Layer Freezing] Training last 4 transformer layers (layers 8-11)
[Layer Freezing] Trainable params: 28,384,555 / 108,924,715 (26.1%)
[Layer Freezing] Training last 4 transformer layers (layers 8-11)
[Layer Freezing] Trainable params: 28,384,555 / 108,924,715 (26.1%)
[Layer Freezing] Training last 4 transformer layers (layers 8-11)
[Layer Freezing] Trainable params: 28,384,555 / 108,924,715 (26.1%)
[Layer Freezing] Training last 4 transformer layers (layers 8-11)
[Layer Freezing] Trainable params: 28,384,555 / 108,924,715 (26.1%)
[Layer Freezing] Training last 4 transformer layers (layers 8-11)
[Layer Freezing] Trainable params: 28,384,555 / 108,924,715 (26.1%)
[Layer Freezing] Training last 4 transformer layers (layers 8-11)
[Layer Freezing] Trainable params: 28,384,555 / 108,924,715 (26.1%)
[Layer Freezing] Training last 4 transformer layers (layers 8-11)
[Layer Freezing] Trainable params: 28,384,555 / 108,924,715 (26.1%)
[Layer Freezing] Training last 4 transformer layers (layers 8-11)
[Layer Freezing] Trainable params: 28,384,555 / 108,924,715 (26.1%)
[Round 25] T=4.18  α_ce=0.93  α_kd=0.07
 Round 25 | F1 0.4182 | P 0.5598 | R 0.3337 | Time 43.0s | Comm N/A | Local Avg F1: 0.3512

=== Round 26/100 ===
[Round 26] KD=ON | policy=prev_global
[Layer Freezing] Training last 4 transformer layers (layers 8-11)
[Layer Freezing] Trainable params: 28,384,555 / 108,924,715 (26.1%)
[Layer Freezing] Training last 4 transformer layers (layers 8-11)
[Layer Freezing] Trainable params: 28,384,555 / 108,924,715 (26.1%)
[Layer Freezing] Training last 4 transformer layers (layers 8-11)
[Layer Freezing] Trainable params: 28,384,555 / 108,924,715 (26.1%)
[Layer Freezing] Training last 4 transformer layers (layers 8-11)
[Layer Freezing] Trainable params: 28,384,555 / 108,924,715 (26.1%)
[Layer Freezing] Training last 4 transformer layers (layers 8-11)
[Layer Freezing] Trainable params: 28,384,555 / 108,924,715 (26.1%)
[Layer Freezing] Training last 4 transformer layers (layers 8-11)
[Layer Freezing] Trainable params: 28,384,555 / 108,924,715 (26.1%)
[Layer Freezing] Training last 4 transformer layers (layers 8-11)
[Layer Freezing] Trainable params: 28,384,555 / 108,924,715 (26.1%)
[Layer Freezing] Training last 4 transformer layers (layers 8-11)
[Layer Freezing] Trainable params: 28,384,555 / 108,924,715 (26.1%)
[Layer Freezing] Training last 4 transformer layers (layers 8-11)
[Layer Freezing] Trainable params: 28,384,555 / 108,924,715 (26.1%)
[Layer Freezing] Training last 4 transformer layers (layers 8-11)
[Layer Freezing] Trainable params: 28,384,555 / 108,924,715 (26.1%)
[Round 26] T=4.14  α_ce=0.93  α_kd=0.07
 Round 26 | F1 0.4062 | P 0.5792 | R 0.3128 | Time 43.6s | Comm N/A | Local Avg F1: 0.3470

=== Round 27/100 ===
[Round 27] KD=ON | policy=prev_global
[Layer Freezing] Training last 4 transformer layers (layers 8-11)
[Layer Freezing] Trainable params: 28,384,555 / 108,924,715 (26.1%)
[Layer Freezing] Training last 4 transformer layers (layers 8-11)
[Layer Freezing] Trainable params: 28,384,555 / 108,924,715 (26.1%)
[Layer Freezing] Training last 4 transformer layers (layers 8-11)
[Layer Freezing] Trainable params: 28,384,555 / 108,924,715 (26.1%)
[Layer Freezing] Training last 4 transformer layers (layers 8-11)
[Layer Freezing] Trainable params: 28,384,555 / 108,924,715 (26.1%)
[Layer Freezing] Training last 4 transformer layers (layers 8-11)
[Layer Freezing] Trainable params: 28,384,555 / 108,924,715 (26.1%)
[Layer Freezing] Training last 4 transformer layers (layers 8-11)
[Layer Freezing] Trainable params: 28,384,555 / 108,924,715 (26.1%)
[Layer Freezing] Training last 4 transformer layers (layers 8-11)
[Layer Freezing] Trainable params: 28,384,555 / 108,924,715 (26.1%)
[Layer Freezing] Training last 4 transformer layers (layers 8-11)
[Layer Freezing] Trainable params: 28,384,555 / 108,924,715 (26.1%)
[Layer Freezing] Training last 4 transformer layers (layers 8-11)
[Layer Freezing] Trainable params: 28,384,555 / 108,924,715 (26.1%)
[Layer Freezing] Training last 4 transformer layers (layers 8-11)
[Layer Freezing] Trainable params: 28,384,555 / 108,924,715 (26.1%)
[Round 27] T=4.11  α_ce=0.92  α_kd=0.08
 Round 27 | F1 0.4178 | P 0.5812 | R 0.3261 | Time 44.5s | Comm N/A | Local Avg F1: 0.3527

=== Round 28/100 ===
[Round 28] KD=ON | policy=prev_global
[Layer Freezing] Training last 4 transformer layers (layers 8-11)
[Layer Freezing] Trainable params: 28,384,555 / 108,924,715 (26.1%)
[Layer Freezing] Training last 4 transformer layers (layers 8-11)
[Layer Freezing] Trainable params: 28,384,555 / 108,924,715 (26.1%)
[Layer Freezing] Training last 4 transformer layers (layers 8-11)
[Layer Freezing] Trainable params: 28,384,555 / 108,924,715 (26.1%)
[Layer Freezing] Training last 4 transformer layers (layers 8-11)
[Layer Freezing] Trainable params: 28,384,555 / 108,924,715 (26.1%)
[Layer Freezing] Training last 4 transformer layers (layers 8-11)
[Layer Freezing] Trainable params: 28,384,555 / 108,924,715 (26.1%)
[Layer Freezing] Training last 4 transformer layers (layers 8-11)
[Layer Freezing] Trainable params: 28,384,555 / 108,924,715 (26.1%)
[Layer Freezing] Training last 4 transformer layers (layers 8-11)
[Layer Freezing] Trainable params: 28,384,555 / 108,924,715 (26.1%)
[Layer Freezing] Training last 4 transformer layers (layers 8-11)
[Layer Freezing] Trainable params: 28,384,555 / 108,924,715 (26.1%)
[Layer Freezing] Training last 4 transformer layers (layers 8-11)
[Layer Freezing] Trainable params: 28,384,555 / 108,924,715 (26.1%)
[Layer Freezing] Training last 4 transformer layers (layers 8-11)
[Layer Freezing] Trainable params: 28,384,555 / 108,924,715 (26.1%)
[Round 28] T=4.07  α_ce=0.92  α_kd=0.08
 Round 28 | F1 0.4189 | P 0.5803 | R 0.3277 | Time 42.8s | Comm N/A | Local Avg F1: 0.3594

=== Round 29/100 ===
[Round 29] KD=ON | policy=prev_global
[Layer Freezing] Training last 4 transformer layers (layers 8-11)
[Layer Freezing] Trainable params: 28,384,555 / 108,924,715 (26.1%)
[Layer Freezing] Training last 4 transformer layers (layers 8-11)
[Layer Freezing] Trainable params: 28,384,555 / 108,924,715 (26.1%)
[Layer Freezing] Training last 4 transformer layers (layers 8-11)
[Layer Freezing] Trainable params: 28,384,555 / 108,924,715 (26.1%)
[Layer Freezing] Training last 4 transformer layers (layers 8-11)
[Layer Freezing] Trainable params: 28,384,555 / 108,924,715 (26.1%)
[Layer Freezing] Training last 4 transformer layers (layers 8-11)
[Layer Freezing] Trainable params: 28,384,555 / 108,924,715 (26.1%)
[Layer Freezing] Training last 4 transformer layers (layers 8-11)
[Layer Freezing] Trainable params: 28,384,555 / 108,924,715 (26.1%)
[Layer Freezing] Training last 4 transformer layers (layers 8-11)
[Layer Freezing] Trainable params: 28,384,555 / 108,924,715 (26.1%)
[Layer Freezing] Training last 4 transformer layers (layers 8-11)
[Layer Freezing] Trainable params: 28,384,555 / 108,924,715 (26.1%)
[Layer Freezing] Training last 4 transformer layers (layers 8-11)
[Layer Freezing] Trainable params: 28,384,555 / 108,924,715 (26.1%)
[Layer Freezing] Training last 4 transformer layers (layers 8-11)
[Layer Freezing] Trainable params: 28,384,555 / 108,924,715 (26.1%)
[Round 29] T=4.04  α_ce=0.92  α_kd=0.08
 Round 29 | F1 0.4406 | P 0.5726 | R 0.3581 | Time 46.5s | Comm N/A | Local Avg F1: 0.3705

=== Round 30/100 ===
[Round 30] KD=ON | policy=prev_global
[Layer Freezing] Training last 4 transformer layers (layers 8-11)
[Layer Freezing] Trainable params: 28,384,555 / 108,924,715 (26.1%)
[Layer Freezing] Training last 4 transformer layers (layers 8-11)
[Layer Freezing] Trainable params: 28,384,555 / 108,924,715 (26.1%)
[Layer Freezing] Training last 4 transformer layers (layers 8-11)
[Layer Freezing] Trainable params: 28,384,555 / 108,924,715 (26.1%)
[Layer Freezing] Training last 4 transformer layers (layers 8-11)
[Layer Freezing] Trainable params: 28,384,555 / 108,924,715 (26.1%)
[Layer Freezing] Training last 4 transformer layers (layers 8-11)
[Layer Freezing] Trainable params: 28,384,555 / 108,924,715 (26.1%)
[Layer Freezing] Training last 4 transformer layers (layers 8-11)
[Layer Freezing] Trainable params: 28,384,555 / 108,924,715 (26.1%)
[Layer Freezing] Training last 4 transformer layers (layers 8-11)
[Layer Freezing] Trainable params: 28,384,555 / 108,924,715 (26.1%)
[Layer Freezing] Training last 4 transformer layers (layers 8-11)
[Layer Freezing] Trainable params: 28,384,555 / 108,924,715 (26.1%)
[Layer Freezing] Training last 4 transformer layers (layers 8-11)
[Layer Freezing] Trainable params: 28,384,555 / 108,924,715 (26.1%)
[Layer Freezing] Training last 4 transformer layers (layers 8-11)
[Layer Freezing] Trainable params: 28,384,555 / 108,924,715 (26.1%)
[Round 30] T=4.00  α_ce=0.91  α_kd=0.09
 Round 30 | F1 0.4424 | P 0.5862 | R 0.3552 | Time 44.2s | Comm N/A | Local Avg F1: 0.3692

=== Round 31/100 ===
[Round 31] KD=ON | policy=prev_global
[Layer Freezing] Training last 4 transformer layers (layers 8-11)
[Layer Freezing] Trainable params: 28,384,555 / 108,924,715 (26.1%)
[Layer Freezing] Training last 4 transformer layers (layers 8-11)
[Layer Freezing] Trainable params: 28,384,555 / 108,924,715 (26.1%)
[Layer Freezing] Training last 4 transformer layers (layers 8-11)
[Layer Freezing] Trainable params: 28,384,555 / 108,924,715 (26.1%)
[Layer Freezing] Training last 4 transformer layers (layers 8-11)
[Layer Freezing] Trainable params: 28,384,555 / 108,924,715 (26.1%)
[Layer Freezing] Training last 4 transformer layers (layers 8-11)
[Layer Freezing] Trainable params: 28,384,555 / 108,924,715 (26.1%)
[Layer Freezing] Training last 4 transformer layers (layers 8-11)
[Layer Freezing] Trainable params: 28,384,555 / 108,924,715 (26.1%)
[Layer Freezing] Training last 4 transformer layers (layers 8-11)
[Layer Freezing] Trainable params: 28,384,555 / 108,924,715 (26.1%)
[Layer Freezing] Training last 4 transformer layers (layers 8-11)
[Layer Freezing] Trainable params: 28,384,555 / 108,924,715 (26.1%)
[Layer Freezing] Training last 4 transformer layers (layers 8-11)
[Layer Freezing] Trainable params: 28,384,555 / 108,924,715 (26.1%)
[Layer Freezing] Training last 4 transformer layers (layers 8-11)
[Layer Freezing] Trainable params: 28,384,555 / 108,924,715 (26.1%)
[Round 31] T=3.96  α_ce=0.91  α_kd=0.09
 Round 31 | F1 0.4374 | P 0.5893 | R 0.3478 | Time 43.7s | Comm N/A | Local Avg F1: 0.3722

=== Round 32/100 ===
[Round 32] KD=ON | policy=prev_global
[Layer Freezing] Training last 4 transformer layers (layers 8-11)
[Layer Freezing] Trainable params: 28,384,555 / 108,924,715 (26.1%)
[Layer Freezing] Training last 4 transformer layers (layers 8-11)
[Layer Freezing] Trainable params: 28,384,555 / 108,924,715 (26.1%)
[Layer Freezing] Training last 4 transformer layers (layers 8-11)
[Layer Freezing] Trainable params: 28,384,555 / 108,924,715 (26.1%)
[Layer Freezing] Training last 4 transformer layers (layers 8-11)
[Layer Freezing] Trainable params: 28,384,555 / 108,924,715 (26.1%)
[Layer Freezing] Training last 4 transformer layers (layers 8-11)
[Layer Freezing] Trainable params: 28,384,555 / 108,924,715 (26.1%)
[Layer Freezing] Training last 4 transformer layers (layers 8-11)
[Layer Freezing] Trainable params: 28,384,555 / 108,924,715 (26.1%)
[Layer Freezing] Training last 4 transformer layers (layers 8-11)
[Layer Freezing] Trainable params: 28,384,555 / 108,924,715 (26.1%)
[Layer Freezing] Training last 4 transformer layers (layers 8-11)
[Layer Freezing] Trainable params: 28,384,555 / 108,924,715 (26.1%)
[Layer Freezing] Training last 4 transformer layers (layers 8-11)
[Layer Freezing] Trainable params: 28,384,555 / 108,924,715 (26.1%)
[Layer Freezing] Training last 4 transformer layers (layers 8-11)
[Layer Freezing] Trainable params: 28,384,555 / 108,924,715 (26.1%)
[Round 32] T=3.93  α_ce=0.91  α_kd=0.09
 Round 32 | F1 0.4482 | P 0.5873 | R 0.3624 | Time 44.0s | Comm N/A | Local Avg F1: 0.3758

=== Round 33/100 ===
[Round 33] KD=ON | policy=prev_global
[Layer Freezing] Training last 4 transformer layers (layers 8-11)
[Layer Freezing] Trainable params: 28,384,555 / 108,924,715 (26.1%)
[Layer Freezing] Training last 4 transformer layers (layers 8-11)
[Layer Freezing] Trainable params: 28,384,555 / 108,924,715 (26.1%)
[Layer Freezing] Training last 4 transformer layers (layers 8-11)
[Layer Freezing] Trainable params: 28,384,555 / 108,924,715 (26.1%)
[Layer Freezing] Training last 4 transformer layers (layers 8-11)
[Layer Freezing] Trainable params: 28,384,555 / 108,924,715 (26.1%)
[Layer Freezing] Training last 4 transformer layers (layers 8-11)
[Layer Freezing] Trainable params: 28,384,555 / 108,924,715 (26.1%)
[Layer Freezing] Training last 4 transformer layers (layers 8-11)
[Layer Freezing] Trainable params: 28,384,555 / 108,924,715 (26.1%)
[Layer Freezing] Training last 4 transformer layers (layers 8-11)
[Layer Freezing] Trainable params: 28,384,555 / 108,924,715 (26.1%)
[Layer Freezing] Training last 4 transformer layers (layers 8-11)
[Layer Freezing] Trainable params: 28,384,555 / 108,924,715 (26.1%)
[Layer Freezing] Training last 4 transformer layers (layers 8-11)
[Layer Freezing] Trainable params: 28,384,555 / 108,924,715 (26.1%)
[Layer Freezing] Training last 4 transformer layers (layers 8-11)
[Layer Freezing] Trainable params: 28,384,555 / 108,924,715 (26.1%)
[Round 33] T=3.89  α_ce=0.91  α_kd=0.09
 Round 33 | F1 0.4398 | P 0.5955 | R 0.3487 | Time 43.8s | Comm N/A | Local Avg F1: 0.3744

=== Round 34/100 ===
[Round 34] KD=ON | policy=prev_global
[Layer Freezing] Training last 4 transformer layers (layers 8-11)
[Layer Freezing] Trainable params: 28,384,555 / 108,924,715 (26.1%)
[Layer Freezing] Training last 4 transformer layers (layers 8-11)
[Layer Freezing] Trainable params: 28,384,555 / 108,924,715 (26.1%)
[Layer Freezing] Training last 4 transformer layers (layers 8-11)
[Layer Freezing] Trainable params: 28,384,555 / 108,924,715 (26.1%)
[Layer Freezing] Training last 4 transformer layers (layers 8-11)
[Layer Freezing] Trainable params: 28,384,555 / 108,924,715 (26.1%)
[Layer Freezing] Training last 4 transformer layers (layers 8-11)
[Layer Freezing] Trainable params: 28,384,555 / 108,924,715 (26.1%)
[Layer Freezing] Training last 4 transformer layers (layers 8-11)
[Layer Freezing] Trainable params: 28,384,555 / 108,924,715 (26.1%)
[Layer Freezing] Training last 4 transformer layers (layers 8-11)
[Layer Freezing] Trainable params: 28,384,555 / 108,924,715 (26.1%)
[Layer Freezing] Training last 4 transformer layers (layers 8-11)
[Layer Freezing] Trainable params: 28,384,555 / 108,924,715 (26.1%)
[Layer Freezing] Training last 4 transformer layers (layers 8-11)
[Layer Freezing] Trainable params: 28,384,555 / 108,924,715 (26.1%)
[Layer Freezing] Training last 4 transformer layers (layers 8-11)
[Layer Freezing] Trainable params: 28,384,555 / 108,924,715 (26.1%)
[Round 34] T=3.86  α_ce=0.90  α_kd=0.10
 Round 34 | F1 0.4662 | P 0.5774 | R 0.3909 | Time 43.0s | Comm N/A | Local Avg F1: 0.3919

=== Round 35/100 ===
[Round 35] KD=ON | policy=prev_global
[Layer Freezing] Training last 4 transformer layers (layers 8-11)
[Layer Freezing] Trainable params: 28,384,555 / 108,924,715 (26.1%)
[Layer Freezing] Training last 4 transformer layers (layers 8-11)
[Layer Freezing] Trainable params: 28,384,555 / 108,924,715 (26.1%)
[Layer Freezing] Training last 4 transformer layers (layers 8-11)
[Layer Freezing] Trainable params: 28,384,555 / 108,924,715 (26.1%)
[Layer Freezing] Training last 4 transformer layers (layers 8-11)
[Layer Freezing] Trainable params: 28,384,555 / 108,924,715 (26.1%)
[Layer Freezing] Training last 4 transformer layers (layers 8-11)
[Layer Freezing] Trainable params: 28,384,555 / 108,924,715 (26.1%)
[Layer Freezing] Training last 4 transformer layers (layers 8-11)
[Layer Freezing] Trainable params: 28,384,555 / 108,924,715 (26.1%)
[Layer Freezing] Training last 4 transformer layers (layers 8-11)
[Layer Freezing] Trainable params: 28,384,555 / 108,924,715 (26.1%)
[Layer Freezing] Training last 4 transformer layers (layers 8-11)
[Layer Freezing] Trainable params: 28,384,555 / 108,924,715 (26.1%)
[Layer Freezing] Training last 4 transformer layers (layers 8-11)
[Layer Freezing] Trainable params: 28,384,555 / 108,924,715 (26.1%)
[Layer Freezing] Training last 4 transformer layers (layers 8-11)
[Layer Freezing] Trainable params: 28,384,555 / 108,924,715 (26.1%)
[Round 35] T=3.82  α_ce=0.90  α_kd=0.10
 Round 35 | F1 0.4606 | P 0.5911 | R 0.3773 | Time 44.5s | Comm N/A | Local Avg F1: 0.3899

=== Round 36/100 ===
[Round 36] KD=ON | policy=prev_global
[Layer Freezing] Training last 4 transformer layers (layers 8-11)
[Layer Freezing] Trainable params: 28,384,555 / 108,924,715 (26.1%)
[Layer Freezing] Training last 4 transformer layers (layers 8-11)
[Layer Freezing] Trainable params: 28,384,555 / 108,924,715 (26.1%)
[Layer Freezing] Training last 4 transformer layers (layers 8-11)
[Layer Freezing] Trainable params: 28,384,555 / 108,924,715 (26.1%)
[Layer Freezing] Training last 4 transformer layers (layers 8-11)
[Layer Freezing] Trainable params: 28,384,555 / 108,924,715 (26.1%)
[Layer Freezing] Training last 4 transformer layers (layers 8-11)
[Layer Freezing] Trainable params: 28,384,555 / 108,924,715 (26.1%)
[Layer Freezing] Training last 4 transformer layers (layers 8-11)
[Layer Freezing] Trainable params: 28,384,555 / 108,924,715 (26.1%)
[Layer Freezing] Training last 4 transformer layers (layers 8-11)
[Layer Freezing] Trainable params: 28,384,555 / 108,924,715 (26.1%)
[Layer Freezing] Training last 4 transformer layers (layers 8-11)
[Layer Freezing] Trainable params: 28,384,555 / 108,924,715 (26.1%)
[Layer Freezing] Training last 4 transformer layers (layers 8-11)
[Layer Freezing] Trainable params: 28,384,555 / 108,924,715 (26.1%)
[Layer Freezing] Training last 4 transformer layers (layers 8-11)
[Layer Freezing] Trainable params: 28,384,555 / 108,924,715 (26.1%)
[Round 36] T=3.79  α_ce=0.90  α_kd=0.10
 Round 36 | F1 0.4630 | P 0.5899 | R 0.3811 | Time 43.7s | Comm N/A | Local Avg F1: 0.3939

=== Round 37/100 ===
[Round 37] KD=ON | policy=prev_global
[Layer Freezing] Training last 4 transformer layers (layers 8-11)
[Layer Freezing] Trainable params: 28,384,555 / 108,924,715 (26.1%)
[Layer Freezing] Training last 4 transformer layers (layers 8-11)
[Layer Freezing] Trainable params: 28,384,555 / 108,924,715 (26.1%)
[Layer Freezing] Training last 4 transformer layers (layers 8-11)
[Layer Freezing] Trainable params: 28,384,555 / 108,924,715 (26.1%)
[Layer Freezing] Training last 4 transformer layers (layers 8-11)
[Layer Freezing] Trainable params: 28,384,555 / 108,924,715 (26.1%)
[Layer Freezing] Training last 4 transformer layers (layers 8-11)
[Layer Freezing] Trainable params: 28,384,555 / 108,924,715 (26.1%)
[Layer Freezing] Training last 4 transformer layers (layers 8-11)
[Layer Freezing] Trainable params: 28,384,555 / 108,924,715 (26.1%)
[Layer Freezing] Training last 4 transformer layers (layers 8-11)
[Layer Freezing] Trainable params: 28,384,555 / 108,924,715 (26.1%)
[Layer Freezing] Training last 4 transformer layers (layers 8-11)
[Layer Freezing] Trainable params: 28,384,555 / 108,924,715 (26.1%)
[Layer Freezing] Training last 4 transformer layers (layers 8-11)
[Layer Freezing] Trainable params: 28,384,555 / 108,924,715 (26.1%)
[Layer Freezing] Training last 4 transformer layers (layers 8-11)
[Layer Freezing] Trainable params: 28,384,555 / 108,924,715 (26.1%)
[Round 37] T=3.75  α_ce=0.89  α_kd=0.11
 Round 37 | F1 0.4680 | P 0.5878 | R 0.3888 | Time 43.1s | Comm N/A | Local Avg F1: 0.4032

=== Round 38/100 ===
[Round 38] KD=ON | policy=prev_global
[Layer Freezing] Training last 4 transformer layers (layers 8-11)
[Layer Freezing] Trainable params: 28,384,555 / 108,924,715 (26.1%)
[Layer Freezing] Training last 4 transformer layers (layers 8-11)
[Layer Freezing] Trainable params: 28,384,555 / 108,924,715 (26.1%)
[Layer Freezing] Training last 4 transformer layers (layers 8-11)
[Layer Freezing] Trainable params: 28,384,555 / 108,924,715 (26.1%)
[Layer Freezing] Training last 4 transformer layers (layers 8-11)
[Layer Freezing] Trainable params: 28,384,555 / 108,924,715 (26.1%)
[Layer Freezing] Training last 4 transformer layers (layers 8-11)
[Layer Freezing] Trainable params: 28,384,555 / 108,924,715 (26.1%)
[Layer Freezing] Training last 4 transformer layers (layers 8-11)
[Layer Freezing] Trainable params: 28,384,555 / 108,924,715 (26.1%)
[Layer Freezing] Training last 4 transformer layers (layers 8-11)
[Layer Freezing] Trainable params: 28,384,555 / 108,924,715 (26.1%)
[Layer Freezing] Training last 4 transformer layers (layers 8-11)
[Layer Freezing] Trainable params: 28,384,555 / 108,924,715 (26.1%)
[Layer Freezing] Training last 4 transformer layers (layers 8-11)
[Layer Freezing] Trainable params: 28,384,555 / 108,924,715 (26.1%)
[Layer Freezing] Training last 4 transformer layers (layers 8-11)
[Layer Freezing] Trainable params: 28,384,555 / 108,924,715 (26.1%)
[Round 38] T=3.71  α_ce=0.89  α_kd=0.11
 Round 38 | F1 0.4725 | P 0.5907 | R 0.3937 | Time 44.3s | Comm N/A | Local Avg F1: 0.4032

=== Round 39/100 ===
[Round 39] KD=ON | policy=prev_global
[Layer Freezing] Training last 4 transformer layers (layers 8-11)
[Layer Freezing] Trainable params: 28,384,555 / 108,924,715 (26.1%)
[Layer Freezing] Training last 4 transformer layers (layers 8-11)
[Layer Freezing] Trainable params: 28,384,555 / 108,924,715 (26.1%)
[Layer Freezing] Training last 4 transformer layers (layers 8-11)
[Layer Freezing] Trainable params: 28,384,555 / 108,924,715 (26.1%)
[Layer Freezing] Training last 4 transformer layers (layers 8-11)
[Layer Freezing] Trainable params: 28,384,555 / 108,924,715 (26.1%)
[Layer Freezing] Training last 4 transformer layers (layers 8-11)
[Layer Freezing] Trainable params: 28,384,555 / 108,924,715 (26.1%)
[Layer Freezing] Training last 4 transformer layers (layers 8-11)
[Layer Freezing] Trainable params: 28,384,555 / 108,924,715 (26.1%)
[Layer Freezing] Training last 4 transformer layers (layers 8-11)
[Layer Freezing] Trainable params: 28,384,555 / 108,924,715 (26.1%)
[Layer Freezing] Training last 4 transformer layers (layers 8-11)
[Layer Freezing] Trainable params: 28,384,555 / 108,924,715 (26.1%)
[Layer Freezing] Training last 4 transformer layers (layers 8-11)
[Layer Freezing] Trainable params: 28,384,555 / 108,924,715 (26.1%)
[Layer Freezing] Training last 4 transformer layers (layers 8-11)
[Layer Freezing] Trainable params: 28,384,555 / 108,924,715 (26.1%)
[Round 39] T=3.68  α_ce=0.89  α_kd=0.11
 Round 39 | F1 0.4742 | P 0.5925 | R 0.3952 | Time 43.6s | Comm N/A | Local Avg F1: 0.4078

=== Round 40/100 ===
[Round 40] KD=ON | policy=prev_global
[Layer Freezing] Training last 4 transformer layers (layers 8-11)
[Layer Freezing] Trainable params: 28,384,555 / 108,924,715 (26.1%)
[Layer Freezing] Training last 4 transformer layers (layers 8-11)
[Layer Freezing] Trainable params: 28,384,555 / 108,924,715 (26.1%)
[Layer Freezing] Training last 4 transformer layers (layers 8-11)
[Layer Freezing] Trainable params: 28,384,555 / 108,924,715 (26.1%)
[Layer Freezing] Training last 4 transformer layers (layers 8-11)
[Layer Freezing] Trainable params: 28,384,555 / 108,924,715 (26.1%)
[Layer Freezing] Training last 4 transformer layers (layers 8-11)
[Layer Freezing] Trainable params: 28,384,555 / 108,924,715 (26.1%)
[Layer Freezing] Training last 4 transformer layers (layers 8-11)
[Layer Freezing] Trainable params: 28,384,555 / 108,924,715 (26.1%)
[Layer Freezing] Training last 4 transformer layers (layers 8-11)
[Layer Freezing] Trainable params: 28,384,555 / 108,924,715 (26.1%)
[Layer Freezing] Training last 4 transformer layers (layers 8-11)
[Layer Freezing] Trainable params: 28,384,555 / 108,924,715 (26.1%)
[Layer Freezing] Training last 4 transformer layers (layers 8-11)
[Layer Freezing] Trainable params: 28,384,555 / 108,924,715 (26.1%)
[Layer Freezing] Training last 4 transformer layers (layers 8-11)
[Layer Freezing] Trainable params: 28,384,555 / 108,924,715 (26.1%)
[Round 40] T=3.64  α_ce=0.88  α_kd=0.12
 Round 40 | F1 0.4764 | P 0.5964 | R 0.3966 | Time 43.3s | Comm N/A | Local Avg F1: 0.4071

=== Round 41/100 ===
[Round 41] KD=ON | policy=prev_global
[Layer Freezing] Training last 4 transformer layers (layers 8-11)
[Layer Freezing] Trainable params: 28,384,555 / 108,924,715 (26.1%)
[Layer Freezing] Training last 4 transformer layers (layers 8-11)
[Layer Freezing] Trainable params: 28,384,555 / 108,924,715 (26.1%)
[Layer Freezing] Training last 4 transformer layers (layers 8-11)
[Layer Freezing] Trainable params: 28,384,555 / 108,924,715 (26.1%)
[Layer Freezing] Training last 4 transformer layers (layers 8-11)
[Layer Freezing] Trainable params: 28,384,555 / 108,924,715 (26.1%)
[Layer Freezing] Training last 4 transformer layers (layers 8-11)
[Layer Freezing] Trainable params: 28,384,555 / 108,924,715 (26.1%)
[Layer Freezing] Training last 4 transformer layers (layers 8-11)
[Layer Freezing] Trainable params: 28,384,555 / 108,924,715 (26.1%)
[Layer Freezing] Training last 4 transformer layers (layers 8-11)
[Layer Freezing] Trainable params: 28,384,555 / 108,924,715 (26.1%)
[Layer Freezing] Training last 4 transformer layers (layers 8-11)
[Layer Freezing] Trainable params: 28,384,555 / 108,924,715 (26.1%)
[Layer Freezing] Training last 4 transformer layers (layers 8-11)
[Layer Freezing] Trainable params: 28,384,555 / 108,924,715 (26.1%)
[Layer Freezing] Training last 4 transformer layers (layers 8-11)
[Layer Freezing] Trainable params: 28,384,555 / 108,924,715 (26.1%)
[Round 41] T=3.61  α_ce=0.88  α_kd=0.12
 Round 41 | F1 0.4775 | P 0.5932 | R 0.3996 | Time 44.2s | Comm N/A | Local Avg F1: 0.4049

=== Round 42/100 ===
[Round 42] KD=ON | policy=prev_global
[Layer Freezing] Training last 4 transformer layers (layers 8-11)
[Layer Freezing] Trainable params: 28,384,555 / 108,924,715 (26.1%)
[Layer Freezing] Training last 4 transformer layers (layers 8-11)
[Layer Freezing] Trainable params: 28,384,555 / 108,924,715 (26.1%)
[Layer Freezing] Training last 4 transformer layers (layers 8-11)
[Layer Freezing] Trainable params: 28,384,555 / 108,924,715 (26.1%)
[Layer Freezing] Training last 4 transformer layers (layers 8-11)
[Layer Freezing] Trainable params: 28,384,555 / 108,924,715 (26.1%)
[Layer Freezing] Training last 4 transformer layers (layers 8-11)
[Layer Freezing] Trainable params: 28,384,555 / 108,924,715 (26.1%)
[Layer Freezing] Training last 4 transformer layers (layers 8-11)
[Layer Freezing] Trainable params: 28,384,555 / 108,924,715 (26.1%)
[Layer Freezing] Training last 4 transformer layers (layers 8-11)
[Layer Freezing] Trainable params: 28,384,555 / 108,924,715 (26.1%)
[Layer Freezing] Training last 4 transformer layers (layers 8-11)
[Layer Freezing] Trainable params: 28,384,555 / 108,924,715 (26.1%)
[Layer Freezing] Training last 4 transformer layers (layers 8-11)
[Layer Freezing] Trainable params: 28,384,555 / 108,924,715 (26.1%)
[Layer Freezing] Training last 4 transformer layers (layers 8-11)
[Layer Freezing] Trainable params: 28,384,555 / 108,924,715 (26.1%)
[Round 42] T=3.57  α_ce=0.88  α_kd=0.12
 Round 42 | F1 0.4884 | P 0.5936 | R 0.4148 | Time 43.0s | Comm N/A | Local Avg F1: 0.4161

=== Round 43/100 ===
[Round 43] KD=ON | policy=prev_global
[Layer Freezing] Training last 4 transformer layers (layers 8-11)
[Layer Freezing] Trainable params: 28,384,555 / 108,924,715 (26.1%)
[Layer Freezing] Training last 4 transformer layers (layers 8-11)
[Layer Freezing] Trainable params: 28,384,555 / 108,924,715 (26.1%)
[Layer Freezing] Training last 4 transformer layers (layers 8-11)
[Layer Freezing] Trainable params: 28,384,555 / 108,924,715 (26.1%)
[Layer Freezing] Training last 4 transformer layers (layers 8-11)
[Layer Freezing] Trainable params: 28,384,555 / 108,924,715 (26.1%)
[Layer Freezing] Training last 4 transformer layers (layers 8-11)
[Layer Freezing] Trainable params: 28,384,555 / 108,924,715 (26.1%)
[Layer Freezing] Training last 4 transformer layers (layers 8-11)
[Layer Freezing] Trainable params: 28,384,555 / 108,924,715 (26.1%)
[Layer Freezing] Training last 4 transformer layers (layers 8-11)
[Layer Freezing] Trainable params: 28,384,555 / 108,924,715 (26.1%)
[Layer Freezing] Training last 4 transformer layers (layers 8-11)
[Layer Freezing] Trainable params: 28,384,555 / 108,924,715 (26.1%)
[Layer Freezing] Training last 4 transformer layers (layers 8-11)
[Layer Freezing] Trainable params: 28,384,555 / 108,924,715 (26.1%)
[Layer Freezing] Training last 4 transformer layers (layers 8-11)
[Layer Freezing] Trainable params: 28,384,555 / 108,924,715 (26.1%)
[Round 43] T=3.54  α_ce=0.87  α_kd=0.13
 Round 43 | F1 0.4697 | P 0.6160 | R 0.3795 | Time 43.6s | Comm N/A | Local Avg F1: 0.3968

=== Round 44/100 ===
[Round 44] KD=ON | policy=prev_global
[Layer Freezing] Training last 4 transformer layers (layers 8-11)
[Layer Freezing] Trainable params: 28,384,555 / 108,924,715 (26.1%)
[Layer Freezing] Training last 4 transformer layers (layers 8-11)
[Layer Freezing] Trainable params: 28,384,555 / 108,924,715 (26.1%)
[Layer Freezing] Training last 4 transformer layers (layers 8-11)
[Layer Freezing] Trainable params: 28,384,555 / 108,924,715 (26.1%)
[Layer Freezing] Training last 4 transformer layers (layers 8-11)
[Layer Freezing] Trainable params: 28,384,555 / 108,924,715 (26.1%)
[Layer Freezing] Training last 4 transformer layers (layers 8-11)
[Layer Freezing] Trainable params: 28,384,555 / 108,924,715 (26.1%)
[Layer Freezing] Training last 4 transformer layers (layers 8-11)
[Layer Freezing] Trainable params: 28,384,555 / 108,924,715 (26.1%)
[Layer Freezing] Training last 4 transformer layers (layers 8-11)
[Layer Freezing] Trainable params: 28,384,555 / 108,924,715 (26.1%)
[Layer Freezing] Training last 4 transformer layers (layers 8-11)
[Layer Freezing] Trainable params: 28,384,555 / 108,924,715 (26.1%)
[Layer Freezing] Training last 4 transformer layers (layers 8-11)
[Layer Freezing] Trainable params: 28,384,555 / 108,924,715 (26.1%)
[Layer Freezing] Training last 4 transformer layers (layers 8-11)
[Layer Freezing] Trainable params: 28,384,555 / 108,924,715 (26.1%)
[Round 44] T=3.50  α_ce=0.87  α_kd=0.13
 Round 44 | F1 0.4837 | P 0.5976 | R 0.4062 | Time 45.3s | Comm N/A | Local Avg F1: 0.4134

=== Round 45/100 ===
[Round 45] KD=ON | policy=prev_global
[Layer Freezing] Training last 4 transformer layers (layers 8-11)
[Layer Freezing] Trainable params: 28,384,555 / 108,924,715 (26.1%)
[Layer Freezing] Training last 4 transformer layers (layers 8-11)
[Layer Freezing] Trainable params: 28,384,555 / 108,924,715 (26.1%)
[Layer Freezing] Training last 4 transformer layers (layers 8-11)
[Layer Freezing] Trainable params: 28,384,555 / 108,924,715 (26.1%)
[Layer Freezing] Training last 4 transformer layers (layers 8-11)
[Layer Freezing] Trainable params: 28,384,555 / 108,924,715 (26.1%)
[Layer Freezing] Training last 4 transformer layers (layers 8-11)
[Layer Freezing] Trainable params: 28,384,555 / 108,924,715 (26.1%)
[Layer Freezing] Training last 4 transformer layers (layers 8-11)
[Layer Freezing] Trainable params: 28,384,555 / 108,924,715 (26.1%)
[Layer Freezing] Training last 4 transformer layers (layers 8-11)
[Layer Freezing] Trainable params: 28,384,555 / 108,924,715 (26.1%)
[Layer Freezing] Training last 4 transformer layers (layers 8-11)
[Layer Freezing] Trainable params: 28,384,555 / 108,924,715 (26.1%)
[Layer Freezing] Training last 4 transformer layers (layers 8-11)
[Layer Freezing] Trainable params: 28,384,555 / 108,924,715 (26.1%)
[Layer Freezing] Training last 4 transformer layers (layers 8-11)
[Layer Freezing] Trainable params: 28,384,555 / 108,924,715 (26.1%)
[Round 45] T=3.46  α_ce=0.87  α_kd=0.13
 Round 45 | F1 0.4886 | P 0.5980 | R 0.4131 | Time 43.2s | Comm N/A | Local Avg F1: 0.4140

=== Round 46/100 ===
[Round 46] KD=ON | policy=prev_global
[Layer Freezing] Training last 4 transformer layers (layers 8-11)
[Layer Freezing] Trainable params: 28,384,555 / 108,924,715 (26.1%)
[Layer Freezing] Training last 4 transformer layers (layers 8-11)
[Layer Freezing] Trainable params: 28,384,555 / 108,924,715 (26.1%)
[Layer Freezing] Training last 4 transformer layers (layers 8-11)
[Layer Freezing] Trainable params: 28,384,555 / 108,924,715 (26.1%)
[Layer Freezing] Training last 4 transformer layers (layers 8-11)
[Layer Freezing] Trainable params: 28,384,555 / 108,924,715 (26.1%)
[Layer Freezing] Training last 4 transformer layers (layers 8-11)
[Layer Freezing] Trainable params: 28,384,555 / 108,924,715 (26.1%)
[Layer Freezing] Training last 4 transformer layers (layers 8-11)
[Layer Freezing] Trainable params: 28,384,555 / 108,924,715 (26.1%)
[Layer Freezing] Training last 4 transformer layers (layers 8-11)
[Layer Freezing] Trainable params: 28,384,555 / 108,924,715 (26.1%)
[Layer Freezing] Training last 4 transformer layers (layers 8-11)
[Layer Freezing] Trainable params: 28,384,555 / 108,924,715 (26.1%)
[Layer Freezing] Training last 4 transformer layers (layers 8-11)
[Layer Freezing] Trainable params: 28,384,555 / 108,924,715 (26.1%)
[Layer Freezing] Training last 4 transformer layers (layers 8-11)
[Layer Freezing] Trainable params: 28,384,555 / 108,924,715 (26.1%)
[Round 46] T=3.43  α_ce=0.87  α_kd=0.13
 Round 46 | F1 0.4742 | P 0.6142 | R 0.3862 | Time 43.5s | Comm N/A | Local Avg F1: 0.4059

=== Round 47/100 ===
[Round 47] KD=ON | policy=prev_global
[Layer Freezing] Training last 4 transformer layers (layers 8-11)
[Layer Freezing] Trainable params: 28,384,555 / 108,924,715 (26.1%)
[Layer Freezing] Training last 4 transformer layers (layers 8-11)
[Layer Freezing] Trainable params: 28,384,555 / 108,924,715 (26.1%)
[Layer Freezing] Training last 4 transformer layers (layers 8-11)
[Layer Freezing] Trainable params: 28,384,555 / 108,924,715 (26.1%)
[Layer Freezing] Training last 4 transformer layers (layers 8-11)
[Layer Freezing] Trainable params: 28,384,555 / 108,924,715 (26.1%)
[Layer Freezing] Training last 4 transformer layers (layers 8-11)
[Layer Freezing] Trainable params: 28,384,555 / 108,924,715 (26.1%)
[Layer Freezing] Training last 4 transformer layers (layers 8-11)
[Layer Freezing] Trainable params: 28,384,555 / 108,924,715 (26.1%)
[Layer Freezing] Training last 4 transformer layers (layers 8-11)
[Layer Freezing] Trainable params: 28,384,555 / 108,924,715 (26.1%)
[Layer Freezing] Training last 4 transformer layers (layers 8-11)
[Layer Freezing] Trainable params: 28,384,555 / 108,924,715 (26.1%)
[Layer Freezing] Training last 4 transformer layers (layers 8-11)
[Layer Freezing] Trainable params: 28,384,555 / 108,924,715 (26.1%)
[Layer Freezing] Training last 4 transformer layers (layers 8-11)
[Layer Freezing] Trainable params: 28,384,555 / 108,924,715 (26.1%)
[Round 47] T=3.39  α_ce=0.86  α_kd=0.14
 Round 47 | F1 0.4874 | P 0.6008 | R 0.4100 | Time 44.2s | Comm N/A | Local Avg F1: 0.4150

=== Round 48/100 ===
[Round 48] KD=ON | policy=prev_global
[Layer Freezing] Training last 4 transformer layers (layers 8-11)
[Layer Freezing] Trainable params: 28,384,555 / 108,924,715 (26.1%)
[Layer Freezing] Training last 4 transformer layers (layers 8-11)
[Layer Freezing] Trainable params: 28,384,555 / 108,924,715 (26.1%)
[Layer Freezing] Training last 4 transformer layers (layers 8-11)
[Layer Freezing] Trainable params: 28,384,555 / 108,924,715 (26.1%)
[Layer Freezing] Training last 4 transformer layers (layers 8-11)
[Layer Freezing] Trainable params: 28,384,555 / 108,924,715 (26.1%)
[Layer Freezing] Training last 4 transformer layers (layers 8-11)
[Layer Freezing] Trainable params: 28,384,555 / 108,924,715 (26.1%)
[Layer Freezing] Training last 4 transformer layers (layers 8-11)
[Layer Freezing] Trainable params: 28,384,555 / 108,924,715 (26.1%)
[Layer Freezing] Training last 4 transformer layers (layers 8-11)
[Layer Freezing] Trainable params: 28,384,555 / 108,924,715 (26.1%)
[Layer Freezing] Training last 4 transformer layers (layers 8-11)
[Layer Freezing] Trainable params: 28,384,555 / 108,924,715 (26.1%)
[Layer Freezing] Training last 4 transformer layers (layers 8-11)
[Layer Freezing] Trainable params: 28,384,555 / 108,924,715 (26.1%)
[Layer Freezing] Training last 4 transformer layers (layers 8-11)
[Layer Freezing] Trainable params: 28,384,555 / 108,924,715 (26.1%)
[Round 48] T=3.36  α_ce=0.86  α_kd=0.14
 Round 48 | F1 0.4987 | P 0.5854 | R 0.4343 | Time 43.1s | Comm N/A | Local Avg F1: 0.4305

=== Round 49/100 ===
[Round 49] KD=ON | policy=prev_global
[Layer Freezing] Training last 4 transformer layers (layers 8-11)
[Layer Freezing] Trainable params: 28,384,555 / 108,924,715 (26.1%)
[Layer Freezing] Training last 4 transformer layers (layers 8-11)
[Layer Freezing] Trainable params: 28,384,555 / 108,924,715 (26.1%)
[Layer Freezing] Training last 4 transformer layers (layers 8-11)
[Layer Freezing] Trainable params: 28,384,555 / 108,924,715 (26.1%)
[Layer Freezing] Training last 4 transformer layers (layers 8-11)
[Layer Freezing] Trainable params: 28,384,555 / 108,924,715 (26.1%)
[Layer Freezing] Training last 4 transformer layers (layers 8-11)
[Layer Freezing] Trainable params: 28,384,555 / 108,924,715 (26.1%)
[Layer Freezing] Training last 4 transformer layers (layers 8-11)
[Layer Freezing] Trainable params: 28,384,555 / 108,924,715 (26.1%)
[Layer Freezing] Training last 4 transformer layers (layers 8-11)
[Layer Freezing] Trainable params: 28,384,555 / 108,924,715 (26.1%)
[Layer Freezing] Training last 4 transformer layers (layers 8-11)
[Layer Freezing] Trainable params: 28,384,555 / 108,924,715 (26.1%)
[Layer Freezing] Training last 4 transformer layers (layers 8-11)
[Layer Freezing] Trainable params: 28,384,555 / 108,924,715 (26.1%)
[Layer Freezing] Training last 4 transformer layers (layers 8-11)
[Layer Freezing] Trainable params: 28,384,555 / 108,924,715 (26.1%)
[Round 49] T=3.32  α_ce=0.86  α_kd=0.14
 Round 49 | F1 0.4877 | P 0.6053 | R 0.4084 | Time 43.8s | Comm N/A | Local Avg F1: 0.4201

=== Round 50/100 ===
[Round 50] KD=ON | policy=prev_global
[Layer Freezing] Training last 4 transformer layers (layers 8-11)
[Layer Freezing] Trainable params: 28,384,555 / 108,924,715 (26.1%)
[Layer Freezing] Training last 4 transformer layers (layers 8-11)
[Layer Freezing] Trainable params: 28,384,555 / 108,924,715 (26.1%)
[Layer Freezing] Training last 4 transformer layers (layers 8-11)
[Layer Freezing] Trainable params: 28,384,555 / 108,924,715 (26.1%)
[Layer Freezing] Training last 4 transformer layers (layers 8-11)
[Layer Freezing] Trainable params: 28,384,555 / 108,924,715 (26.1%)
[Layer Freezing] Training last 4 transformer layers (layers 8-11)
[Layer Freezing] Trainable params: 28,384,555 / 108,924,715 (26.1%)
[Layer Freezing] Training last 4 transformer layers (layers 8-11)
[Layer Freezing] Trainable params: 28,384,555 / 108,924,715 (26.1%)
[Layer Freezing] Training last 4 transformer layers (layers 8-11)
[Layer Freezing] Trainable params: 28,384,555 / 108,924,715 (26.1%)
[Layer Freezing] Training last 4 transformer layers (layers 8-11)
[Layer Freezing] Trainable params: 28,384,555 / 108,924,715 (26.1%)
[Layer Freezing] Training last 4 transformer layers (layers 8-11)
[Layer Freezing] Trainable params: 28,384,555 / 108,924,715 (26.1%)
[Layer Freezing] Training last 4 transformer layers (layers 8-11)
[Layer Freezing] Trainable params: 28,384,555 / 108,924,715 (26.1%)
[Round 50] T=3.29  α_ce=0.85  α_kd=0.15
 Round 50 | F1 0.4880 | P 0.6073 | R 0.4079 | Time 43.8s | Comm N/A | Local Avg F1: 0.4236

=== Round 51/100 ===
[Round 51] KD=ON | policy=prev_global
[Layer Freezing] Training last 4 transformer layers (layers 8-11)
[Layer Freezing] Trainable params: 28,384,555 / 108,924,715 (26.1%)
[Layer Freezing] Training last 4 transformer layers (layers 8-11)
[Layer Freezing] Trainable params: 28,384,555 / 108,924,715 (26.1%)
[Layer Freezing] Training last 4 transformer layers (layers 8-11)
[Layer Freezing] Trainable params: 28,384,555 / 108,924,715 (26.1%)
[Layer Freezing] Training last 4 transformer layers (layers 8-11)
[Layer Freezing] Trainable params: 28,384,555 / 108,924,715 (26.1%)
[Layer Freezing] Training last 4 transformer layers (layers 8-11)
[Layer Freezing] Trainable params: 28,384,555 / 108,924,715 (26.1%)
[Layer Freezing] Training last 4 transformer layers (layers 8-11)
[Layer Freezing] Trainable params: 28,384,555 / 108,924,715 (26.1%)
[Layer Freezing] Training last 4 transformer layers (layers 8-11)
[Layer Freezing] Trainable params: 28,384,555 / 108,924,715 (26.1%)
[Layer Freezing] Training last 4 transformer layers (layers 8-11)
[Layer Freezing] Trainable params: 28,384,555 / 108,924,715 (26.1%)
[Layer Freezing] Training last 4 transformer layers (layers 8-11)
[Layer Freezing] Trainable params: 28,384,555 / 108,924,715 (26.1%)
[Layer Freezing] Training last 4 transformer layers (layers 8-11)
[Layer Freezing] Trainable params: 28,384,555 / 108,924,715 (26.1%)
[Round 51] T=3.25  α_ce=0.85  α_kd=0.15
 Round 51 | F1 0.4928 | P 0.6080 | R 0.4143 | Time 42.5s | Comm N/A | Local Avg F1: 0.4243

=== Round 52/100 ===
[Round 52] KD=ON | policy=prev_global
[Layer Freezing] Training last 4 transformer layers (layers 8-11)
[Layer Freezing] Trainable params: 28,384,555 / 108,924,715 (26.1%)
[Layer Freezing] Training last 4 transformer layers (layers 8-11)
[Layer Freezing] Trainable params: 28,384,555 / 108,924,715 (26.1%)
[Layer Freezing] Training last 4 transformer layers (layers 8-11)
[Layer Freezing] Trainable params: 28,384,555 / 108,924,715 (26.1%)
[Layer Freezing] Training last 4 transformer layers (layers 8-11)
[Layer Freezing] Trainable params: 28,384,555 / 108,924,715 (26.1%)
[Layer Freezing] Training last 4 transformer layers (layers 8-11)
[Layer Freezing] Trainable params: 28,384,555 / 108,924,715 (26.1%)
[Layer Freezing] Training last 4 transformer layers (layers 8-11)
[Layer Freezing] Trainable params: 28,384,555 / 108,924,715 (26.1%)
[Layer Freezing] Training last 4 transformer layers (layers 8-11)
[Layer Freezing] Trainable params: 28,384,555 / 108,924,715 (26.1%)
[Layer Freezing] Training last 4 transformer layers (layers 8-11)
[Layer Freezing] Trainable params: 28,384,555 / 108,924,715 (26.1%)
[Layer Freezing] Training last 4 transformer layers (layers 8-11)
[Layer Freezing] Trainable params: 28,384,555 / 108,924,715 (26.1%)
[Layer Freezing] Training last 4 transformer layers (layers 8-11)
[Layer Freezing] Trainable params: 28,384,555 / 108,924,715 (26.1%)
[Round 52] T=3.21  α_ce=0.85  α_kd=0.15
 Round 52 | F1 0.5077 | P 0.5985 | R 0.4408 | Time 44.5s | Comm N/A | Local Avg F1: 0.4319

=== Round 53/100 ===
[Round 53] KD=ON | policy=prev_global
[Layer Freezing] Training last 4 transformer layers (layers 8-11)
[Layer Freezing] Trainable params: 28,384,555 / 108,924,715 (26.1%)
[Layer Freezing] Training last 4 transformer layers (layers 8-11)
[Layer Freezing] Trainable params: 28,384,555 / 108,924,715 (26.1%)
[Layer Freezing] Training last 4 transformer layers (layers 8-11)
[Layer Freezing] Trainable params: 28,384,555 / 108,924,715 (26.1%)
[Layer Freezing] Training last 4 transformer layers (layers 8-11)
[Layer Freezing] Trainable params: 28,384,555 / 108,924,715 (26.1%)
[Layer Freezing] Training last 4 transformer layers (layers 8-11)
[Layer Freezing] Trainable params: 28,384,555 / 108,924,715 (26.1%)
[Layer Freezing] Training last 4 transformer layers (layers 8-11)
[Layer Freezing] Trainable params: 28,384,555 / 108,924,715 (26.1%)
[Layer Freezing] Training last 4 transformer layers (layers 8-11)
[Layer Freezing] Trainable params: 28,384,555 / 108,924,715 (26.1%)
[Layer Freezing] Training last 4 transformer layers (layers 8-11)
[Layer Freezing] Trainable params: 28,384,555 / 108,924,715 (26.1%)
[Layer Freezing] Training last 4 transformer layers (layers 8-11)
[Layer Freezing] Trainable params: 28,384,555 / 108,924,715 (26.1%)
[Layer Freezing] Training last 4 transformer layers (layers 8-11)
[Layer Freezing] Trainable params: 28,384,555 / 108,924,715 (26.1%)
[Round 53] T=3.18  α_ce=0.84  α_kd=0.16
 Round 53 | F1 0.5054 | P 0.6047 | R 0.4341 | Time 44.2s | Comm N/A | Local Avg F1: 0.4348

=== Round 54/100 ===
[Round 54] KD=ON | policy=prev_global
[Layer Freezing] Training last 4 transformer layers (layers 8-11)
[Layer Freezing] Trainable params: 28,384,555 / 108,924,715 (26.1%)
[Layer Freezing] Training last 4 transformer layers (layers 8-11)
[Layer Freezing] Trainable params: 28,384,555 / 108,924,715 (26.1%)
[Layer Freezing] Training last 4 transformer layers (layers 8-11)
[Layer Freezing] Trainable params: 28,384,555 / 108,924,715 (26.1%)
[Layer Freezing] Training last 4 transformer layers (layers 8-11)
[Layer Freezing] Trainable params: 28,384,555 / 108,924,715 (26.1%)
[Layer Freezing] Training last 4 transformer layers (layers 8-11)
[Layer Freezing] Trainable params: 28,384,555 / 108,924,715 (26.1%)
[Layer Freezing] Training last 4 transformer layers (layers 8-11)
[Layer Freezing] Trainable params: 28,384,555 / 108,924,715 (26.1%)
[Layer Freezing] Training last 4 transformer layers (layers 8-11)
[Layer Freezing] Trainable params: 28,384,555 / 108,924,715 (26.1%)
[Layer Freezing] Training last 4 transformer layers (layers 8-11)
[Layer Freezing] Trainable params: 28,384,555 / 108,924,715 (26.1%)
[Layer Freezing] Training last 4 transformer layers (layers 8-11)
[Layer Freezing] Trainable params: 28,384,555 / 108,924,715 (26.1%)
[Layer Freezing] Training last 4 transformer layers (layers 8-11)
[Layer Freezing] Trainable params: 28,384,555 / 108,924,715 (26.1%)
[Round 54] T=3.14  α_ce=0.84  α_kd=0.16
 Round 54 | F1 0.4904 | P 0.6194 | R 0.4058 | Time 43.2s | Comm N/A | Local Avg F1: 0.4243

=== Round 55/100 ===
[Round 55] KD=ON | policy=prev_global
[Layer Freezing] Training last 4 transformer layers (layers 8-11)
[Layer Freezing] Trainable params: 28,384,555 / 108,924,715 (26.1%)
[Layer Freezing] Training last 4 transformer layers (layers 8-11)
[Layer Freezing] Trainable params: 28,384,555 / 108,924,715 (26.1%)
[Layer Freezing] Training last 4 transformer layers (layers 8-11)
[Layer Freezing] Trainable params: 28,384,555 / 108,924,715 (26.1%)
[Layer Freezing] Training last 4 transformer layers (layers 8-11)
[Layer Freezing] Trainable params: 28,384,555 / 108,924,715 (26.1%)
[Layer Freezing] Training last 4 transformer layers (layers 8-11)
[Layer Freezing] Trainable params: 28,384,555 / 108,924,715 (26.1%)
[Layer Freezing] Training last 4 transformer layers (layers 8-11)
[Layer Freezing] Trainable params: 28,384,555 / 108,924,715 (26.1%)
[Layer Freezing] Training last 4 transformer layers (layers 8-11)
[Layer Freezing] Trainable params: 28,384,555 / 108,924,715 (26.1%)
[Layer Freezing] Training last 4 transformer layers (layers 8-11)
[Layer Freezing] Trainable params: 28,384,555 / 108,924,715 (26.1%)
[Layer Freezing] Training last 4 transformer layers (layers 8-11)
[Layer Freezing] Trainable params: 28,384,555 / 108,924,715 (26.1%)
[Layer Freezing] Training last 4 transformer layers (layers 8-11)
[Layer Freezing] Trainable params: 28,384,555 / 108,924,715 (26.1%)
[Round 55] T=3.11  α_ce=0.84  α_kd=0.16
 Round 55 | F1 0.5108 | P 0.5880 | R 0.4514 | Time 44.3s | Comm N/A | Local Avg F1: 0.4391

=== Round 56/100 ===
[Round 56] KD=ON | policy=prev_global
[Layer Freezing] Training last 4 transformer layers (layers 8-11)
[Layer Freezing] Trainable params: 28,384,555 / 108,924,715 (26.1%)
[Layer Freezing] Training last 4 transformer layers (layers 8-11)
[Layer Freezing] Trainable params: 28,384,555 / 108,924,715 (26.1%)
[Layer Freezing] Training last 4 transformer layers (layers 8-11)
[Layer Freezing] Trainable params: 28,384,555 / 108,924,715 (26.1%)
[Layer Freezing] Training last 4 transformer layers (layers 8-11)
[Layer Freezing] Trainable params: 28,384,555 / 108,924,715 (26.1%)
[Layer Freezing] Training last 4 transformer layers (layers 8-11)
[Layer Freezing] Trainable params: 28,384,555 / 108,924,715 (26.1%)
[Layer Freezing] Training last 4 transformer layers (layers 8-11)
[Layer Freezing] Trainable params: 28,384,555 / 108,924,715 (26.1%)
[Layer Freezing] Training last 4 transformer layers (layers 8-11)
[Layer Freezing] Trainable params: 28,384,555 / 108,924,715 (26.1%)
[Layer Freezing] Training last 4 transformer layers (layers 8-11)
[Layer Freezing] Trainable params: 28,384,555 / 108,924,715 (26.1%)
[Layer Freezing] Training last 4 transformer layers (layers 8-11)
[Layer Freezing] Trainable params: 28,384,555 / 108,924,715 (26.1%)
[Layer Freezing] Training last 4 transformer layers (layers 8-11)
[Layer Freezing] Trainable params: 28,384,555 / 108,924,715 (26.1%)
[Round 56] T=3.07  α_ce=0.83  α_kd=0.17
 Round 56 | F1 0.5119 | P 0.5987 | R 0.4470 | Time 43.6s | Comm N/A | Local Avg F1: 0.4370

=== Round 57/100 ===
[Round 57] KD=ON | policy=prev_global
[Layer Freezing] Training last 4 transformer layers (layers 8-11)
[Layer Freezing] Trainable params: 28,384,555 / 108,924,715 (26.1%)
[Layer Freezing] Training last 4 transformer layers (layers 8-11)
[Layer Freezing] Trainable params: 28,384,555 / 108,924,715 (26.1%)
[Layer Freezing] Training last 4 transformer layers (layers 8-11)
[Layer Freezing] Trainable params: 28,384,555 / 108,924,715 (26.1%)
[Layer Freezing] Training last 4 transformer layers (layers 8-11)
[Layer Freezing] Trainable params: 28,384,555 / 108,924,715 (26.1%)
[Layer Freezing] Training last 4 transformer layers (layers 8-11)
[Layer Freezing] Trainable params: 28,384,555 / 108,924,715 (26.1%)
[Layer Freezing] Training last 4 transformer layers (layers 8-11)
[Layer Freezing] Trainable params: 28,384,555 / 108,924,715 (26.1%)
[Layer Freezing] Training last 4 transformer layers (layers 8-11)
[Layer Freezing] Trainable params: 28,384,555 / 108,924,715 (26.1%)
[Layer Freezing] Training last 4 transformer layers (layers 8-11)
[Layer Freezing] Trainable params: 28,384,555 / 108,924,715 (26.1%)
[Layer Freezing] Training last 4 transformer layers (layers 8-11)
[Layer Freezing] Trainable params: 28,384,555 / 108,924,715 (26.1%)
[Layer Freezing] Training last 4 transformer layers (layers 8-11)
[Layer Freezing] Trainable params: 28,384,555 / 108,924,715 (26.1%)
[Round 57] T=3.04  α_ce=0.83  α_kd=0.17
 Round 57 | F1 0.5129 | P 0.6038 | R 0.4458 | Time 43.1s | Comm N/A | Local Avg F1: 0.4389

=== Round 58/100 ===
[Round 58] KD=ON | policy=prev_global
[Layer Freezing] Training last 4 transformer layers (layers 8-11)
[Layer Freezing] Trainable params: 28,384,555 / 108,924,715 (26.1%)
[Layer Freezing] Training last 4 transformer layers (layers 8-11)
[Layer Freezing] Trainable params: 28,384,555 / 108,924,715 (26.1%)
[Layer Freezing] Training last 4 transformer layers (layers 8-11)
[Layer Freezing] Trainable params: 28,384,555 / 108,924,715 (26.1%)
[Layer Freezing] Training last 4 transformer layers (layers 8-11)
[Layer Freezing] Trainable params: 28,384,555 / 108,924,715 (26.1%)
[Layer Freezing] Training last 4 transformer layers (layers 8-11)
[Layer Freezing] Trainable params: 28,384,555 / 108,924,715 (26.1%)
[Layer Freezing] Training last 4 transformer layers (layers 8-11)
[Layer Freezing] Trainable params: 28,384,555 / 108,924,715 (26.1%)
[Layer Freezing] Training last 4 transformer layers (layers 8-11)
[Layer Freezing] Trainable params: 28,384,555 / 108,924,715 (26.1%)
[Layer Freezing] Training last 4 transformer layers (layers 8-11)
[Layer Freezing] Trainable params: 28,384,555 / 108,924,715 (26.1%)
[Layer Freezing] Training last 4 transformer layers (layers 8-11)
[Layer Freezing] Trainable params: 28,384,555 / 108,924,715 (26.1%)
[Layer Freezing] Training last 4 transformer layers (layers 8-11)
[Layer Freezing] Trainable params: 28,384,555 / 108,924,715 (26.1%)
[Round 58] T=3.00  α_ce=0.83  α_kd=0.17
 Round 58 | F1 0.5137 | P 0.6024 | R 0.4477 | Time 45.1s | Comm N/A | Local Avg F1: 0.4399

=== Round 59/100 ===
[Round 59] KD=ON | policy=prev_global
[Layer Freezing] Training last 4 transformer layers (layers 8-11)
[Layer Freezing] Trainable params: 28,384,555 / 108,924,715 (26.1%)
[Layer Freezing] Training last 4 transformer layers (layers 8-11)
[Layer Freezing] Trainable params: 28,384,555 / 108,924,715 (26.1%)
[Layer Freezing] Training last 4 transformer layers (layers 8-11)
[Layer Freezing] Trainable params: 28,384,555 / 108,924,715 (26.1%)
[Layer Freezing] Training last 4 transformer layers (layers 8-11)
[Layer Freezing] Trainable params: 28,384,555 / 108,924,715 (26.1%)
[Layer Freezing] Training last 4 transformer layers (layers 8-11)
[Layer Freezing] Trainable params: 28,384,555 / 108,924,715 (26.1%)
[Layer Freezing] Training last 4 transformer layers (layers 8-11)
[Layer Freezing] Trainable params: 28,384,555 / 108,924,715 (26.1%)
[Layer Freezing] Training last 4 transformer layers (layers 8-11)
[Layer Freezing] Trainable params: 28,384,555 / 108,924,715 (26.1%)
[Layer Freezing] Training last 4 transformer layers (layers 8-11)
[Layer Freezing] Trainable params: 28,384,555 / 108,924,715 (26.1%)
[Layer Freezing] Training last 4 transformer layers (layers 8-11)
[Layer Freezing] Trainable params: 28,384,555 / 108,924,715 (26.1%)
[Layer Freezing] Training last 4 transformer layers (layers 8-11)
[Layer Freezing] Trainable params: 28,384,555 / 108,924,715 (26.1%)
[Round 59] T=2.96  α_ce=0.83  α_kd=0.17
 Round 59 | F1 0.5140 | P 0.6046 | R 0.4469 | Time 43.6s | Comm N/A | Local Avg F1: 0.4400

=== Round 60/100 ===
[Round 60] KD=ON | policy=prev_global
[Layer Freezing] Training last 4 transformer layers (layers 8-11)
[Layer Freezing] Trainable params: 28,384,555 / 108,924,715 (26.1%)
[Layer Freezing] Training last 4 transformer layers (layers 8-11)
[Layer Freezing] Trainable params: 28,384,555 / 108,924,715 (26.1%)
[Layer Freezing] Training last 4 transformer layers (layers 8-11)
[Layer Freezing] Trainable params: 28,384,555 / 108,924,715 (26.1%)
[Layer Freezing] Training last 4 transformer layers (layers 8-11)
[Layer Freezing] Trainable params: 28,384,555 / 108,924,715 (26.1%)
[Layer Freezing] Training last 4 transformer layers (layers 8-11)
[Layer Freezing] Trainable params: 28,384,555 / 108,924,715 (26.1%)
[Layer Freezing] Training last 4 transformer layers (layers 8-11)
[Layer Freezing] Trainable params: 28,384,555 / 108,924,715 (26.1%)
[Layer Freezing] Training last 4 transformer layers (layers 8-11)
[Layer Freezing] Trainable params: 28,384,555 / 108,924,715 (26.1%)
[Layer Freezing] Training last 4 transformer layers (layers 8-11)
[Layer Freezing] Trainable params: 28,384,555 / 108,924,715 (26.1%)
[Layer Freezing] Training last 4 transformer layers (layers 8-11)
[Layer Freezing] Trainable params: 28,384,555 / 108,924,715 (26.1%)
[Layer Freezing] Training last 4 transformer layers (layers 8-11)
[Layer Freezing] Trainable params: 28,384,555 / 108,924,715 (26.1%)
[Round 60] T=2.93  α_ce=0.82  α_kd=0.18
 Round 60 | F1 0.5073 | P 0.6072 | R 0.4357 | Time 43.5s | Comm N/A | Local Avg F1: 0.4391

=== Round 61/100 ===
[Round 61] KD=ON | policy=prev_global
[Layer Freezing] Training last 4 transformer layers (layers 8-11)
[Layer Freezing] Trainable params: 28,384,555 / 108,924,715 (26.1%)
[Layer Freezing] Training last 4 transformer layers (layers 8-11)
[Layer Freezing] Trainable params: 28,384,555 / 108,924,715 (26.1%)
[Layer Freezing] Training last 4 transformer layers (layers 8-11)
[Layer Freezing] Trainable params: 28,384,555 / 108,924,715 (26.1%)
[Layer Freezing] Training last 4 transformer layers (layers 8-11)
[Layer Freezing] Trainable params: 28,384,555 / 108,924,715 (26.1%)
[Layer Freezing] Training last 4 transformer layers (layers 8-11)
[Layer Freezing] Trainable params: 28,384,555 / 108,924,715 (26.1%)
[Layer Freezing] Training last 4 transformer layers (layers 8-11)
[Layer Freezing] Trainable params: 28,384,555 / 108,924,715 (26.1%)
[Layer Freezing] Training last 4 transformer layers (layers 8-11)
[Layer Freezing] Trainable params: 28,384,555 / 108,924,715 (26.1%)
[Layer Freezing] Training last 4 transformer layers (layers 8-11)
[Layer Freezing] Trainable params: 28,384,555 / 108,924,715 (26.1%)
[Layer Freezing] Training last 4 transformer layers (layers 8-11)
[Layer Freezing] Trainable params: 28,384,555 / 108,924,715 (26.1%)
[Layer Freezing] Training last 4 transformer layers (layers 8-11)
[Layer Freezing] Trainable params: 28,384,555 / 108,924,715 (26.1%)
[Round 61] T=2.89  α_ce=0.82  α_kd=0.18
 Round 61 | F1 0.5086 | P 0.6117 | R 0.4352 | Time 44.4s | Comm N/A | Local Avg F1: 0.4355

=== Round 62/100 ===
[Round 62] KD=ON | policy=prev_global
[Layer Freezing] Training last 4 transformer layers (layers 8-11)
[Layer Freezing] Trainable params: 28,384,555 / 108,924,715 (26.1%)
[Layer Freezing] Training last 4 transformer layers (layers 8-11)
[Layer Freezing] Trainable params: 28,384,555 / 108,924,715 (26.1%)
[Layer Freezing] Training last 4 transformer layers (layers 8-11)
[Layer Freezing] Trainable params: 28,384,555 / 108,924,715 (26.1%)
[Layer Freezing] Training last 4 transformer layers (layers 8-11)
[Layer Freezing] Trainable params: 28,384,555 / 108,924,715 (26.1%)
[Layer Freezing] Training last 4 transformer layers (layers 8-11)
[Layer Freezing] Trainable params: 28,384,555 / 108,924,715 (26.1%)
[Layer Freezing] Training last 4 transformer layers (layers 8-11)
[Layer Freezing] Trainable params: 28,384,555 / 108,924,715 (26.1%)
[Layer Freezing] Training last 4 transformer layers (layers 8-11)
[Layer Freezing] Trainable params: 28,384,555 / 108,924,715 (26.1%)
[Layer Freezing] Training last 4 transformer layers (layers 8-11)
[Layer Freezing] Trainable params: 28,384,555 / 108,924,715 (26.1%)
[Layer Freezing] Training last 4 transformer layers (layers 8-11)
[Layer Freezing] Trainable params: 28,384,555 / 108,924,715 (26.1%)
[Layer Freezing] Training last 4 transformer layers (layers 8-11)
[Layer Freezing] Trainable params: 28,384,555 / 108,924,715 (26.1%)
[Round 62] T=2.86  α_ce=0.82  α_kd=0.18
 Round 62 | F1 0.5187 | P 0.6062 | R 0.4532 | Time 44.2s | Comm N/A | Local Avg F1: 0.4401

=== Round 63/100 ===
[Round 63] KD=ON | policy=prev_global
[Layer Freezing] Training last 4 transformer layers (layers 8-11)
[Layer Freezing] Trainable params: 28,384,555 / 108,924,715 (26.1%)
[Layer Freezing] Training last 4 transformer layers (layers 8-11)
[Layer Freezing] Trainable params: 28,384,555 / 108,924,715 (26.1%)
[Layer Freezing] Training last 4 transformer layers (layers 8-11)
[Layer Freezing] Trainable params: 28,384,555 / 108,924,715 (26.1%)
[Layer Freezing] Training last 4 transformer layers (layers 8-11)
[Layer Freezing] Trainable params: 28,384,555 / 108,924,715 (26.1%)
[Layer Freezing] Training last 4 transformer layers (layers 8-11)
[Layer Freezing] Trainable params: 28,384,555 / 108,924,715 (26.1%)
[Layer Freezing] Training last 4 transformer layers (layers 8-11)
[Layer Freezing] Trainable params: 28,384,555 / 108,924,715 (26.1%)
[Layer Freezing] Training last 4 transformer layers (layers 8-11)
[Layer Freezing] Trainable params: 28,384,555 / 108,924,715 (26.1%)
[Layer Freezing] Training last 4 transformer layers (layers 8-11)
[Layer Freezing] Trainable params: 28,384,555 / 108,924,715 (26.1%)
[Layer Freezing] Training last 4 transformer layers (layers 8-11)
[Layer Freezing] Trainable params: 28,384,555 / 108,924,715 (26.1%)
[Layer Freezing] Training last 4 transformer layers (layers 8-11)
[Layer Freezing] Trainable params: 28,384,555 / 108,924,715 (26.1%)
[Round 63] T=2.82  α_ce=0.81  α_kd=0.19
 Round 63 | F1 0.5112 | P 0.6130 | R 0.4384 | Time 43.3s | Comm N/A | Local Avg F1: 0.4363

=== Round 64/100 ===
[Round 64] KD=ON | policy=prev_global
[Layer Freezing] Training last 4 transformer layers (layers 8-11)
[Layer Freezing] Trainable params: 28,384,555 / 108,924,715 (26.1%)
[Layer Freezing] Training last 4 transformer layers (layers 8-11)
[Layer Freezing] Trainable params: 28,384,555 / 108,924,715 (26.1%)
[Layer Freezing] Training last 4 transformer layers (layers 8-11)
[Layer Freezing] Trainable params: 28,384,555 / 108,924,715 (26.1%)
[Layer Freezing] Training last 4 transformer layers (layers 8-11)
[Layer Freezing] Trainable params: 28,384,555 / 108,924,715 (26.1%)
[Layer Freezing] Training last 4 transformer layers (layers 8-11)
[Layer Freezing] Trainable params: 28,384,555 / 108,924,715 (26.1%)
[Layer Freezing] Training last 4 transformer layers (layers 8-11)
[Layer Freezing] Trainable params: 28,384,555 / 108,924,715 (26.1%)
[Layer Freezing] Training last 4 transformer layers (layers 8-11)
[Layer Freezing] Trainable params: 28,384,555 / 108,924,715 (26.1%)
[Layer Freezing] Training last 4 transformer layers (layers 8-11)
[Layer Freezing] Trainable params: 28,384,555 / 108,924,715 (26.1%)
[Layer Freezing] Training last 4 transformer layers (layers 8-11)
[Layer Freezing] Trainable params: 28,384,555 / 108,924,715 (26.1%)
[Layer Freezing] Training last 4 transformer layers (layers 8-11)
[Layer Freezing] Trainable params: 28,384,555 / 108,924,715 (26.1%)
[Round 64] T=2.79  α_ce=0.81  α_kd=0.19
 Round 64 | F1 0.5163 | P 0.6100 | R 0.4475 | Time 44.6s | Comm N/A | Local Avg F1: 0.4445

=== Round 65/100 ===
[Round 65] KD=ON | policy=prev_global
[Layer Freezing] Training last 4 transformer layers (layers 8-11)
[Layer Freezing] Trainable params: 28,384,555 / 108,924,715 (26.1%)
[Layer Freezing] Training last 4 transformer layers (layers 8-11)
[Layer Freezing] Trainable params: 28,384,555 / 108,924,715 (26.1%)
[Layer Freezing] Training last 4 transformer layers (layers 8-11)
[Layer Freezing] Trainable params: 28,384,555 / 108,924,715 (26.1%)
[Layer Freezing] Training last 4 transformer layers (layers 8-11)
[Layer Freezing] Trainable params: 28,384,555 / 108,924,715 (26.1%)
[Layer Freezing] Training last 4 transformer layers (layers 8-11)
[Layer Freezing] Trainable params: 28,384,555 / 108,924,715 (26.1%)
[Layer Freezing] Training last 4 transformer layers (layers 8-11)
[Layer Freezing] Trainable params: 28,384,555 / 108,924,715 (26.1%)
[Layer Freezing] Training last 4 transformer layers (layers 8-11)
[Layer Freezing] Trainable params: 28,384,555 / 108,924,715 (26.1%)
[Layer Freezing] Training last 4 transformer layers (layers 8-11)
[Layer Freezing] Trainable params: 28,384,555 / 108,924,715 (26.1%)
[Layer Freezing] Training last 4 transformer layers (layers 8-11)
[Layer Freezing] Trainable params: 28,384,555 / 108,924,715 (26.1%)
[Layer Freezing] Training last 4 transformer layers (layers 8-11)
[Layer Freezing] Trainable params: 28,384,555 / 108,924,715 (26.1%)
[Round 65] T=2.75  α_ce=0.81  α_kd=0.19
 Round 65 | F1 0.5056 | P 0.6224 | R 0.4258 | Time 43.3s | Comm N/A | Local Avg F1: 0.4364

=== Round 66/100 ===
[Round 66] KD=ON | policy=prev_global
[Layer Freezing] Training last 4 transformer layers (layers 8-11)
[Layer Freezing] Trainable params: 28,384,555 / 108,924,715 (26.1%)
[Layer Freezing] Training last 4 transformer layers (layers 8-11)
[Layer Freezing] Trainable params: 28,384,555 / 108,924,715 (26.1%)
[Layer Freezing] Training last 4 transformer layers (layers 8-11)
[Layer Freezing] Trainable params: 28,384,555 / 108,924,715 (26.1%)
[Layer Freezing] Training last 4 transformer layers (layers 8-11)
[Layer Freezing] Trainable params: 28,384,555 / 108,924,715 (26.1%)
[Layer Freezing] Training last 4 transformer layers (layers 8-11)
[Layer Freezing] Trainable params: 28,384,555 / 108,924,715 (26.1%)
[Layer Freezing] Training last 4 transformer layers (layers 8-11)
[Layer Freezing] Trainable params: 28,384,555 / 108,924,715 (26.1%)
[Layer Freezing] Training last 4 transformer layers (layers 8-11)
[Layer Freezing] Trainable params: 28,384,555 / 108,924,715 (26.1%)
[Layer Freezing] Training last 4 transformer layers (layers 8-11)
[Layer Freezing] Trainable params: 28,384,555 / 108,924,715 (26.1%)
[Layer Freezing] Training last 4 transformer layers (layers 8-11)
[Layer Freezing] Trainable params: 28,384,555 / 108,924,715 (26.1%)
[Layer Freezing] Training last 4 transformer layers (layers 8-11)
[Layer Freezing] Trainable params: 28,384,555 / 108,924,715 (26.1%)
[Round 66] T=2.71  α_ce=0.80  α_kd=0.20
 Round 66 | F1 0.5215 | P 0.6025 | R 0.4596 | Time 43.5s | Comm N/A | Local Avg F1: 0.4515

=== Round 67/100 ===
[Round 67] KD=ON | policy=prev_global
[Layer Freezing] Training last 4 transformer layers (layers 8-11)
[Layer Freezing] Trainable params: 28,384,555 / 108,924,715 (26.1%)
[Layer Freezing] Training last 4 transformer layers (layers 8-11)
[Layer Freezing] Trainable params: 28,384,555 / 108,924,715 (26.1%)
[Layer Freezing] Training last 4 transformer layers (layers 8-11)
[Layer Freezing] Trainable params: 28,384,555 / 108,924,715 (26.1%)
[Layer Freezing] Training last 4 transformer layers (layers 8-11)
[Layer Freezing] Trainable params: 28,384,555 / 108,924,715 (26.1%)
[Layer Freezing] Training last 4 transformer layers (layers 8-11)
[Layer Freezing] Trainable params: 28,384,555 / 108,924,715 (26.1%)
[Layer Freezing] Training last 4 transformer layers (layers 8-11)
[Layer Freezing] Trainable params: 28,384,555 / 108,924,715 (26.1%)
[Layer Freezing] Training last 4 transformer layers (layers 8-11)
[Layer Freezing] Trainable params: 28,384,555 / 108,924,715 (26.1%)
[Layer Freezing] Training last 4 transformer layers (layers 8-11)
[Layer Freezing] Trainable params: 28,384,555 / 108,924,715 (26.1%)
[Layer Freezing] Training last 4 transformer layers (layers 8-11)
[Layer Freezing] Trainable params: 28,384,555 / 108,924,715 (26.1%)
[Layer Freezing] Training last 4 transformer layers (layers 8-11)
[Layer Freezing] Trainable params: 28,384,555 / 108,924,715 (26.1%)
[Round 67] T=2.68  α_ce=0.80  α_kd=0.20
 Round 67 | F1 0.5209 | P 0.6121 | R 0.4533 | Time 44.2s | Comm N/A | Local Avg F1: 0.4482

=== Round 68/100 ===
[Round 68] KD=ON | policy=prev_global
[Layer Freezing] Training last 4 transformer layers (layers 8-11)
[Layer Freezing] Trainable params: 28,384,555 / 108,924,715 (26.1%)
[Layer Freezing] Training last 4 transformer layers (layers 8-11)
[Layer Freezing] Trainable params: 28,384,555 / 108,924,715 (26.1%)
[Layer Freezing] Training last 4 transformer layers (layers 8-11)
[Layer Freezing] Trainable params: 28,384,555 / 108,924,715 (26.1%)
[Layer Freezing] Training last 4 transformer layers (layers 8-11)
[Layer Freezing] Trainable params: 28,384,555 / 108,924,715 (26.1%)
[Layer Freezing] Training last 4 transformer layers (layers 8-11)
[Layer Freezing] Trainable params: 28,384,555 / 108,924,715 (26.1%)
[Layer Freezing] Training last 4 transformer layers (layers 8-11)
[Layer Freezing] Trainable params: 28,384,555 / 108,924,715 (26.1%)
[Layer Freezing] Training last 4 transformer layers (layers 8-11)
[Layer Freezing] Trainable params: 28,384,555 / 108,924,715 (26.1%)
[Layer Freezing] Training last 4 transformer layers (layers 8-11)
[Layer Freezing] Trainable params: 28,384,555 / 108,924,715 (26.1%)
[Layer Freezing] Training last 4 transformer layers (layers 8-11)
[Layer Freezing] Trainable params: 28,384,555 / 108,924,715 (26.1%)
[Layer Freezing] Training last 4 transformer layers (layers 8-11)
[Layer Freezing] Trainable params: 28,384,555 / 108,924,715 (26.1%)
[Round 68] T=2.64  α_ce=0.80  α_kd=0.20
 Round 68 | F1 0.5127 | P 0.6170 | R 0.4385 | Time 42.7s | Comm N/A | Local Avg F1: 0.4400

=== Round 69/100 ===
[Round 69] KD=ON | policy=prev_global
[Layer Freezing] Training last 4 transformer layers (layers 8-11)
[Layer Freezing] Trainable params: 28,384,555 / 108,924,715 (26.1%)
[Layer Freezing] Training last 4 transformer layers (layers 8-11)
[Layer Freezing] Trainable params: 28,384,555 / 108,924,715 (26.1%)
[Layer Freezing] Training last 4 transformer layers (layers 8-11)
[Layer Freezing] Trainable params: 28,384,555 / 108,924,715 (26.1%)
[Layer Freezing] Training last 4 transformer layers (layers 8-11)
[Layer Freezing] Trainable params: 28,384,555 / 108,924,715 (26.1%)
[Layer Freezing] Training last 4 transformer layers (layers 8-11)
[Layer Freezing] Trainable params: 28,384,555 / 108,924,715 (26.1%)
[Layer Freezing] Training last 4 transformer layers (layers 8-11)
[Layer Freezing] Trainable params: 28,384,555 / 108,924,715 (26.1%)
[Layer Freezing] Training last 4 transformer layers (layers 8-11)
[Layer Freezing] Trainable params: 28,384,555 / 108,924,715 (26.1%)
[Layer Freezing] Training last 4 transformer layers (layers 8-11)
[Layer Freezing] Trainable params: 28,384,555 / 108,924,715 (26.1%)
[Layer Freezing] Training last 4 transformer layers (layers 8-11)
[Layer Freezing] Trainable params: 28,384,555 / 108,924,715 (26.1%)
[Layer Freezing] Training last 4 transformer layers (layers 8-11)
[Layer Freezing] Trainable params: 28,384,555 / 108,924,715 (26.1%)
[Round 69] T=2.61  α_ce=0.79  α_kd=0.21
 Round 69 | F1 0.5286 | P 0.6009 | R 0.4718 | Time 43.5s | Comm N/A | Local Avg F1: 0.4509

=== Round 70/100 ===
[Round 70] KD=ON | policy=prev_global
[Layer Freezing] Training last 4 transformer layers (layers 8-11)
[Layer Freezing] Trainable params: 28,384,555 / 108,924,715 (26.1%)
[Layer Freezing] Training last 4 transformer layers (layers 8-11)
[Layer Freezing] Trainable params: 28,384,555 / 108,924,715 (26.1%)
[Layer Freezing] Training last 4 transformer layers (layers 8-11)
[Layer Freezing] Trainable params: 28,384,555 / 108,924,715 (26.1%)
[Layer Freezing] Training last 4 transformer layers (layers 8-11)
[Layer Freezing] Trainable params: 28,384,555 / 108,924,715 (26.1%)
[Layer Freezing] Training last 4 transformer layers (layers 8-11)
[Layer Freezing] Trainable params: 28,384,555 / 108,924,715 (26.1%)
[Layer Freezing] Training last 4 transformer layers (layers 8-11)
[Layer Freezing] Trainable params: 28,384,555 / 108,924,715 (26.1%)
[Layer Freezing] Training last 4 transformer layers (layers 8-11)
[Layer Freezing] Trainable params: 28,384,555 / 108,924,715 (26.1%)
[Layer Freezing] Training last 4 transformer layers (layers 8-11)
[Layer Freezing] Trainable params: 28,384,555 / 108,924,715 (26.1%)
[Layer Freezing] Training last 4 transformer layers (layers 8-11)
[Layer Freezing] Trainable params: 28,384,555 / 108,924,715 (26.1%)
[Layer Freezing] Training last 4 transformer layers (layers 8-11)
[Layer Freezing] Trainable params: 28,384,555 / 108,924,715 (26.1%)
[Round 70] T=2.57  α_ce=0.79  α_kd=0.21
 Round 70 | F1 0.5273 | P 0.6164 | R 0.4606 | Time 44.3s | Comm N/A | Local Avg F1: 0.4528

=== Round 71/100 ===
[Round 71] KD=ON | policy=prev_global
[Layer Freezing] Training last 4 transformer layers (layers 8-11)
[Layer Freezing] Trainable params: 28,384,555 / 108,924,715 (26.1%)
[Layer Freezing] Training last 4 transformer layers (layers 8-11)
[Layer Freezing] Trainable params: 28,384,555 / 108,924,715 (26.1%)
[Layer Freezing] Training last 4 transformer layers (layers 8-11)
[Layer Freezing] Trainable params: 28,384,555 / 108,924,715 (26.1%)
[Layer Freezing] Training last 4 transformer layers (layers 8-11)
[Layer Freezing] Trainable params: 28,384,555 / 108,924,715 (26.1%)
[Layer Freezing] Training last 4 transformer layers (layers 8-11)
[Layer Freezing] Trainable params: 28,384,555 / 108,924,715 (26.1%)
[Layer Freezing] Training last 4 transformer layers (layers 8-11)
[Layer Freezing] Trainable params: 28,384,555 / 108,924,715 (26.1%)
[Layer Freezing] Training last 4 transformer layers (layers 8-11)
[Layer Freezing] Trainable params: 28,384,555 / 108,924,715 (26.1%)
[Layer Freezing] Training last 4 transformer layers (layers 8-11)
[Layer Freezing] Trainable params: 28,384,555 / 108,924,715 (26.1%)
[Layer Freezing] Training last 4 transformer layers (layers 8-11)
[Layer Freezing] Trainable params: 28,384,555 / 108,924,715 (26.1%)
[Layer Freezing] Training last 4 transformer layers (layers 8-11)
[Layer Freezing] Trainable params: 28,384,555 / 108,924,715 (26.1%)
[Round 71] T=2.54  α_ce=0.79  α_kd=0.21
 Round 71 | F1 0.5270 | P 0.6151 | R 0.4610 | Time 42.6s | Comm N/A | Local Avg F1: 0.4532

=== Round 72/100 ===
[Round 72] KD=ON | policy=prev_global
[Layer Freezing] Training last 4 transformer layers (layers 8-11)
[Layer Freezing] Trainable params: 28,384,555 / 108,924,715 (26.1%)
[Layer Freezing] Training last 4 transformer layers (layers 8-11)
[Layer Freezing] Trainable params: 28,384,555 / 108,924,715 (26.1%)
[Layer Freezing] Training last 4 transformer layers (layers 8-11)
[Layer Freezing] Trainable params: 28,384,555 / 108,924,715 (26.1%)
[Layer Freezing] Training last 4 transformer layers (layers 8-11)
[Layer Freezing] Trainable params: 28,384,555 / 108,924,715 (26.1%)
[Layer Freezing] Training last 4 transformer layers (layers 8-11)
[Layer Freezing] Trainable params: 28,384,555 / 108,924,715 (26.1%)
[Layer Freezing] Training last 4 transformer layers (layers 8-11)
[Layer Freezing] Trainable params: 28,384,555 / 108,924,715 (26.1%)
[Layer Freezing] Training last 4 transformer layers (layers 8-11)
[Layer Freezing] Trainable params: 28,384,555 / 108,924,715 (26.1%)
[Layer Freezing] Training last 4 transformer layers (layers 8-11)
[Layer Freezing] Trainable params: 28,384,555 / 108,924,715 (26.1%)
[Layer Freezing] Training last 4 transformer layers (layers 8-11)
[Layer Freezing] Trainable params: 28,384,555 / 108,924,715 (26.1%)
[Layer Freezing] Training last 4 transformer layers (layers 8-11)
[Layer Freezing] Trainable params: 28,384,555 / 108,924,715 (26.1%)
[Round 72] T=2.50  α_ce=0.79  α_kd=0.21
 Round 72 | F1 0.5318 | P 0.6037 | R 0.4752 | Time 44.1s | Comm N/A | Local Avg F1: 0.4583

=== Round 73/100 ===
[Round 73] KD=ON | policy=prev_global
[Layer Freezing] Training last 4 transformer layers (layers 8-11)
[Layer Freezing] Trainable params: 28,384,555 / 108,924,715 (26.1%)
[Layer Freezing] Training last 4 transformer layers (layers 8-11)
[Layer Freezing] Trainable params: 28,384,555 / 108,924,715 (26.1%)
[Layer Freezing] Training last 4 transformer layers (layers 8-11)
[Layer Freezing] Trainable params: 28,384,555 / 108,924,715 (26.1%)
[Layer Freezing] Training last 4 transformer layers (layers 8-11)
[Layer Freezing] Trainable params: 28,384,555 / 108,924,715 (26.1%)
[Layer Freezing] Training last 4 transformer layers (layers 8-11)
[Layer Freezing] Trainable params: 28,384,555 / 108,924,715 (26.1%)
[Layer Freezing] Training last 4 transformer layers (layers 8-11)
[Layer Freezing] Trainable params: 28,384,555 / 108,924,715 (26.1%)
[Layer Freezing] Training last 4 transformer layers (layers 8-11)
[Layer Freezing] Trainable params: 28,384,555 / 108,924,715 (26.1%)
[Layer Freezing] Training last 4 transformer layers (layers 8-11)
[Layer Freezing] Trainable params: 28,384,555 / 108,924,715 (26.1%)
[Layer Freezing] Training last 4 transformer layers (layers 8-11)
[Layer Freezing] Trainable params: 28,384,555 / 108,924,715 (26.1%)
[Layer Freezing] Training last 4 transformer layers (layers 8-11)
[Layer Freezing] Trainable params: 28,384,555 / 108,924,715 (26.1%)
[Round 73] T=2.46  α_ce=0.78  α_kd=0.22
 Round 73 | F1 0.5344 | P 0.6024 | R 0.4802 | Time 44.0s | Comm N/A | Local Avg F1: 0.4608

=== Round 74/100 ===
[Round 74] KD=ON | policy=prev_global
[Layer Freezing] Training last 4 transformer layers (layers 8-11)
[Layer Freezing] Trainable params: 28,384,555 / 108,924,715 (26.1%)
[Layer Freezing] Training last 4 transformer layers (layers 8-11)
[Layer Freezing] Trainable params: 28,384,555 / 108,924,715 (26.1%)
[Layer Freezing] Training last 4 transformer layers (layers 8-11)
[Layer Freezing] Trainable params: 28,384,555 / 108,924,715 (26.1%)
[Layer Freezing] Training last 4 transformer layers (layers 8-11)
[Layer Freezing] Trainable params: 28,384,555 / 108,924,715 (26.1%)
[Layer Freezing] Training last 4 transformer layers (layers 8-11)
[Layer Freezing] Trainable params: 28,384,555 / 108,924,715 (26.1%)
[Layer Freezing] Training last 4 transformer layers (layers 8-11)
[Layer Freezing] Trainable params: 28,384,555 / 108,924,715 (26.1%)
[Layer Freezing] Training last 4 transformer layers (layers 8-11)
[Layer Freezing] Trainable params: 28,384,555 / 108,924,715 (26.1%)
[Layer Freezing] Training last 4 transformer layers (layers 8-11)
[Layer Freezing] Trainable params: 28,384,555 / 108,924,715 (26.1%)
[Layer Freezing] Training last 4 transformer layers (layers 8-11)
[Layer Freezing] Trainable params: 28,384,555 / 108,924,715 (26.1%)
[Layer Freezing] Training last 4 transformer layers (layers 8-11)
[Layer Freezing] Trainable params: 28,384,555 / 108,924,715 (26.1%)
[Round 74] T=2.43  α_ce=0.78  α_kd=0.22
 Round 74 | F1 0.5323 | P 0.6094 | R 0.4726 | Time 43.1s | Comm N/A | Local Avg F1: 0.4573

=== Round 75/100 ===
[Round 75] KD=ON | policy=prev_global
[Layer Freezing] Training last 4 transformer layers (layers 8-11)
[Layer Freezing] Trainable params: 28,384,555 / 108,924,715 (26.1%)
[Layer Freezing] Training last 4 transformer layers (layers 8-11)
[Layer Freezing] Trainable params: 28,384,555 / 108,924,715 (26.1%)
[Layer Freezing] Training last 4 transformer layers (layers 8-11)
[Layer Freezing] Trainable params: 28,384,555 / 108,924,715 (26.1%)
[Layer Freezing] Training last 4 transformer layers (layers 8-11)
[Layer Freezing] Trainable params: 28,384,555 / 108,924,715 (26.1%)
[Layer Freezing] Training last 4 transformer layers (layers 8-11)
[Layer Freezing] Trainable params: 28,384,555 / 108,924,715 (26.1%)
[Layer Freezing] Training last 4 transformer layers (layers 8-11)
[Layer Freezing] Trainable params: 28,384,555 / 108,924,715 (26.1%)
[Layer Freezing] Training last 4 transformer layers (layers 8-11)
[Layer Freezing] Trainable params: 28,384,555 / 108,924,715 (26.1%)
[Layer Freezing] Training last 4 transformer layers (layers 8-11)
[Layer Freezing] Trainable params: 28,384,555 / 108,924,715 (26.1%)
[Layer Freezing] Training last 4 transformer layers (layers 8-11)
[Layer Freezing] Trainable params: 28,384,555 / 108,924,715 (26.1%)
[Layer Freezing] Training last 4 transformer layers (layers 8-11)
[Layer Freezing] Trainable params: 28,384,555 / 108,924,715 (26.1%)
[Round 75] T=2.39  α_ce=0.78  α_kd=0.22
 Round 75 | F1 0.5294 | P 0.6164 | R 0.4640 | Time 44.3s | Comm N/A | Local Avg F1: 0.4565

=== Round 76/100 ===
[Round 76] KD=ON | policy=prev_global
[Layer Freezing] Training last 4 transformer layers (layers 8-11)
[Layer Freezing] Trainable params: 28,384,555 / 108,924,715 (26.1%)
[Layer Freezing] Training last 4 transformer layers (layers 8-11)
[Layer Freezing] Trainable params: 28,384,555 / 108,924,715 (26.1%)
[Layer Freezing] Training last 4 transformer layers (layers 8-11)
[Layer Freezing] Trainable params: 28,384,555 / 108,924,715 (26.1%)
[Layer Freezing] Training last 4 transformer layers (layers 8-11)
[Layer Freezing] Trainable params: 28,384,555 / 108,924,715 (26.1%)
[Layer Freezing] Training last 4 transformer layers (layers 8-11)
[Layer Freezing] Trainable params: 28,384,555 / 108,924,715 (26.1%)
[Layer Freezing] Training last 4 transformer layers (layers 8-11)
[Layer Freezing] Trainable params: 28,384,555 / 108,924,715 (26.1%)
[Layer Freezing] Training last 4 transformer layers (layers 8-11)
[Layer Freezing] Trainable params: 28,384,555 / 108,924,715 (26.1%)
[Layer Freezing] Training last 4 transformer layers (layers 8-11)
[Layer Freezing] Trainable params: 28,384,555 / 108,924,715 (26.1%)
[Layer Freezing] Training last 4 transformer layers (layers 8-11)
[Layer Freezing] Trainable params: 28,384,555 / 108,924,715 (26.1%)
[Layer Freezing] Training last 4 transformer layers (layers 8-11)
[Layer Freezing] Trainable params: 28,384,555 / 108,924,715 (26.1%)
[Round 76] T=2.36  α_ce=0.77  α_kd=0.23
 Round 76 | F1 0.5348 | P 0.6057 | R 0.4788 | Time 44.1s | Comm N/A | Local Avg F1: 0.4660

=== Round 77/100 ===
[Round 77] KD=ON | policy=prev_global
[Layer Freezing] Training last 4 transformer layers (layers 8-11)
[Layer Freezing] Trainable params: 28,384,555 / 108,924,715 (26.1%)
[Layer Freezing] Training last 4 transformer layers (layers 8-11)
[Layer Freezing] Trainable params: 28,384,555 / 108,924,715 (26.1%)
[Layer Freezing] Training last 4 transformer layers (layers 8-11)
[Layer Freezing] Trainable params: 28,384,555 / 108,924,715 (26.1%)
[Layer Freezing] Training last 4 transformer layers (layers 8-11)
[Layer Freezing] Trainable params: 28,384,555 / 108,924,715 (26.1%)
[Layer Freezing] Training last 4 transformer layers (layers 8-11)
[Layer Freezing] Trainable params: 28,384,555 / 108,924,715 (26.1%)
[Layer Freezing] Training last 4 transformer layers (layers 8-11)
[Layer Freezing] Trainable params: 28,384,555 / 108,924,715 (26.1%)
[Layer Freezing] Training last 4 transformer layers (layers 8-11)
[Layer Freezing] Trainable params: 28,384,555 / 108,924,715 (26.1%)
[Layer Freezing] Training last 4 transformer layers (layers 8-11)
[Layer Freezing] Trainable params: 28,384,555 / 108,924,715 (26.1%)
[Layer Freezing] Training last 4 transformer layers (layers 8-11)
[Layer Freezing] Trainable params: 28,384,555 / 108,924,715 (26.1%)
[Layer Freezing] Training last 4 transformer layers (layers 8-11)
[Layer Freezing] Trainable params: 28,384,555 / 108,924,715 (26.1%)
[Round 77] T=2.32  α_ce=0.77  α_kd=0.23
 Round 77 | F1 0.5321 | P 0.6107 | R 0.4714 | Time 42.6s | Comm N/A | Local Avg F1: 0.4596

=== Round 78/100 ===
[Round 78] KD=ON | policy=prev_global
[Layer Freezing] Training last 4 transformer layers (layers 8-11)
[Layer Freezing] Trainable params: 28,384,555 / 108,924,715 (26.1%)
[Layer Freezing] Training last 4 transformer layers (layers 8-11)
[Layer Freezing] Trainable params: 28,384,555 / 108,924,715 (26.1%)
[Layer Freezing] Training last 4 transformer layers (layers 8-11)
[Layer Freezing] Trainable params: 28,384,555 / 108,924,715 (26.1%)
[Layer Freezing] Training last 4 transformer layers (layers 8-11)
[Layer Freezing] Trainable params: 28,384,555 / 108,924,715 (26.1%)
[Layer Freezing] Training last 4 transformer layers (layers 8-11)
[Layer Freezing] Trainable params: 28,384,555 / 108,924,715 (26.1%)
[Layer Freezing] Training last 4 transformer layers (layers 8-11)
[Layer Freezing] Trainable params: 28,384,555 / 108,924,715 (26.1%)
[Layer Freezing] Training last 4 transformer layers (layers 8-11)
[Layer Freezing] Trainable params: 28,384,555 / 108,924,715 (26.1%)
[Layer Freezing] Training last 4 transformer layers (layers 8-11)
[Layer Freezing] Trainable params: 28,384,555 / 108,924,715 (26.1%)
[Layer Freezing] Training last 4 transformer layers (layers 8-11)
[Layer Freezing] Trainable params: 28,384,555 / 108,924,715 (26.1%)
[Layer Freezing] Training last 4 transformer layers (layers 8-11)
[Layer Freezing] Trainable params: 28,384,555 / 108,924,715 (26.1%)
[Round 78] T=2.29  α_ce=0.77  α_kd=0.23
 Round 78 | F1 0.5291 | P 0.6168 | R 0.4632 | Time 44.8s | Comm N/A | Local Avg F1: 0.4556

=== Round 79/100 ===
[Round 79] KD=ON | policy=prev_global
[Layer Freezing] Training last 4 transformer layers (layers 8-11)
[Layer Freezing] Trainable params: 28,384,555 / 108,924,715 (26.1%)
[Layer Freezing] Training last 4 transformer layers (layers 8-11)
[Layer Freezing] Trainable params: 28,384,555 / 108,924,715 (26.1%)
[Layer Freezing] Training last 4 transformer layers (layers 8-11)
[Layer Freezing] Trainable params: 28,384,555 / 108,924,715 (26.1%)
[Layer Freezing] Training last 4 transformer layers (layers 8-11)
[Layer Freezing] Trainable params: 28,384,555 / 108,924,715 (26.1%)
[Layer Freezing] Training last 4 transformer layers (layers 8-11)
[Layer Freezing] Trainable params: 28,384,555 / 108,924,715 (26.1%)
[Layer Freezing] Training last 4 transformer layers (layers 8-11)
[Layer Freezing] Trainable params: 28,384,555 / 108,924,715 (26.1%)
[Layer Freezing] Training last 4 transformer layers (layers 8-11)
[Layer Freezing] Trainable params: 28,384,555 / 108,924,715 (26.1%)
[Layer Freezing] Training last 4 transformer layers (layers 8-11)
[Layer Freezing] Trainable params: 28,384,555 / 108,924,715 (26.1%)
[Layer Freezing] Training last 4 transformer layers (layers 8-11)
[Layer Freezing] Trainable params: 28,384,555 / 108,924,715 (26.1%)
[Layer Freezing] Training last 4 transformer layers (layers 8-11)
[Layer Freezing] Trainable params: 28,384,555 / 108,924,715 (26.1%)
[Round 79] T=2.25  α_ce=0.76  α_kd=0.24
 Round 79 | F1 0.5334 | P 0.6144 | R 0.4713 | Time 43.1s | Comm N/A | Local Avg F1: 0.4579

=== Round 80/100 ===
[Round 80] KD=ON | policy=prev_global
[Layer Freezing] Training last 4 transformer layers (layers 8-11)
[Layer Freezing] Trainable params: 28,384,555 / 108,924,715 (26.1%)
[Layer Freezing] Training last 4 transformer layers (layers 8-11)
[Layer Freezing] Trainable params: 28,384,555 / 108,924,715 (26.1%)
[Layer Freezing] Training last 4 transformer layers (layers 8-11)
[Layer Freezing] Trainable params: 28,384,555 / 108,924,715 (26.1%)
[Layer Freezing] Training last 4 transformer layers (layers 8-11)
[Layer Freezing] Trainable params: 28,384,555 / 108,924,715 (26.1%)
[Layer Freezing] Training last 4 transformer layers (layers 8-11)
[Layer Freezing] Trainable params: 28,384,555 / 108,924,715 (26.1%)
[Layer Freezing] Training last 4 transformer layers (layers 8-11)
[Layer Freezing] Trainable params: 28,384,555 / 108,924,715 (26.1%)
[Layer Freezing] Training last 4 transformer layers (layers 8-11)
[Layer Freezing] Trainable params: 28,384,555 / 108,924,715 (26.1%)
[Layer Freezing] Training last 4 transformer layers (layers 8-11)
[Layer Freezing] Trainable params: 28,384,555 / 108,924,715 (26.1%)
[Layer Freezing] Training last 4 transformer layers (layers 8-11)
[Layer Freezing] Trainable params: 28,384,555 / 108,924,715 (26.1%)
[Layer Freezing] Training last 4 transformer layers (layers 8-11)
[Layer Freezing] Trainable params: 28,384,555 / 108,924,715 (26.1%)
[Round 80] T=2.21  α_ce=0.76  α_kd=0.24
 Round 80 | F1 0.5409 | P 0.6058 | R 0.4885 | Time 43.3s | Comm N/A | Local Avg F1: 0.4619

=== Round 81/100 ===
[Round 81] KD=ON | policy=prev_global
[Layer Freezing] Training last 4 transformer layers (layers 8-11)
[Layer Freezing] Trainable params: 28,384,555 / 108,924,715 (26.1%)
[Layer Freezing] Training last 4 transformer layers (layers 8-11)
[Layer Freezing] Trainable params: 28,384,555 / 108,924,715 (26.1%)
[Layer Freezing] Training last 4 transformer layers (layers 8-11)
[Layer Freezing] Trainable params: 28,384,555 / 108,924,715 (26.1%)
[Layer Freezing] Training last 4 transformer layers (layers 8-11)
[Layer Freezing] Trainable params: 28,384,555 / 108,924,715 (26.1%)
[Layer Freezing] Training last 4 transformer layers (layers 8-11)
[Layer Freezing] Trainable params: 28,384,555 / 108,924,715 (26.1%)
[Layer Freezing] Training last 4 transformer layers (layers 8-11)
[Layer Freezing] Trainable params: 28,384,555 / 108,924,715 (26.1%)
[Layer Freezing] Training last 4 transformer layers (layers 8-11)
[Layer Freezing] Trainable params: 28,384,555 / 108,924,715 (26.1%)
[Layer Freezing] Training last 4 transformer layers (layers 8-11)
[Layer Freezing] Trainable params: 28,384,555 / 108,924,715 (26.1%)
[Layer Freezing] Training last 4 transformer layers (layers 8-11)
[Layer Freezing] Trainable params: 28,384,555 / 108,924,715 (26.1%)
[Layer Freezing] Training last 4 transformer layers (layers 8-11)
[Layer Freezing] Trainable params: 28,384,555 / 108,924,715 (26.1%)
[Round 81] T=2.18  α_ce=0.76  α_kd=0.24
 Round 81 | F1 0.5274 | P 0.6228 | R 0.4574 | Time 44.1s | Comm N/A | Local Avg F1: 0.4531

=== Round 82/100 ===
[Round 82] KD=ON | policy=prev_global
[Layer Freezing] Training last 4 transformer layers (layers 8-11)
[Layer Freezing] Trainable params: 28,384,555 / 108,924,715 (26.1%)
[Layer Freezing] Training last 4 transformer layers (layers 8-11)
[Layer Freezing] Trainable params: 28,384,555 / 108,924,715 (26.1%)
[Layer Freezing] Training last 4 transformer layers (layers 8-11)
[Layer Freezing] Trainable params: 28,384,555 / 108,924,715 (26.1%)
[Layer Freezing] Training last 4 transformer layers (layers 8-11)
[Layer Freezing] Trainable params: 28,384,555 / 108,924,715 (26.1%)
[Layer Freezing] Training last 4 transformer layers (layers 8-11)
[Layer Freezing] Trainable params: 28,384,555 / 108,924,715 (26.1%)
[Layer Freezing] Training last 4 transformer layers (layers 8-11)
[Layer Freezing] Trainable params: 28,384,555 / 108,924,715 (26.1%)
[Layer Freezing] Training last 4 transformer layers (layers 8-11)
[Layer Freezing] Trainable params: 28,384,555 / 108,924,715 (26.1%)
[Layer Freezing] Training last 4 transformer layers (layers 8-11)
[Layer Freezing] Trainable params: 28,384,555 / 108,924,715 (26.1%)
[Layer Freezing] Training last 4 transformer layers (layers 8-11)
[Layer Freezing] Trainable params: 28,384,555 / 108,924,715 (26.1%)
[Layer Freezing] Training last 4 transformer layers (layers 8-11)
[Layer Freezing] Trainable params: 28,384,555 / 108,924,715 (26.1%)
[Round 82] T=2.14  α_ce=0.76  α_kd=0.24
 Round 82 | F1 0.5341 | P 0.6094 | R 0.4754 | Time 43.2s | Comm N/A | Local Avg F1: 0.4621

=== Round 83/100 ===
[Round 83] KD=ON | policy=prev_global
[Layer Freezing] Training last 4 transformer layers (layers 8-11)
[Layer Freezing] Trainable params: 28,384,555 / 108,924,715 (26.1%)
[Layer Freezing] Training last 4 transformer layers (layers 8-11)
[Layer Freezing] Trainable params: 28,384,555 / 108,924,715 (26.1%)
[Layer Freezing] Training last 4 transformer layers (layers 8-11)
[Layer Freezing] Trainable params: 28,384,555 / 108,924,715 (26.1%)
[Layer Freezing] Training last 4 transformer layers (layers 8-11)
[Layer Freezing] Trainable params: 28,384,555 / 108,924,715 (26.1%)
[Layer Freezing] Training last 4 transformer layers (layers 8-11)
[Layer Freezing] Trainable params: 28,384,555 / 108,924,715 (26.1%)
[Layer Freezing] Training last 4 transformer layers (layers 8-11)
[Layer Freezing] Trainable params: 28,384,555 / 108,924,715 (26.1%)
[Layer Freezing] Training last 4 transformer layers (layers 8-11)
[Layer Freezing] Trainable params: 28,384,555 / 108,924,715 (26.1%)
[Layer Freezing] Training last 4 transformer layers (layers 8-11)
[Layer Freezing] Trainable params: 28,384,555 / 108,924,715 (26.1%)
[Layer Freezing] Training last 4 transformer layers (layers 8-11)
[Layer Freezing] Trainable params: 28,384,555 / 108,924,715 (26.1%)
[Layer Freezing] Training last 4 transformer layers (layers 8-11)
[Layer Freezing] Trainable params: 28,384,555 / 108,924,715 (26.1%)
[Round 83] T=2.11  α_ce=0.75  α_kd=0.25
 Round 83 | F1 0.5343 | P 0.6131 | R 0.4734 | Time 44.3s | Comm N/A | Local Avg F1: 0.4597

=== Round 84/100 ===
[Round 84] KD=ON | policy=prev_global
[Layer Freezing] Training last 4 transformer layers (layers 8-11)
[Layer Freezing] Trainable params: 28,384,555 / 108,924,715 (26.1%)
[Layer Freezing] Training last 4 transformer layers (layers 8-11)
[Layer Freezing] Trainable params: 28,384,555 / 108,924,715 (26.1%)
[Layer Freezing] Training last 4 transformer layers (layers 8-11)
[Layer Freezing] Trainable params: 28,384,555 / 108,924,715 (26.1%)
[Layer Freezing] Training last 4 transformer layers (layers 8-11)
[Layer Freezing] Trainable params: 28,384,555 / 108,924,715 (26.1%)
[Layer Freezing] Training last 4 transformer layers (layers 8-11)
[Layer Freezing] Trainable params: 28,384,555 / 108,924,715 (26.1%)
[Layer Freezing] Training last 4 transformer layers (layers 8-11)
[Layer Freezing] Trainable params: 28,384,555 / 108,924,715 (26.1%)
[Layer Freezing] Training last 4 transformer layers (layers 8-11)
[Layer Freezing] Trainable params: 28,384,555 / 108,924,715 (26.1%)
[Layer Freezing] Training last 4 transformer layers (layers 8-11)
[Layer Freezing] Trainable params: 28,384,555 / 108,924,715 (26.1%)
[Layer Freezing] Training last 4 transformer layers (layers 8-11)
[Layer Freezing] Trainable params: 28,384,555 / 108,924,715 (26.1%)
[Layer Freezing] Training last 4 transformer layers (layers 8-11)
[Layer Freezing] Trainable params: 28,384,555 / 108,924,715 (26.1%)
[Round 84] T=2.07  α_ce=0.75  α_kd=0.25
 Round 84 | F1 0.5438 | P 0.6098 | R 0.4907 | Time 44.2s | Comm N/A | Local Avg F1: 0.4637

=== Round 85/100 ===
[Round 85] KD=ON | policy=prev_global
[Layer Freezing] Training last 4 transformer layers (layers 8-11)
[Layer Freezing] Trainable params: 28,384,555 / 108,924,715 (26.1%)
[Layer Freezing] Training last 4 transformer layers (layers 8-11)
[Layer Freezing] Trainable params: 28,384,555 / 108,924,715 (26.1%)
[Layer Freezing] Training last 4 transformer layers (layers 8-11)
[Layer Freezing] Trainable params: 28,384,555 / 108,924,715 (26.1%)
[Layer Freezing] Training last 4 transformer layers (layers 8-11)
[Layer Freezing] Trainable params: 28,384,555 / 108,924,715 (26.1%)
[Layer Freezing] Training last 4 transformer layers (layers 8-11)
[Layer Freezing] Trainable params: 28,384,555 / 108,924,715 (26.1%)
[Layer Freezing] Training last 4 transformer layers (layers 8-11)
[Layer Freezing] Trainable params: 28,384,555 / 108,924,715 (26.1%)
[Layer Freezing] Training last 4 transformer layers (layers 8-11)
[Layer Freezing] Trainable params: 28,384,555 / 108,924,715 (26.1%)
[Layer Freezing] Training last 4 transformer layers (layers 8-11)
[Layer Freezing] Trainable params: 28,384,555 / 108,924,715 (26.1%)
[Layer Freezing] Training last 4 transformer layers (layers 8-11)
[Layer Freezing] Trainable params: 28,384,555 / 108,924,715 (26.1%)
[Layer Freezing] Training last 4 transformer layers (layers 8-11)
[Layer Freezing] Trainable params: 28,384,555 / 108,924,715 (26.1%)
[Round 85] T=2.04  α_ce=0.75  α_kd=0.25
 Round 85 | F1 0.5328 | P 0.6205 | R 0.4668 | Time 43.4s | Comm N/A | Local Avg F1: 0.4560

=== Round 86/100 ===
[Round 86] KD=ON | policy=prev_global
[Layer Freezing] Training last 4 transformer layers (layers 8-11)
[Layer Freezing] Trainable params: 28,384,555 / 108,924,715 (26.1%)
[Layer Freezing] Training last 4 transformer layers (layers 8-11)
[Layer Freezing] Trainable params: 28,384,555 / 108,924,715 (26.1%)
[Layer Freezing] Training last 4 transformer layers (layers 8-11)
[Layer Freezing] Trainable params: 28,384,555 / 108,924,715 (26.1%)
[Layer Freezing] Training last 4 transformer layers (layers 8-11)
[Layer Freezing] Trainable params: 28,384,555 / 108,924,715 (26.1%)
[Layer Freezing] Training last 4 transformer layers (layers 8-11)
[Layer Freezing] Trainable params: 28,384,555 / 108,924,715 (26.1%)
[Layer Freezing] Training last 4 transformer layers (layers 8-11)
[Layer Freezing] Trainable params: 28,384,555 / 108,924,715 (26.1%)
[Layer Freezing] Training last 4 transformer layers (layers 8-11)
[Layer Freezing] Trainable params: 28,384,555 / 108,924,715 (26.1%)
[Layer Freezing] Training last 4 transformer layers (layers 8-11)
[Layer Freezing] Trainable params: 28,384,555 / 108,924,715 (26.1%)
[Layer Freezing] Training last 4 transformer layers (layers 8-11)
[Layer Freezing] Trainable params: 28,384,555 / 108,924,715 (26.1%)
[Layer Freezing] Training last 4 transformer layers (layers 8-11)
[Layer Freezing] Trainable params: 28,384,555 / 108,924,715 (26.1%)
[Round 86] T=2.00  α_ce=0.74  α_kd=0.26
 Round 86 | F1 0.5375 | P 0.6104 | R 0.4801 | Time 44.7s | Comm N/A | Local Avg F1: 0.4597

=== Round 87/100 ===
[Round 87] KD=ON | policy=prev_global
[Layer Freezing] Training last 4 transformer layers (layers 8-11)
[Layer Freezing] Trainable params: 28,384,555 / 108,924,715 (26.1%)
[Layer Freezing] Training last 4 transformer layers (layers 8-11)
[Layer Freezing] Trainable params: 28,384,555 / 108,924,715 (26.1%)
[Layer Freezing] Training last 4 transformer layers (layers 8-11)
[Layer Freezing] Trainable params: 28,384,555 / 108,924,715 (26.1%)
[Layer Freezing] Training last 4 transformer layers (layers 8-11)
[Layer Freezing] Trainable params: 28,384,555 / 108,924,715 (26.1%)
[Layer Freezing] Training last 4 transformer layers (layers 8-11)
[Layer Freezing] Trainable params: 28,384,555 / 108,924,715 (26.1%)
[Layer Freezing] Training last 4 transformer layers (layers 8-11)
[Layer Freezing] Trainable params: 28,384,555 / 108,924,715 (26.1%)
[Layer Freezing] Training last 4 transformer layers (layers 8-11)
[Layer Freezing] Trainable params: 28,384,555 / 108,924,715 (26.1%)
[Layer Freezing] Training last 4 transformer layers (layers 8-11)
[Layer Freezing] Trainable params: 28,384,555 / 108,924,715 (26.1%)
[Layer Freezing] Training last 4 transformer layers (layers 8-11)
[Layer Freezing] Trainable params: 28,384,555 / 108,924,715 (26.1%)
[Layer Freezing] Training last 4 transformer layers (layers 8-11)
[Layer Freezing] Trainable params: 28,384,555 / 108,924,715 (26.1%)
[Round 87] T=1.96  α_ce=0.74  α_kd=0.26
 Round 87 | F1 0.5437 | P 0.6065 | R 0.4926 | Time 44.3s | Comm N/A | Local Avg F1: 0.4646

=== Round 88/100 ===
[Round 88] KD=ON | policy=prev_global
[Layer Freezing] Training last 4 transformer layers (layers 8-11)
[Layer Freezing] Trainable params: 28,384,555 / 108,924,715 (26.1%)
[Layer Freezing] Training last 4 transformer layers (layers 8-11)
[Layer Freezing] Trainable params: 28,384,555 / 108,924,715 (26.1%)
[Layer Freezing] Training last 4 transformer layers (layers 8-11)
[Layer Freezing] Trainable params: 28,384,555 / 108,924,715 (26.1%)
[Layer Freezing] Training last 4 transformer layers (layers 8-11)
[Layer Freezing] Trainable params: 28,384,555 / 108,924,715 (26.1%)
[Layer Freezing] Training last 4 transformer layers (layers 8-11)
[Layer Freezing] Trainable params: 28,384,555 / 108,924,715 (26.1%)
[Layer Freezing] Training last 4 transformer layers (layers 8-11)
[Layer Freezing] Trainable params: 28,384,555 / 108,924,715 (26.1%)
[Layer Freezing] Training last 4 transformer layers (layers 8-11)
[Layer Freezing] Trainable params: 28,384,555 / 108,924,715 (26.1%)
[Layer Freezing] Training last 4 transformer layers (layers 8-11)
[Layer Freezing] Trainable params: 28,384,555 / 108,924,715 (26.1%)
[Layer Freezing] Training last 4 transformer layers (layers 8-11)
[Layer Freezing] Trainable params: 28,384,555 / 108,924,715 (26.1%)
[Layer Freezing] Training last 4 transformer layers (layers 8-11)
[Layer Freezing] Trainable params: 28,384,555 / 108,924,715 (26.1%)
[Round 88] T=1.93  α_ce=0.74  α_kd=0.26
 Round 88 | F1 0.5431 | P 0.6058 | R 0.4921 | Time 43.7s | Comm N/A | Local Avg F1: 0.4670

=== Round 89/100 ===
[Round 89] KD=ON | policy=prev_global
[Layer Freezing] Training last 4 transformer layers (layers 8-11)
[Layer Freezing] Trainable params: 28,384,555 / 108,924,715 (26.1%)
[Layer Freezing] Training last 4 transformer layers (layers 8-11)
[Layer Freezing] Trainable params: 28,384,555 / 108,924,715 (26.1%)
[Layer Freezing] Training last 4 transformer layers (layers 8-11)
[Layer Freezing] Trainable params: 28,384,555 / 108,924,715 (26.1%)
[Layer Freezing] Training last 4 transformer layers (layers 8-11)
[Layer Freezing] Trainable params: 28,384,555 / 108,924,715 (26.1%)
[Layer Freezing] Training last 4 transformer layers (layers 8-11)
[Layer Freezing] Trainable params: 28,384,555 / 108,924,715 (26.1%)
[Layer Freezing] Training last 4 transformer layers (layers 8-11)
[Layer Freezing] Trainable params: 28,384,555 / 108,924,715 (26.1%)
[Layer Freezing] Training last 4 transformer layers (layers 8-11)
[Layer Freezing] Trainable params: 28,384,555 / 108,924,715 (26.1%)
[Layer Freezing] Training last 4 transformer layers (layers 8-11)
[Layer Freezing] Trainable params: 28,384,555 / 108,924,715 (26.1%)
[Layer Freezing] Training last 4 transformer layers (layers 8-11)
[Layer Freezing] Trainable params: 28,384,555 / 108,924,715 (26.1%)
[Layer Freezing] Training last 4 transformer layers (layers 8-11)
[Layer Freezing] Trainable params: 28,384,555 / 108,924,715 (26.1%)
[Round 89] T=1.89  α_ce=0.73  α_kd=0.27
 Round 89 | F1 0.5379 | P 0.6117 | R 0.4800 | Time 44.7s | Comm N/A | Local Avg F1: 0.4632

=== Round 90/100 ===
[Round 90] KD=ON | policy=prev_global
[Layer Freezing] Training last 4 transformer layers (layers 8-11)
[Layer Freezing] Trainable params: 28,384,555 / 108,924,715 (26.1%)
[Layer Freezing] Training last 4 transformer layers (layers 8-11)
[Layer Freezing] Trainable params: 28,384,555 / 108,924,715 (26.1%)
[Layer Freezing] Training last 4 transformer layers (layers 8-11)
[Layer Freezing] Trainable params: 28,384,555 / 108,924,715 (26.1%)
[Layer Freezing] Training last 4 transformer layers (layers 8-11)
[Layer Freezing] Trainable params: 28,384,555 / 108,924,715 (26.1%)
[Layer Freezing] Training last 4 transformer layers (layers 8-11)
[Layer Freezing] Trainable params: 28,384,555 / 108,924,715 (26.1%)
[Layer Freezing] Training last 4 transformer layers (layers 8-11)
[Layer Freezing] Trainable params: 28,384,555 / 108,924,715 (26.1%)
[Layer Freezing] Training last 4 transformer layers (layers 8-11)
[Layer Freezing] Trainable params: 28,384,555 / 108,924,715 (26.1%)
[Layer Freezing] Training last 4 transformer layers (layers 8-11)
[Layer Freezing] Trainable params: 28,384,555 / 108,924,715 (26.1%)
[Layer Freezing] Training last 4 transformer layers (layers 8-11)
[Layer Freezing] Trainable params: 28,384,555 / 108,924,715 (26.1%)
[Layer Freezing] Training last 4 transformer layers (layers 8-11)
[Layer Freezing] Trainable params: 28,384,555 / 108,924,715 (26.1%)
[Round 90] T=1.86  α_ce=0.73  α_kd=0.27
 Round 90 | F1 0.5399 | P 0.6141 | R 0.4816 | Time 43.7s | Comm N/A | Local Avg F1: 0.4643

=== Round 91/100 ===
[Round 91] KD=ON | policy=prev_global
[Layer Freezing] Training last 4 transformer layers (layers 8-11)
[Layer Freezing] Trainable params: 28,384,555 / 108,924,715 (26.1%)
[Layer Freezing] Training last 4 transformer layers (layers 8-11)
[Layer Freezing] Trainable params: 28,384,555 / 108,924,715 (26.1%)
[Layer Freezing] Training last 4 transformer layers (layers 8-11)
[Layer Freezing] Trainable params: 28,384,555 / 108,924,715 (26.1%)
[Layer Freezing] Training last 4 transformer layers (layers 8-11)
[Layer Freezing] Trainable params: 28,384,555 / 108,924,715 (26.1%)
[Layer Freezing] Training last 4 transformer layers (layers 8-11)
[Layer Freezing] Trainable params: 28,384,555 / 108,924,715 (26.1%)
[Layer Freezing] Training last 4 transformer layers (layers 8-11)
[Layer Freezing] Trainable params: 28,384,555 / 108,924,715 (26.1%)
[Layer Freezing] Training last 4 transformer layers (layers 8-11)
[Layer Freezing] Trainable params: 28,384,555 / 108,924,715 (26.1%)
[Layer Freezing] Training last 4 transformer layers (layers 8-11)
[Layer Freezing] Trainable params: 28,384,555 / 108,924,715 (26.1%)
[Layer Freezing] Training last 4 transformer layers (layers 8-11)
[Layer Freezing] Trainable params: 28,384,555 / 108,924,715 (26.1%)
[Layer Freezing] Training last 4 transformer layers (layers 8-11)
[Layer Freezing] Trainable params: 28,384,555 / 108,924,715 (26.1%)
[Round 91] T=1.82  α_ce=0.73  α_kd=0.27
 Round 91 | F1 0.5372 | P 0.6169 | R 0.4758 | Time 43.2s | Comm N/A | Local Avg F1: 0.4616

=== Round 92/100 ===
[Round 92] KD=ON | policy=prev_global
[Layer Freezing] Training last 4 transformer layers (layers 8-11)
[Layer Freezing] Trainable params: 28,384,555 / 108,924,715 (26.1%)
[Layer Freezing] Training last 4 transformer layers (layers 8-11)
[Layer Freezing] Trainable params: 28,384,555 / 108,924,715 (26.1%)
[Layer Freezing] Training last 4 transformer layers (layers 8-11)
[Layer Freezing] Trainable params: 28,384,555 / 108,924,715 (26.1%)
[Layer Freezing] Training last 4 transformer layers (layers 8-11)
[Layer Freezing] Trainable params: 28,384,555 / 108,924,715 (26.1%)
[Layer Freezing] Training last 4 transformer layers (layers 8-11)
[Layer Freezing] Trainable params: 28,384,555 / 108,924,715 (26.1%)
[Layer Freezing] Training last 4 transformer layers (layers 8-11)
[Layer Freezing] Trainable params: 28,384,555 / 108,924,715 (26.1%)
[Layer Freezing] Training last 4 transformer layers (layers 8-11)
[Layer Freezing] Trainable params: 28,384,555 / 108,924,715 (26.1%)
[Layer Freezing] Training last 4 transformer layers (layers 8-11)
[Layer Freezing] Trainable params: 28,384,555 / 108,924,715 (26.1%)
[Layer Freezing] Training last 4 transformer layers (layers 8-11)
[Layer Freezing] Trainable params: 28,384,555 / 108,924,715 (26.1%)
[Layer Freezing] Training last 4 transformer layers (layers 8-11)
[Layer Freezing] Trainable params: 28,384,555 / 108,924,715 (26.1%)
[Round 92] T=1.79  α_ce=0.72  α_kd=0.28
 Round 92 | F1 0.5410 | P 0.6126 | R 0.4844 | Time 44.2s | Comm N/A | Local Avg F1: 0.4656

=== Round 93/100 ===
[Round 93] KD=ON | policy=prev_global
[Layer Freezing] Training last 4 transformer layers (layers 8-11)
[Layer Freezing] Trainable params: 28,384,555 / 108,924,715 (26.1%)
[Layer Freezing] Training last 4 transformer layers (layers 8-11)
[Layer Freezing] Trainable params: 28,384,555 / 108,924,715 (26.1%)
[Layer Freezing] Training last 4 transformer layers (layers 8-11)
[Layer Freezing] Trainable params: 28,384,555 / 108,924,715 (26.1%)
[Layer Freezing] Training last 4 transformer layers (layers 8-11)
[Layer Freezing] Trainable params: 28,384,555 / 108,924,715 (26.1%)
[Layer Freezing] Training last 4 transformer layers (layers 8-11)
[Layer Freezing] Trainable params: 28,384,555 / 108,924,715 (26.1%)
[Layer Freezing] Training last 4 transformer layers (layers 8-11)
[Layer Freezing] Trainable params: 28,384,555 / 108,924,715 (26.1%)
[Layer Freezing] Training last 4 transformer layers (layers 8-11)
[Layer Freezing] Trainable params: 28,384,555 / 108,924,715 (26.1%)
[Layer Freezing] Training last 4 transformer layers (layers 8-11)
[Layer Freezing] Trainable params: 28,384,555 / 108,924,715 (26.1%)
[Layer Freezing] Training last 4 transformer layers (layers 8-11)
[Layer Freezing] Trainable params: 28,384,555 / 108,924,715 (26.1%)
[Layer Freezing] Training last 4 transformer layers (layers 8-11)
[Layer Freezing] Trainable params: 28,384,555 / 108,924,715 (26.1%)
[Round 93] T=1.75  α_ce=0.72  α_kd=0.28
 Round 93 | F1 0.5411 | P 0.6135 | R 0.4840 | Time 44.0s | Comm N/A | Local Avg F1: 0.4674

=== Round 94/100 ===
[Round 94] KD=ON | policy=prev_global
[Layer Freezing] Training last 4 transformer layers (layers 8-11)
[Layer Freezing] Trainable params: 28,384,555 / 108,924,715 (26.1%)
[Layer Freezing] Training last 4 transformer layers (layers 8-11)
[Layer Freezing] Trainable params: 28,384,555 / 108,924,715 (26.1%)
[Layer Freezing] Training last 4 transformer layers (layers 8-11)
[Layer Freezing] Trainable params: 28,384,555 / 108,924,715 (26.1%)
[Layer Freezing] Training last 4 transformer layers (layers 8-11)
[Layer Freezing] Trainable params: 28,384,555 / 108,924,715 (26.1%)
[Layer Freezing] Training last 4 transformer layers (layers 8-11)
[Layer Freezing] Trainable params: 28,384,555 / 108,924,715 (26.1%)
[Layer Freezing] Training last 4 transformer layers (layers 8-11)
[Layer Freezing] Trainable params: 28,384,555 / 108,924,715 (26.1%)
[Layer Freezing] Training last 4 transformer layers (layers 8-11)
[Layer Freezing] Trainable params: 28,384,555 / 108,924,715 (26.1%)
[Layer Freezing] Training last 4 transformer layers (layers 8-11)
[Layer Freezing] Trainable params: 28,384,555 / 108,924,715 (26.1%)
[Layer Freezing] Training last 4 transformer layers (layers 8-11)
[Layer Freezing] Trainable params: 28,384,555 / 108,924,715 (26.1%)
[Layer Freezing] Training last 4 transformer layers (layers 8-11)
[Layer Freezing] Trainable params: 28,384,555 / 108,924,715 (26.1%)
[Round 94] T=1.71  α_ce=0.72  α_kd=0.28
 Round 94 | F1 0.5437 | P 0.6031 | R 0.4950 | Time 42.6s | Comm N/A | Local Avg F1: 0.4678

=== Round 95/100 ===
[Round 95] KD=ON | policy=prev_global
[Layer Freezing] Training last 4 transformer layers (layers 8-11)
[Layer Freezing] Trainable params: 28,384,555 / 108,924,715 (26.1%)
[Layer Freezing] Training last 4 transformer layers (layers 8-11)
[Layer Freezing] Trainable params: 28,384,555 / 108,924,715 (26.1%)
[Layer Freezing] Training last 4 transformer layers (layers 8-11)
[Layer Freezing] Trainable params: 28,384,555 / 108,924,715 (26.1%)
[Layer Freezing] Training last 4 transformer layers (layers 8-11)
[Layer Freezing] Trainable params: 28,384,555 / 108,924,715 (26.1%)
[Layer Freezing] Training last 4 transformer layers (layers 8-11)
[Layer Freezing] Trainable params: 28,384,555 / 108,924,715 (26.1%)
[Layer Freezing] Training last 4 transformer layers (layers 8-11)
[Layer Freezing] Trainable params: 28,384,555 / 108,924,715 (26.1%)
[Layer Freezing] Training last 4 transformer layers (layers 8-11)
[Layer Freezing] Trainable params: 28,384,555 / 108,924,715 (26.1%)
[Layer Freezing] Training last 4 transformer layers (layers 8-11)
[Layer Freezing] Trainable params: 28,384,555 / 108,924,715 (26.1%)
[Layer Freezing] Training last 4 transformer layers (layers 8-11)
[Layer Freezing] Trainable params: 28,384,555 / 108,924,715 (26.1%)
[Layer Freezing] Training last 4 transformer layers (layers 8-11)
[Layer Freezing] Trainable params: 28,384,555 / 108,924,715 (26.1%)
[Round 95] T=1.68  α_ce=0.72  α_kd=0.28
 Round 95 | F1 0.5398 | P 0.6125 | R 0.4826 | Time 44.0s | Comm N/A | Local Avg F1: 0.4655

=== Round 96/100 ===
[Round 96] KD=ON | policy=prev_global
[Layer Freezing] Training last 4 transformer layers (layers 8-11)
[Layer Freezing] Trainable params: 28,384,555 / 108,924,715 (26.1%)
[Layer Freezing] Training last 4 transformer layers (layers 8-11)
[Layer Freezing] Trainable params: 28,384,555 / 108,924,715 (26.1%)
[Layer Freezing] Training last 4 transformer layers (layers 8-11)
[Layer Freezing] Trainable params: 28,384,555 / 108,924,715 (26.1%)
[Layer Freezing] Training last 4 transformer layers (layers 8-11)
[Layer Freezing] Trainable params: 28,384,555 / 108,924,715 (26.1%)
[Layer Freezing] Training last 4 transformer layers (layers 8-11)
[Layer Freezing] Trainable params: 28,384,555 / 108,924,715 (26.1%)
[Layer Freezing] Training last 4 transformer layers (layers 8-11)
[Layer Freezing] Trainable params: 28,384,555 / 108,924,715 (26.1%)
[Layer Freezing] Training last 4 transformer layers (layers 8-11)
[Layer Freezing] Trainable params: 28,384,555 / 108,924,715 (26.1%)
[Layer Freezing] Training last 4 transformer layers (layers 8-11)
[Layer Freezing] Trainable params: 28,384,555 / 108,924,715 (26.1%)
[Layer Freezing] Training last 4 transformer layers (layers 8-11)
[Layer Freezing] Trainable params: 28,384,555 / 108,924,715 (26.1%)
[Layer Freezing] Training last 4 transformer layers (layers 8-11)
[Layer Freezing] Trainable params: 28,384,555 / 108,924,715 (26.1%)
[Round 96] T=1.64  α_ce=0.71  α_kd=0.29
 Round 96 | F1 0.5383 | P 0.6198 | R 0.4758 | Time 43.2s | Comm N/A | Local Avg F1: 0.4647

=== Round 97/100 ===
[Round 97] KD=ON | policy=prev_global
[Layer Freezing] Training last 4 transformer layers (layers 8-11)
[Layer Freezing] Trainable params: 28,384,555 / 108,924,715 (26.1%)
[Layer Freezing] Training last 4 transformer layers (layers 8-11)
[Layer Freezing] Trainable params: 28,384,555 / 108,924,715 (26.1%)
[Layer Freezing] Training last 4 transformer layers (layers 8-11)
[Layer Freezing] Trainable params: 28,384,555 / 108,924,715 (26.1%)
[Layer Freezing] Training last 4 transformer layers (layers 8-11)
[Layer Freezing] Trainable params: 28,384,555 / 108,924,715 (26.1%)
[Layer Freezing] Training last 4 transformer layers (layers 8-11)
[Layer Freezing] Trainable params: 28,384,555 / 108,924,715 (26.1%)
[Layer Freezing] Training last 4 transformer layers (layers 8-11)
[Layer Freezing] Trainable params: 28,384,555 / 108,924,715 (26.1%)
[Layer Freezing] Training last 4 transformer layers (layers 8-11)
[Layer Freezing] Trainable params: 28,384,555 / 108,924,715 (26.1%)
[Layer Freezing] Training last 4 transformer layers (layers 8-11)
[Layer Freezing] Trainable params: 28,384,555 / 108,924,715 (26.1%)
[Layer Freezing] Training last 4 transformer layers (layers 8-11)
[Layer Freezing] Trainable params: 28,384,555 / 108,924,715 (26.1%)
[Layer Freezing] Training last 4 transformer layers (layers 8-11)
[Layer Freezing] Trainable params: 28,384,555 / 108,924,715 (26.1%)
[Round 97] T=1.61  α_ce=0.71  α_kd=0.29
 Round 97 | F1 0.5440 | P 0.6169 | R 0.4865 | Time 43.6s | Comm N/A | Local Avg F1: 0.4689

=== Round 98/100 ===
[Round 98] KD=ON | policy=prev_global
[Layer Freezing] Training last 4 transformer layers (layers 8-11)
[Layer Freezing] Trainable params: 28,384,555 / 108,924,715 (26.1%)
[Layer Freezing] Training last 4 transformer layers (layers 8-11)
[Layer Freezing] Trainable params: 28,384,555 / 108,924,715 (26.1%)
[Layer Freezing] Training last 4 transformer layers (layers 8-11)
[Layer Freezing] Trainable params: 28,384,555 / 108,924,715 (26.1%)
[Layer Freezing] Training last 4 transformer layers (layers 8-11)
[Layer Freezing] Trainable params: 28,384,555 / 108,924,715 (26.1%)
[Layer Freezing] Training last 4 transformer layers (layers 8-11)
[Layer Freezing] Trainable params: 28,384,555 / 108,924,715 (26.1%)
[Layer Freezing] Training last 4 transformer layers (layers 8-11)
[Layer Freezing] Trainable params: 28,384,555 / 108,924,715 (26.1%)
[Layer Freezing] Training last 4 transformer layers (layers 8-11)
[Layer Freezing] Trainable params: 28,384,555 / 108,924,715 (26.1%)
[Layer Freezing] Training last 4 transformer layers (layers 8-11)
[Layer Freezing] Trainable params: 28,384,555 / 108,924,715 (26.1%)
[Layer Freezing] Training last 4 transformer layers (layers 8-11)
[Layer Freezing] Trainable params: 28,384,555 / 108,924,715 (26.1%)
[Layer Freezing] Training last 4 transformer layers (layers 8-11)
[Layer Freezing] Trainable params: 28,384,555 / 108,924,715 (26.1%)
[Round 98] T=1.57  α_ce=0.71  α_kd=0.29
 Round 98 | F1 0.5513 | P 0.6031 | R 0.5078 | Time 44.8s | Comm N/A | Local Avg F1: 0.4718

=== Round 99/100 ===
[Round 99] KD=ON | policy=prev_global
[Layer Freezing] Training last 4 transformer layers (layers 8-11)
[Layer Freezing] Trainable params: 28,384,555 / 108,924,715 (26.1%)
[Layer Freezing] Training last 4 transformer layers (layers 8-11)
[Layer Freezing] Trainable params: 28,384,555 / 108,924,715 (26.1%)
[Layer Freezing] Training last 4 transformer layers (layers 8-11)
[Layer Freezing] Trainable params: 28,384,555 / 108,924,715 (26.1%)
[Layer Freezing] Training last 4 transformer layers (layers 8-11)
[Layer Freezing] Trainable params: 28,384,555 / 108,924,715 (26.1%)
[Layer Freezing] Training last 4 transformer layers (layers 8-11)
[Layer Freezing] Trainable params: 28,384,555 / 108,924,715 (26.1%)
[Layer Freezing] Training last 4 transformer layers (layers 8-11)
[Layer Freezing] Trainable params: 28,384,555 / 108,924,715 (26.1%)
[Layer Freezing] Training last 4 transformer layers (layers 8-11)
[Layer Freezing] Trainable params: 28,384,555 / 108,924,715 (26.1%)
[Layer Freezing] Training last 4 transformer layers (layers 8-11)
[Layer Freezing] Trainable params: 28,384,555 / 108,924,715 (26.1%)
[Layer Freezing] Training last 4 transformer layers (layers 8-11)
[Layer Freezing] Trainable params: 28,384,555 / 108,924,715 (26.1%)
[Layer Freezing] Training last 4 transformer layers (layers 8-11)
[Layer Freezing] Trainable params: 28,384,555 / 108,924,715 (26.1%)
[Round 99] T=1.54  α_ce=0.70  α_kd=0.30
 Round 99 | F1 0.5490 | P 0.6166 | R 0.4948 | Time 43.1s | Comm N/A | Local Avg F1: 0.4725

=== Round 100/100 ===
[Round 100] KD=ON | policy=prev_global
[Layer Freezing] Training last 4 transformer layers (layers 8-11)
[Layer Freezing] Trainable params: 28,384,555 / 108,924,715 (26.1%)
[Layer Freezing] Training last 4 transformer layers (layers 8-11)
[Layer Freezing] Trainable params: 28,384,555 / 108,924,715 (26.1%)
[Layer Freezing] Training last 4 transformer layers (layers 8-11)
[Layer Freezing] Trainable params: 28,384,555 / 108,924,715 (26.1%)
[Layer Freezing] Training last 4 transformer layers (layers 8-11)
[Layer Freezing] Trainable params: 28,384,555 / 108,924,715 (26.1%)
[Layer Freezing] Training last 4 transformer layers (layers 8-11)
[Layer Freezing] Trainable params: 28,384,555 / 108,924,715 (26.1%)
[Layer Freezing] Training last 4 transformer layers (layers 8-11)
[Layer Freezing] Trainable params: 28,384,555 / 108,924,715 (26.1%)
[Layer Freezing] Training last 4 transformer layers (layers 8-11)
[Layer Freezing] Trainable params: 28,384,555 / 108,924,715 (26.1%)
[Layer Freezing] Training last 4 transformer layers (layers 8-11)
[Layer Freezing] Trainable params: 28,384,555 / 108,924,715 (26.1%)
[Layer Freezing] Training last 4 transformer layers (layers 8-11)
[Layer Freezing] Trainable params: 28,384,555 / 108,924,715 (26.1%)
[Layer Freezing] Training last 4 transformer layers (layers 8-11)
[Layer Freezing] Trainable params: 28,384,555 / 108,924,715 (26.1%)
[Round 100] T=1.50  α_ce=0.70  α_kd=0.30
 Round 100 | F1 0.5508 | P 0.6063 | R 0.5045 | Time 43.8s | Comm N/A | Local Avg F1: 0.4744
[save_json] Saved: results/FedSAD_20250819_011935/fed_results.json
[save_json] Backup: results/FedSAD_20250819_011935/fed_results_20250819_023224.json
