日志文件：logs/run_20250819_070119.log

== FedSD 0.1==
📁 从本地加载模型: /root/autodl-tmp/new/fedner/models/microsoft_BiomedNLP-PubMedBERT-base-uncased-abstract
Some weights of BertForTokenClassification were not initialized from the model checkpoint at /root/autodl-tmp/new/fedner/models/microsoft_BiomedNLP-PubMedBERT-base-uncased-abstract and are newly initialized because the shapes did not match:
- classifier.bias: found shape torch.Size([2]) in the checkpoint and torch.Size([43]) in the model instantiated
- classifier.weight: found shape torch.Size([2, 768]) in the checkpoint and torch.Size([43, 768]) in the model instantiated
You should probably TRAIN this model on a down-stream task to be able to use it for predictions and inference.
Using device: cuda
📁 从本地加载模型: /root/autodl-tmp/new/fedner/models/microsoft_BiomedNLP-PubMedBERT-base-uncased-abstract
Some weights of BertForTokenClassification were not initialized from the model checkpoint at /root/autodl-tmp/new/fedner/models/microsoft_BiomedNLP-PubMedBERT-base-uncased-abstract and are newly initialized because the shapes did not match:
- classifier.bias: found shape torch.Size([2]) in the checkpoint and torch.Size([43]) in the model instantiated
- classifier.weight: found shape torch.Size([2, 768]) in the checkpoint and torch.Size([43, 768]) in the model instantiated
You should probably TRAIN this model on a down-stream task to be able to use it for predictions and inference.

============================================================
EXPERIMENT CONFIGURATION
============================================================
Algorithm: FedSD | Clients: 10 (100% per round) | Rounds: 100, Local epochs: 2 | Training: Last 4 layers | Sampling: 200 samples per client (random) | Data: Non-IID (α=0.1)
------------------------------------------------------------
Algorithm-specific parameters for FedSD:
  - fedsd_alpha_ce: 1.0
  - fedsd_alpha_kl: 1.0
  - fedsd_alpha_hidden: 0.0
  - fedsd_temperature: 2.0
============================================================

Model initialized: 108,924,715/108,924,715 trainable params (100.0%)

=== Round 1/100 ===
Original training examples: 957
[Layer Freezing] Training last 4 transformer layers (layers 8-11)
[Layer Freezing] Trainable params: 28,384,555 / 108,924,715 (26.1%)
/root/miniconda3/lib/python3.12/site-packages/torch/nn/modules/module.py:1762: FutureWarning: `encoder_attention_mask` is deprecated and will be removed in version 4.55.0 for `BertSdpaSelfAttention.forward`.
  return forward_call(*args, **kwargs)
🔍 No compression applied (topk=0)
📊 Model size: 415.51MB (uncompressed)
Original training examples: 993
[Layer Freezing] Training last 4 transformer layers (layers 8-11)
[Layer Freezing] Trainable params: 28,384,555 / 108,924,715 (26.1%)
🔍 No compression applied (topk=0)
📊 Model size: 415.51MB (uncompressed)
Original training examples: 1793
[Layer Freezing] Training last 4 transformer layers (layers 8-11)
[Layer Freezing] Trainable params: 28,384,555 / 108,924,715 (26.1%)
🔍 No compression applied (topk=0)
📊 Model size: 415.51MB (uncompressed)
Original training examples: 1707
[Layer Freezing] Training last 4 transformer layers (layers 8-11)
[Layer Freezing] Trainable params: 28,384,555 / 108,924,715 (26.1%)
🔍 No compression applied (topk=0)
📊 Model size: 415.51MB (uncompressed)
Original training examples: 8214
[Layer Freezing] Training last 4 transformer layers (layers 8-11)
[Layer Freezing] Trainable params: 28,384,555 / 108,924,715 (26.1%)
🔍 No compression applied (topk=0)
📊 Model size: 415.51MB (uncompressed)
Original training examples: 13991
[Layer Freezing] Training last 4 transformer layers (layers 8-11)
[Layer Freezing] Trainable params: 28,384,555 / 108,924,715 (26.1%)
🔍 No compression applied (topk=0)
📊 Model size: 415.51MB (uncompressed)
Original training examples: 2041
[Layer Freezing] Training last 4 transformer layers (layers 8-11)
[Layer Freezing] Trainable params: 28,384,555 / 108,924,715 (26.1%)
🔍 No compression applied (topk=0)
📊 Model size: 415.51MB (uncompressed)
Original training examples: 1583
[Layer Freezing] Training last 4 transformer layers (layers 8-11)
[Layer Freezing] Trainable params: 28,384,555 / 108,924,715 (26.1%)
🔍 No compression applied (topk=0)
📊 Model size: 415.51MB (uncompressed)
Original training examples: 2132
[Layer Freezing] Training last 4 transformer layers (layers 8-11)
[Layer Freezing] Trainable params: 28,384,555 / 108,924,715 (26.1%)
🔍 No compression applied (topk=0)
📊 Model size: 415.51MB (uncompressed)
Original training examples: 1957
[Layer Freezing] Training last 4 transformer layers (layers 8-11)
[Layer Freezing] Trainable params: 28,384,555 / 108,924,715 (26.1%)
🔍 No compression applied (topk=0)
📊 Model size: 415.51MB (uncompressed)
📊 Single model: 415.51 MB
📊 Total uploaded: 4155.15 MB (10 clients)
/root/miniconda3/lib/python3.12/site-packages/seqeval/metrics/v1.py:57: UndefinedMetricWarning: Precision is ill-defined and being set to 0.0 due to no predicted samples. Use `zero_division` parameter to control this behavior.
  _warn_prf(average, modifier, msg_start, len(result))
 Round 1 | F1 0.0000 | P 0.0000 | R 0.0000 | Time 40.9s | Comm 4155.15 MB | Local Avg F1: 0.0000

=== Round 2/100 ===
Original training examples: 957
[Layer Freezing] Training last 4 transformer layers (layers 8-11)
[Layer Freezing] Trainable params: 28,384,555 / 108,924,715 (26.1%)
🔍 No compression applied (topk=0)
📊 Model size: 415.51MB (uncompressed)
Original training examples: 993
[Layer Freezing] Training last 4 transformer layers (layers 8-11)
[Layer Freezing] Trainable params: 28,384,555 / 108,924,715 (26.1%)
🔍 No compression applied (topk=0)
📊 Model size: 415.51MB (uncompressed)
Original training examples: 1793
[Layer Freezing] Training last 4 transformer layers (layers 8-11)
[Layer Freezing] Trainable params: 28,384,555 / 108,924,715 (26.1%)
🔍 No compression applied (topk=0)
📊 Model size: 415.51MB (uncompressed)
Original training examples: 1707
[Layer Freezing] Training last 4 transformer layers (layers 8-11)
[Layer Freezing] Trainable params: 28,384,555 / 108,924,715 (26.1%)
🔍 No compression applied (topk=0)
📊 Model size: 415.51MB (uncompressed)
Original training examples: 8214
[Layer Freezing] Training last 4 transformer layers (layers 8-11)
[Layer Freezing] Trainable params: 28,384,555 / 108,924,715 (26.1%)
🔍 No compression applied (topk=0)
📊 Model size: 415.51MB (uncompressed)
Original training examples: 13991
[Layer Freezing] Training last 4 transformer layers (layers 8-11)
[Layer Freezing] Trainable params: 28,384,555 / 108,924,715 (26.1%)
🔍 No compression applied (topk=0)
📊 Model size: 415.51MB (uncompressed)
Original training examples: 2041
[Layer Freezing] Training last 4 transformer layers (layers 8-11)
[Layer Freezing] Trainable params: 28,384,555 / 108,924,715 (26.1%)
🔍 No compression applied (topk=0)
📊 Model size: 415.51MB (uncompressed)
Original training examples: 1583
[Layer Freezing] Training last 4 transformer layers (layers 8-11)
[Layer Freezing] Trainable params: 28,384,555 / 108,924,715 (26.1%)
🔍 No compression applied (topk=0)
📊 Model size: 415.51MB (uncompressed)
Original training examples: 2132
[Layer Freezing] Training last 4 transformer layers (layers 8-11)
[Layer Freezing] Trainable params: 28,384,555 / 108,924,715 (26.1%)
🔍 No compression applied (topk=0)
📊 Model size: 415.51MB (uncompressed)
Original training examples: 1957
[Layer Freezing] Training last 4 transformer layers (layers 8-11)
[Layer Freezing] Trainable params: 28,384,555 / 108,924,715 (26.1%)
🔍 No compression applied (topk=0)
📊 Model size: 415.51MB (uncompressed)
📊 Single model: 415.51 MB
📊 Total uploaded: 4155.15 MB (10 clients)
 Round 2 | F1 0.0000 | P 0.0000 | R 0.0000 | Time 38.5s | Comm 4155.15 MB | Local Avg F1: 0.0000

=== Round 3/100 ===
Original training examples: 957
[Layer Freezing] Training last 4 transformer layers (layers 8-11)
[Layer Freezing] Trainable params: 28,384,555 / 108,924,715 (26.1%)
🔍 No compression applied (topk=0)
📊 Model size: 415.51MB (uncompressed)
Original training examples: 993
[Layer Freezing] Training last 4 transformer layers (layers 8-11)
[Layer Freezing] Trainable params: 28,384,555 / 108,924,715 (26.1%)
🔍 No compression applied (topk=0)
📊 Model size: 415.51MB (uncompressed)
Original training examples: 1793
[Layer Freezing] Training last 4 transformer layers (layers 8-11)
[Layer Freezing] Trainable params: 28,384,555 / 108,924,715 (26.1%)
🔍 No compression applied (topk=0)
📊 Model size: 415.51MB (uncompressed)
Original training examples: 1707
[Layer Freezing] Training last 4 transformer layers (layers 8-11)
[Layer Freezing] Trainable params: 28,384,555 / 108,924,715 (26.1%)
🔍 No compression applied (topk=0)
📊 Model size: 415.51MB (uncompressed)
Original training examples: 8214
[Layer Freezing] Training last 4 transformer layers (layers 8-11)
[Layer Freezing] Trainable params: 28,384,555 / 108,924,715 (26.1%)
🔍 No compression applied (topk=0)
📊 Model size: 415.51MB (uncompressed)
Original training examples: 13991
[Layer Freezing] Training last 4 transformer layers (layers 8-11)
[Layer Freezing] Trainable params: 28,384,555 / 108,924,715 (26.1%)
🔍 No compression applied (topk=0)
📊 Model size: 415.51MB (uncompressed)
Original training examples: 2041
[Layer Freezing] Training last 4 transformer layers (layers 8-11)
[Layer Freezing] Trainable params: 28,384,555 / 108,924,715 (26.1%)
🔍 No compression applied (topk=0)
📊 Model size: 415.51MB (uncompressed)
Original training examples: 1583
[Layer Freezing] Training last 4 transformer layers (layers 8-11)
[Layer Freezing] Trainable params: 28,384,555 / 108,924,715 (26.1%)
🔍 No compression applied (topk=0)
📊 Model size: 415.51MB (uncompressed)
Original training examples: 2132
[Layer Freezing] Training last 4 transformer layers (layers 8-11)
[Layer Freezing] Trainable params: 28,384,555 / 108,924,715 (26.1%)
🔍 No compression applied (topk=0)
📊 Model size: 415.51MB (uncompressed)
Original training examples: 1957
[Layer Freezing] Training last 4 transformer layers (layers 8-11)
[Layer Freezing] Trainable params: 28,384,555 / 108,924,715 (26.1%)
🔍 No compression applied (topk=0)
📊 Model size: 415.51MB (uncompressed)
📊 Single model: 415.51 MB
📊 Total uploaded: 4155.15 MB (10 clients)
 Round 3 | F1 0.0000 | P 0.0000 | R 0.0000 | Time 39.5s | Comm 4155.15 MB | Local Avg F1: 0.0000

=== Round 4/100 ===
Original training examples: 957
[Layer Freezing] Training last 4 transformer layers (layers 8-11)
[Layer Freezing] Trainable params: 28,384,555 / 108,924,715 (26.1%)
🔍 No compression applied (topk=0)
📊 Model size: 415.51MB (uncompressed)
Original training examples: 993
[Layer Freezing] Training last 4 transformer layers (layers 8-11)
[Layer Freezing] Trainable params: 28,384,555 / 108,924,715 (26.1%)
🔍 No compression applied (topk=0)
📊 Model size: 415.51MB (uncompressed)
Original training examples: 1793
[Layer Freezing] Training last 4 transformer layers (layers 8-11)
[Layer Freezing] Trainable params: 28,384,555 / 108,924,715 (26.1%)
🔍 No compression applied (topk=0)
📊 Model size: 415.51MB (uncompressed)
Original training examples: 1707
[Layer Freezing] Training last 4 transformer layers (layers 8-11)
[Layer Freezing] Trainable params: 28,384,555 / 108,924,715 (26.1%)
🔍 No compression applied (topk=0)
📊 Model size: 415.51MB (uncompressed)
Original training examples: 8214
[Layer Freezing] Training last 4 transformer layers (layers 8-11)
[Layer Freezing] Trainable params: 28,384,555 / 108,924,715 (26.1%)
🔍 No compression applied (topk=0)
📊 Model size: 415.51MB (uncompressed)
Original training examples: 13991
[Layer Freezing] Training last 4 transformer layers (layers 8-11)
[Layer Freezing] Trainable params: 28,384,555 / 108,924,715 (26.1%)
🔍 No compression applied (topk=0)
📊 Model size: 415.51MB (uncompressed)
Original training examples: 2041
[Layer Freezing] Training last 4 transformer layers (layers 8-11)
[Layer Freezing] Trainable params: 28,384,555 / 108,924,715 (26.1%)
🔍 No compression applied (topk=0)
📊 Model size: 415.51MB (uncompressed)
Original training examples: 1583
[Layer Freezing] Training last 4 transformer layers (layers 8-11)
[Layer Freezing] Trainable params: 28,384,555 / 108,924,715 (26.1%)
🔍 No compression applied (topk=0)
📊 Model size: 415.51MB (uncompressed)
Original training examples: 2132
[Layer Freezing] Training last 4 transformer layers (layers 8-11)
[Layer Freezing] Trainable params: 28,384,555 / 108,924,715 (26.1%)
🔍 No compression applied (topk=0)
📊 Model size: 415.51MB (uncompressed)
Original training examples: 1957
[Layer Freezing] Training last 4 transformer layers (layers 8-11)
[Layer Freezing] Trainable params: 28,384,555 / 108,924,715 (26.1%)
🔍 No compression applied (topk=0)
📊 Model size: 415.51MB (uncompressed)
📊 Single model: 415.51 MB
📊 Total uploaded: 4155.15 MB (10 clients)
 Round 4 | F1 0.0003 | P 0.5000 | R 0.0001 | Time 40.0s | Comm 4155.15 MB | Local Avg F1: 0.0001

=== Round 5/100 ===
Original training examples: 957
[Layer Freezing] Training last 4 transformer layers (layers 8-11)
[Layer Freezing] Trainable params: 28,384,555 / 108,924,715 (26.1%)
🔍 No compression applied (topk=0)
📊 Model size: 415.51MB (uncompressed)
Original training examples: 993
[Layer Freezing] Training last 4 transformer layers (layers 8-11)
[Layer Freezing] Trainable params: 28,384,555 / 108,924,715 (26.1%)
🔍 No compression applied (topk=0)
📊 Model size: 415.51MB (uncompressed)
Original training examples: 1793
[Layer Freezing] Training last 4 transformer layers (layers 8-11)
[Layer Freezing] Trainable params: 28,384,555 / 108,924,715 (26.1%)
🔍 No compression applied (topk=0)
📊 Model size: 415.51MB (uncompressed)
Original training examples: 1707
[Layer Freezing] Training last 4 transformer layers (layers 8-11)
[Layer Freezing] Trainable params: 28,384,555 / 108,924,715 (26.1%)
🔍 No compression applied (topk=0)
📊 Model size: 415.51MB (uncompressed)
Original training examples: 8214
[Layer Freezing] Training last 4 transformer layers (layers 8-11)
[Layer Freezing] Trainable params: 28,384,555 / 108,924,715 (26.1%)
🔍 No compression applied (topk=0)
📊 Model size: 415.51MB (uncompressed)
Original training examples: 13991
[Layer Freezing] Training last 4 transformer layers (layers 8-11)
[Layer Freezing] Trainable params: 28,384,555 / 108,924,715 (26.1%)
🔍 No compression applied (topk=0)
📊 Model size: 415.51MB (uncompressed)
Original training examples: 2041
[Layer Freezing] Training last 4 transformer layers (layers 8-11)
[Layer Freezing] Trainable params: 28,384,555 / 108,924,715 (26.1%)
🔍 No compression applied (topk=0)
📊 Model size: 415.51MB (uncompressed)
Original training examples: 1583
[Layer Freezing] Training last 4 transformer layers (layers 8-11)
[Layer Freezing] Trainable params: 28,384,555 / 108,924,715 (26.1%)
🔍 No compression applied (topk=0)
📊 Model size: 415.51MB (uncompressed)
Original training examples: 2132
[Layer Freezing] Training last 4 transformer layers (layers 8-11)
[Layer Freezing] Trainable params: 28,384,555 / 108,924,715 (26.1%)
🔍 No compression applied (topk=0)
📊 Model size: 415.51MB (uncompressed)
Original training examples: 1957
[Layer Freezing] Training last 4 transformer layers (layers 8-11)
[Layer Freezing] Trainable params: 28,384,555 / 108,924,715 (26.1%)
🔍 No compression applied (topk=0)
📊 Model size: 415.51MB (uncompressed)
📊 Single model: 415.51 MB
📊 Total uploaded: 4155.15 MB (10 clients)
 Round 5 | F1 0.0069 | P 0.5880 | R 0.0035 | Time 39.5s | Comm 4155.15 MB | Local Avg F1: 0.0013

=== Round 6/100 ===
Original training examples: 957
[Layer Freezing] Training last 4 transformer layers (layers 8-11)
[Layer Freezing] Trainable params: 28,384,555 / 108,924,715 (26.1%)
🔍 No compression applied (topk=0)
📊 Model size: 415.51MB (uncompressed)
Original training examples: 993
[Layer Freezing] Training last 4 transformer layers (layers 8-11)
[Layer Freezing] Trainable params: 28,384,555 / 108,924,715 (26.1%)
🔍 No compression applied (topk=0)
📊 Model size: 415.51MB (uncompressed)
Original training examples: 1793
[Layer Freezing] Training last 4 transformer layers (layers 8-11)
[Layer Freezing] Trainable params: 28,384,555 / 108,924,715 (26.1%)
🔍 No compression applied (topk=0)
📊 Model size: 415.51MB (uncompressed)
Original training examples: 1707
[Layer Freezing] Training last 4 transformer layers (layers 8-11)
[Layer Freezing] Trainable params: 28,384,555 / 108,924,715 (26.1%)
🔍 No compression applied (topk=0)
📊 Model size: 415.51MB (uncompressed)
Original training examples: 8214
[Layer Freezing] Training last 4 transformer layers (layers 8-11)
[Layer Freezing] Trainable params: 28,384,555 / 108,924,715 (26.1%)
🔍 No compression applied (topk=0)
📊 Model size: 415.51MB (uncompressed)
Original training examples: 13991
[Layer Freezing] Training last 4 transformer layers (layers 8-11)
[Layer Freezing] Trainable params: 28,384,555 / 108,924,715 (26.1%)
🔍 No compression applied (topk=0)
📊 Model size: 415.51MB (uncompressed)
Original training examples: 2041
[Layer Freezing] Training last 4 transformer layers (layers 8-11)
[Layer Freezing] Trainable params: 28,384,555 / 108,924,715 (26.1%)
🔍 No compression applied (topk=0)
📊 Model size: 415.51MB (uncompressed)
Original training examples: 1583
[Layer Freezing] Training last 4 transformer layers (layers 8-11)
[Layer Freezing] Trainable params: 28,384,555 / 108,924,715 (26.1%)
🔍 No compression applied (topk=0)
📊 Model size: 415.51MB (uncompressed)
Original training examples: 2132
[Layer Freezing] Training last 4 transformer layers (layers 8-11)
[Layer Freezing] Trainable params: 28,384,555 / 108,924,715 (26.1%)
🔍 No compression applied (topk=0)
📊 Model size: 415.51MB (uncompressed)
Original training examples: 1957
[Layer Freezing] Training last 4 transformer layers (layers 8-11)
[Layer Freezing] Trainable params: 28,384,555 / 108,924,715 (26.1%)
🔍 No compression applied (topk=0)
📊 Model size: 415.51MB (uncompressed)
📊 Single model: 415.51 MB
📊 Total uploaded: 4155.15 MB (10 clients)
 Round 6 | F1 0.0410 | P 0.5952 | R 0.0213 | Time 39.9s | Comm 4155.15 MB | Local Avg F1: 0.0151

=== Round 7/100 ===
Original training examples: 957
[Layer Freezing] Training last 4 transformer layers (layers 8-11)
[Layer Freezing] Trainable params: 28,384,555 / 108,924,715 (26.1%)
🔍 No compression applied (topk=0)
📊 Model size: 415.51MB (uncompressed)
Original training examples: 993
[Layer Freezing] Training last 4 transformer layers (layers 8-11)
[Layer Freezing] Trainable params: 28,384,555 / 108,924,715 (26.1%)
🔍 No compression applied (topk=0)
📊 Model size: 415.51MB (uncompressed)
Original training examples: 1793
[Layer Freezing] Training last 4 transformer layers (layers 8-11)
[Layer Freezing] Trainable params: 28,384,555 / 108,924,715 (26.1%)
🔍 No compression applied (topk=0)
📊 Model size: 415.51MB (uncompressed)
Original training examples: 1707
[Layer Freezing] Training last 4 transformer layers (layers 8-11)
[Layer Freezing] Trainable params: 28,384,555 / 108,924,715 (26.1%)
🔍 No compression applied (topk=0)
📊 Model size: 415.51MB (uncompressed)
Original training examples: 8214
[Layer Freezing] Training last 4 transformer layers (layers 8-11)
[Layer Freezing] Trainable params: 28,384,555 / 108,924,715 (26.1%)
🔍 No compression applied (topk=0)
📊 Model size: 415.51MB (uncompressed)
Original training examples: 13991
[Layer Freezing] Training last 4 transformer layers (layers 8-11)
[Layer Freezing] Trainable params: 28,384,555 / 108,924,715 (26.1%)
🔍 No compression applied (topk=0)
📊 Model size: 415.51MB (uncompressed)
Original training examples: 2041
[Layer Freezing] Training last 4 transformer layers (layers 8-11)
[Layer Freezing] Trainable params: 28,384,555 / 108,924,715 (26.1%)
🔍 No compression applied (topk=0)
📊 Model size: 415.51MB (uncompressed)
Original training examples: 1583
[Layer Freezing] Training last 4 transformer layers (layers 8-11)
[Layer Freezing] Trainable params: 28,384,555 / 108,924,715 (26.1%)
🔍 No compression applied (topk=0)
📊 Model size: 415.51MB (uncompressed)
Original training examples: 2132
[Layer Freezing] Training last 4 transformer layers (layers 8-11)
[Layer Freezing] Trainable params: 28,384,555 / 108,924,715 (26.1%)
🔍 No compression applied (topk=0)
📊 Model size: 415.51MB (uncompressed)
Original training examples: 1957
[Layer Freezing] Training last 4 transformer layers (layers 8-11)
[Layer Freezing] Trainable params: 28,384,555 / 108,924,715 (26.1%)
🔍 No compression applied (topk=0)
📊 Model size: 415.51MB (uncompressed)
📊 Single model: 415.51 MB
📊 Total uploaded: 4155.15 MB (10 clients)
 Round 7 | F1 0.0874 | P 0.5639 | R 0.0474 | Time 39.2s | Comm 4155.15 MB | Local Avg F1: 0.0361

=== Round 8/100 ===
Original training examples: 957
[Layer Freezing] Training last 4 transformer layers (layers 8-11)
[Layer Freezing] Trainable params: 28,384,555 / 108,924,715 (26.1%)
🔍 No compression applied (topk=0)
📊 Model size: 415.51MB (uncompressed)
Original training examples: 993
[Layer Freezing] Training last 4 transformer layers (layers 8-11)
[Layer Freezing] Trainable params: 28,384,555 / 108,924,715 (26.1%)
🔍 No compression applied (topk=0)
📊 Model size: 415.51MB (uncompressed)
Original training examples: 1793
[Layer Freezing] Training last 4 transformer layers (layers 8-11)
[Layer Freezing] Trainable params: 28,384,555 / 108,924,715 (26.1%)
🔍 No compression applied (topk=0)
📊 Model size: 415.51MB (uncompressed)
Original training examples: 1707
[Layer Freezing] Training last 4 transformer layers (layers 8-11)
[Layer Freezing] Trainable params: 28,384,555 / 108,924,715 (26.1%)
🔍 No compression applied (topk=0)
📊 Model size: 415.51MB (uncompressed)
Original training examples: 8214
[Layer Freezing] Training last 4 transformer layers (layers 8-11)
[Layer Freezing] Trainable params: 28,384,555 / 108,924,715 (26.1%)
🔍 No compression applied (topk=0)
📊 Model size: 415.51MB (uncompressed)
Original training examples: 13991
[Layer Freezing] Training last 4 transformer layers (layers 8-11)
[Layer Freezing] Trainable params: 28,384,555 / 108,924,715 (26.1%)
🔍 No compression applied (topk=0)
📊 Model size: 415.51MB (uncompressed)
Original training examples: 2041
[Layer Freezing] Training last 4 transformer layers (layers 8-11)
[Layer Freezing] Trainable params: 28,384,555 / 108,924,715 (26.1%)
🔍 No compression applied (topk=0)
📊 Model size: 415.51MB (uncompressed)
Original training examples: 1583
[Layer Freezing] Training last 4 transformer layers (layers 8-11)
[Layer Freezing] Trainable params: 28,384,555 / 108,924,715 (26.1%)
🔍 No compression applied (topk=0)
📊 Model size: 415.51MB (uncompressed)
Original training examples: 2132
[Layer Freezing] Training last 4 transformer layers (layers 8-11)
[Layer Freezing] Trainable params: 28,384,555 / 108,924,715 (26.1%)
🔍 No compression applied (topk=0)
📊 Model size: 415.51MB (uncompressed)
Original training examples: 1957
[Layer Freezing] Training last 4 transformer layers (layers 8-11)
[Layer Freezing] Trainable params: 28,384,555 / 108,924,715 (26.1%)
🔍 No compression applied (topk=0)
📊 Model size: 415.51MB (uncompressed)
📊 Single model: 415.51 MB
📊 Total uploaded: 4155.15 MB (10 clients)
 Round 8 | F1 0.0948 | P 0.5774 | R 0.0517 | Time 39.9s | Comm 4155.15 MB | Local Avg F1: 0.0408

=== Round 9/100 ===
Original training examples: 957
[Layer Freezing] Training last 4 transformer layers (layers 8-11)
[Layer Freezing] Trainable params: 28,384,555 / 108,924,715 (26.1%)
🔍 No compression applied (topk=0)
📊 Model size: 415.51MB (uncompressed)
Original training examples: 993
[Layer Freezing] Training last 4 transformer layers (layers 8-11)
[Layer Freezing] Trainable params: 28,384,555 / 108,924,715 (26.1%)
🔍 No compression applied (topk=0)
📊 Model size: 415.51MB (uncompressed)
Original training examples: 1793
[Layer Freezing] Training last 4 transformer layers (layers 8-11)
[Layer Freezing] Trainable params: 28,384,555 / 108,924,715 (26.1%)
🔍 No compression applied (topk=0)
📊 Model size: 415.51MB (uncompressed)
Original training examples: 1707
[Layer Freezing] Training last 4 transformer layers (layers 8-11)
[Layer Freezing] Trainable params: 28,384,555 / 108,924,715 (26.1%)
🔍 No compression applied (topk=0)
📊 Model size: 415.51MB (uncompressed)
Original training examples: 8214
[Layer Freezing] Training last 4 transformer layers (layers 8-11)
[Layer Freezing] Trainable params: 28,384,555 / 108,924,715 (26.1%)
🔍 No compression applied (topk=0)
📊 Model size: 415.51MB (uncompressed)
Original training examples: 13991
[Layer Freezing] Training last 4 transformer layers (layers 8-11)
[Layer Freezing] Trainable params: 28,384,555 / 108,924,715 (26.1%)
🔍 No compression applied (topk=0)
📊 Model size: 415.51MB (uncompressed)
Original training examples: 2041
[Layer Freezing] Training last 4 transformer layers (layers 8-11)
[Layer Freezing] Trainable params: 28,384,555 / 108,924,715 (26.1%)
🔍 No compression applied (topk=0)
📊 Model size: 415.51MB (uncompressed)
Original training examples: 1583
[Layer Freezing] Training last 4 transformer layers (layers 8-11)
[Layer Freezing] Trainable params: 28,384,555 / 108,924,715 (26.1%)
🔍 No compression applied (topk=0)
📊 Model size: 415.51MB (uncompressed)
Original training examples: 2132
[Layer Freezing] Training last 4 transformer layers (layers 8-11)
[Layer Freezing] Trainable params: 28,384,555 / 108,924,715 (26.1%)
🔍 No compression applied (topk=0)
📊 Model size: 415.51MB (uncompressed)
Original training examples: 1957
[Layer Freezing] Training last 4 transformer layers (layers 8-11)
[Layer Freezing] Trainable params: 28,384,555 / 108,924,715 (26.1%)
🔍 No compression applied (topk=0)
📊 Model size: 415.51MB (uncompressed)
📊 Single model: 415.51 MB
📊 Total uploaded: 4155.15 MB (10 clients)
 Round 9 | F1 0.1345 | P 0.5339 | R 0.0770 | Time 39.9s | Comm 4155.15 MB | Local Avg F1: 0.0672

=== Round 10/100 ===
Original training examples: 957
[Layer Freezing] Training last 4 transformer layers (layers 8-11)
[Layer Freezing] Trainable params: 28,384,555 / 108,924,715 (26.1%)
🔍 No compression applied (topk=0)
📊 Model size: 415.51MB (uncompressed)
Original training examples: 993
[Layer Freezing] Training last 4 transformer layers (layers 8-11)
[Layer Freezing] Trainable params: 28,384,555 / 108,924,715 (26.1%)
🔍 No compression applied (topk=0)
📊 Model size: 415.51MB (uncompressed)
Original training examples: 1793
[Layer Freezing] Training last 4 transformer layers (layers 8-11)
[Layer Freezing] Trainable params: 28,384,555 / 108,924,715 (26.1%)
🔍 No compression applied (topk=0)
📊 Model size: 415.51MB (uncompressed)
Original training examples: 1707
[Layer Freezing] Training last 4 transformer layers (layers 8-11)
[Layer Freezing] Trainable params: 28,384,555 / 108,924,715 (26.1%)
🔍 No compression applied (topk=0)
📊 Model size: 415.51MB (uncompressed)
Original training examples: 8214
[Layer Freezing] Training last 4 transformer layers (layers 8-11)
[Layer Freezing] Trainable params: 28,384,555 / 108,924,715 (26.1%)
🔍 No compression applied (topk=0)
📊 Model size: 415.51MB (uncompressed)
Original training examples: 13991
[Layer Freezing] Training last 4 transformer layers (layers 8-11)
[Layer Freezing] Trainable params: 28,384,555 / 108,924,715 (26.1%)
🔍 No compression applied (topk=0)
📊 Model size: 415.51MB (uncompressed)
Original training examples: 2041
[Layer Freezing] Training last 4 transformer layers (layers 8-11)
[Layer Freezing] Trainable params: 28,384,555 / 108,924,715 (26.1%)
🔍 No compression applied (topk=0)
📊 Model size: 415.51MB (uncompressed)
Original training examples: 1583
[Layer Freezing] Training last 4 transformer layers (layers 8-11)
[Layer Freezing] Trainable params: 28,384,555 / 108,924,715 (26.1%)
🔍 No compression applied (topk=0)
📊 Model size: 415.51MB (uncompressed)
Original training examples: 2132
[Layer Freezing] Training last 4 transformer layers (layers 8-11)
[Layer Freezing] Trainable params: 28,384,555 / 108,924,715 (26.1%)
🔍 No compression applied (topk=0)
📊 Model size: 415.51MB (uncompressed)
Original training examples: 1957
[Layer Freezing] Training last 4 transformer layers (layers 8-11)
[Layer Freezing] Trainable params: 28,384,555 / 108,924,715 (26.1%)
🔍 No compression applied (topk=0)
📊 Model size: 415.51MB (uncompressed)
📊 Single model: 415.51 MB
📊 Total uploaded: 4155.15 MB (10 clients)
 Round 10 | F1 0.1759 | P 0.5104 | R 0.1063 | Time 39.0s | Comm 4155.15 MB | Local Avg F1: 0.0967

=== Round 11/100 ===
Original training examples: 957
[Layer Freezing] Training last 4 transformer layers (layers 8-11)
[Layer Freezing] Trainable params: 28,384,555 / 108,924,715 (26.1%)
🔍 No compression applied (topk=0)
📊 Model size: 415.51MB (uncompressed)
Original training examples: 993
[Layer Freezing] Training last 4 transformer layers (layers 8-11)
[Layer Freezing] Trainable params: 28,384,555 / 108,924,715 (26.1%)
🔍 No compression applied (topk=0)
📊 Model size: 415.51MB (uncompressed)
Original training examples: 1793
[Layer Freezing] Training last 4 transformer layers (layers 8-11)
[Layer Freezing] Trainable params: 28,384,555 / 108,924,715 (26.1%)
🔍 No compression applied (topk=0)
📊 Model size: 415.51MB (uncompressed)
Original training examples: 1707
[Layer Freezing] Training last 4 transformer layers (layers 8-11)
[Layer Freezing] Trainable params: 28,384,555 / 108,924,715 (26.1%)
🔍 No compression applied (topk=0)
📊 Model size: 415.51MB (uncompressed)
Original training examples: 8214
[Layer Freezing] Training last 4 transformer layers (layers 8-11)
[Layer Freezing] Trainable params: 28,384,555 / 108,924,715 (26.1%)
🔍 No compression applied (topk=0)
📊 Model size: 415.51MB (uncompressed)
Original training examples: 13991
[Layer Freezing] Training last 4 transformer layers (layers 8-11)
[Layer Freezing] Trainable params: 28,384,555 / 108,924,715 (26.1%)
🔍 No compression applied (topk=0)
📊 Model size: 415.51MB (uncompressed)
Original training examples: 2041
[Layer Freezing] Training last 4 transformer layers (layers 8-11)
[Layer Freezing] Trainable params: 28,384,555 / 108,924,715 (26.1%)
🔍 No compression applied (topk=0)
📊 Model size: 415.51MB (uncompressed)
Original training examples: 1583
[Layer Freezing] Training last 4 transformer layers (layers 8-11)
[Layer Freezing] Trainable params: 28,384,555 / 108,924,715 (26.1%)
🔍 No compression applied (topk=0)
📊 Model size: 415.51MB (uncompressed)
Original training examples: 2132
[Layer Freezing] Training last 4 transformer layers (layers 8-11)
[Layer Freezing] Trainable params: 28,384,555 / 108,924,715 (26.1%)
🔍 No compression applied (topk=0)
📊 Model size: 415.51MB (uncompressed)
Original training examples: 1957
[Layer Freezing] Training last 4 transformer layers (layers 8-11)
[Layer Freezing] Trainable params: 28,384,555 / 108,924,715 (26.1%)
🔍 No compression applied (topk=0)
📊 Model size: 415.51MB (uncompressed)
📊 Single model: 415.51 MB
📊 Total uploaded: 4155.15 MB (10 clients)
 Round 11 | F1 0.1714 | P 0.5116 | R 0.1029 | Time 40.9s | Comm 4155.15 MB | Local Avg F1: 0.0964

=== Round 12/100 ===
Original training examples: 957
[Layer Freezing] Training last 4 transformer layers (layers 8-11)
[Layer Freezing] Trainable params: 28,384,555 / 108,924,715 (26.1%)
🔍 No compression applied (topk=0)
📊 Model size: 415.51MB (uncompressed)
Original training examples: 993
[Layer Freezing] Training last 4 transformer layers (layers 8-11)
[Layer Freezing] Trainable params: 28,384,555 / 108,924,715 (26.1%)
🔍 No compression applied (topk=0)
📊 Model size: 415.51MB (uncompressed)
Original training examples: 1793
[Layer Freezing] Training last 4 transformer layers (layers 8-11)
[Layer Freezing] Trainable params: 28,384,555 / 108,924,715 (26.1%)
🔍 No compression applied (topk=0)
📊 Model size: 415.51MB (uncompressed)
Original training examples: 1707
[Layer Freezing] Training last 4 transformer layers (layers 8-11)
[Layer Freezing] Trainable params: 28,384,555 / 108,924,715 (26.1%)
🔍 No compression applied (topk=0)
📊 Model size: 415.51MB (uncompressed)
Original training examples: 8214
[Layer Freezing] Training last 4 transformer layers (layers 8-11)
[Layer Freezing] Trainable params: 28,384,555 / 108,924,715 (26.1%)
🔍 No compression applied (topk=0)
📊 Model size: 415.51MB (uncompressed)
Original training examples: 13991
[Layer Freezing] Training last 4 transformer layers (layers 8-11)
[Layer Freezing] Trainable params: 28,384,555 / 108,924,715 (26.1%)
🔍 No compression applied (topk=0)
📊 Model size: 415.51MB (uncompressed)
Original training examples: 2041
[Layer Freezing] Training last 4 transformer layers (layers 8-11)
[Layer Freezing] Trainable params: 28,384,555 / 108,924,715 (26.1%)
🔍 No compression applied (topk=0)
📊 Model size: 415.51MB (uncompressed)
Original training examples: 1583
[Layer Freezing] Training last 4 transformer layers (layers 8-11)
[Layer Freezing] Trainable params: 28,384,555 / 108,924,715 (26.1%)
🔍 No compression applied (topk=0)
📊 Model size: 415.51MB (uncompressed)
Original training examples: 2132
[Layer Freezing] Training last 4 transformer layers (layers 8-11)
[Layer Freezing] Trainable params: 28,384,555 / 108,924,715 (26.1%)
🔍 No compression applied (topk=0)
📊 Model size: 415.51MB (uncompressed)
Original training examples: 1957
[Layer Freezing] Training last 4 transformer layers (layers 8-11)
[Layer Freezing] Trainable params: 28,384,555 / 108,924,715 (26.1%)
🔍 No compression applied (topk=0)
📊 Model size: 415.51MB (uncompressed)
📊 Single model: 415.51 MB
📊 Total uploaded: 4155.15 MB (10 clients)
 Round 12 | F1 0.2159 | P 0.4989 | R 0.1377 | Time 40.0s | Comm 4155.15 MB | Local Avg F1: 0.1364

=== Round 13/100 ===
Original training examples: 957
[Layer Freezing] Training last 4 transformer layers (layers 8-11)
[Layer Freezing] Trainable params: 28,384,555 / 108,924,715 (26.1%)
🔍 No compression applied (topk=0)
📊 Model size: 415.51MB (uncompressed)
Original training examples: 993
[Layer Freezing] Training last 4 transformer layers (layers 8-11)
[Layer Freezing] Trainable params: 28,384,555 / 108,924,715 (26.1%)
🔍 No compression applied (topk=0)
📊 Model size: 415.51MB (uncompressed)
Original training examples: 1793
[Layer Freezing] Training last 4 transformer layers (layers 8-11)
[Layer Freezing] Trainable params: 28,384,555 / 108,924,715 (26.1%)
🔍 No compression applied (topk=0)
📊 Model size: 415.51MB (uncompressed)
Original training examples: 1707
[Layer Freezing] Training last 4 transformer layers (layers 8-11)
[Layer Freezing] Trainable params: 28,384,555 / 108,924,715 (26.1%)
🔍 No compression applied (topk=0)
📊 Model size: 415.51MB (uncompressed)
Original training examples: 8214
[Layer Freezing] Training last 4 transformer layers (layers 8-11)
[Layer Freezing] Trainable params: 28,384,555 / 108,924,715 (26.1%)
🔍 No compression applied (topk=0)
📊 Model size: 415.51MB (uncompressed)
Original training examples: 13991
[Layer Freezing] Training last 4 transformer layers (layers 8-11)
[Layer Freezing] Trainable params: 28,384,555 / 108,924,715 (26.1%)
🔍 No compression applied (topk=0)
📊 Model size: 415.51MB (uncompressed)
Original training examples: 2041
[Layer Freezing] Training last 4 transformer layers (layers 8-11)
[Layer Freezing] Trainable params: 28,384,555 / 108,924,715 (26.1%)
🔍 No compression applied (topk=0)
📊 Model size: 415.51MB (uncompressed)
Original training examples: 1583
[Layer Freezing] Training last 4 transformer layers (layers 8-11)
[Layer Freezing] Trainable params: 28,384,555 / 108,924,715 (26.1%)
🔍 No compression applied (topk=0)
📊 Model size: 415.51MB (uncompressed)
Original training examples: 2132
[Layer Freezing] Training last 4 transformer layers (layers 8-11)
[Layer Freezing] Trainable params: 28,384,555 / 108,924,715 (26.1%)
🔍 No compression applied (topk=0)
📊 Model size: 415.51MB (uncompressed)
Original training examples: 1957
[Layer Freezing] Training last 4 transformer layers (layers 8-11)
[Layer Freezing] Trainable params: 28,384,555 / 108,924,715 (26.1%)
🔍 No compression applied (topk=0)
📊 Model size: 415.51MB (uncompressed)
📊 Single model: 415.51 MB
📊 Total uploaded: 4155.15 MB (10 clients)
 Round 13 | F1 0.2287 | P 0.4847 | R 0.1497 | Time 41.0s | Comm 4155.15 MB | Local Avg F1: 0.1555

=== Round 14/100 ===
Original training examples: 957
[Layer Freezing] Training last 4 transformer layers (layers 8-11)
[Layer Freezing] Trainable params: 28,384,555 / 108,924,715 (26.1%)
🔍 No compression applied (topk=0)
📊 Model size: 415.51MB (uncompressed)
Original training examples: 993
[Layer Freezing] Training last 4 transformer layers (layers 8-11)
[Layer Freezing] Trainable params: 28,384,555 / 108,924,715 (26.1%)
🔍 No compression applied (topk=0)
📊 Model size: 415.51MB (uncompressed)
Original training examples: 1793
[Layer Freezing] Training last 4 transformer layers (layers 8-11)
[Layer Freezing] Trainable params: 28,384,555 / 108,924,715 (26.1%)
🔍 No compression applied (topk=0)
📊 Model size: 415.51MB (uncompressed)
Original training examples: 1707
[Layer Freezing] Training last 4 transformer layers (layers 8-11)
[Layer Freezing] Trainable params: 28,384,555 / 108,924,715 (26.1%)
🔍 No compression applied (topk=0)
📊 Model size: 415.51MB (uncompressed)
Original training examples: 8214
[Layer Freezing] Training last 4 transformer layers (layers 8-11)
[Layer Freezing] Trainable params: 28,384,555 / 108,924,715 (26.1%)
🔍 No compression applied (topk=0)
📊 Model size: 415.51MB (uncompressed)
Original training examples: 13991
[Layer Freezing] Training last 4 transformer layers (layers 8-11)
[Layer Freezing] Trainable params: 28,384,555 / 108,924,715 (26.1%)
🔍 No compression applied (topk=0)
📊 Model size: 415.51MB (uncompressed)
Original training examples: 2041
[Layer Freezing] Training last 4 transformer layers (layers 8-11)
[Layer Freezing] Trainable params: 28,384,555 / 108,924,715 (26.1%)
🔍 No compression applied (topk=0)
📊 Model size: 415.51MB (uncompressed)
Original training examples: 1583
[Layer Freezing] Training last 4 transformer layers (layers 8-11)
[Layer Freezing] Trainable params: 28,384,555 / 108,924,715 (26.1%)
🔍 No compression applied (topk=0)
📊 Model size: 415.51MB (uncompressed)
Original training examples: 2132
[Layer Freezing] Training last 4 transformer layers (layers 8-11)
[Layer Freezing] Trainable params: 28,384,555 / 108,924,715 (26.1%)
🔍 No compression applied (topk=0)
📊 Model size: 415.51MB (uncompressed)
Original training examples: 1957
[Layer Freezing] Training last 4 transformer layers (layers 8-11)
[Layer Freezing] Trainable params: 28,384,555 / 108,924,715 (26.1%)
🔍 No compression applied (topk=0)
📊 Model size: 415.51MB (uncompressed)
📊 Single model: 415.51 MB
📊 Total uploaded: 4155.15 MB (10 clients)
 Round 14 | F1 0.2414 | P 0.4881 | R 0.1603 | Time 39.4s | Comm 4155.15 MB | Local Avg F1: 0.1703

=== Round 15/100 ===
Original training examples: 957
[Layer Freezing] Training last 4 transformer layers (layers 8-11)
[Layer Freezing] Trainable params: 28,384,555 / 108,924,715 (26.1%)
🔍 No compression applied (topk=0)
📊 Model size: 415.51MB (uncompressed)
Original training examples: 993
[Layer Freezing] Training last 4 transformer layers (layers 8-11)
[Layer Freezing] Trainable params: 28,384,555 / 108,924,715 (26.1%)
🔍 No compression applied (topk=0)
📊 Model size: 415.51MB (uncompressed)
Original training examples: 1793
[Layer Freezing] Training last 4 transformer layers (layers 8-11)
[Layer Freezing] Trainable params: 28,384,555 / 108,924,715 (26.1%)
🔍 No compression applied (topk=0)
📊 Model size: 415.51MB (uncompressed)
Original training examples: 1707
[Layer Freezing] Training last 4 transformer layers (layers 8-11)
[Layer Freezing] Trainable params: 28,384,555 / 108,924,715 (26.1%)
🔍 No compression applied (topk=0)
📊 Model size: 415.51MB (uncompressed)
Original training examples: 8214
[Layer Freezing] Training last 4 transformer layers (layers 8-11)
[Layer Freezing] Trainable params: 28,384,555 / 108,924,715 (26.1%)
🔍 No compression applied (topk=0)
📊 Model size: 415.51MB (uncompressed)
Original training examples: 13991
[Layer Freezing] Training last 4 transformer layers (layers 8-11)
[Layer Freezing] Trainable params: 28,384,555 / 108,924,715 (26.1%)
🔍 No compression applied (topk=0)
📊 Model size: 415.51MB (uncompressed)
Original training examples: 2041
[Layer Freezing] Training last 4 transformer layers (layers 8-11)
[Layer Freezing] Trainable params: 28,384,555 / 108,924,715 (26.1%)
🔍 No compression applied (topk=0)
📊 Model size: 415.51MB (uncompressed)
Original training examples: 1583
[Layer Freezing] Training last 4 transformer layers (layers 8-11)
[Layer Freezing] Trainable params: 28,384,555 / 108,924,715 (26.1%)
🔍 No compression applied (topk=0)
📊 Model size: 415.51MB (uncompressed)
Original training examples: 2132
[Layer Freezing] Training last 4 transformer layers (layers 8-11)
[Layer Freezing] Trainable params: 28,384,555 / 108,924,715 (26.1%)
🔍 No compression applied (topk=0)
📊 Model size: 415.51MB (uncompressed)
Original training examples: 1957
[Layer Freezing] Training last 4 transformer layers (layers 8-11)
[Layer Freezing] Trainable params: 28,384,555 / 108,924,715 (26.1%)
🔍 No compression applied (topk=0)
📊 Model size: 415.51MB (uncompressed)
📊 Single model: 415.51 MB
📊 Total uploaded: 4155.15 MB (10 clients)
 Round 15 | F1 0.2750 | P 0.4767 | R 0.1932 | Time 40.1s | Comm 4155.15 MB | Local Avg F1: 0.1956

=== Round 16/100 ===
Original training examples: 957
[Layer Freezing] Training last 4 transformer layers (layers 8-11)
[Layer Freezing] Trainable params: 28,384,555 / 108,924,715 (26.1%)
🔍 No compression applied (topk=0)
📊 Model size: 415.51MB (uncompressed)
Original training examples: 993
[Layer Freezing] Training last 4 transformer layers (layers 8-11)
[Layer Freezing] Trainable params: 28,384,555 / 108,924,715 (26.1%)
🔍 No compression applied (topk=0)
📊 Model size: 415.51MB (uncompressed)
Original training examples: 1793
[Layer Freezing] Training last 4 transformer layers (layers 8-11)
[Layer Freezing] Trainable params: 28,384,555 / 108,924,715 (26.1%)
🔍 No compression applied (topk=0)
📊 Model size: 415.51MB (uncompressed)
Original training examples: 1707
[Layer Freezing] Training last 4 transformer layers (layers 8-11)
[Layer Freezing] Trainable params: 28,384,555 / 108,924,715 (26.1%)
🔍 No compression applied (topk=0)
📊 Model size: 415.51MB (uncompressed)
Original training examples: 8214
[Layer Freezing] Training last 4 transformer layers (layers 8-11)
[Layer Freezing] Trainable params: 28,384,555 / 108,924,715 (26.1%)
🔍 No compression applied (topk=0)
📊 Model size: 415.51MB (uncompressed)
Original training examples: 13991
[Layer Freezing] Training last 4 transformer layers (layers 8-11)
[Layer Freezing] Trainable params: 28,384,555 / 108,924,715 (26.1%)
🔍 No compression applied (topk=0)
📊 Model size: 415.51MB (uncompressed)
Original training examples: 2041
[Layer Freezing] Training last 4 transformer layers (layers 8-11)
[Layer Freezing] Trainable params: 28,384,555 / 108,924,715 (26.1%)
🔍 No compression applied (topk=0)
📊 Model size: 415.51MB (uncompressed)
Original training examples: 1583
[Layer Freezing] Training last 4 transformer layers (layers 8-11)
[Layer Freezing] Trainable params: 28,384,555 / 108,924,715 (26.1%)
🔍 No compression applied (topk=0)
📊 Model size: 415.51MB (uncompressed)
Original training examples: 2132
[Layer Freezing] Training last 4 transformer layers (layers 8-11)
[Layer Freezing] Trainable params: 28,384,555 / 108,924,715 (26.1%)
🔍 No compression applied (topk=0)
📊 Model size: 415.51MB (uncompressed)
Original training examples: 1957
[Layer Freezing] Training last 4 transformer layers (layers 8-11)
[Layer Freezing] Trainable params: 28,384,555 / 108,924,715 (26.1%)
🔍 No compression applied (topk=0)
📊 Model size: 415.51MB (uncompressed)
📊 Single model: 415.51 MB
📊 Total uploaded: 4155.15 MB (10 clients)
 Round 16 | F1 0.2693 | P 0.4907 | R 0.1856 | Time 39.2s | Comm 4155.15 MB | Local Avg F1: 0.1917

=== Round 17/100 ===
Original training examples: 957
[Layer Freezing] Training last 4 transformer layers (layers 8-11)
[Layer Freezing] Trainable params: 28,384,555 / 108,924,715 (26.1%)
🔍 No compression applied (topk=0)
📊 Model size: 415.51MB (uncompressed)
Original training examples: 993
[Layer Freezing] Training last 4 transformer layers (layers 8-11)
[Layer Freezing] Trainable params: 28,384,555 / 108,924,715 (26.1%)
🔍 No compression applied (topk=0)
📊 Model size: 415.51MB (uncompressed)
Original training examples: 1793
[Layer Freezing] Training last 4 transformer layers (layers 8-11)
[Layer Freezing] Trainable params: 28,384,555 / 108,924,715 (26.1%)
🔍 No compression applied (topk=0)
📊 Model size: 415.51MB (uncompressed)
Original training examples: 1707
[Layer Freezing] Training last 4 transformer layers (layers 8-11)
[Layer Freezing] Trainable params: 28,384,555 / 108,924,715 (26.1%)
🔍 No compression applied (topk=0)
📊 Model size: 415.51MB (uncompressed)
Original training examples: 8214
[Layer Freezing] Training last 4 transformer layers (layers 8-11)
[Layer Freezing] Trainable params: 28,384,555 / 108,924,715 (26.1%)
🔍 No compression applied (topk=0)
📊 Model size: 415.51MB (uncompressed)
Original training examples: 13991
[Layer Freezing] Training last 4 transformer layers (layers 8-11)
[Layer Freezing] Trainable params: 28,384,555 / 108,924,715 (26.1%)
🔍 No compression applied (topk=0)
📊 Model size: 415.51MB (uncompressed)
Original training examples: 2041
[Layer Freezing] Training last 4 transformer layers (layers 8-11)
[Layer Freezing] Trainable params: 28,384,555 / 108,924,715 (26.1%)
🔍 No compression applied (topk=0)
📊 Model size: 415.51MB (uncompressed)
Original training examples: 1583
[Layer Freezing] Training last 4 transformer layers (layers 8-11)
[Layer Freezing] Trainable params: 28,384,555 / 108,924,715 (26.1%)
🔍 No compression applied (topk=0)
📊 Model size: 415.51MB (uncompressed)
Original training examples: 2132
[Layer Freezing] Training last 4 transformer layers (layers 8-11)
[Layer Freezing] Trainable params: 28,384,555 / 108,924,715 (26.1%)
🔍 No compression applied (topk=0)
📊 Model size: 415.51MB (uncompressed)
Original training examples: 1957
[Layer Freezing] Training last 4 transformer layers (layers 8-11)
[Layer Freezing] Trainable params: 28,384,555 / 108,924,715 (26.1%)
🔍 No compression applied (topk=0)
📊 Model size: 415.51MB (uncompressed)
📊 Single model: 415.51 MB
📊 Total uploaded: 4155.15 MB (10 clients)
 Round 17 | F1 0.2940 | P 0.4827 | R 0.2114 | Time 39.1s | Comm 4155.15 MB | Local Avg F1: 0.2233

=== Round 18/100 ===
Original training examples: 957
[Layer Freezing] Training last 4 transformer layers (layers 8-11)
[Layer Freezing] Trainable params: 28,384,555 / 108,924,715 (26.1%)
🔍 No compression applied (topk=0)
📊 Model size: 415.51MB (uncompressed)
Original training examples: 993
[Layer Freezing] Training last 4 transformer layers (layers 8-11)
[Layer Freezing] Trainable params: 28,384,555 / 108,924,715 (26.1%)
🔍 No compression applied (topk=0)
📊 Model size: 415.51MB (uncompressed)
Original training examples: 1793
[Layer Freezing] Training last 4 transformer layers (layers 8-11)
[Layer Freezing] Trainable params: 28,384,555 / 108,924,715 (26.1%)
🔍 No compression applied (topk=0)
📊 Model size: 415.51MB (uncompressed)
Original training examples: 1707
[Layer Freezing] Training last 4 transformer layers (layers 8-11)
[Layer Freezing] Trainable params: 28,384,555 / 108,924,715 (26.1%)
🔍 No compression applied (topk=0)
📊 Model size: 415.51MB (uncompressed)
Original training examples: 8214
[Layer Freezing] Training last 4 transformer layers (layers 8-11)
[Layer Freezing] Trainable params: 28,384,555 / 108,924,715 (26.1%)
🔍 No compression applied (topk=0)
📊 Model size: 415.51MB (uncompressed)
Original training examples: 13991
[Layer Freezing] Training last 4 transformer layers (layers 8-11)
[Layer Freezing] Trainable params: 28,384,555 / 108,924,715 (26.1%)
🔍 No compression applied (topk=0)
📊 Model size: 415.51MB (uncompressed)
Original training examples: 2041
[Layer Freezing] Training last 4 transformer layers (layers 8-11)
[Layer Freezing] Trainable params: 28,384,555 / 108,924,715 (26.1%)
🔍 No compression applied (topk=0)
📊 Model size: 415.51MB (uncompressed)
Original training examples: 1583
[Layer Freezing] Training last 4 transformer layers (layers 8-11)
[Layer Freezing] Trainable params: 28,384,555 / 108,924,715 (26.1%)
🔍 No compression applied (topk=0)
📊 Model size: 415.51MB (uncompressed)
Original training examples: 2132
[Layer Freezing] Training last 4 transformer layers (layers 8-11)
[Layer Freezing] Trainable params: 28,384,555 / 108,924,715 (26.1%)
🔍 No compression applied (topk=0)
📊 Model size: 415.51MB (uncompressed)
Original training examples: 1957
[Layer Freezing] Training last 4 transformer layers (layers 8-11)
[Layer Freezing] Trainable params: 28,384,555 / 108,924,715 (26.1%)
🔍 No compression applied (topk=0)
📊 Model size: 415.51MB (uncompressed)
📊 Single model: 415.51 MB
📊 Total uploaded: 4155.15 MB (10 clients)
 Round 18 | F1 0.3241 | P 0.4691 | R 0.2476 | Time 40.1s | Comm 4155.15 MB | Local Avg F1: 0.2410

=== Round 19/100 ===
Original training examples: 957
[Layer Freezing] Training last 4 transformer layers (layers 8-11)
[Layer Freezing] Trainable params: 28,384,555 / 108,924,715 (26.1%)
🔍 No compression applied (topk=0)
📊 Model size: 415.51MB (uncompressed)
Original training examples: 993
[Layer Freezing] Training last 4 transformer layers (layers 8-11)
[Layer Freezing] Trainable params: 28,384,555 / 108,924,715 (26.1%)
🔍 No compression applied (topk=0)
📊 Model size: 415.51MB (uncompressed)
Original training examples: 1793
[Layer Freezing] Training last 4 transformer layers (layers 8-11)
[Layer Freezing] Trainable params: 28,384,555 / 108,924,715 (26.1%)
🔍 No compression applied (topk=0)
📊 Model size: 415.51MB (uncompressed)
Original training examples: 1707
[Layer Freezing] Training last 4 transformer layers (layers 8-11)
[Layer Freezing] Trainable params: 28,384,555 / 108,924,715 (26.1%)
🔍 No compression applied (topk=0)
📊 Model size: 415.51MB (uncompressed)
Original training examples: 8214
[Layer Freezing] Training last 4 transformer layers (layers 8-11)
[Layer Freezing] Trainable params: 28,384,555 / 108,924,715 (26.1%)
🔍 No compression applied (topk=0)
📊 Model size: 415.51MB (uncompressed)
Original training examples: 13991
[Layer Freezing] Training last 4 transformer layers (layers 8-11)
[Layer Freezing] Trainable params: 28,384,555 / 108,924,715 (26.1%)
🔍 No compression applied (topk=0)
📊 Model size: 415.51MB (uncompressed)
Original training examples: 2041
[Layer Freezing] Training last 4 transformer layers (layers 8-11)
[Layer Freezing] Trainable params: 28,384,555 / 108,924,715 (26.1%)
🔍 No compression applied (topk=0)
📊 Model size: 415.51MB (uncompressed)
Original training examples: 1583
[Layer Freezing] Training last 4 transformer layers (layers 8-11)
[Layer Freezing] Trainable params: 28,384,555 / 108,924,715 (26.1%)
🔍 No compression applied (topk=0)
📊 Model size: 415.51MB (uncompressed)
Original training examples: 2132
[Layer Freezing] Training last 4 transformer layers (layers 8-11)
[Layer Freezing] Trainable params: 28,384,555 / 108,924,715 (26.1%)
🔍 No compression applied (topk=0)
📊 Model size: 415.51MB (uncompressed)
Original training examples: 1957
[Layer Freezing] Training last 4 transformer layers (layers 8-11)
[Layer Freezing] Trainable params: 28,384,555 / 108,924,715 (26.1%)
🔍 No compression applied (topk=0)
📊 Model size: 415.51MB (uncompressed)
📊 Single model: 415.51 MB
📊 Total uploaded: 4155.15 MB (10 clients)
 Round 19 | F1 0.3179 | P 0.4780 | R 0.2382 | Time 39.4s | Comm 4155.15 MB | Local Avg F1: 0.2422

=== Round 20/100 ===
Original training examples: 957
[Layer Freezing] Training last 4 transformer layers (layers 8-11)
[Layer Freezing] Trainable params: 28,384,555 / 108,924,715 (26.1%)
🔍 No compression applied (topk=0)
📊 Model size: 415.51MB (uncompressed)
Original training examples: 993
[Layer Freezing] Training last 4 transformer layers (layers 8-11)
[Layer Freezing] Trainable params: 28,384,555 / 108,924,715 (26.1%)
🔍 No compression applied (topk=0)
📊 Model size: 415.51MB (uncompressed)
Original training examples: 1793
[Layer Freezing] Training last 4 transformer layers (layers 8-11)
[Layer Freezing] Trainable params: 28,384,555 / 108,924,715 (26.1%)
🔍 No compression applied (topk=0)
📊 Model size: 415.51MB (uncompressed)
Original training examples: 1707
[Layer Freezing] Training last 4 transformer layers (layers 8-11)
[Layer Freezing] Trainable params: 28,384,555 / 108,924,715 (26.1%)
🔍 No compression applied (topk=0)
📊 Model size: 415.51MB (uncompressed)
Original training examples: 8214
[Layer Freezing] Training last 4 transformer layers (layers 8-11)
[Layer Freezing] Trainable params: 28,384,555 / 108,924,715 (26.1%)
🔍 No compression applied (topk=0)
📊 Model size: 415.51MB (uncompressed)
Original training examples: 13991
[Layer Freezing] Training last 4 transformer layers (layers 8-11)
[Layer Freezing] Trainable params: 28,384,555 / 108,924,715 (26.1%)
🔍 No compression applied (topk=0)
📊 Model size: 415.51MB (uncompressed)
Original training examples: 2041
[Layer Freezing] Training last 4 transformer layers (layers 8-11)
[Layer Freezing] Trainable params: 28,384,555 / 108,924,715 (26.1%)
🔍 No compression applied (topk=0)
📊 Model size: 415.51MB (uncompressed)
Original training examples: 1583
[Layer Freezing] Training last 4 transformer layers (layers 8-11)
[Layer Freezing] Trainable params: 28,384,555 / 108,924,715 (26.1%)
🔍 No compression applied (topk=0)
📊 Model size: 415.51MB (uncompressed)
Original training examples: 2132
[Layer Freezing] Training last 4 transformer layers (layers 8-11)
[Layer Freezing] Trainable params: 28,384,555 / 108,924,715 (26.1%)
🔍 No compression applied (topk=0)
📊 Model size: 415.51MB (uncompressed)
Original training examples: 1957
[Layer Freezing] Training last 4 transformer layers (layers 8-11)
[Layer Freezing] Trainable params: 28,384,555 / 108,924,715 (26.1%)
🔍 No compression applied (topk=0)
📊 Model size: 415.51MB (uncompressed)
📊 Single model: 415.51 MB
📊 Total uploaded: 4155.15 MB (10 clients)
 Round 20 | F1 0.3223 | P 0.4751 | R 0.2438 | Time 39.5s | Comm 4155.15 MB | Local Avg F1: 0.2499

=== Round 21/100 ===
Original training examples: 957
[Layer Freezing] Training last 4 transformer layers (layers 8-11)
[Layer Freezing] Trainable params: 28,384,555 / 108,924,715 (26.1%)
🔍 No compression applied (topk=0)
📊 Model size: 415.51MB (uncompressed)
Original training examples: 993
[Layer Freezing] Training last 4 transformer layers (layers 8-11)
[Layer Freezing] Trainable params: 28,384,555 / 108,924,715 (26.1%)
🔍 No compression applied (topk=0)
📊 Model size: 415.51MB (uncompressed)
Original training examples: 1793
[Layer Freezing] Training last 4 transformer layers (layers 8-11)
[Layer Freezing] Trainable params: 28,384,555 / 108,924,715 (26.1%)
🔍 No compression applied (topk=0)
📊 Model size: 415.51MB (uncompressed)
Original training examples: 1707
[Layer Freezing] Training last 4 transformer layers (layers 8-11)
[Layer Freezing] Trainable params: 28,384,555 / 108,924,715 (26.1%)
🔍 No compression applied (topk=0)
📊 Model size: 415.51MB (uncompressed)
Original training examples: 8214
[Layer Freezing] Training last 4 transformer layers (layers 8-11)
[Layer Freezing] Trainable params: 28,384,555 / 108,924,715 (26.1%)
🔍 No compression applied (topk=0)
📊 Model size: 415.51MB (uncompressed)
Original training examples: 13991
[Layer Freezing] Training last 4 transformer layers (layers 8-11)
[Layer Freezing] Trainable params: 28,384,555 / 108,924,715 (26.1%)
🔍 No compression applied (topk=0)
📊 Model size: 415.51MB (uncompressed)
Original training examples: 2041
[Layer Freezing] Training last 4 transformer layers (layers 8-11)
[Layer Freezing] Trainable params: 28,384,555 / 108,924,715 (26.1%)
🔍 No compression applied (topk=0)
📊 Model size: 415.51MB (uncompressed)
Original training examples: 1583
[Layer Freezing] Training last 4 transformer layers (layers 8-11)
[Layer Freezing] Trainable params: 28,384,555 / 108,924,715 (26.1%)
🔍 No compression applied (topk=0)
📊 Model size: 415.51MB (uncompressed)
Original training examples: 2132
[Layer Freezing] Training last 4 transformer layers (layers 8-11)
[Layer Freezing] Trainable params: 28,384,555 / 108,924,715 (26.1%)
🔍 No compression applied (topk=0)
📊 Model size: 415.51MB (uncompressed)
Original training examples: 1957
[Layer Freezing] Training last 4 transformer layers (layers 8-11)
[Layer Freezing] Trainable params: 28,384,555 / 108,924,715 (26.1%)
🔍 No compression applied (topk=0)
📊 Model size: 415.51MB (uncompressed)
📊 Single model: 415.51 MB
📊 Total uploaded: 4155.15 MB (10 clients)
 Round 21 | F1 0.3233 | P 0.4854 | R 0.2424 | Time 40.4s | Comm 4155.15 MB | Local Avg F1: 0.2554

=== Round 22/100 ===
Original training examples: 957
[Layer Freezing] Training last 4 transformer layers (layers 8-11)
[Layer Freezing] Trainable params: 28,384,555 / 108,924,715 (26.1%)
🔍 No compression applied (topk=0)
📊 Model size: 415.51MB (uncompressed)
Original training examples: 993
[Layer Freezing] Training last 4 transformer layers (layers 8-11)
[Layer Freezing] Trainable params: 28,384,555 / 108,924,715 (26.1%)
🔍 No compression applied (topk=0)
📊 Model size: 415.51MB (uncompressed)
Original training examples: 1793
[Layer Freezing] Training last 4 transformer layers (layers 8-11)
[Layer Freezing] Trainable params: 28,384,555 / 108,924,715 (26.1%)
🔍 No compression applied (topk=0)
📊 Model size: 415.51MB (uncompressed)
Original training examples: 1707
[Layer Freezing] Training last 4 transformer layers (layers 8-11)
[Layer Freezing] Trainable params: 28,384,555 / 108,924,715 (26.1%)
🔍 No compression applied (topk=0)
📊 Model size: 415.51MB (uncompressed)
Original training examples: 8214
[Layer Freezing] Training last 4 transformer layers (layers 8-11)
[Layer Freezing] Trainable params: 28,384,555 / 108,924,715 (26.1%)
🔍 No compression applied (topk=0)
📊 Model size: 415.51MB (uncompressed)
Original training examples: 13991
[Layer Freezing] Training last 4 transformer layers (layers 8-11)
[Layer Freezing] Trainable params: 28,384,555 / 108,924,715 (26.1%)
🔍 No compression applied (topk=0)
📊 Model size: 415.51MB (uncompressed)
Original training examples: 2041
[Layer Freezing] Training last 4 transformer layers (layers 8-11)
[Layer Freezing] Trainable params: 28,384,555 / 108,924,715 (26.1%)
🔍 No compression applied (topk=0)
📊 Model size: 415.51MB (uncompressed)
Original training examples: 1583
[Layer Freezing] Training last 4 transformer layers (layers 8-11)
[Layer Freezing] Trainable params: 28,384,555 / 108,924,715 (26.1%)
🔍 No compression applied (topk=0)
📊 Model size: 415.51MB (uncompressed)
Original training examples: 2132
[Layer Freezing] Training last 4 transformer layers (layers 8-11)
[Layer Freezing] Trainable params: 28,384,555 / 108,924,715 (26.1%)
🔍 No compression applied (topk=0)
📊 Model size: 415.51MB (uncompressed)
Original training examples: 1957
[Layer Freezing] Training last 4 transformer layers (layers 8-11)
[Layer Freezing] Trainable params: 28,384,555 / 108,924,715 (26.1%)
🔍 No compression applied (topk=0)
📊 Model size: 415.51MB (uncompressed)
📊 Single model: 415.51 MB
📊 Total uploaded: 4155.15 MB (10 clients)
 Round 22 | F1 0.3357 | P 0.4857 | R 0.2565 | Time 39.1s | Comm 4155.15 MB | Local Avg F1: 0.2606

=== Round 23/100 ===
Original training examples: 957
[Layer Freezing] Training last 4 transformer layers (layers 8-11)
[Layer Freezing] Trainable params: 28,384,555 / 108,924,715 (26.1%)
🔍 No compression applied (topk=0)
📊 Model size: 415.51MB (uncompressed)
Original training examples: 993
[Layer Freezing] Training last 4 transformer layers (layers 8-11)
[Layer Freezing] Trainable params: 28,384,555 / 108,924,715 (26.1%)
🔍 No compression applied (topk=0)
📊 Model size: 415.51MB (uncompressed)
Original training examples: 1793
[Layer Freezing] Training last 4 transformer layers (layers 8-11)
[Layer Freezing] Trainable params: 28,384,555 / 108,924,715 (26.1%)
🔍 No compression applied (topk=0)
📊 Model size: 415.51MB (uncompressed)
Original training examples: 1707
[Layer Freezing] Training last 4 transformer layers (layers 8-11)
[Layer Freezing] Trainable params: 28,384,555 / 108,924,715 (26.1%)
🔍 No compression applied (topk=0)
📊 Model size: 415.51MB (uncompressed)
Original training examples: 8214
[Layer Freezing] Training last 4 transformer layers (layers 8-11)
[Layer Freezing] Trainable params: 28,384,555 / 108,924,715 (26.1%)
🔍 No compression applied (topk=0)
📊 Model size: 415.51MB (uncompressed)
Original training examples: 13991
[Layer Freezing] Training last 4 transformer layers (layers 8-11)
[Layer Freezing] Trainable params: 28,384,555 / 108,924,715 (26.1%)
🔍 No compression applied (topk=0)
📊 Model size: 415.51MB (uncompressed)
Original training examples: 2041
[Layer Freezing] Training last 4 transformer layers (layers 8-11)
[Layer Freezing] Trainable params: 28,384,555 / 108,924,715 (26.1%)
🔍 No compression applied (topk=0)
📊 Model size: 415.51MB (uncompressed)
Original training examples: 1583
[Layer Freezing] Training last 4 transformer layers (layers 8-11)
[Layer Freezing] Trainable params: 28,384,555 / 108,924,715 (26.1%)
🔍 No compression applied (topk=0)
📊 Model size: 415.51MB (uncompressed)
Original training examples: 2132
[Layer Freezing] Training last 4 transformer layers (layers 8-11)
[Layer Freezing] Trainable params: 28,384,555 / 108,924,715 (26.1%)
🔍 No compression applied (topk=0)
📊 Model size: 415.51MB (uncompressed)
Original training examples: 1957
[Layer Freezing] Training last 4 transformer layers (layers 8-11)
[Layer Freezing] Trainable params: 28,384,555 / 108,924,715 (26.1%)
🔍 No compression applied (topk=0)
📊 Model size: 415.51MB (uncompressed)
📊 Single model: 415.51 MB
📊 Total uploaded: 4155.15 MB (10 clients)
 Round 23 | F1 0.3333 | P 0.4897 | R 0.2526 | Time 40.4s | Comm 4155.15 MB | Local Avg F1: 0.2593

=== Round 24/100 ===
Original training examples: 957
[Layer Freezing] Training last 4 transformer layers (layers 8-11)
[Layer Freezing] Trainable params: 28,384,555 / 108,924,715 (26.1%)
🔍 No compression applied (topk=0)
📊 Model size: 415.51MB (uncompressed)
Original training examples: 993
[Layer Freezing] Training last 4 transformer layers (layers 8-11)
[Layer Freezing] Trainable params: 28,384,555 / 108,924,715 (26.1%)
🔍 No compression applied (topk=0)
📊 Model size: 415.51MB (uncompressed)
Original training examples: 1793
[Layer Freezing] Training last 4 transformer layers (layers 8-11)
[Layer Freezing] Trainable params: 28,384,555 / 108,924,715 (26.1%)
🔍 No compression applied (topk=0)
📊 Model size: 415.51MB (uncompressed)
Original training examples: 1707
[Layer Freezing] Training last 4 transformer layers (layers 8-11)
[Layer Freezing] Trainable params: 28,384,555 / 108,924,715 (26.1%)
🔍 No compression applied (topk=0)
📊 Model size: 415.51MB (uncompressed)
Original training examples: 8214
[Layer Freezing] Training last 4 transformer layers (layers 8-11)
[Layer Freezing] Trainable params: 28,384,555 / 108,924,715 (26.1%)
🔍 No compression applied (topk=0)
📊 Model size: 415.51MB (uncompressed)
Original training examples: 13991
[Layer Freezing] Training last 4 transformer layers (layers 8-11)
[Layer Freezing] Trainable params: 28,384,555 / 108,924,715 (26.1%)
🔍 No compression applied (topk=0)
📊 Model size: 415.51MB (uncompressed)
Original training examples: 2041
[Layer Freezing] Training last 4 transformer layers (layers 8-11)
[Layer Freezing] Trainable params: 28,384,555 / 108,924,715 (26.1%)
🔍 No compression applied (topk=0)
📊 Model size: 415.51MB (uncompressed)
Original training examples: 1583
[Layer Freezing] Training last 4 transformer layers (layers 8-11)
[Layer Freezing] Trainable params: 28,384,555 / 108,924,715 (26.1%)
🔍 No compression applied (topk=0)
📊 Model size: 415.51MB (uncompressed)
Original training examples: 2132
[Layer Freezing] Training last 4 transformer layers (layers 8-11)
[Layer Freezing] Trainable params: 28,384,555 / 108,924,715 (26.1%)
🔍 No compression applied (topk=0)
📊 Model size: 415.51MB (uncompressed)
Original training examples: 1957
[Layer Freezing] Training last 4 transformer layers (layers 8-11)
[Layer Freezing] Trainable params: 28,384,555 / 108,924,715 (26.1%)
🔍 No compression applied (topk=0)
📊 Model size: 415.51MB (uncompressed)
📊 Single model: 415.51 MB
📊 Total uploaded: 4155.15 MB (10 clients)
 Round 24 | F1 0.3651 | P 0.4737 | R 0.2970 | Time 39.3s | Comm 4155.15 MB | Local Avg F1: 0.2847

=== Round 25/100 ===
Original training examples: 957
[Layer Freezing] Training last 4 transformer layers (layers 8-11)
[Layer Freezing] Trainable params: 28,384,555 / 108,924,715 (26.1%)
🔍 No compression applied (topk=0)
📊 Model size: 415.51MB (uncompressed)
Original training examples: 993
[Layer Freezing] Training last 4 transformer layers (layers 8-11)
[Layer Freezing] Trainable params: 28,384,555 / 108,924,715 (26.1%)
🔍 No compression applied (topk=0)
📊 Model size: 415.51MB (uncompressed)
Original training examples: 1793
[Layer Freezing] Training last 4 transformer layers (layers 8-11)
[Layer Freezing] Trainable params: 28,384,555 / 108,924,715 (26.1%)
🔍 No compression applied (topk=0)
📊 Model size: 415.51MB (uncompressed)
Original training examples: 1707
[Layer Freezing] Training last 4 transformer layers (layers 8-11)
[Layer Freezing] Trainable params: 28,384,555 / 108,924,715 (26.1%)
🔍 No compression applied (topk=0)
📊 Model size: 415.51MB (uncompressed)
Original training examples: 8214
[Layer Freezing] Training last 4 transformer layers (layers 8-11)
[Layer Freezing] Trainable params: 28,384,555 / 108,924,715 (26.1%)
🔍 No compression applied (topk=0)
📊 Model size: 415.51MB (uncompressed)
Original training examples: 13991
[Layer Freezing] Training last 4 transformer layers (layers 8-11)
[Layer Freezing] Trainable params: 28,384,555 / 108,924,715 (26.1%)
🔍 No compression applied (topk=0)
📊 Model size: 415.51MB (uncompressed)
Original training examples: 2041
[Layer Freezing] Training last 4 transformer layers (layers 8-11)
[Layer Freezing] Trainable params: 28,384,555 / 108,924,715 (26.1%)
🔍 No compression applied (topk=0)
📊 Model size: 415.51MB (uncompressed)
Original training examples: 1583
[Layer Freezing] Training last 4 transformer layers (layers 8-11)
[Layer Freezing] Trainable params: 28,384,555 / 108,924,715 (26.1%)
🔍 No compression applied (topk=0)
📊 Model size: 415.51MB (uncompressed)
Original training examples: 2132
[Layer Freezing] Training last 4 transformer layers (layers 8-11)
[Layer Freezing] Trainable params: 28,384,555 / 108,924,715 (26.1%)
🔍 No compression applied (topk=0)
📊 Model size: 415.51MB (uncompressed)
Original training examples: 1957
[Layer Freezing] Training last 4 transformer layers (layers 8-11)
[Layer Freezing] Trainable params: 28,384,555 / 108,924,715 (26.1%)
🔍 No compression applied (topk=0)
📊 Model size: 415.51MB (uncompressed)
📊 Single model: 415.51 MB
📊 Total uploaded: 4155.15 MB (10 clients)
 Round 25 | F1 0.3391 | P 0.4933 | R 0.2584 | Time 39.3s | Comm 4155.15 MB | Local Avg F1: 0.2651

=== Round 26/100 ===
Original training examples: 957
[Layer Freezing] Training last 4 transformer layers (layers 8-11)
[Layer Freezing] Trainable params: 28,384,555 / 108,924,715 (26.1%)
🔍 No compression applied (topk=0)
📊 Model size: 415.51MB (uncompressed)
Original training examples: 993
[Layer Freezing] Training last 4 transformer layers (layers 8-11)
[Layer Freezing] Trainable params: 28,384,555 / 108,924,715 (26.1%)
🔍 No compression applied (topk=0)
📊 Model size: 415.51MB (uncompressed)
Original training examples: 1793
[Layer Freezing] Training last 4 transformer layers (layers 8-11)
[Layer Freezing] Trainable params: 28,384,555 / 108,924,715 (26.1%)
🔍 No compression applied (topk=0)
📊 Model size: 415.51MB (uncompressed)
Original training examples: 1707
[Layer Freezing] Training last 4 transformer layers (layers 8-11)
[Layer Freezing] Trainable params: 28,384,555 / 108,924,715 (26.1%)
🔍 No compression applied (topk=0)
📊 Model size: 415.51MB (uncompressed)
Original training examples: 8214
[Layer Freezing] Training last 4 transformer layers (layers 8-11)
[Layer Freezing] Trainable params: 28,384,555 / 108,924,715 (26.1%)
🔍 No compression applied (topk=0)
📊 Model size: 415.51MB (uncompressed)
Original training examples: 13991
[Layer Freezing] Training last 4 transformer layers (layers 8-11)
[Layer Freezing] Trainable params: 28,384,555 / 108,924,715 (26.1%)
🔍 No compression applied (topk=0)
📊 Model size: 415.51MB (uncompressed)
Original training examples: 2041
[Layer Freezing] Training last 4 transformer layers (layers 8-11)
[Layer Freezing] Trainable params: 28,384,555 / 108,924,715 (26.1%)
🔍 No compression applied (topk=0)
📊 Model size: 415.51MB (uncompressed)
Original training examples: 1583
[Layer Freezing] Training last 4 transformer layers (layers 8-11)
[Layer Freezing] Trainable params: 28,384,555 / 108,924,715 (26.1%)
🔍 No compression applied (topk=0)
📊 Model size: 415.51MB (uncompressed)
Original training examples: 2132
[Layer Freezing] Training last 4 transformer layers (layers 8-11)
[Layer Freezing] Trainable params: 28,384,555 / 108,924,715 (26.1%)
🔍 No compression applied (topk=0)
📊 Model size: 415.51MB (uncompressed)
Original training examples: 1957
[Layer Freezing] Training last 4 transformer layers (layers 8-11)
[Layer Freezing] Trainable params: 28,384,555 / 108,924,715 (26.1%)
🔍 No compression applied (topk=0)
📊 Model size: 415.51MB (uncompressed)
📊 Single model: 415.51 MB
📊 Total uploaded: 4155.15 MB (10 clients)
 Round 26 | F1 0.3691 | P 0.4783 | R 0.3004 | Time 40.6s | Comm 4155.15 MB | Local Avg F1: 0.2886

=== Round 27/100 ===
Original training examples: 957
[Layer Freezing] Training last 4 transformer layers (layers 8-11)
[Layer Freezing] Trainable params: 28,384,555 / 108,924,715 (26.1%)
🔍 No compression applied (topk=0)
📊 Model size: 415.51MB (uncompressed)
Original training examples: 993
[Layer Freezing] Training last 4 transformer layers (layers 8-11)
[Layer Freezing] Trainable params: 28,384,555 / 108,924,715 (26.1%)
🔍 No compression applied (topk=0)
📊 Model size: 415.51MB (uncompressed)
Original training examples: 1793
[Layer Freezing] Training last 4 transformer layers (layers 8-11)
[Layer Freezing] Trainable params: 28,384,555 / 108,924,715 (26.1%)
🔍 No compression applied (topk=0)
📊 Model size: 415.51MB (uncompressed)
Original training examples: 1707
[Layer Freezing] Training last 4 transformer layers (layers 8-11)
[Layer Freezing] Trainable params: 28,384,555 / 108,924,715 (26.1%)
🔍 No compression applied (topk=0)
📊 Model size: 415.51MB (uncompressed)
Original training examples: 8214
[Layer Freezing] Training last 4 transformer layers (layers 8-11)
[Layer Freezing] Trainable params: 28,384,555 / 108,924,715 (26.1%)
🔍 No compression applied (topk=0)
📊 Model size: 415.51MB (uncompressed)
Original training examples: 13991
[Layer Freezing] Training last 4 transformer layers (layers 8-11)
[Layer Freezing] Trainable params: 28,384,555 / 108,924,715 (26.1%)
🔍 No compression applied (topk=0)
📊 Model size: 415.51MB (uncompressed)
Original training examples: 2041
[Layer Freezing] Training last 4 transformer layers (layers 8-11)
[Layer Freezing] Trainable params: 28,384,555 / 108,924,715 (26.1%)
🔍 No compression applied (topk=0)
📊 Model size: 415.51MB (uncompressed)
Original training examples: 1583
[Layer Freezing] Training last 4 transformer layers (layers 8-11)
[Layer Freezing] Trainable params: 28,384,555 / 108,924,715 (26.1%)
🔍 No compression applied (topk=0)
📊 Model size: 415.51MB (uncompressed)
Original training examples: 2132
[Layer Freezing] Training last 4 transformer layers (layers 8-11)
[Layer Freezing] Trainable params: 28,384,555 / 108,924,715 (26.1%)
🔍 No compression applied (topk=0)
📊 Model size: 415.51MB (uncompressed)
Original training examples: 1957
[Layer Freezing] Training last 4 transformer layers (layers 8-11)
[Layer Freezing] Trainable params: 28,384,555 / 108,924,715 (26.1%)
🔍 No compression applied (topk=0)
📊 Model size: 415.51MB (uncompressed)
📊 Single model: 415.51 MB
📊 Total uploaded: 4155.15 MB (10 clients)
 Round 27 | F1 0.3625 | P 0.4853 | R 0.2893 | Time 39.5s | Comm 4155.15 MB | Local Avg F1: 0.2847

=== Round 28/100 ===
Original training examples: 957
[Layer Freezing] Training last 4 transformer layers (layers 8-11)
[Layer Freezing] Trainable params: 28,384,555 / 108,924,715 (26.1%)
🔍 No compression applied (topk=0)
📊 Model size: 415.51MB (uncompressed)
Original training examples: 993
[Layer Freezing] Training last 4 transformer layers (layers 8-11)
[Layer Freezing] Trainable params: 28,384,555 / 108,924,715 (26.1%)
🔍 No compression applied (topk=0)
📊 Model size: 415.51MB (uncompressed)
Original training examples: 1793
[Layer Freezing] Training last 4 transformer layers (layers 8-11)
[Layer Freezing] Trainable params: 28,384,555 / 108,924,715 (26.1%)
🔍 No compression applied (topk=0)
📊 Model size: 415.51MB (uncompressed)
Original training examples: 1707
[Layer Freezing] Training last 4 transformer layers (layers 8-11)
[Layer Freezing] Trainable params: 28,384,555 / 108,924,715 (26.1%)
🔍 No compression applied (topk=0)
📊 Model size: 415.51MB (uncompressed)
Original training examples: 8214
[Layer Freezing] Training last 4 transformer layers (layers 8-11)
[Layer Freezing] Trainable params: 28,384,555 / 108,924,715 (26.1%)
🔍 No compression applied (topk=0)
📊 Model size: 415.51MB (uncompressed)
Original training examples: 13991
[Layer Freezing] Training last 4 transformer layers (layers 8-11)
[Layer Freezing] Trainable params: 28,384,555 / 108,924,715 (26.1%)
🔍 No compression applied (topk=0)
📊 Model size: 415.51MB (uncompressed)
Original training examples: 2041
[Layer Freezing] Training last 4 transformer layers (layers 8-11)
[Layer Freezing] Trainable params: 28,384,555 / 108,924,715 (26.1%)
🔍 No compression applied (topk=0)
📊 Model size: 415.51MB (uncompressed)
Original training examples: 1583
[Layer Freezing] Training last 4 transformer layers (layers 8-11)
[Layer Freezing] Trainable params: 28,384,555 / 108,924,715 (26.1%)
🔍 No compression applied (topk=0)
📊 Model size: 415.51MB (uncompressed)
Original training examples: 2132
[Layer Freezing] Training last 4 transformer layers (layers 8-11)
[Layer Freezing] Trainable params: 28,384,555 / 108,924,715 (26.1%)
🔍 No compression applied (topk=0)
📊 Model size: 415.51MB (uncompressed)
Original training examples: 1957
[Layer Freezing] Training last 4 transformer layers (layers 8-11)
[Layer Freezing] Trainable params: 28,384,555 / 108,924,715 (26.1%)
🔍 No compression applied (topk=0)
📊 Model size: 415.51MB (uncompressed)
📊 Single model: 415.51 MB
📊 Total uploaded: 4155.15 MB (10 clients)
 Round 28 | F1 0.3630 | P 0.4881 | R 0.2890 | Time 40.4s | Comm 4155.15 MB | Local Avg F1: 0.2836

=== Round 29/100 ===
Original training examples: 957
[Layer Freezing] Training last 4 transformer layers (layers 8-11)
[Layer Freezing] Trainable params: 28,384,555 / 108,924,715 (26.1%)
🔍 No compression applied (topk=0)
📊 Model size: 415.51MB (uncompressed)
Original training examples: 993
[Layer Freezing] Training last 4 transformer layers (layers 8-11)
[Layer Freezing] Trainable params: 28,384,555 / 108,924,715 (26.1%)
🔍 No compression applied (topk=0)
📊 Model size: 415.51MB (uncompressed)
Original training examples: 1793
[Layer Freezing] Training last 4 transformer layers (layers 8-11)
[Layer Freezing] Trainable params: 28,384,555 / 108,924,715 (26.1%)
🔍 No compression applied (topk=0)
📊 Model size: 415.51MB (uncompressed)
Original training examples: 1707
[Layer Freezing] Training last 4 transformer layers (layers 8-11)
[Layer Freezing] Trainable params: 28,384,555 / 108,924,715 (26.1%)
🔍 No compression applied (topk=0)
📊 Model size: 415.51MB (uncompressed)
Original training examples: 8214
[Layer Freezing] Training last 4 transformer layers (layers 8-11)
[Layer Freezing] Trainable params: 28,384,555 / 108,924,715 (26.1%)
🔍 No compression applied (topk=0)
📊 Model size: 415.51MB (uncompressed)
Original training examples: 13991
[Layer Freezing] Training last 4 transformer layers (layers 8-11)
[Layer Freezing] Trainable params: 28,384,555 / 108,924,715 (26.1%)
🔍 No compression applied (topk=0)
📊 Model size: 415.51MB (uncompressed)
Original training examples: 2041
[Layer Freezing] Training last 4 transformer layers (layers 8-11)
[Layer Freezing] Trainable params: 28,384,555 / 108,924,715 (26.1%)
🔍 No compression applied (topk=0)
📊 Model size: 415.51MB (uncompressed)
Original training examples: 1583
[Layer Freezing] Training last 4 transformer layers (layers 8-11)
[Layer Freezing] Trainable params: 28,384,555 / 108,924,715 (26.1%)
🔍 No compression applied (topk=0)
📊 Model size: 415.51MB (uncompressed)
Original training examples: 2132
[Layer Freezing] Training last 4 transformer layers (layers 8-11)
[Layer Freezing] Trainable params: 28,384,555 / 108,924,715 (26.1%)
🔍 No compression applied (topk=0)
📊 Model size: 415.51MB (uncompressed)
Original training examples: 1957
[Layer Freezing] Training last 4 transformer layers (layers 8-11)
[Layer Freezing] Trainable params: 28,384,555 / 108,924,715 (26.1%)
🔍 No compression applied (topk=0)
📊 Model size: 415.51MB (uncompressed)
📊 Single model: 415.51 MB
📊 Total uploaded: 4155.15 MB (10 clients)
 Round 29 | F1 0.3607 | P 0.4919 | R 0.2848 | Time 39.0s | Comm 4155.15 MB | Local Avg F1: 0.2855

=== Round 30/100 ===
Original training examples: 957
[Layer Freezing] Training last 4 transformer layers (layers 8-11)
[Layer Freezing] Trainable params: 28,384,555 / 108,924,715 (26.1%)
🔍 No compression applied (topk=0)
📊 Model size: 415.51MB (uncompressed)
Original training examples: 993
[Layer Freezing] Training last 4 transformer layers (layers 8-11)
[Layer Freezing] Trainable params: 28,384,555 / 108,924,715 (26.1%)
🔍 No compression applied (topk=0)
📊 Model size: 415.51MB (uncompressed)
Original training examples: 1793
[Layer Freezing] Training last 4 transformer layers (layers 8-11)
[Layer Freezing] Trainable params: 28,384,555 / 108,924,715 (26.1%)
🔍 No compression applied (topk=0)
📊 Model size: 415.51MB (uncompressed)
Original training examples: 1707
[Layer Freezing] Training last 4 transformer layers (layers 8-11)
[Layer Freezing] Trainable params: 28,384,555 / 108,924,715 (26.1%)
🔍 No compression applied (topk=0)
📊 Model size: 415.51MB (uncompressed)
Original training examples: 8214
[Layer Freezing] Training last 4 transformer layers (layers 8-11)
[Layer Freezing] Trainable params: 28,384,555 / 108,924,715 (26.1%)
🔍 No compression applied (topk=0)
📊 Model size: 415.51MB (uncompressed)
Original training examples: 13991
[Layer Freezing] Training last 4 transformer layers (layers 8-11)
[Layer Freezing] Trainable params: 28,384,555 / 108,924,715 (26.1%)
🔍 No compression applied (topk=0)
📊 Model size: 415.51MB (uncompressed)
Original training examples: 2041
[Layer Freezing] Training last 4 transformer layers (layers 8-11)
[Layer Freezing] Trainable params: 28,384,555 / 108,924,715 (26.1%)
🔍 No compression applied (topk=0)
📊 Model size: 415.51MB (uncompressed)
Original training examples: 1583
[Layer Freezing] Training last 4 transformer layers (layers 8-11)
[Layer Freezing] Trainable params: 28,384,555 / 108,924,715 (26.1%)
🔍 No compression applied (topk=0)
📊 Model size: 415.51MB (uncompressed)
Original training examples: 2132
[Layer Freezing] Training last 4 transformer layers (layers 8-11)
[Layer Freezing] Trainable params: 28,384,555 / 108,924,715 (26.1%)
🔍 No compression applied (topk=0)
📊 Model size: 415.51MB (uncompressed)
Original training examples: 1957
[Layer Freezing] Training last 4 transformer layers (layers 8-11)
[Layer Freezing] Trainable params: 28,384,555 / 108,924,715 (26.1%)
🔍 No compression applied (topk=0)
📊 Model size: 415.51MB (uncompressed)
📊 Single model: 415.51 MB
📊 Total uploaded: 4155.15 MB (10 clients)
 Round 30 | F1 0.3864 | P 0.4732 | R 0.3266 | Time 39.8s | Comm 4155.15 MB | Local Avg F1: 0.3021

=== Round 31/100 ===
Original training examples: 957
[Layer Freezing] Training last 4 transformer layers (layers 8-11)
[Layer Freezing] Trainable params: 28,384,555 / 108,924,715 (26.1%)
🔍 No compression applied (topk=0)
📊 Model size: 415.51MB (uncompressed)
Original training examples: 993
[Layer Freezing] Training last 4 transformer layers (layers 8-11)
[Layer Freezing] Trainable params: 28,384,555 / 108,924,715 (26.1%)
🔍 No compression applied (topk=0)
📊 Model size: 415.51MB (uncompressed)
Original training examples: 1793
[Layer Freezing] Training last 4 transformer layers (layers 8-11)
[Layer Freezing] Trainable params: 28,384,555 / 108,924,715 (26.1%)
🔍 No compression applied (topk=0)
📊 Model size: 415.51MB (uncompressed)
Original training examples: 1707
[Layer Freezing] Training last 4 transformer layers (layers 8-11)
[Layer Freezing] Trainable params: 28,384,555 / 108,924,715 (26.1%)
🔍 No compression applied (topk=0)
📊 Model size: 415.51MB (uncompressed)
Original training examples: 8214
[Layer Freezing] Training last 4 transformer layers (layers 8-11)
[Layer Freezing] Trainable params: 28,384,555 / 108,924,715 (26.1%)
🔍 No compression applied (topk=0)
📊 Model size: 415.51MB (uncompressed)
Original training examples: 13991
[Layer Freezing] Training last 4 transformer layers (layers 8-11)
[Layer Freezing] Trainable params: 28,384,555 / 108,924,715 (26.1%)
🔍 No compression applied (topk=0)
📊 Model size: 415.51MB (uncompressed)
Original training examples: 2041
[Layer Freezing] Training last 4 transformer layers (layers 8-11)
[Layer Freezing] Trainable params: 28,384,555 / 108,924,715 (26.1%)
🔍 No compression applied (topk=0)
📊 Model size: 415.51MB (uncompressed)
Original training examples: 1583
[Layer Freezing] Training last 4 transformer layers (layers 8-11)
[Layer Freezing] Trainable params: 28,384,555 / 108,924,715 (26.1%)
🔍 No compression applied (topk=0)
📊 Model size: 415.51MB (uncompressed)
Original training examples: 2132
[Layer Freezing] Training last 4 transformer layers (layers 8-11)
[Layer Freezing] Trainable params: 28,384,555 / 108,924,715 (26.1%)
🔍 No compression applied (topk=0)
📊 Model size: 415.51MB (uncompressed)
Original training examples: 1957
[Layer Freezing] Training last 4 transformer layers (layers 8-11)
[Layer Freezing] Trainable params: 28,384,555 / 108,924,715 (26.1%)
🔍 No compression applied (topk=0)
📊 Model size: 415.51MB (uncompressed)
📊 Single model: 415.51 MB
📊 Total uploaded: 4155.15 MB (10 clients)
 Round 31 | F1 0.3789 | P 0.4795 | R 0.3132 | Time 39.3s | Comm 4155.15 MB | Local Avg F1: 0.3080

=== Round 32/100 ===
Original training examples: 957
[Layer Freezing] Training last 4 transformer layers (layers 8-11)
[Layer Freezing] Trainable params: 28,384,555 / 108,924,715 (26.1%)
🔍 No compression applied (topk=0)
📊 Model size: 415.51MB (uncompressed)
Original training examples: 993
[Layer Freezing] Training last 4 transformer layers (layers 8-11)
[Layer Freezing] Trainable params: 28,384,555 / 108,924,715 (26.1%)
🔍 No compression applied (topk=0)
📊 Model size: 415.51MB (uncompressed)
Original training examples: 1793
[Layer Freezing] Training last 4 transformer layers (layers 8-11)
[Layer Freezing] Trainable params: 28,384,555 / 108,924,715 (26.1%)
🔍 No compression applied (topk=0)
📊 Model size: 415.51MB (uncompressed)
Original training examples: 1707
[Layer Freezing] Training last 4 transformer layers (layers 8-11)
[Layer Freezing] Trainable params: 28,384,555 / 108,924,715 (26.1%)
🔍 No compression applied (topk=0)
📊 Model size: 415.51MB (uncompressed)
Original training examples: 8214
[Layer Freezing] Training last 4 transformer layers (layers 8-11)
[Layer Freezing] Trainable params: 28,384,555 / 108,924,715 (26.1%)
🔍 No compression applied (topk=0)
📊 Model size: 415.51MB (uncompressed)
Original training examples: 13991
[Layer Freezing] Training last 4 transformer layers (layers 8-11)
[Layer Freezing] Trainable params: 28,384,555 / 108,924,715 (26.1%)
🔍 No compression applied (topk=0)
📊 Model size: 415.51MB (uncompressed)
Original training examples: 2041
[Layer Freezing] Training last 4 transformer layers (layers 8-11)
[Layer Freezing] Trainable params: 28,384,555 / 108,924,715 (26.1%)
🔍 No compression applied (topk=0)
📊 Model size: 415.51MB (uncompressed)
Original training examples: 1583
[Layer Freezing] Training last 4 transformer layers (layers 8-11)
[Layer Freezing] Trainable params: 28,384,555 / 108,924,715 (26.1%)
🔍 No compression applied (topk=0)
📊 Model size: 415.51MB (uncompressed)
Original training examples: 2132
[Layer Freezing] Training last 4 transformer layers (layers 8-11)
[Layer Freezing] Trainable params: 28,384,555 / 108,924,715 (26.1%)
🔍 No compression applied (topk=0)
📊 Model size: 415.51MB (uncompressed)
Original training examples: 1957
[Layer Freezing] Training last 4 transformer layers (layers 8-11)
[Layer Freezing] Trainable params: 28,384,555 / 108,924,715 (26.1%)
🔍 No compression applied (topk=0)
📊 Model size: 415.51MB (uncompressed)
📊 Single model: 415.51 MB
📊 Total uploaded: 4155.15 MB (10 clients)
 Round 32 | F1 0.3783 | P 0.4847 | R 0.3102 | Time 39.6s | Comm 4155.15 MB | Local Avg F1: 0.3058

=== Round 33/100 ===
Original training examples: 957
[Layer Freezing] Training last 4 transformer layers (layers 8-11)
[Layer Freezing] Trainable params: 28,384,555 / 108,924,715 (26.1%)
🔍 No compression applied (topk=0)
📊 Model size: 415.51MB (uncompressed)
Original training examples: 993
[Layer Freezing] Training last 4 transformer layers (layers 8-11)
[Layer Freezing] Trainable params: 28,384,555 / 108,924,715 (26.1%)
🔍 No compression applied (topk=0)
📊 Model size: 415.51MB (uncompressed)
Original training examples: 1793
[Layer Freezing] Training last 4 transformer layers (layers 8-11)
[Layer Freezing] Trainable params: 28,384,555 / 108,924,715 (26.1%)
🔍 No compression applied (topk=0)
📊 Model size: 415.51MB (uncompressed)
Original training examples: 1707
[Layer Freezing] Training last 4 transformer layers (layers 8-11)
[Layer Freezing] Trainable params: 28,384,555 / 108,924,715 (26.1%)
🔍 No compression applied (topk=0)
📊 Model size: 415.51MB (uncompressed)
Original training examples: 8214
[Layer Freezing] Training last 4 transformer layers (layers 8-11)
[Layer Freezing] Trainable params: 28,384,555 / 108,924,715 (26.1%)
🔍 No compression applied (topk=0)
📊 Model size: 415.51MB (uncompressed)
Original training examples: 13991
[Layer Freezing] Training last 4 transformer layers (layers 8-11)
[Layer Freezing] Trainable params: 28,384,555 / 108,924,715 (26.1%)
🔍 No compression applied (topk=0)
📊 Model size: 415.51MB (uncompressed)
Original training examples: 2041
[Layer Freezing] Training last 4 transformer layers (layers 8-11)
[Layer Freezing] Trainable params: 28,384,555 / 108,924,715 (26.1%)
🔍 No compression applied (topk=0)
📊 Model size: 415.51MB (uncompressed)
Original training examples: 1583
[Layer Freezing] Training last 4 transformer layers (layers 8-11)
[Layer Freezing] Trainable params: 28,384,555 / 108,924,715 (26.1%)
🔍 No compression applied (topk=0)
📊 Model size: 415.51MB (uncompressed)
Original training examples: 2132
[Layer Freezing] Training last 4 transformer layers (layers 8-11)
[Layer Freezing] Trainable params: 28,384,555 / 108,924,715 (26.1%)
🔍 No compression applied (topk=0)
📊 Model size: 415.51MB (uncompressed)
Original training examples: 1957
[Layer Freezing] Training last 4 transformer layers (layers 8-11)
[Layer Freezing] Trainable params: 28,384,555 / 108,924,715 (26.1%)
🔍 No compression applied (topk=0)
📊 Model size: 415.51MB (uncompressed)
📊 Single model: 415.51 MB
📊 Total uploaded: 4155.15 MB (10 clients)
 Round 33 | F1 0.3904 | P 0.4782 | R 0.3299 | Time 40.8s | Comm 4155.15 MB | Local Avg F1: 0.3139

=== Round 34/100 ===
Original training examples: 957
[Layer Freezing] Training last 4 transformer layers (layers 8-11)
[Layer Freezing] Trainable params: 28,384,555 / 108,924,715 (26.1%)
🔍 No compression applied (topk=0)
📊 Model size: 415.51MB (uncompressed)
Original training examples: 993
[Layer Freezing] Training last 4 transformer layers (layers 8-11)
[Layer Freezing] Trainable params: 28,384,555 / 108,924,715 (26.1%)
🔍 No compression applied (topk=0)
📊 Model size: 415.51MB (uncompressed)
Original training examples: 1793
[Layer Freezing] Training last 4 transformer layers (layers 8-11)
[Layer Freezing] Trainable params: 28,384,555 / 108,924,715 (26.1%)
🔍 No compression applied (topk=0)
📊 Model size: 415.51MB (uncompressed)
Original training examples: 1707
[Layer Freezing] Training last 4 transformer layers (layers 8-11)
[Layer Freezing] Trainable params: 28,384,555 / 108,924,715 (26.1%)
🔍 No compression applied (topk=0)
📊 Model size: 415.51MB (uncompressed)
Original training examples: 8214
[Layer Freezing] Training last 4 transformer layers (layers 8-11)
[Layer Freezing] Trainable params: 28,384,555 / 108,924,715 (26.1%)
🔍 No compression applied (topk=0)
📊 Model size: 415.51MB (uncompressed)
Original training examples: 13991
[Layer Freezing] Training last 4 transformer layers (layers 8-11)
[Layer Freezing] Trainable params: 28,384,555 / 108,924,715 (26.1%)
🔍 No compression applied (topk=0)
📊 Model size: 415.51MB (uncompressed)
Original training examples: 2041
[Layer Freezing] Training last 4 transformer layers (layers 8-11)
[Layer Freezing] Trainable params: 28,384,555 / 108,924,715 (26.1%)
🔍 No compression applied (topk=0)
📊 Model size: 415.51MB (uncompressed)
Original training examples: 1583
[Layer Freezing] Training last 4 transformer layers (layers 8-11)
[Layer Freezing] Trainable params: 28,384,555 / 108,924,715 (26.1%)
🔍 No compression applied (topk=0)
📊 Model size: 415.51MB (uncompressed)
Original training examples: 2132
[Layer Freezing] Training last 4 transformer layers (layers 8-11)
[Layer Freezing] Trainable params: 28,384,555 / 108,924,715 (26.1%)
🔍 No compression applied (topk=0)
📊 Model size: 415.51MB (uncompressed)
Original training examples: 1957
[Layer Freezing] Training last 4 transformer layers (layers 8-11)
[Layer Freezing] Trainable params: 28,384,555 / 108,924,715 (26.1%)
🔍 No compression applied (topk=0)
📊 Model size: 415.51MB (uncompressed)
📊 Single model: 415.51 MB
📊 Total uploaded: 4155.15 MB (10 clients)
 Round 34 | F1 0.3927 | P 0.4836 | R 0.3305 | Time 39.6s | Comm 4155.15 MB | Local Avg F1: 0.3180

=== Round 35/100 ===
Original training examples: 957
[Layer Freezing] Training last 4 transformer layers (layers 8-11)
[Layer Freezing] Trainable params: 28,384,555 / 108,924,715 (26.1%)
🔍 No compression applied (topk=0)
📊 Model size: 415.51MB (uncompressed)
Original training examples: 993
[Layer Freezing] Training last 4 transformer layers (layers 8-11)
[Layer Freezing] Trainable params: 28,384,555 / 108,924,715 (26.1%)
🔍 No compression applied (topk=0)
📊 Model size: 415.51MB (uncompressed)
Original training examples: 1793
[Layer Freezing] Training last 4 transformer layers (layers 8-11)
[Layer Freezing] Trainable params: 28,384,555 / 108,924,715 (26.1%)
🔍 No compression applied (topk=0)
📊 Model size: 415.51MB (uncompressed)
Original training examples: 1707
[Layer Freezing] Training last 4 transformer layers (layers 8-11)
[Layer Freezing] Trainable params: 28,384,555 / 108,924,715 (26.1%)
🔍 No compression applied (topk=0)
📊 Model size: 415.51MB (uncompressed)
Original training examples: 8214
[Layer Freezing] Training last 4 transformer layers (layers 8-11)
[Layer Freezing] Trainable params: 28,384,555 / 108,924,715 (26.1%)
🔍 No compression applied (topk=0)
📊 Model size: 415.51MB (uncompressed)
Original training examples: 13991
[Layer Freezing] Training last 4 transformer layers (layers 8-11)
[Layer Freezing] Trainable params: 28,384,555 / 108,924,715 (26.1%)
🔍 No compression applied (topk=0)
📊 Model size: 415.51MB (uncompressed)
Original training examples: 2041
[Layer Freezing] Training last 4 transformer layers (layers 8-11)
[Layer Freezing] Trainable params: 28,384,555 / 108,924,715 (26.1%)
🔍 No compression applied (topk=0)
📊 Model size: 415.51MB (uncompressed)
Original training examples: 1583
[Layer Freezing] Training last 4 transformer layers (layers 8-11)
[Layer Freezing] Trainable params: 28,384,555 / 108,924,715 (26.1%)
🔍 No compression applied (topk=0)
📊 Model size: 415.51MB (uncompressed)
Original training examples: 2132
[Layer Freezing] Training last 4 transformer layers (layers 8-11)
[Layer Freezing] Trainable params: 28,384,555 / 108,924,715 (26.1%)
🔍 No compression applied (topk=0)
📊 Model size: 415.51MB (uncompressed)
Original training examples: 1957
[Layer Freezing] Training last 4 transformer layers (layers 8-11)
[Layer Freezing] Trainable params: 28,384,555 / 108,924,715 (26.1%)
🔍 No compression applied (topk=0)
📊 Model size: 415.51MB (uncompressed)
📊 Single model: 415.51 MB
📊 Total uploaded: 4155.15 MB (10 clients)
 Round 35 | F1 0.4010 | P 0.4728 | R 0.3481 | Time 40.2s | Comm 4155.15 MB | Local Avg F1: 0.3251

=== Round 36/100 ===
Original training examples: 957
[Layer Freezing] Training last 4 transformer layers (layers 8-11)
[Layer Freezing] Trainable params: 28,384,555 / 108,924,715 (26.1%)
🔍 No compression applied (topk=0)
📊 Model size: 415.51MB (uncompressed)
Original training examples: 993
[Layer Freezing] Training last 4 transformer layers (layers 8-11)
[Layer Freezing] Trainable params: 28,384,555 / 108,924,715 (26.1%)
🔍 No compression applied (topk=0)
📊 Model size: 415.51MB (uncompressed)
Original training examples: 1793
[Layer Freezing] Training last 4 transformer layers (layers 8-11)
[Layer Freezing] Trainable params: 28,384,555 / 108,924,715 (26.1%)
🔍 No compression applied (topk=0)
📊 Model size: 415.51MB (uncompressed)
Original training examples: 1707
[Layer Freezing] Training last 4 transformer layers (layers 8-11)
[Layer Freezing] Trainable params: 28,384,555 / 108,924,715 (26.1%)
🔍 No compression applied (topk=0)
📊 Model size: 415.51MB (uncompressed)
Original training examples: 8214
[Layer Freezing] Training last 4 transformer layers (layers 8-11)
[Layer Freezing] Trainable params: 28,384,555 / 108,924,715 (26.1%)
🔍 No compression applied (topk=0)
📊 Model size: 415.51MB (uncompressed)
Original training examples: 13991
[Layer Freezing] Training last 4 transformer layers (layers 8-11)
[Layer Freezing] Trainable params: 28,384,555 / 108,924,715 (26.1%)
🔍 No compression applied (topk=0)
📊 Model size: 415.51MB (uncompressed)
Original training examples: 2041
[Layer Freezing] Training last 4 transformer layers (layers 8-11)
[Layer Freezing] Trainable params: 28,384,555 / 108,924,715 (26.1%)
🔍 No compression applied (topk=0)
📊 Model size: 415.51MB (uncompressed)
Original training examples: 1583
[Layer Freezing] Training last 4 transformer layers (layers 8-11)
[Layer Freezing] Trainable params: 28,384,555 / 108,924,715 (26.1%)
🔍 No compression applied (topk=0)
📊 Model size: 415.51MB (uncompressed)
Original training examples: 2132
[Layer Freezing] Training last 4 transformer layers (layers 8-11)
[Layer Freezing] Trainable params: 28,384,555 / 108,924,715 (26.1%)
🔍 No compression applied (topk=0)
📊 Model size: 415.51MB (uncompressed)
Original training examples: 1957
[Layer Freezing] Training last 4 transformer layers (layers 8-11)
[Layer Freezing] Trainable params: 28,384,555 / 108,924,715 (26.1%)
🔍 No compression applied (topk=0)
📊 Model size: 415.51MB (uncompressed)
📊 Single model: 415.51 MB
📊 Total uploaded: 4155.15 MB (10 clients)
 Round 36 | F1 0.3960 | P 0.4796 | R 0.3372 | Time 39.9s | Comm 4155.15 MB | Local Avg F1: 0.3199

=== Round 37/100 ===
Original training examples: 957
[Layer Freezing] Training last 4 transformer layers (layers 8-11)
[Layer Freezing] Trainable params: 28,384,555 / 108,924,715 (26.1%)
🔍 No compression applied (topk=0)
📊 Model size: 415.51MB (uncompressed)
Original training examples: 993
[Layer Freezing] Training last 4 transformer layers (layers 8-11)
[Layer Freezing] Trainable params: 28,384,555 / 108,924,715 (26.1%)
🔍 No compression applied (topk=0)
📊 Model size: 415.51MB (uncompressed)
Original training examples: 1793
[Layer Freezing] Training last 4 transformer layers (layers 8-11)
[Layer Freezing] Trainable params: 28,384,555 / 108,924,715 (26.1%)
🔍 No compression applied (topk=0)
📊 Model size: 415.51MB (uncompressed)
Original training examples: 1707
[Layer Freezing] Training last 4 transformer layers (layers 8-11)
[Layer Freezing] Trainable params: 28,384,555 / 108,924,715 (26.1%)
🔍 No compression applied (topk=0)
📊 Model size: 415.51MB (uncompressed)
Original training examples: 8214
[Layer Freezing] Training last 4 transformer layers (layers 8-11)
[Layer Freezing] Trainable params: 28,384,555 / 108,924,715 (26.1%)
🔍 No compression applied (topk=0)
📊 Model size: 415.51MB (uncompressed)
Original training examples: 13991
[Layer Freezing] Training last 4 transformer layers (layers 8-11)
[Layer Freezing] Trainable params: 28,384,555 / 108,924,715 (26.1%)
🔍 No compression applied (topk=0)
📊 Model size: 415.51MB (uncompressed)
Original training examples: 2041
[Layer Freezing] Training last 4 transformer layers (layers 8-11)
[Layer Freezing] Trainable params: 28,384,555 / 108,924,715 (26.1%)
🔍 No compression applied (topk=0)
📊 Model size: 415.51MB (uncompressed)
Original training examples: 1583
[Layer Freezing] Training last 4 transformer layers (layers 8-11)
[Layer Freezing] Trainable params: 28,384,555 / 108,924,715 (26.1%)
🔍 No compression applied (topk=0)
📊 Model size: 415.51MB (uncompressed)
Original training examples: 2132
[Layer Freezing] Training last 4 transformer layers (layers 8-11)
[Layer Freezing] Trainable params: 28,384,555 / 108,924,715 (26.1%)
🔍 No compression applied (topk=0)
📊 Model size: 415.51MB (uncompressed)
Original training examples: 1957
[Layer Freezing] Training last 4 transformer layers (layers 8-11)
[Layer Freezing] Trainable params: 28,384,555 / 108,924,715 (26.1%)
🔍 No compression applied (topk=0)
📊 Model size: 415.51MB (uncompressed)
📊 Single model: 415.51 MB
📊 Total uploaded: 4155.15 MB (10 clients)
 Round 37 | F1 0.3944 | P 0.4772 | R 0.3361 | Time 39.6s | Comm 4155.15 MB | Local Avg F1: 0.3208

=== Round 38/100 ===
Original training examples: 957
[Layer Freezing] Training last 4 transformer layers (layers 8-11)
[Layer Freezing] Trainable params: 28,384,555 / 108,924,715 (26.1%)
🔍 No compression applied (topk=0)
📊 Model size: 415.51MB (uncompressed)
Original training examples: 993
[Layer Freezing] Training last 4 transformer layers (layers 8-11)
[Layer Freezing] Trainable params: 28,384,555 / 108,924,715 (26.1%)
🔍 No compression applied (topk=0)
📊 Model size: 415.51MB (uncompressed)
Original training examples: 1793
[Layer Freezing] Training last 4 transformer layers (layers 8-11)
[Layer Freezing] Trainable params: 28,384,555 / 108,924,715 (26.1%)
🔍 No compression applied (topk=0)
📊 Model size: 415.51MB (uncompressed)
Original training examples: 1707
[Layer Freezing] Training last 4 transformer layers (layers 8-11)
[Layer Freezing] Trainable params: 28,384,555 / 108,924,715 (26.1%)
🔍 No compression applied (topk=0)
📊 Model size: 415.51MB (uncompressed)
Original training examples: 8214
[Layer Freezing] Training last 4 transformer layers (layers 8-11)
[Layer Freezing] Trainable params: 28,384,555 / 108,924,715 (26.1%)
🔍 No compression applied (topk=0)
📊 Model size: 415.51MB (uncompressed)
Original training examples: 13991
[Layer Freezing] Training last 4 transformer layers (layers 8-11)
[Layer Freezing] Trainable params: 28,384,555 / 108,924,715 (26.1%)
🔍 No compression applied (topk=0)
📊 Model size: 415.51MB (uncompressed)
Original training examples: 2041
[Layer Freezing] Training last 4 transformer layers (layers 8-11)
[Layer Freezing] Trainable params: 28,384,555 / 108,924,715 (26.1%)
🔍 No compression applied (topk=0)
📊 Model size: 415.51MB (uncompressed)
Original training examples: 1583
[Layer Freezing] Training last 4 transformer layers (layers 8-11)
[Layer Freezing] Trainable params: 28,384,555 / 108,924,715 (26.1%)
🔍 No compression applied (topk=0)
📊 Model size: 415.51MB (uncompressed)
Original training examples: 2132
[Layer Freezing] Training last 4 transformer layers (layers 8-11)
[Layer Freezing] Trainable params: 28,384,555 / 108,924,715 (26.1%)
🔍 No compression applied (topk=0)
📊 Model size: 415.51MB (uncompressed)
Original training examples: 1957
[Layer Freezing] Training last 4 transformer layers (layers 8-11)
[Layer Freezing] Trainable params: 28,384,555 / 108,924,715 (26.1%)
🔍 No compression applied (topk=0)
📊 Model size: 415.51MB (uncompressed)
📊 Single model: 415.51 MB
📊 Total uploaded: 4155.15 MB (10 clients)
 Round 38 | F1 0.4039 | P 0.4792 | R 0.3491 | Time 40.1s | Comm 4155.15 MB | Local Avg F1: 0.3325

=== Round 39/100 ===
Original training examples: 957
[Layer Freezing] Training last 4 transformer layers (layers 8-11)
[Layer Freezing] Trainable params: 28,384,555 / 108,924,715 (26.1%)
🔍 No compression applied (topk=0)
📊 Model size: 415.51MB (uncompressed)
Original training examples: 993
[Layer Freezing] Training last 4 transformer layers (layers 8-11)
[Layer Freezing] Trainable params: 28,384,555 / 108,924,715 (26.1%)
🔍 No compression applied (topk=0)
📊 Model size: 415.51MB (uncompressed)
Original training examples: 1793
[Layer Freezing] Training last 4 transformer layers (layers 8-11)
[Layer Freezing] Trainable params: 28,384,555 / 108,924,715 (26.1%)
🔍 No compression applied (topk=0)
📊 Model size: 415.51MB (uncompressed)
Original training examples: 1707
[Layer Freezing] Training last 4 transformer layers (layers 8-11)
[Layer Freezing] Trainable params: 28,384,555 / 108,924,715 (26.1%)
🔍 No compression applied (topk=0)
📊 Model size: 415.51MB (uncompressed)
Original training examples: 8214
[Layer Freezing] Training last 4 transformer layers (layers 8-11)
[Layer Freezing] Trainable params: 28,384,555 / 108,924,715 (26.1%)
🔍 No compression applied (topk=0)
📊 Model size: 415.51MB (uncompressed)
Original training examples: 13991
[Layer Freezing] Training last 4 transformer layers (layers 8-11)
[Layer Freezing] Trainable params: 28,384,555 / 108,924,715 (26.1%)
🔍 No compression applied (topk=0)
📊 Model size: 415.51MB (uncompressed)
Original training examples: 2041
[Layer Freezing] Training last 4 transformer layers (layers 8-11)
[Layer Freezing] Trainable params: 28,384,555 / 108,924,715 (26.1%)
🔍 No compression applied (topk=0)
📊 Model size: 415.51MB (uncompressed)
Original training examples: 1583
[Layer Freezing] Training last 4 transformer layers (layers 8-11)
[Layer Freezing] Trainable params: 28,384,555 / 108,924,715 (26.1%)
🔍 No compression applied (topk=0)
📊 Model size: 415.51MB (uncompressed)
Original training examples: 2132
[Layer Freezing] Training last 4 transformer layers (layers 8-11)
[Layer Freezing] Trainable params: 28,384,555 / 108,924,715 (26.1%)
🔍 No compression applied (topk=0)
📊 Model size: 415.51MB (uncompressed)
Original training examples: 1957
[Layer Freezing] Training last 4 transformer layers (layers 8-11)
[Layer Freezing] Trainable params: 28,384,555 / 108,924,715 (26.1%)
🔍 No compression applied (topk=0)
📊 Model size: 415.51MB (uncompressed)
📊 Single model: 415.51 MB
📊 Total uploaded: 4155.15 MB (10 clients)
 Round 39 | F1 0.4041 | P 0.4778 | R 0.3501 | Time 39.7s | Comm 4155.15 MB | Local Avg F1: 0.3317

=== Round 40/100 ===
Original training examples: 957
[Layer Freezing] Training last 4 transformer layers (layers 8-11)
[Layer Freezing] Trainable params: 28,384,555 / 108,924,715 (26.1%)
🔍 No compression applied (topk=0)
📊 Model size: 415.51MB (uncompressed)
Original training examples: 993
[Layer Freezing] Training last 4 transformer layers (layers 8-11)
[Layer Freezing] Trainable params: 28,384,555 / 108,924,715 (26.1%)
🔍 No compression applied (topk=0)
📊 Model size: 415.51MB (uncompressed)
Original training examples: 1793
[Layer Freezing] Training last 4 transformer layers (layers 8-11)
[Layer Freezing] Trainable params: 28,384,555 / 108,924,715 (26.1%)
🔍 No compression applied (topk=0)
📊 Model size: 415.51MB (uncompressed)
Original training examples: 1707
[Layer Freezing] Training last 4 transformer layers (layers 8-11)
[Layer Freezing] Trainable params: 28,384,555 / 108,924,715 (26.1%)
🔍 No compression applied (topk=0)
📊 Model size: 415.51MB (uncompressed)
Original training examples: 8214
[Layer Freezing] Training last 4 transformer layers (layers 8-11)
[Layer Freezing] Trainable params: 28,384,555 / 108,924,715 (26.1%)
🔍 No compression applied (topk=0)
📊 Model size: 415.51MB (uncompressed)
Original training examples: 13991
[Layer Freezing] Training last 4 transformer layers (layers 8-11)
[Layer Freezing] Trainable params: 28,384,555 / 108,924,715 (26.1%)
🔍 No compression applied (topk=0)
📊 Model size: 415.51MB (uncompressed)
Original training examples: 2041
[Layer Freezing] Training last 4 transformer layers (layers 8-11)
[Layer Freezing] Trainable params: 28,384,555 / 108,924,715 (26.1%)
🔍 No compression applied (topk=0)
📊 Model size: 415.51MB (uncompressed)
Original training examples: 1583
[Layer Freezing] Training last 4 transformer layers (layers 8-11)
[Layer Freezing] Trainable params: 28,384,555 / 108,924,715 (26.1%)
🔍 No compression applied (topk=0)
📊 Model size: 415.51MB (uncompressed)
Original training examples: 2132
[Layer Freezing] Training last 4 transformer layers (layers 8-11)
[Layer Freezing] Trainable params: 28,384,555 / 108,924,715 (26.1%)
🔍 No compression applied (topk=0)
📊 Model size: 415.51MB (uncompressed)
Original training examples: 1957
[Layer Freezing] Training last 4 transformer layers (layers 8-11)
[Layer Freezing] Trainable params: 28,384,555 / 108,924,715 (26.1%)
🔍 No compression applied (topk=0)
📊 Model size: 415.51MB (uncompressed)
📊 Single model: 415.51 MB
📊 Total uploaded: 4155.15 MB (10 clients)
 Round 40 | F1 0.3908 | P 0.4852 | R 0.3271 | Time 39.6s | Comm 4155.15 MB | Local Avg F1: 0.3188

=== Round 41/100 ===
Original training examples: 957
[Layer Freezing] Training last 4 transformer layers (layers 8-11)
[Layer Freezing] Trainable params: 28,384,555 / 108,924,715 (26.1%)
🔍 No compression applied (topk=0)
📊 Model size: 415.51MB (uncompressed)
Original training examples: 993
[Layer Freezing] Training last 4 transformer layers (layers 8-11)
[Layer Freezing] Trainable params: 28,384,555 / 108,924,715 (26.1%)
🔍 No compression applied (topk=0)
📊 Model size: 415.51MB (uncompressed)
Original training examples: 1793
[Layer Freezing] Training last 4 transformer layers (layers 8-11)
[Layer Freezing] Trainable params: 28,384,555 / 108,924,715 (26.1%)
🔍 No compression applied (topk=0)
📊 Model size: 415.51MB (uncompressed)
Original training examples: 1707
[Layer Freezing] Training last 4 transformer layers (layers 8-11)
[Layer Freezing] Trainable params: 28,384,555 / 108,924,715 (26.1%)
🔍 No compression applied (topk=0)
📊 Model size: 415.51MB (uncompressed)
Original training examples: 8214
[Layer Freezing] Training last 4 transformer layers (layers 8-11)
[Layer Freezing] Trainable params: 28,384,555 / 108,924,715 (26.1%)
🔍 No compression applied (topk=0)
📊 Model size: 415.51MB (uncompressed)
Original training examples: 13991
[Layer Freezing] Training last 4 transformer layers (layers 8-11)
[Layer Freezing] Trainable params: 28,384,555 / 108,924,715 (26.1%)
🔍 No compression applied (topk=0)
📊 Model size: 415.51MB (uncompressed)
Original training examples: 2041
[Layer Freezing] Training last 4 transformer layers (layers 8-11)
[Layer Freezing] Trainable params: 28,384,555 / 108,924,715 (26.1%)
🔍 No compression applied (topk=0)
📊 Model size: 415.51MB (uncompressed)
Original training examples: 1583
[Layer Freezing] Training last 4 transformer layers (layers 8-11)
[Layer Freezing] Trainable params: 28,384,555 / 108,924,715 (26.1%)
🔍 No compression applied (topk=0)
📊 Model size: 415.51MB (uncompressed)
Original training examples: 2132
[Layer Freezing] Training last 4 transformer layers (layers 8-11)
[Layer Freezing] Trainable params: 28,384,555 / 108,924,715 (26.1%)
🔍 No compression applied (topk=0)
📊 Model size: 415.51MB (uncompressed)
Original training examples: 1957
[Layer Freezing] Training last 4 transformer layers (layers 8-11)
[Layer Freezing] Trainable params: 28,384,555 / 108,924,715 (26.1%)
🔍 No compression applied (topk=0)
📊 Model size: 415.51MB (uncompressed)
📊 Single model: 415.51 MB
📊 Total uploaded: 4155.15 MB (10 clients)
 Round 41 | F1 0.4073 | P 0.4744 | R 0.3568 | Time 40.7s | Comm 4155.15 MB | Local Avg F1: 0.3321

=== Round 42/100 ===
Original training examples: 957
[Layer Freezing] Training last 4 transformer layers (layers 8-11)
[Layer Freezing] Trainable params: 28,384,555 / 108,924,715 (26.1%)
🔍 No compression applied (topk=0)
📊 Model size: 415.51MB (uncompressed)
Original training examples: 993
[Layer Freezing] Training last 4 transformer layers (layers 8-11)
[Layer Freezing] Trainable params: 28,384,555 / 108,924,715 (26.1%)
🔍 No compression applied (topk=0)
📊 Model size: 415.51MB (uncompressed)
Original training examples: 1793
[Layer Freezing] Training last 4 transformer layers (layers 8-11)
[Layer Freezing] Trainable params: 28,384,555 / 108,924,715 (26.1%)
🔍 No compression applied (topk=0)
📊 Model size: 415.51MB (uncompressed)
Original training examples: 1707
[Layer Freezing] Training last 4 transformer layers (layers 8-11)
[Layer Freezing] Trainable params: 28,384,555 / 108,924,715 (26.1%)
🔍 No compression applied (topk=0)
📊 Model size: 415.51MB (uncompressed)
Original training examples: 8214
[Layer Freezing] Training last 4 transformer layers (layers 8-11)
[Layer Freezing] Trainable params: 28,384,555 / 108,924,715 (26.1%)
🔍 No compression applied (topk=0)
📊 Model size: 415.51MB (uncompressed)
Original training examples: 13991
[Layer Freezing] Training last 4 transformer layers (layers 8-11)
[Layer Freezing] Trainable params: 28,384,555 / 108,924,715 (26.1%)
🔍 No compression applied (topk=0)
📊 Model size: 415.51MB (uncompressed)
Original training examples: 2041
[Layer Freezing] Training last 4 transformer layers (layers 8-11)
[Layer Freezing] Trainable params: 28,384,555 / 108,924,715 (26.1%)
🔍 No compression applied (topk=0)
📊 Model size: 415.51MB (uncompressed)
Original training examples: 1583
[Layer Freezing] Training last 4 transformer layers (layers 8-11)
[Layer Freezing] Trainable params: 28,384,555 / 108,924,715 (26.1%)
🔍 No compression applied (topk=0)
📊 Model size: 415.51MB (uncompressed)
Original training examples: 2132
[Layer Freezing] Training last 4 transformer layers (layers 8-11)
[Layer Freezing] Trainable params: 28,384,555 / 108,924,715 (26.1%)
🔍 No compression applied (topk=0)
📊 Model size: 415.51MB (uncompressed)
Original training examples: 1957
[Layer Freezing] Training last 4 transformer layers (layers 8-11)
[Layer Freezing] Trainable params: 28,384,555 / 108,924,715 (26.1%)
🔍 No compression applied (topk=0)
📊 Model size: 415.51MB (uncompressed)
📊 Single model: 415.51 MB
📊 Total uploaded: 4155.15 MB (10 clients)
 Round 42 | F1 0.4078 | P 0.4744 | R 0.3576 | Time 39.1s | Comm 4155.15 MB | Local Avg F1: 0.3320

=== Round 43/100 ===
Original training examples: 957
[Layer Freezing] Training last 4 transformer layers (layers 8-11)
[Layer Freezing] Trainable params: 28,384,555 / 108,924,715 (26.1%)
🔍 No compression applied (topk=0)
📊 Model size: 415.51MB (uncompressed)
Original training examples: 993
[Layer Freezing] Training last 4 transformer layers (layers 8-11)
[Layer Freezing] Trainable params: 28,384,555 / 108,924,715 (26.1%)
🔍 No compression applied (topk=0)
📊 Model size: 415.51MB (uncompressed)
Original training examples: 1793
[Layer Freezing] Training last 4 transformer layers (layers 8-11)
[Layer Freezing] Trainable params: 28,384,555 / 108,924,715 (26.1%)
🔍 No compression applied (topk=0)
📊 Model size: 415.51MB (uncompressed)
Original training examples: 1707
[Layer Freezing] Training last 4 transformer layers (layers 8-11)
[Layer Freezing] Trainable params: 28,384,555 / 108,924,715 (26.1%)
🔍 No compression applied (topk=0)
📊 Model size: 415.51MB (uncompressed)
Original training examples: 8214
[Layer Freezing] Training last 4 transformer layers (layers 8-11)
[Layer Freezing] Trainable params: 28,384,555 / 108,924,715 (26.1%)
🔍 No compression applied (topk=0)
📊 Model size: 415.51MB (uncompressed)
Original training examples: 13991
[Layer Freezing] Training last 4 transformer layers (layers 8-11)
[Layer Freezing] Trainable params: 28,384,555 / 108,924,715 (26.1%)
🔍 No compression applied (topk=0)
📊 Model size: 415.51MB (uncompressed)
Original training examples: 2041
[Layer Freezing] Training last 4 transformer layers (layers 8-11)
[Layer Freezing] Trainable params: 28,384,555 / 108,924,715 (26.1%)
🔍 No compression applied (topk=0)
📊 Model size: 415.51MB (uncompressed)
Original training examples: 1583
[Layer Freezing] Training last 4 transformer layers (layers 8-11)
[Layer Freezing] Trainable params: 28,384,555 / 108,924,715 (26.1%)
🔍 No compression applied (topk=0)
📊 Model size: 415.51MB (uncompressed)
Original training examples: 2132
[Layer Freezing] Training last 4 transformer layers (layers 8-11)
[Layer Freezing] Trainable params: 28,384,555 / 108,924,715 (26.1%)
🔍 No compression applied (topk=0)
📊 Model size: 415.51MB (uncompressed)
Original training examples: 1957
[Layer Freezing] Training last 4 transformer layers (layers 8-11)
[Layer Freezing] Trainable params: 28,384,555 / 108,924,715 (26.1%)
🔍 No compression applied (topk=0)
📊 Model size: 415.51MB (uncompressed)
📊 Single model: 415.51 MB
📊 Total uploaded: 4155.15 MB (10 clients)
 Round 43 | F1 0.3996 | P 0.4720 | R 0.3465 | Time 40.4s | Comm 4155.15 MB | Local Avg F1: 0.3270

=== Round 44/100 ===
Original training examples: 957
[Layer Freezing] Training last 4 transformer layers (layers 8-11)
[Layer Freezing] Trainable params: 28,384,555 / 108,924,715 (26.1%)
🔍 No compression applied (topk=0)
📊 Model size: 415.51MB (uncompressed)
Original training examples: 993
[Layer Freezing] Training last 4 transformer layers (layers 8-11)
[Layer Freezing] Trainable params: 28,384,555 / 108,924,715 (26.1%)
🔍 No compression applied (topk=0)
📊 Model size: 415.51MB (uncompressed)
Original training examples: 1793
[Layer Freezing] Training last 4 transformer layers (layers 8-11)
[Layer Freezing] Trainable params: 28,384,555 / 108,924,715 (26.1%)
🔍 No compression applied (topk=0)
📊 Model size: 415.51MB (uncompressed)
Original training examples: 1707
[Layer Freezing] Training last 4 transformer layers (layers 8-11)
[Layer Freezing] Trainable params: 28,384,555 / 108,924,715 (26.1%)
🔍 No compression applied (topk=0)
📊 Model size: 415.51MB (uncompressed)
Original training examples: 8214
[Layer Freezing] Training last 4 transformer layers (layers 8-11)
[Layer Freezing] Trainable params: 28,384,555 / 108,924,715 (26.1%)
🔍 No compression applied (topk=0)
📊 Model size: 415.51MB (uncompressed)
Original training examples: 13991
[Layer Freezing] Training last 4 transformer layers (layers 8-11)
[Layer Freezing] Trainable params: 28,384,555 / 108,924,715 (26.1%)
🔍 No compression applied (topk=0)
📊 Model size: 415.51MB (uncompressed)
Original training examples: 2041
[Layer Freezing] Training last 4 transformer layers (layers 8-11)
[Layer Freezing] Trainable params: 28,384,555 / 108,924,715 (26.1%)
🔍 No compression applied (topk=0)
📊 Model size: 415.51MB (uncompressed)
Original training examples: 1583
[Layer Freezing] Training last 4 transformer layers (layers 8-11)
[Layer Freezing] Trainable params: 28,384,555 / 108,924,715 (26.1%)
🔍 No compression applied (topk=0)
📊 Model size: 415.51MB (uncompressed)
Original training examples: 2132
[Layer Freezing] Training last 4 transformer layers (layers 8-11)
[Layer Freezing] Trainable params: 28,384,555 / 108,924,715 (26.1%)
🔍 No compression applied (topk=0)
📊 Model size: 415.51MB (uncompressed)
Original training examples: 1957
[Layer Freezing] Training last 4 transformer layers (layers 8-11)
[Layer Freezing] Trainable params: 28,384,555 / 108,924,715 (26.1%)
🔍 No compression applied (topk=0)
📊 Model size: 415.51MB (uncompressed)
📊 Single model: 415.51 MB
📊 Total uploaded: 4155.15 MB (10 clients)
 Round 44 | F1 0.4033 | P 0.4748 | R 0.3505 | Time 38.9s | Comm 4155.15 MB | Local Avg F1: 0.3332

=== Round 45/100 ===
Original training examples: 957
[Layer Freezing] Training last 4 transformer layers (layers 8-11)
[Layer Freezing] Trainable params: 28,384,555 / 108,924,715 (26.1%)
🔍 No compression applied (topk=0)
📊 Model size: 415.51MB (uncompressed)
Original training examples: 993
[Layer Freezing] Training last 4 transformer layers (layers 8-11)
[Layer Freezing] Trainable params: 28,384,555 / 108,924,715 (26.1%)
🔍 No compression applied (topk=0)
📊 Model size: 415.51MB (uncompressed)
Original training examples: 1793
[Layer Freezing] Training last 4 transformer layers (layers 8-11)
[Layer Freezing] Trainable params: 28,384,555 / 108,924,715 (26.1%)
🔍 No compression applied (topk=0)
📊 Model size: 415.51MB (uncompressed)
Original training examples: 1707
[Layer Freezing] Training last 4 transformer layers (layers 8-11)
[Layer Freezing] Trainable params: 28,384,555 / 108,924,715 (26.1%)
🔍 No compression applied (topk=0)
📊 Model size: 415.51MB (uncompressed)
Original training examples: 8214
[Layer Freezing] Training last 4 transformer layers (layers 8-11)
[Layer Freezing] Trainable params: 28,384,555 / 108,924,715 (26.1%)
🔍 No compression applied (topk=0)
📊 Model size: 415.51MB (uncompressed)
Original training examples: 13991
[Layer Freezing] Training last 4 transformer layers (layers 8-11)
[Layer Freezing] Trainable params: 28,384,555 / 108,924,715 (26.1%)
🔍 No compression applied (topk=0)
📊 Model size: 415.51MB (uncompressed)
Original training examples: 2041
[Layer Freezing] Training last 4 transformer layers (layers 8-11)
[Layer Freezing] Trainable params: 28,384,555 / 108,924,715 (26.1%)
🔍 No compression applied (topk=0)
📊 Model size: 415.51MB (uncompressed)
Original training examples: 1583
[Layer Freezing] Training last 4 transformer layers (layers 8-11)
[Layer Freezing] Trainable params: 28,384,555 / 108,924,715 (26.1%)
🔍 No compression applied (topk=0)
📊 Model size: 415.51MB (uncompressed)
Original training examples: 2132
[Layer Freezing] Training last 4 transformer layers (layers 8-11)
[Layer Freezing] Trainable params: 28,384,555 / 108,924,715 (26.1%)
🔍 No compression applied (topk=0)
📊 Model size: 415.51MB (uncompressed)
Original training examples: 1957
[Layer Freezing] Training last 4 transformer layers (layers 8-11)
[Layer Freezing] Trainable params: 28,384,555 / 108,924,715 (26.1%)
🔍 No compression applied (topk=0)
📊 Model size: 415.51MB (uncompressed)
📊 Single model: 415.51 MB
📊 Total uploaded: 4155.15 MB (10 clients)
 Round 45 | F1 0.4020 | P 0.4811 | R 0.3453 | Time 40.2s | Comm 4155.15 MB | Local Avg F1: 0.3318

=== Round 46/100 ===
Original training examples: 957
[Layer Freezing] Training last 4 transformer layers (layers 8-11)
[Layer Freezing] Trainable params: 28,384,555 / 108,924,715 (26.1%)
🔍 No compression applied (topk=0)
📊 Model size: 415.51MB (uncompressed)
Original training examples: 993
[Layer Freezing] Training last 4 transformer layers (layers 8-11)
[Layer Freezing] Trainable params: 28,384,555 / 108,924,715 (26.1%)
🔍 No compression applied (topk=0)
📊 Model size: 415.51MB (uncompressed)
Original training examples: 1793
[Layer Freezing] Training last 4 transformer layers (layers 8-11)
[Layer Freezing] Trainable params: 28,384,555 / 108,924,715 (26.1%)
🔍 No compression applied (topk=0)
📊 Model size: 415.51MB (uncompressed)
Original training examples: 1707
[Layer Freezing] Training last 4 transformer layers (layers 8-11)
[Layer Freezing] Trainable params: 28,384,555 / 108,924,715 (26.1%)
🔍 No compression applied (topk=0)
📊 Model size: 415.51MB (uncompressed)
Original training examples: 8214
[Layer Freezing] Training last 4 transformer layers (layers 8-11)
[Layer Freezing] Trainable params: 28,384,555 / 108,924,715 (26.1%)
🔍 No compression applied (topk=0)
📊 Model size: 415.51MB (uncompressed)
Original training examples: 13991
[Layer Freezing] Training last 4 transformer layers (layers 8-11)
[Layer Freezing] Trainable params: 28,384,555 / 108,924,715 (26.1%)
🔍 No compression applied (topk=0)
📊 Model size: 415.51MB (uncompressed)
Original training examples: 2041
[Layer Freezing] Training last 4 transformer layers (layers 8-11)
[Layer Freezing] Trainable params: 28,384,555 / 108,924,715 (26.1%)
🔍 No compression applied (topk=0)
📊 Model size: 415.51MB (uncompressed)
Original training examples: 1583
[Layer Freezing] Training last 4 transformer layers (layers 8-11)
[Layer Freezing] Trainable params: 28,384,555 / 108,924,715 (26.1%)
🔍 No compression applied (topk=0)
📊 Model size: 415.51MB (uncompressed)
Original training examples: 2132
[Layer Freezing] Training last 4 transformer layers (layers 8-11)
[Layer Freezing] Trainable params: 28,384,555 / 108,924,715 (26.1%)
🔍 No compression applied (topk=0)
📊 Model size: 415.51MB (uncompressed)
Original training examples: 1957
[Layer Freezing] Training last 4 transformer layers (layers 8-11)
[Layer Freezing] Trainable params: 28,384,555 / 108,924,715 (26.1%)
🔍 No compression applied (topk=0)
📊 Model size: 415.51MB (uncompressed)
📊 Single model: 415.51 MB
📊 Total uploaded: 4155.15 MB (10 clients)
 Round 46 | F1 0.4180 | P 0.4675 | R 0.3780 | Time 40.2s | Comm 4155.15 MB | Local Avg F1: 0.3399

=== Round 47/100 ===
Original training examples: 957
[Layer Freezing] Training last 4 transformer layers (layers 8-11)
[Layer Freezing] Trainable params: 28,384,555 / 108,924,715 (26.1%)
🔍 No compression applied (topk=0)
📊 Model size: 415.51MB (uncompressed)
Original training examples: 993
[Layer Freezing] Training last 4 transformer layers (layers 8-11)
[Layer Freezing] Trainable params: 28,384,555 / 108,924,715 (26.1%)
🔍 No compression applied (topk=0)
📊 Model size: 415.51MB (uncompressed)
Original training examples: 1793
[Layer Freezing] Training last 4 transformer layers (layers 8-11)
[Layer Freezing] Trainable params: 28,384,555 / 108,924,715 (26.1%)
🔍 No compression applied (topk=0)
📊 Model size: 415.51MB (uncompressed)
Original training examples: 1707
[Layer Freezing] Training last 4 transformer layers (layers 8-11)
[Layer Freezing] Trainable params: 28,384,555 / 108,924,715 (26.1%)
🔍 No compression applied (topk=0)
📊 Model size: 415.51MB (uncompressed)
Original training examples: 8214
[Layer Freezing] Training last 4 transformer layers (layers 8-11)
[Layer Freezing] Trainable params: 28,384,555 / 108,924,715 (26.1%)
🔍 No compression applied (topk=0)
📊 Model size: 415.51MB (uncompressed)
Original training examples: 13991
[Layer Freezing] Training last 4 transformer layers (layers 8-11)
[Layer Freezing] Trainable params: 28,384,555 / 108,924,715 (26.1%)
🔍 No compression applied (topk=0)
📊 Model size: 415.51MB (uncompressed)
Original training examples: 2041
[Layer Freezing] Training last 4 transformer layers (layers 8-11)
[Layer Freezing] Trainable params: 28,384,555 / 108,924,715 (26.1%)
🔍 No compression applied (topk=0)
📊 Model size: 415.51MB (uncompressed)
Original training examples: 1583
[Layer Freezing] Training last 4 transformer layers (layers 8-11)
[Layer Freezing] Trainable params: 28,384,555 / 108,924,715 (26.1%)
🔍 No compression applied (topk=0)
📊 Model size: 415.51MB (uncompressed)
Original training examples: 2132
[Layer Freezing] Training last 4 transformer layers (layers 8-11)
[Layer Freezing] Trainable params: 28,384,555 / 108,924,715 (26.1%)
🔍 No compression applied (topk=0)
📊 Model size: 415.51MB (uncompressed)
Original training examples: 1957
[Layer Freezing] Training last 4 transformer layers (layers 8-11)
[Layer Freezing] Trainable params: 28,384,555 / 108,924,715 (26.1%)
🔍 No compression applied (topk=0)
📊 Model size: 415.51MB (uncompressed)
📊 Single model: 415.51 MB
📊 Total uploaded: 4155.15 MB (10 clients)
 Round 47 | F1 0.3923 | P 0.4816 | R 0.3309 | Time 39.3s | Comm 4155.15 MB | Local Avg F1: 0.3270

=== Round 48/100 ===
Original training examples: 957
[Layer Freezing] Training last 4 transformer layers (layers 8-11)
[Layer Freezing] Trainable params: 28,384,555 / 108,924,715 (26.1%)
🔍 No compression applied (topk=0)
📊 Model size: 415.51MB (uncompressed)
Original training examples: 993
[Layer Freezing] Training last 4 transformer layers (layers 8-11)
[Layer Freezing] Trainable params: 28,384,555 / 108,924,715 (26.1%)
🔍 No compression applied (topk=0)
📊 Model size: 415.51MB (uncompressed)
Original training examples: 1793
[Layer Freezing] Training last 4 transformer layers (layers 8-11)
[Layer Freezing] Trainable params: 28,384,555 / 108,924,715 (26.1%)
🔍 No compression applied (topk=0)
📊 Model size: 415.51MB (uncompressed)
Original training examples: 1707
[Layer Freezing] Training last 4 transformer layers (layers 8-11)
[Layer Freezing] Trainable params: 28,384,555 / 108,924,715 (26.1%)
🔍 No compression applied (topk=0)
📊 Model size: 415.51MB (uncompressed)
Original training examples: 8214
[Layer Freezing] Training last 4 transformer layers (layers 8-11)
[Layer Freezing] Trainable params: 28,384,555 / 108,924,715 (26.1%)
🔍 No compression applied (topk=0)
📊 Model size: 415.51MB (uncompressed)
Original training examples: 13991
[Layer Freezing] Training last 4 transformer layers (layers 8-11)
[Layer Freezing] Trainable params: 28,384,555 / 108,924,715 (26.1%)
🔍 No compression applied (topk=0)
📊 Model size: 415.51MB (uncompressed)
Original training examples: 2041
[Layer Freezing] Training last 4 transformer layers (layers 8-11)
[Layer Freezing] Trainable params: 28,384,555 / 108,924,715 (26.1%)
🔍 No compression applied (topk=0)
📊 Model size: 415.51MB (uncompressed)
Original training examples: 1583
[Layer Freezing] Training last 4 transformer layers (layers 8-11)
[Layer Freezing] Trainable params: 28,384,555 / 108,924,715 (26.1%)
🔍 No compression applied (topk=0)
📊 Model size: 415.51MB (uncompressed)
Original training examples: 2132
[Layer Freezing] Training last 4 transformer layers (layers 8-11)
[Layer Freezing] Trainable params: 28,384,555 / 108,924,715 (26.1%)
🔍 No compression applied (topk=0)
📊 Model size: 415.51MB (uncompressed)
Original training examples: 1957
[Layer Freezing] Training last 4 transformer layers (layers 8-11)
[Layer Freezing] Trainable params: 28,384,555 / 108,924,715 (26.1%)
🔍 No compression applied (topk=0)
📊 Model size: 415.51MB (uncompressed)
📊 Single model: 415.51 MB
📊 Total uploaded: 4155.15 MB (10 clients)
 Round 48 | F1 0.4184 | P 0.4690 | R 0.3777 | Time 39.9s | Comm 4155.15 MB | Local Avg F1: 0.3425

=== Round 49/100 ===
Original training examples: 957
[Layer Freezing] Training last 4 transformer layers (layers 8-11)
[Layer Freezing] Trainable params: 28,384,555 / 108,924,715 (26.1%)
🔍 No compression applied (topk=0)
📊 Model size: 415.51MB (uncompressed)
Original training examples: 993
[Layer Freezing] Training last 4 transformer layers (layers 8-11)
[Layer Freezing] Trainable params: 28,384,555 / 108,924,715 (26.1%)
🔍 No compression applied (topk=0)
📊 Model size: 415.51MB (uncompressed)
Original training examples: 1793
[Layer Freezing] Training last 4 transformer layers (layers 8-11)
[Layer Freezing] Trainable params: 28,384,555 / 108,924,715 (26.1%)
🔍 No compression applied (topk=0)
📊 Model size: 415.51MB (uncompressed)
Original training examples: 1707
[Layer Freezing] Training last 4 transformer layers (layers 8-11)
[Layer Freezing] Trainable params: 28,384,555 / 108,924,715 (26.1%)
🔍 No compression applied (topk=0)
📊 Model size: 415.51MB (uncompressed)
Original training examples: 8214
[Layer Freezing] Training last 4 transformer layers (layers 8-11)
[Layer Freezing] Trainable params: 28,384,555 / 108,924,715 (26.1%)
🔍 No compression applied (topk=0)
📊 Model size: 415.51MB (uncompressed)
Original training examples: 13991
[Layer Freezing] Training last 4 transformer layers (layers 8-11)
[Layer Freezing] Trainable params: 28,384,555 / 108,924,715 (26.1%)
🔍 No compression applied (topk=0)
📊 Model size: 415.51MB (uncompressed)
Original training examples: 2041
[Layer Freezing] Training last 4 transformer layers (layers 8-11)
[Layer Freezing] Trainable params: 28,384,555 / 108,924,715 (26.1%)
🔍 No compression applied (topk=0)
📊 Model size: 415.51MB (uncompressed)
Original training examples: 1583
[Layer Freezing] Training last 4 transformer layers (layers 8-11)
[Layer Freezing] Trainable params: 28,384,555 / 108,924,715 (26.1%)
🔍 No compression applied (topk=0)
📊 Model size: 415.51MB (uncompressed)
Original training examples: 2132
[Layer Freezing] Training last 4 transformer layers (layers 8-11)
[Layer Freezing] Trainable params: 28,384,555 / 108,924,715 (26.1%)
🔍 No compression applied (topk=0)
📊 Model size: 415.51MB (uncompressed)
Original training examples: 1957
[Layer Freezing] Training last 4 transformer layers (layers 8-11)
[Layer Freezing] Trainable params: 28,384,555 / 108,924,715 (26.1%)
🔍 No compression applied (topk=0)
📊 Model size: 415.51MB (uncompressed)
📊 Single model: 415.51 MB
📊 Total uploaded: 4155.15 MB (10 clients)
 Round 49 | F1 0.4134 | P 0.4758 | R 0.3655 | Time 39.7s | Comm 4155.15 MB | Local Avg F1: 0.3378

=== Round 50/100 ===
Original training examples: 957
[Layer Freezing] Training last 4 transformer layers (layers 8-11)
[Layer Freezing] Trainable params: 28,384,555 / 108,924,715 (26.1%)
🔍 No compression applied (topk=0)
📊 Model size: 415.51MB (uncompressed)
Original training examples: 993
[Layer Freezing] Training last 4 transformer layers (layers 8-11)
[Layer Freezing] Trainable params: 28,384,555 / 108,924,715 (26.1%)
🔍 No compression applied (topk=0)
📊 Model size: 415.51MB (uncompressed)
Original training examples: 1793
[Layer Freezing] Training last 4 transformer layers (layers 8-11)
[Layer Freezing] Trainable params: 28,384,555 / 108,924,715 (26.1%)
🔍 No compression applied (topk=0)
📊 Model size: 415.51MB (uncompressed)
Original training examples: 1707
[Layer Freezing] Training last 4 transformer layers (layers 8-11)
[Layer Freezing] Trainable params: 28,384,555 / 108,924,715 (26.1%)
🔍 No compression applied (topk=0)
📊 Model size: 415.51MB (uncompressed)
Original training examples: 8214
[Layer Freezing] Training last 4 transformer layers (layers 8-11)
[Layer Freezing] Trainable params: 28,384,555 / 108,924,715 (26.1%)
🔍 No compression applied (topk=0)
📊 Model size: 415.51MB (uncompressed)
Original training examples: 13991
[Layer Freezing] Training last 4 transformer layers (layers 8-11)
[Layer Freezing] Trainable params: 28,384,555 / 108,924,715 (26.1%)
🔍 No compression applied (topk=0)
📊 Model size: 415.51MB (uncompressed)
Original training examples: 2041
[Layer Freezing] Training last 4 transformer layers (layers 8-11)
[Layer Freezing] Trainable params: 28,384,555 / 108,924,715 (26.1%)
🔍 No compression applied (topk=0)
📊 Model size: 415.51MB (uncompressed)
Original training examples: 1583
[Layer Freezing] Training last 4 transformer layers (layers 8-11)
[Layer Freezing] Trainable params: 28,384,555 / 108,924,715 (26.1%)
🔍 No compression applied (topk=0)
📊 Model size: 415.51MB (uncompressed)
Original training examples: 2132
[Layer Freezing] Training last 4 transformer layers (layers 8-11)
[Layer Freezing] Trainable params: 28,384,555 / 108,924,715 (26.1%)
🔍 No compression applied (topk=0)
📊 Model size: 415.51MB (uncompressed)
Original training examples: 1957
[Layer Freezing] Training last 4 transformer layers (layers 8-11)
[Layer Freezing] Trainable params: 28,384,555 / 108,924,715 (26.1%)
🔍 No compression applied (topk=0)
📊 Model size: 415.51MB (uncompressed)
📊 Single model: 415.51 MB
📊 Total uploaded: 4155.15 MB (10 clients)
 Round 50 | F1 0.4119 | P 0.4759 | R 0.3631 | Time 40.2s | Comm 4155.15 MB | Local Avg F1: 0.3394

=== Round 51/100 ===
Original training examples: 957
[Layer Freezing] Training last 4 transformer layers (layers 8-11)
[Layer Freezing] Trainable params: 28,384,555 / 108,924,715 (26.1%)
🔍 No compression applied (topk=0)
📊 Model size: 415.51MB (uncompressed)
Original training examples: 993
[Layer Freezing] Training last 4 transformer layers (layers 8-11)
[Layer Freezing] Trainable params: 28,384,555 / 108,924,715 (26.1%)
🔍 No compression applied (topk=0)
📊 Model size: 415.51MB (uncompressed)
Original training examples: 1793
[Layer Freezing] Training last 4 transformer layers (layers 8-11)
[Layer Freezing] Trainable params: 28,384,555 / 108,924,715 (26.1%)
🔍 No compression applied (topk=0)
📊 Model size: 415.51MB (uncompressed)
Original training examples: 1707
[Layer Freezing] Training last 4 transformer layers (layers 8-11)
[Layer Freezing] Trainable params: 28,384,555 / 108,924,715 (26.1%)
🔍 No compression applied (topk=0)
📊 Model size: 415.51MB (uncompressed)
Original training examples: 8214
[Layer Freezing] Training last 4 transformer layers (layers 8-11)
[Layer Freezing] Trainable params: 28,384,555 / 108,924,715 (26.1%)
🔍 No compression applied (topk=0)
📊 Model size: 415.51MB (uncompressed)
Original training examples: 13991
[Layer Freezing] Training last 4 transformer layers (layers 8-11)
[Layer Freezing] Trainable params: 28,384,555 / 108,924,715 (26.1%)
🔍 No compression applied (topk=0)
📊 Model size: 415.51MB (uncompressed)
Original training examples: 2041
[Layer Freezing] Training last 4 transformer layers (layers 8-11)
[Layer Freezing] Trainable params: 28,384,555 / 108,924,715 (26.1%)
🔍 No compression applied (topk=0)
📊 Model size: 415.51MB (uncompressed)
Original training examples: 1583
[Layer Freezing] Training last 4 transformer layers (layers 8-11)
[Layer Freezing] Trainable params: 28,384,555 / 108,924,715 (26.1%)
🔍 No compression applied (topk=0)
📊 Model size: 415.51MB (uncompressed)
Original training examples: 2132
[Layer Freezing] Training last 4 transformer layers (layers 8-11)
[Layer Freezing] Trainable params: 28,384,555 / 108,924,715 (26.1%)
🔍 No compression applied (topk=0)
📊 Model size: 415.51MB (uncompressed)
Original training examples: 1957
[Layer Freezing] Training last 4 transformer layers (layers 8-11)
[Layer Freezing] Trainable params: 28,384,555 / 108,924,715 (26.1%)
🔍 No compression applied (topk=0)
📊 Model size: 415.51MB (uncompressed)
📊 Single model: 415.51 MB
📊 Total uploaded: 4155.15 MB (10 clients)
 Round 51 | F1 0.4151 | P 0.4739 | R 0.3693 | Time 39.9s | Comm 4155.15 MB | Local Avg F1: 0.3418

=== Round 52/100 ===
Original training examples: 957
[Layer Freezing] Training last 4 transformer layers (layers 8-11)
[Layer Freezing] Trainable params: 28,384,555 / 108,924,715 (26.1%)
🔍 No compression applied (topk=0)
📊 Model size: 415.51MB (uncompressed)
Original training examples: 993
[Layer Freezing] Training last 4 transformer layers (layers 8-11)
[Layer Freezing] Trainable params: 28,384,555 / 108,924,715 (26.1%)
🔍 No compression applied (topk=0)
📊 Model size: 415.51MB (uncompressed)
Original training examples: 1793
[Layer Freezing] Training last 4 transformer layers (layers 8-11)
[Layer Freezing] Trainable params: 28,384,555 / 108,924,715 (26.1%)
🔍 No compression applied (topk=0)
📊 Model size: 415.51MB (uncompressed)
Original training examples: 1707
[Layer Freezing] Training last 4 transformer layers (layers 8-11)
[Layer Freezing] Trainable params: 28,384,555 / 108,924,715 (26.1%)
🔍 No compression applied (topk=0)
📊 Model size: 415.51MB (uncompressed)
Original training examples: 8214
[Layer Freezing] Training last 4 transformer layers (layers 8-11)
[Layer Freezing] Trainable params: 28,384,555 / 108,924,715 (26.1%)
🔍 No compression applied (topk=0)
📊 Model size: 415.51MB (uncompressed)
Original training examples: 13991
[Layer Freezing] Training last 4 transformer layers (layers 8-11)
[Layer Freezing] Trainable params: 28,384,555 / 108,924,715 (26.1%)
🔍 No compression applied (topk=0)
📊 Model size: 415.51MB (uncompressed)
Original training examples: 2041
[Layer Freezing] Training last 4 transformer layers (layers 8-11)
[Layer Freezing] Trainable params: 28,384,555 / 108,924,715 (26.1%)
🔍 No compression applied (topk=0)
📊 Model size: 415.51MB (uncompressed)
Original training examples: 1583
[Layer Freezing] Training last 4 transformer layers (layers 8-11)
[Layer Freezing] Trainable params: 28,384,555 / 108,924,715 (26.1%)
🔍 No compression applied (topk=0)
📊 Model size: 415.51MB (uncompressed)
Original training examples: 2132
[Layer Freezing] Training last 4 transformer layers (layers 8-11)
[Layer Freezing] Trainable params: 28,384,555 / 108,924,715 (26.1%)
🔍 No compression applied (topk=0)
📊 Model size: 415.51MB (uncompressed)
Original training examples: 1957
[Layer Freezing] Training last 4 transformer layers (layers 8-11)
[Layer Freezing] Trainable params: 28,384,555 / 108,924,715 (26.1%)
🔍 No compression applied (topk=0)
📊 Model size: 415.51MB (uncompressed)
📊 Single model: 415.51 MB
📊 Total uploaded: 4155.15 MB (10 clients)
 Round 52 | F1 0.4156 | P 0.4759 | R 0.3689 | Time 39.0s | Comm 4155.15 MB | Local Avg F1: 0.3424

=== Round 53/100 ===
Original training examples: 957
[Layer Freezing] Training last 4 transformer layers (layers 8-11)
[Layer Freezing] Trainable params: 28,384,555 / 108,924,715 (26.1%)
🔍 No compression applied (topk=0)
📊 Model size: 415.51MB (uncompressed)
Original training examples: 993
[Layer Freezing] Training last 4 transformer layers (layers 8-11)
[Layer Freezing] Trainable params: 28,384,555 / 108,924,715 (26.1%)
🔍 No compression applied (topk=0)
📊 Model size: 415.51MB (uncompressed)
Original training examples: 1793
[Layer Freezing] Training last 4 transformer layers (layers 8-11)
[Layer Freezing] Trainable params: 28,384,555 / 108,924,715 (26.1%)
🔍 No compression applied (topk=0)
📊 Model size: 415.51MB (uncompressed)
Original training examples: 1707
[Layer Freezing] Training last 4 transformer layers (layers 8-11)
[Layer Freezing] Trainable params: 28,384,555 / 108,924,715 (26.1%)
🔍 No compression applied (topk=0)
📊 Model size: 415.51MB (uncompressed)
Original training examples: 8214
[Layer Freezing] Training last 4 transformer layers (layers 8-11)
[Layer Freezing] Trainable params: 28,384,555 / 108,924,715 (26.1%)
🔍 No compression applied (topk=0)
📊 Model size: 415.51MB (uncompressed)
Original training examples: 13991
[Layer Freezing] Training last 4 transformer layers (layers 8-11)
[Layer Freezing] Trainable params: 28,384,555 / 108,924,715 (26.1%)
🔍 No compression applied (topk=0)
📊 Model size: 415.51MB (uncompressed)
Original training examples: 2041
[Layer Freezing] Training last 4 transformer layers (layers 8-11)
[Layer Freezing] Trainable params: 28,384,555 / 108,924,715 (26.1%)
🔍 No compression applied (topk=0)
📊 Model size: 415.51MB (uncompressed)
Original training examples: 1583
[Layer Freezing] Training last 4 transformer layers (layers 8-11)
[Layer Freezing] Trainable params: 28,384,555 / 108,924,715 (26.1%)
🔍 No compression applied (topk=0)
📊 Model size: 415.51MB (uncompressed)
Original training examples: 2132
[Layer Freezing] Training last 4 transformer layers (layers 8-11)
[Layer Freezing] Trainable params: 28,384,555 / 108,924,715 (26.1%)
🔍 No compression applied (topk=0)
📊 Model size: 415.51MB (uncompressed)
Original training examples: 1957
[Layer Freezing] Training last 4 transformer layers (layers 8-11)
[Layer Freezing] Trainable params: 28,384,555 / 108,924,715 (26.1%)
🔍 No compression applied (topk=0)
📊 Model size: 415.51MB (uncompressed)
📊 Single model: 415.51 MB
📊 Total uploaded: 4155.15 MB (10 clients)
 Round 53 | F1 0.4160 | P 0.4832 | R 0.3652 | Time 41.2s | Comm 4155.15 MB | Local Avg F1: 0.3429

=== Round 54/100 ===
Original training examples: 957
[Layer Freezing] Training last 4 transformer layers (layers 8-11)
[Layer Freezing] Trainable params: 28,384,555 / 108,924,715 (26.1%)
🔍 No compression applied (topk=0)
📊 Model size: 415.51MB (uncompressed)
Original training examples: 993
[Layer Freezing] Training last 4 transformer layers (layers 8-11)
[Layer Freezing] Trainable params: 28,384,555 / 108,924,715 (26.1%)
🔍 No compression applied (topk=0)
📊 Model size: 415.51MB (uncompressed)
Original training examples: 1793
[Layer Freezing] Training last 4 transformer layers (layers 8-11)
[Layer Freezing] Trainable params: 28,384,555 / 108,924,715 (26.1%)
🔍 No compression applied (topk=0)
📊 Model size: 415.51MB (uncompressed)
Original training examples: 1707
[Layer Freezing] Training last 4 transformer layers (layers 8-11)
[Layer Freezing] Trainable params: 28,384,555 / 108,924,715 (26.1%)
🔍 No compression applied (topk=0)
📊 Model size: 415.51MB (uncompressed)
Original training examples: 8214
[Layer Freezing] Training last 4 transformer layers (layers 8-11)
[Layer Freezing] Trainable params: 28,384,555 / 108,924,715 (26.1%)
🔍 No compression applied (topk=0)
📊 Model size: 415.51MB (uncompressed)
Original training examples: 13991
[Layer Freezing] Training last 4 transformer layers (layers 8-11)
[Layer Freezing] Trainable params: 28,384,555 / 108,924,715 (26.1%)
🔍 No compression applied (topk=0)
📊 Model size: 415.51MB (uncompressed)
Original training examples: 2041
[Layer Freezing] Training last 4 transformer layers (layers 8-11)
[Layer Freezing] Trainable params: 28,384,555 / 108,924,715 (26.1%)
🔍 No compression applied (topk=0)
📊 Model size: 415.51MB (uncompressed)
Original training examples: 1583
[Layer Freezing] Training last 4 transformer layers (layers 8-11)
[Layer Freezing] Trainable params: 28,384,555 / 108,924,715 (26.1%)
🔍 No compression applied (topk=0)
📊 Model size: 415.51MB (uncompressed)
Original training examples: 2132
[Layer Freezing] Training last 4 transformer layers (layers 8-11)
[Layer Freezing] Trainable params: 28,384,555 / 108,924,715 (26.1%)
🔍 No compression applied (topk=0)
📊 Model size: 415.51MB (uncompressed)
Original training examples: 1957
[Layer Freezing] Training last 4 transformer layers (layers 8-11)
[Layer Freezing] Trainable params: 28,384,555 / 108,924,715 (26.1%)
🔍 No compression applied (topk=0)
📊 Model size: 415.51MB (uncompressed)
📊 Single model: 415.51 MB
📊 Total uploaded: 4155.15 MB (10 clients)
 Round 54 | F1 0.4209 | P 0.4778 | R 0.3762 | Time 39.2s | Comm 4155.15 MB | Local Avg F1: 0.3463

=== Round 55/100 ===
Original training examples: 957
[Layer Freezing] Training last 4 transformer layers (layers 8-11)
[Layer Freezing] Trainable params: 28,384,555 / 108,924,715 (26.1%)
🔍 No compression applied (topk=0)
📊 Model size: 415.51MB (uncompressed)
Original training examples: 993
[Layer Freezing] Training last 4 transformer layers (layers 8-11)
[Layer Freezing] Trainable params: 28,384,555 / 108,924,715 (26.1%)
🔍 No compression applied (topk=0)
📊 Model size: 415.51MB (uncompressed)
Original training examples: 1793
[Layer Freezing] Training last 4 transformer layers (layers 8-11)
[Layer Freezing] Trainable params: 28,384,555 / 108,924,715 (26.1%)
🔍 No compression applied (topk=0)
📊 Model size: 415.51MB (uncompressed)
Original training examples: 1707
[Layer Freezing] Training last 4 transformer layers (layers 8-11)
[Layer Freezing] Trainable params: 28,384,555 / 108,924,715 (26.1%)
🔍 No compression applied (topk=0)
📊 Model size: 415.51MB (uncompressed)
Original training examples: 8214
[Layer Freezing] Training last 4 transformer layers (layers 8-11)
[Layer Freezing] Trainable params: 28,384,555 / 108,924,715 (26.1%)
🔍 No compression applied (topk=0)
📊 Model size: 415.51MB (uncompressed)
Original training examples: 13991
[Layer Freezing] Training last 4 transformer layers (layers 8-11)
[Layer Freezing] Trainable params: 28,384,555 / 108,924,715 (26.1%)
🔍 No compression applied (topk=0)
📊 Model size: 415.51MB (uncompressed)
Original training examples: 2041
[Layer Freezing] Training last 4 transformer layers (layers 8-11)
[Layer Freezing] Trainable params: 28,384,555 / 108,924,715 (26.1%)
🔍 No compression applied (topk=0)
📊 Model size: 415.51MB (uncompressed)
Original training examples: 1583
[Layer Freezing] Training last 4 transformer layers (layers 8-11)
[Layer Freezing] Trainable params: 28,384,555 / 108,924,715 (26.1%)
🔍 No compression applied (topk=0)
📊 Model size: 415.51MB (uncompressed)
Original training examples: 2132
[Layer Freezing] Training last 4 transformer layers (layers 8-11)
[Layer Freezing] Trainable params: 28,384,555 / 108,924,715 (26.1%)
🔍 No compression applied (topk=0)
📊 Model size: 415.51MB (uncompressed)
Original training examples: 1957
[Layer Freezing] Training last 4 transformer layers (layers 8-11)
[Layer Freezing] Trainable params: 28,384,555 / 108,924,715 (26.1%)
🔍 No compression applied (topk=0)
📊 Model size: 415.51MB (uncompressed)
📊 Single model: 415.51 MB
📊 Total uploaded: 4155.15 MB (10 clients)
 Round 55 | F1 0.4263 | P 0.4739 | R 0.3874 | Time 40.9s | Comm 4155.15 MB | Local Avg F1: 0.3471

=== Round 56/100 ===
Original training examples: 957
[Layer Freezing] Training last 4 transformer layers (layers 8-11)
[Layer Freezing] Trainable params: 28,384,555 / 108,924,715 (26.1%)
🔍 No compression applied (topk=0)
📊 Model size: 415.51MB (uncompressed)
Original training examples: 993
[Layer Freezing] Training last 4 transformer layers (layers 8-11)
[Layer Freezing] Trainable params: 28,384,555 / 108,924,715 (26.1%)
🔍 No compression applied (topk=0)
📊 Model size: 415.51MB (uncompressed)
Original training examples: 1793
[Layer Freezing] Training last 4 transformer layers (layers 8-11)
[Layer Freezing] Trainable params: 28,384,555 / 108,924,715 (26.1%)
🔍 No compression applied (topk=0)
📊 Model size: 415.51MB (uncompressed)
Original training examples: 1707
[Layer Freezing] Training last 4 transformer layers (layers 8-11)
[Layer Freezing] Trainable params: 28,384,555 / 108,924,715 (26.1%)
🔍 No compression applied (topk=0)
📊 Model size: 415.51MB (uncompressed)
Original training examples: 8214
[Layer Freezing] Training last 4 transformer layers (layers 8-11)
[Layer Freezing] Trainable params: 28,384,555 / 108,924,715 (26.1%)
🔍 No compression applied (topk=0)
📊 Model size: 415.51MB (uncompressed)
Original training examples: 13991
[Layer Freezing] Training last 4 transformer layers (layers 8-11)
[Layer Freezing] Trainable params: 28,384,555 / 108,924,715 (26.1%)
🔍 No compression applied (topk=0)
📊 Model size: 415.51MB (uncompressed)
Original training examples: 2041
[Layer Freezing] Training last 4 transformer layers (layers 8-11)
[Layer Freezing] Trainable params: 28,384,555 / 108,924,715 (26.1%)
🔍 No compression applied (topk=0)
📊 Model size: 415.51MB (uncompressed)
Original training examples: 1583
[Layer Freezing] Training last 4 transformer layers (layers 8-11)
[Layer Freezing] Trainable params: 28,384,555 / 108,924,715 (26.1%)
🔍 No compression applied (topk=0)
📊 Model size: 415.51MB (uncompressed)
Original training examples: 2132
[Layer Freezing] Training last 4 transformer layers (layers 8-11)
[Layer Freezing] Trainable params: 28,384,555 / 108,924,715 (26.1%)
🔍 No compression applied (topk=0)
📊 Model size: 415.51MB (uncompressed)
Original training examples: 1957
[Layer Freezing] Training last 4 transformer layers (layers 8-11)
[Layer Freezing] Trainable params: 28,384,555 / 108,924,715 (26.1%)
🔍 No compression applied (topk=0)
📊 Model size: 415.51MB (uncompressed)
📊 Single model: 415.51 MB
📊 Total uploaded: 4155.15 MB (10 clients)
 Round 56 | F1 0.4209 | P 0.4796 | R 0.3750 | Time 40.5s | Comm 4155.15 MB | Local Avg F1: 0.3464

=== Round 57/100 ===
Original training examples: 957
[Layer Freezing] Training last 4 transformer layers (layers 8-11)
[Layer Freezing] Trainable params: 28,384,555 / 108,924,715 (26.1%)
🔍 No compression applied (topk=0)
📊 Model size: 415.51MB (uncompressed)
Original training examples: 993
[Layer Freezing] Training last 4 transformer layers (layers 8-11)
[Layer Freezing] Trainable params: 28,384,555 / 108,924,715 (26.1%)
🔍 No compression applied (topk=0)
📊 Model size: 415.51MB (uncompressed)
Original training examples: 1793
[Layer Freezing] Training last 4 transformer layers (layers 8-11)
[Layer Freezing] Trainable params: 28,384,555 / 108,924,715 (26.1%)
🔍 No compression applied (topk=0)
📊 Model size: 415.51MB (uncompressed)
Original training examples: 1707
[Layer Freezing] Training last 4 transformer layers (layers 8-11)
[Layer Freezing] Trainable params: 28,384,555 / 108,924,715 (26.1%)
🔍 No compression applied (topk=0)
📊 Model size: 415.51MB (uncompressed)
Original training examples: 8214
[Layer Freezing] Training last 4 transformer layers (layers 8-11)
[Layer Freezing] Trainable params: 28,384,555 / 108,924,715 (26.1%)
🔍 No compression applied (topk=0)
📊 Model size: 415.51MB (uncompressed)
Original training examples: 13991
[Layer Freezing] Training last 4 transformer layers (layers 8-11)
[Layer Freezing] Trainable params: 28,384,555 / 108,924,715 (26.1%)
🔍 No compression applied (topk=0)
📊 Model size: 415.51MB (uncompressed)
Original training examples: 2041
[Layer Freezing] Training last 4 transformer layers (layers 8-11)
[Layer Freezing] Trainable params: 28,384,555 / 108,924,715 (26.1%)
🔍 No compression applied (topk=0)
📊 Model size: 415.51MB (uncompressed)
Original training examples: 1583
[Layer Freezing] Training last 4 transformer layers (layers 8-11)
[Layer Freezing] Trainable params: 28,384,555 / 108,924,715 (26.1%)
🔍 No compression applied (topk=0)
📊 Model size: 415.51MB (uncompressed)
Original training examples: 2132
[Layer Freezing] Training last 4 transformer layers (layers 8-11)
[Layer Freezing] Trainable params: 28,384,555 / 108,924,715 (26.1%)
🔍 No compression applied (topk=0)
📊 Model size: 415.51MB (uncompressed)
Original training examples: 1957
[Layer Freezing] Training last 4 transformer layers (layers 8-11)
[Layer Freezing] Trainable params: 28,384,555 / 108,924,715 (26.1%)
🔍 No compression applied (topk=0)
📊 Model size: 415.51MB (uncompressed)
📊 Single model: 415.51 MB
📊 Total uploaded: 4155.15 MB (10 clients)
 Round 57 | F1 0.4257 | P 0.4768 | R 0.3845 | Time 39.4s | Comm 4155.15 MB | Local Avg F1: 0.3490

=== Round 58/100 ===
Original training examples: 957
[Layer Freezing] Training last 4 transformer layers (layers 8-11)
[Layer Freezing] Trainable params: 28,384,555 / 108,924,715 (26.1%)
🔍 No compression applied (topk=0)
📊 Model size: 415.51MB (uncompressed)
Original training examples: 993
[Layer Freezing] Training last 4 transformer layers (layers 8-11)
[Layer Freezing] Trainable params: 28,384,555 / 108,924,715 (26.1%)
🔍 No compression applied (topk=0)
📊 Model size: 415.51MB (uncompressed)
Original training examples: 1793
[Layer Freezing] Training last 4 transformer layers (layers 8-11)
[Layer Freezing] Trainable params: 28,384,555 / 108,924,715 (26.1%)
🔍 No compression applied (topk=0)
📊 Model size: 415.51MB (uncompressed)
Original training examples: 1707
[Layer Freezing] Training last 4 transformer layers (layers 8-11)
[Layer Freezing] Trainable params: 28,384,555 / 108,924,715 (26.1%)
🔍 No compression applied (topk=0)
📊 Model size: 415.51MB (uncompressed)
Original training examples: 8214
[Layer Freezing] Training last 4 transformer layers (layers 8-11)
[Layer Freezing] Trainable params: 28,384,555 / 108,924,715 (26.1%)
🔍 No compression applied (topk=0)
📊 Model size: 415.51MB (uncompressed)
Original training examples: 13991
[Layer Freezing] Training last 4 transformer layers (layers 8-11)
[Layer Freezing] Trainable params: 28,384,555 / 108,924,715 (26.1%)
🔍 No compression applied (topk=0)
📊 Model size: 415.51MB (uncompressed)
Original training examples: 2041
[Layer Freezing] Training last 4 transformer layers (layers 8-11)
[Layer Freezing] Trainable params: 28,384,555 / 108,924,715 (26.1%)
🔍 No compression applied (topk=0)
📊 Model size: 415.51MB (uncompressed)
Original training examples: 1583
[Layer Freezing] Training last 4 transformer layers (layers 8-11)
[Layer Freezing] Trainable params: 28,384,555 / 108,924,715 (26.1%)
🔍 No compression applied (topk=0)
📊 Model size: 415.51MB (uncompressed)
Original training examples: 2132
[Layer Freezing] Training last 4 transformer layers (layers 8-11)
[Layer Freezing] Trainable params: 28,384,555 / 108,924,715 (26.1%)
🔍 No compression applied (topk=0)
📊 Model size: 415.51MB (uncompressed)
Original training examples: 1957
[Layer Freezing] Training last 4 transformer layers (layers 8-11)
[Layer Freezing] Trainable params: 28,384,555 / 108,924,715 (26.1%)
🔍 No compression applied (topk=0)
📊 Model size: 415.51MB (uncompressed)
📊 Single model: 415.51 MB
📊 Total uploaded: 4155.15 MB (10 clients)
 Round 58 | F1 0.4183 | P 0.4831 | R 0.3688 | Time 40.8s | Comm 4155.15 MB | Local Avg F1: 0.3395

=== Round 59/100 ===
Original training examples: 957
[Layer Freezing] Training last 4 transformer layers (layers 8-11)
[Layer Freezing] Trainable params: 28,384,555 / 108,924,715 (26.1%)
🔍 No compression applied (topk=0)
📊 Model size: 415.51MB (uncompressed)
Original training examples: 993
[Layer Freezing] Training last 4 transformer layers (layers 8-11)
[Layer Freezing] Trainable params: 28,384,555 / 108,924,715 (26.1%)
🔍 No compression applied (topk=0)
📊 Model size: 415.51MB (uncompressed)
Original training examples: 1793
[Layer Freezing] Training last 4 transformer layers (layers 8-11)
[Layer Freezing] Trainable params: 28,384,555 / 108,924,715 (26.1%)
🔍 No compression applied (topk=0)
📊 Model size: 415.51MB (uncompressed)
Original training examples: 1707
[Layer Freezing] Training last 4 transformer layers (layers 8-11)
[Layer Freezing] Trainable params: 28,384,555 / 108,924,715 (26.1%)
🔍 No compression applied (topk=0)
📊 Model size: 415.51MB (uncompressed)
Original training examples: 8214
[Layer Freezing] Training last 4 transformer layers (layers 8-11)
[Layer Freezing] Trainable params: 28,384,555 / 108,924,715 (26.1%)
🔍 No compression applied (topk=0)
📊 Model size: 415.51MB (uncompressed)
Original training examples: 13991
[Layer Freezing] Training last 4 transformer layers (layers 8-11)
[Layer Freezing] Trainable params: 28,384,555 / 108,924,715 (26.1%)
🔍 No compression applied (topk=0)
📊 Model size: 415.51MB (uncompressed)
Original training examples: 2041
[Layer Freezing] Training last 4 transformer layers (layers 8-11)
[Layer Freezing] Trainable params: 28,384,555 / 108,924,715 (26.1%)
🔍 No compression applied (topk=0)
📊 Model size: 415.51MB (uncompressed)
Original training examples: 1583
[Layer Freezing] Training last 4 transformer layers (layers 8-11)
[Layer Freezing] Trainable params: 28,384,555 / 108,924,715 (26.1%)
🔍 No compression applied (topk=0)
📊 Model size: 415.51MB (uncompressed)
Original training examples: 2132
[Layer Freezing] Training last 4 transformer layers (layers 8-11)
[Layer Freezing] Trainable params: 28,384,555 / 108,924,715 (26.1%)
🔍 No compression applied (topk=0)
📊 Model size: 415.51MB (uncompressed)
Original training examples: 1957
[Layer Freezing] Training last 4 transformer layers (layers 8-11)
[Layer Freezing] Trainable params: 28,384,555 / 108,924,715 (26.1%)
🔍 No compression applied (topk=0)
📊 Model size: 415.51MB (uncompressed)
📊 Single model: 415.51 MB
📊 Total uploaded: 4155.15 MB (10 clients)
 Round 59 | F1 0.4174 | P 0.4829 | R 0.3676 | Time 41.2s | Comm 4155.15 MB | Local Avg F1: 0.3440

=== Round 60/100 ===
Original training examples: 957
[Layer Freezing] Training last 4 transformer layers (layers 8-11)
[Layer Freezing] Trainable params: 28,384,555 / 108,924,715 (26.1%)
🔍 No compression applied (topk=0)
📊 Model size: 415.51MB (uncompressed)
Original training examples: 993
[Layer Freezing] Training last 4 transformer layers (layers 8-11)
[Layer Freezing] Trainable params: 28,384,555 / 108,924,715 (26.1%)
🔍 No compression applied (topk=0)
📊 Model size: 415.51MB (uncompressed)
Original training examples: 1793
[Layer Freezing] Training last 4 transformer layers (layers 8-11)
[Layer Freezing] Trainable params: 28,384,555 / 108,924,715 (26.1%)
🔍 No compression applied (topk=0)
📊 Model size: 415.51MB (uncompressed)
Original training examples: 1707
[Layer Freezing] Training last 4 transformer layers (layers 8-11)
[Layer Freezing] Trainable params: 28,384,555 / 108,924,715 (26.1%)
🔍 No compression applied (topk=0)
📊 Model size: 415.51MB (uncompressed)
Original training examples: 8214
[Layer Freezing] Training last 4 transformer layers (layers 8-11)
[Layer Freezing] Trainable params: 28,384,555 / 108,924,715 (26.1%)
🔍 No compression applied (topk=0)
📊 Model size: 415.51MB (uncompressed)
Original training examples: 13991
[Layer Freezing] Training last 4 transformer layers (layers 8-11)
[Layer Freezing] Trainable params: 28,384,555 / 108,924,715 (26.1%)
🔍 No compression applied (topk=0)
📊 Model size: 415.51MB (uncompressed)
Original training examples: 2041
[Layer Freezing] Training last 4 transformer layers (layers 8-11)
[Layer Freezing] Trainable params: 28,384,555 / 108,924,715 (26.1%)
🔍 No compression applied (topk=0)
📊 Model size: 415.51MB (uncompressed)
Original training examples: 1583
[Layer Freezing] Training last 4 transformer layers (layers 8-11)
[Layer Freezing] Trainable params: 28,384,555 / 108,924,715 (26.1%)
🔍 No compression applied (topk=0)
📊 Model size: 415.51MB (uncompressed)
Original training examples: 2132
[Layer Freezing] Training last 4 transformer layers (layers 8-11)
[Layer Freezing] Trainable params: 28,384,555 / 108,924,715 (26.1%)
🔍 No compression applied (topk=0)
📊 Model size: 415.51MB (uncompressed)
Original training examples: 1957
[Layer Freezing] Training last 4 transformer layers (layers 8-11)
[Layer Freezing] Trainable params: 28,384,555 / 108,924,715 (26.1%)
🔍 No compression applied (topk=0)
📊 Model size: 415.51MB (uncompressed)
📊 Single model: 415.51 MB
📊 Total uploaded: 4155.15 MB (10 clients)
 Round 60 | F1 0.4210 | P 0.4794 | R 0.3753 | Time 40.5s | Comm 4155.15 MB | Local Avg F1: 0.3451

=== Round 61/100 ===
Original training examples: 957
[Layer Freezing] Training last 4 transformer layers (layers 8-11)
[Layer Freezing] Trainable params: 28,384,555 / 108,924,715 (26.1%)
🔍 No compression applied (topk=0)
📊 Model size: 415.51MB (uncompressed)
Original training examples: 993
[Layer Freezing] Training last 4 transformer layers (layers 8-11)
[Layer Freezing] Trainable params: 28,384,555 / 108,924,715 (26.1%)
🔍 No compression applied (topk=0)
📊 Model size: 415.51MB (uncompressed)
Original training examples: 1793
[Layer Freezing] Training last 4 transformer layers (layers 8-11)
[Layer Freezing] Trainable params: 28,384,555 / 108,924,715 (26.1%)
🔍 No compression applied (topk=0)
📊 Model size: 415.51MB (uncompressed)
Original training examples: 1707
[Layer Freezing] Training last 4 transformer layers (layers 8-11)
[Layer Freezing] Trainable params: 28,384,555 / 108,924,715 (26.1%)
🔍 No compression applied (topk=0)
📊 Model size: 415.51MB (uncompressed)
Original training examples: 8214
[Layer Freezing] Training last 4 transformer layers (layers 8-11)
[Layer Freezing] Trainable params: 28,384,555 / 108,924,715 (26.1%)
🔍 No compression applied (topk=0)
📊 Model size: 415.51MB (uncompressed)
Original training examples: 13991
[Layer Freezing] Training last 4 transformer layers (layers 8-11)
[Layer Freezing] Trainable params: 28,384,555 / 108,924,715 (26.1%)
🔍 No compression applied (topk=0)
📊 Model size: 415.51MB (uncompressed)
Original training examples: 2041
[Layer Freezing] Training last 4 transformer layers (layers 8-11)
[Layer Freezing] Trainable params: 28,384,555 / 108,924,715 (26.1%)
🔍 No compression applied (topk=0)
📊 Model size: 415.51MB (uncompressed)
Original training examples: 1583
[Layer Freezing] Training last 4 transformer layers (layers 8-11)
[Layer Freezing] Trainable params: 28,384,555 / 108,924,715 (26.1%)
🔍 No compression applied (topk=0)
📊 Model size: 415.51MB (uncompressed)
Original training examples: 2132
[Layer Freezing] Training last 4 transformer layers (layers 8-11)
[Layer Freezing] Trainable params: 28,384,555 / 108,924,715 (26.1%)
🔍 No compression applied (topk=0)
📊 Model size: 415.51MB (uncompressed)
Original training examples: 1957
[Layer Freezing] Training last 4 transformer layers (layers 8-11)
[Layer Freezing] Trainable params: 28,384,555 / 108,924,715 (26.1%)
🔍 No compression applied (topk=0)
📊 Model size: 415.51MB (uncompressed)
📊 Single model: 415.51 MB
📊 Total uploaded: 4155.15 MB (10 clients)
 Round 61 | F1 0.4213 | P 0.4813 | R 0.3746 | Time 40.2s | Comm 4155.15 MB | Local Avg F1: 0.3495

=== Round 62/100 ===
Original training examples: 957
[Layer Freezing] Training last 4 transformer layers (layers 8-11)
[Layer Freezing] Trainable params: 28,384,555 / 108,924,715 (26.1%)
🔍 No compression applied (topk=0)
📊 Model size: 415.51MB (uncompressed)
Original training examples: 993
[Layer Freezing] Training last 4 transformer layers (layers 8-11)
[Layer Freezing] Trainable params: 28,384,555 / 108,924,715 (26.1%)
🔍 No compression applied (topk=0)
📊 Model size: 415.51MB (uncompressed)
Original training examples: 1793
[Layer Freezing] Training last 4 transformer layers (layers 8-11)
[Layer Freezing] Trainable params: 28,384,555 / 108,924,715 (26.1%)
🔍 No compression applied (topk=0)
📊 Model size: 415.51MB (uncompressed)
Original training examples: 1707
[Layer Freezing] Training last 4 transformer layers (layers 8-11)
[Layer Freezing] Trainable params: 28,384,555 / 108,924,715 (26.1%)
🔍 No compression applied (topk=0)
📊 Model size: 415.51MB (uncompressed)
Original training examples: 8214
[Layer Freezing] Training last 4 transformer layers (layers 8-11)
[Layer Freezing] Trainable params: 28,384,555 / 108,924,715 (26.1%)
🔍 No compression applied (topk=0)
📊 Model size: 415.51MB (uncompressed)
Original training examples: 13991
[Layer Freezing] Training last 4 transformer layers (layers 8-11)
[Layer Freezing] Trainable params: 28,384,555 / 108,924,715 (26.1%)
🔍 No compression applied (topk=0)
📊 Model size: 415.51MB (uncompressed)
Original training examples: 2041
[Layer Freezing] Training last 4 transformer layers (layers 8-11)
[Layer Freezing] Trainable params: 28,384,555 / 108,924,715 (26.1%)
🔍 No compression applied (topk=0)
📊 Model size: 415.51MB (uncompressed)
Original training examples: 1583
[Layer Freezing] Training last 4 transformer layers (layers 8-11)
[Layer Freezing] Trainable params: 28,384,555 / 108,924,715 (26.1%)
🔍 No compression applied (topk=0)
📊 Model size: 415.51MB (uncompressed)
Original training examples: 2132
[Layer Freezing] Training last 4 transformer layers (layers 8-11)
[Layer Freezing] Trainable params: 28,384,555 / 108,924,715 (26.1%)
🔍 No compression applied (topk=0)
📊 Model size: 415.51MB (uncompressed)
Original training examples: 1957
[Layer Freezing] Training last 4 transformer layers (layers 8-11)
[Layer Freezing] Trainable params: 28,384,555 / 108,924,715 (26.1%)
🔍 No compression applied (topk=0)
📊 Model size: 415.51MB (uncompressed)
📊 Single model: 415.51 MB
📊 Total uploaded: 4155.15 MB (10 clients)
 Round 62 | F1 0.4207 | P 0.4821 | R 0.3732 | Time 39.5s | Comm 4155.15 MB | Local Avg F1: 0.3426

=== Round 63/100 ===
Original training examples: 957
[Layer Freezing] Training last 4 transformer layers (layers 8-11)
[Layer Freezing] Trainable params: 28,384,555 / 108,924,715 (26.1%)
🔍 No compression applied (topk=0)
📊 Model size: 415.51MB (uncompressed)
Original training examples: 993
[Layer Freezing] Training last 4 transformer layers (layers 8-11)
[Layer Freezing] Trainable params: 28,384,555 / 108,924,715 (26.1%)
🔍 No compression applied (topk=0)
📊 Model size: 415.51MB (uncompressed)
Original training examples: 1793
[Layer Freezing] Training last 4 transformer layers (layers 8-11)
[Layer Freezing] Trainable params: 28,384,555 / 108,924,715 (26.1%)
🔍 No compression applied (topk=0)
📊 Model size: 415.51MB (uncompressed)
Original training examples: 1707
[Layer Freezing] Training last 4 transformer layers (layers 8-11)
[Layer Freezing] Trainable params: 28,384,555 / 108,924,715 (26.1%)
🔍 No compression applied (topk=0)
📊 Model size: 415.51MB (uncompressed)
Original training examples: 8214
[Layer Freezing] Training last 4 transformer layers (layers 8-11)
[Layer Freezing] Trainable params: 28,384,555 / 108,924,715 (26.1%)
🔍 No compression applied (topk=0)
📊 Model size: 415.51MB (uncompressed)
Original training examples: 13991
[Layer Freezing] Training last 4 transformer layers (layers 8-11)
[Layer Freezing] Trainable params: 28,384,555 / 108,924,715 (26.1%)
🔍 No compression applied (topk=0)
📊 Model size: 415.51MB (uncompressed)
Original training examples: 2041
[Layer Freezing] Training last 4 transformer layers (layers 8-11)
[Layer Freezing] Trainable params: 28,384,555 / 108,924,715 (26.1%)
🔍 No compression applied (topk=0)
📊 Model size: 415.51MB (uncompressed)
Original training examples: 1583
[Layer Freezing] Training last 4 transformer layers (layers 8-11)
[Layer Freezing] Trainable params: 28,384,555 / 108,924,715 (26.1%)
🔍 No compression applied (topk=0)
📊 Model size: 415.51MB (uncompressed)
Original training examples: 2132
[Layer Freezing] Training last 4 transformer layers (layers 8-11)
[Layer Freezing] Trainable params: 28,384,555 / 108,924,715 (26.1%)
🔍 No compression applied (topk=0)
📊 Model size: 415.51MB (uncompressed)
Original training examples: 1957
[Layer Freezing] Training last 4 transformer layers (layers 8-11)
[Layer Freezing] Trainable params: 28,384,555 / 108,924,715 (26.1%)
🔍 No compression applied (topk=0)
📊 Model size: 415.51MB (uncompressed)
📊 Single model: 415.51 MB
📊 Total uploaded: 4155.15 MB (10 clients)
 Round 63 | F1 0.4279 | P 0.4719 | R 0.3915 | Time 40.7s | Comm 4155.15 MB | Local Avg F1: 0.3509

=== Round 64/100 ===
Original training examples: 957
[Layer Freezing] Training last 4 transformer layers (layers 8-11)
[Layer Freezing] Trainable params: 28,384,555 / 108,924,715 (26.1%)
🔍 No compression applied (topk=0)
📊 Model size: 415.51MB (uncompressed)
Original training examples: 993
[Layer Freezing] Training last 4 transformer layers (layers 8-11)
[Layer Freezing] Trainable params: 28,384,555 / 108,924,715 (26.1%)
🔍 No compression applied (topk=0)
📊 Model size: 415.51MB (uncompressed)
Original training examples: 1793
[Layer Freezing] Training last 4 transformer layers (layers 8-11)
[Layer Freezing] Trainable params: 28,384,555 / 108,924,715 (26.1%)
🔍 No compression applied (topk=0)
📊 Model size: 415.51MB (uncompressed)
Original training examples: 1707
[Layer Freezing] Training last 4 transformer layers (layers 8-11)
[Layer Freezing] Trainable params: 28,384,555 / 108,924,715 (26.1%)
🔍 No compression applied (topk=0)
📊 Model size: 415.51MB (uncompressed)
Original training examples: 8214
[Layer Freezing] Training last 4 transformer layers (layers 8-11)
[Layer Freezing] Trainable params: 28,384,555 / 108,924,715 (26.1%)
🔍 No compression applied (topk=0)
📊 Model size: 415.51MB (uncompressed)
Original training examples: 13991
[Layer Freezing] Training last 4 transformer layers (layers 8-11)
[Layer Freezing] Trainable params: 28,384,555 / 108,924,715 (26.1%)
🔍 No compression applied (topk=0)
📊 Model size: 415.51MB (uncompressed)
Original training examples: 2041
[Layer Freezing] Training last 4 transformer layers (layers 8-11)
[Layer Freezing] Trainable params: 28,384,555 / 108,924,715 (26.1%)
🔍 No compression applied (topk=0)
📊 Model size: 415.51MB (uncompressed)
Original training examples: 1583
[Layer Freezing] Training last 4 transformer layers (layers 8-11)
[Layer Freezing] Trainable params: 28,384,555 / 108,924,715 (26.1%)
🔍 No compression applied (topk=0)
📊 Model size: 415.51MB (uncompressed)
Original training examples: 2132
[Layer Freezing] Training last 4 transformer layers (layers 8-11)
[Layer Freezing] Trainable params: 28,384,555 / 108,924,715 (26.1%)
🔍 No compression applied (topk=0)
📊 Model size: 415.51MB (uncompressed)
Original training examples: 1957
[Layer Freezing] Training last 4 transformer layers (layers 8-11)
[Layer Freezing] Trainable params: 28,384,555 / 108,924,715 (26.1%)
🔍 No compression applied (topk=0)
📊 Model size: 415.51MB (uncompressed)
📊 Single model: 415.51 MB
📊 Total uploaded: 4155.15 MB (10 clients)
 Round 64 | F1 0.4250 | P 0.4812 | R 0.3805 | Time 40.3s | Comm 4155.15 MB | Local Avg F1: 0.3502

=== Round 65/100 ===
Original training examples: 957
[Layer Freezing] Training last 4 transformer layers (layers 8-11)
[Layer Freezing] Trainable params: 28,384,555 / 108,924,715 (26.1%)
🔍 No compression applied (topk=0)
📊 Model size: 415.51MB (uncompressed)
Original training examples: 993
[Layer Freezing] Training last 4 transformer layers (layers 8-11)
[Layer Freezing] Trainable params: 28,384,555 / 108,924,715 (26.1%)
🔍 No compression applied (topk=0)
📊 Model size: 415.51MB (uncompressed)
Original training examples: 1793
[Layer Freezing] Training last 4 transformer layers (layers 8-11)
[Layer Freezing] Trainable params: 28,384,555 / 108,924,715 (26.1%)
🔍 No compression applied (topk=0)
📊 Model size: 415.51MB (uncompressed)
Original training examples: 1707
[Layer Freezing] Training last 4 transformer layers (layers 8-11)
[Layer Freezing] Trainable params: 28,384,555 / 108,924,715 (26.1%)
🔍 No compression applied (topk=0)
📊 Model size: 415.51MB (uncompressed)
Original training examples: 8214
[Layer Freezing] Training last 4 transformer layers (layers 8-11)
[Layer Freezing] Trainable params: 28,384,555 / 108,924,715 (26.1%)
🔍 No compression applied (topk=0)
📊 Model size: 415.51MB (uncompressed)
Original training examples: 13991
[Layer Freezing] Training last 4 transformer layers (layers 8-11)
[Layer Freezing] Trainable params: 28,384,555 / 108,924,715 (26.1%)
🔍 No compression applied (topk=0)
📊 Model size: 415.51MB (uncompressed)
Original training examples: 2041
[Layer Freezing] Training last 4 transformer layers (layers 8-11)
[Layer Freezing] Trainable params: 28,384,555 / 108,924,715 (26.1%)
🔍 No compression applied (topk=0)
📊 Model size: 415.51MB (uncompressed)
Original training examples: 1583
[Layer Freezing] Training last 4 transformer layers (layers 8-11)
[Layer Freezing] Trainable params: 28,384,555 / 108,924,715 (26.1%)
🔍 No compression applied (topk=0)
📊 Model size: 415.51MB (uncompressed)
Original training examples: 2132
[Layer Freezing] Training last 4 transformer layers (layers 8-11)
[Layer Freezing] Trainable params: 28,384,555 / 108,924,715 (26.1%)
🔍 No compression applied (topk=0)
📊 Model size: 415.51MB (uncompressed)
Original training examples: 1957
[Layer Freezing] Training last 4 transformer layers (layers 8-11)
[Layer Freezing] Trainable params: 28,384,555 / 108,924,715 (26.1%)
🔍 No compression applied (topk=0)
📊 Model size: 415.51MB (uncompressed)
📊 Single model: 415.51 MB
📊 Total uploaded: 4155.15 MB (10 clients)
 Round 65 | F1 0.4207 | P 0.4796 | R 0.3747 | Time 39.8s | Comm 4155.15 MB | Local Avg F1: 0.3489

=== Round 66/100 ===
Original training examples: 957
[Layer Freezing] Training last 4 transformer layers (layers 8-11)
[Layer Freezing] Trainable params: 28,384,555 / 108,924,715 (26.1%)
🔍 No compression applied (topk=0)
📊 Model size: 415.51MB (uncompressed)
Original training examples: 993
[Layer Freezing] Training last 4 transformer layers (layers 8-11)
[Layer Freezing] Trainable params: 28,384,555 / 108,924,715 (26.1%)
🔍 No compression applied (topk=0)
📊 Model size: 415.51MB (uncompressed)
Original training examples: 1793
[Layer Freezing] Training last 4 transformer layers (layers 8-11)
[Layer Freezing] Trainable params: 28,384,555 / 108,924,715 (26.1%)
🔍 No compression applied (topk=0)
📊 Model size: 415.51MB (uncompressed)
Original training examples: 1707
[Layer Freezing] Training last 4 transformer layers (layers 8-11)
[Layer Freezing] Trainable params: 28,384,555 / 108,924,715 (26.1%)
🔍 No compression applied (topk=0)
📊 Model size: 415.51MB (uncompressed)
Original training examples: 8214
[Layer Freezing] Training last 4 transformer layers (layers 8-11)
[Layer Freezing] Trainable params: 28,384,555 / 108,924,715 (26.1%)
🔍 No compression applied (topk=0)
📊 Model size: 415.51MB (uncompressed)
Original training examples: 13991
[Layer Freezing] Training last 4 transformer layers (layers 8-11)
[Layer Freezing] Trainable params: 28,384,555 / 108,924,715 (26.1%)
🔍 No compression applied (topk=0)
📊 Model size: 415.51MB (uncompressed)
Original training examples: 2041
[Layer Freezing] Training last 4 transformer layers (layers 8-11)
[Layer Freezing] Trainable params: 28,384,555 / 108,924,715 (26.1%)
🔍 No compression applied (topk=0)
📊 Model size: 415.51MB (uncompressed)
Original training examples: 1583
[Layer Freezing] Training last 4 transformer layers (layers 8-11)
[Layer Freezing] Trainable params: 28,384,555 / 108,924,715 (26.1%)
🔍 No compression applied (topk=0)
📊 Model size: 415.51MB (uncompressed)
Original training examples: 2132
[Layer Freezing] Training last 4 transformer layers (layers 8-11)
[Layer Freezing] Trainable params: 28,384,555 / 108,924,715 (26.1%)
🔍 No compression applied (topk=0)
📊 Model size: 415.51MB (uncompressed)
Original training examples: 1957
[Layer Freezing] Training last 4 transformer layers (layers 8-11)
[Layer Freezing] Trainable params: 28,384,555 / 108,924,715 (26.1%)
🔍 No compression applied (topk=0)
📊 Model size: 415.51MB (uncompressed)
📊 Single model: 415.51 MB
📊 Total uploaded: 4155.15 MB (10 clients)
 Round 66 | F1 0.4306 | P 0.4757 | R 0.3934 | Time 39.9s | Comm 4155.15 MB | Local Avg F1: 0.3528

=== Round 67/100 ===
Original training examples: 957
[Layer Freezing] Training last 4 transformer layers (layers 8-11)
[Layer Freezing] Trainable params: 28,384,555 / 108,924,715 (26.1%)
🔍 No compression applied (topk=0)
📊 Model size: 415.51MB (uncompressed)
Original training examples: 993
[Layer Freezing] Training last 4 transformer layers (layers 8-11)
[Layer Freezing] Trainable params: 28,384,555 / 108,924,715 (26.1%)
🔍 No compression applied (topk=0)
📊 Model size: 415.51MB (uncompressed)
Original training examples: 1793
[Layer Freezing] Training last 4 transformer layers (layers 8-11)
[Layer Freezing] Trainable params: 28,384,555 / 108,924,715 (26.1%)
🔍 No compression applied (topk=0)
📊 Model size: 415.51MB (uncompressed)
Original training examples: 1707
[Layer Freezing] Training last 4 transformer layers (layers 8-11)
[Layer Freezing] Trainable params: 28,384,555 / 108,924,715 (26.1%)
🔍 No compression applied (topk=0)
📊 Model size: 415.51MB (uncompressed)
Original training examples: 8214
[Layer Freezing] Training last 4 transformer layers (layers 8-11)
[Layer Freezing] Trainable params: 28,384,555 / 108,924,715 (26.1%)
🔍 No compression applied (topk=0)
📊 Model size: 415.51MB (uncompressed)
Original training examples: 13991
[Layer Freezing] Training last 4 transformer layers (layers 8-11)
[Layer Freezing] Trainable params: 28,384,555 / 108,924,715 (26.1%)
🔍 No compression applied (topk=0)
📊 Model size: 415.51MB (uncompressed)
Original training examples: 2041
[Layer Freezing] Training last 4 transformer layers (layers 8-11)
[Layer Freezing] Trainable params: 28,384,555 / 108,924,715 (26.1%)
🔍 No compression applied (topk=0)
📊 Model size: 415.51MB (uncompressed)
Original training examples: 1583
[Layer Freezing] Training last 4 transformer layers (layers 8-11)
[Layer Freezing] Trainable params: 28,384,555 / 108,924,715 (26.1%)
🔍 No compression applied (topk=0)
📊 Model size: 415.51MB (uncompressed)
Original training examples: 2132
[Layer Freezing] Training last 4 transformer layers (layers 8-11)
[Layer Freezing] Trainable params: 28,384,555 / 108,924,715 (26.1%)
🔍 No compression applied (topk=0)
📊 Model size: 415.51MB (uncompressed)
Original training examples: 1957
[Layer Freezing] Training last 4 transformer layers (layers 8-11)
[Layer Freezing] Trainable params: 28,384,555 / 108,924,715 (26.1%)
🔍 No compression applied (topk=0)
📊 Model size: 415.51MB (uncompressed)
📊 Single model: 415.51 MB
📊 Total uploaded: 4155.15 MB (10 clients)
 Round 67 | F1 0.4239 | P 0.4838 | R 0.3772 | Time 39.8s | Comm 4155.15 MB | Local Avg F1: 0.3504

=== Round 68/100 ===
Original training examples: 957
[Layer Freezing] Training last 4 transformer layers (layers 8-11)
[Layer Freezing] Trainable params: 28,384,555 / 108,924,715 (26.1%)
🔍 No compression applied (topk=0)
📊 Model size: 415.51MB (uncompressed)
Original training examples: 993
[Layer Freezing] Training last 4 transformer layers (layers 8-11)
[Layer Freezing] Trainable params: 28,384,555 / 108,924,715 (26.1%)
🔍 No compression applied (topk=0)
📊 Model size: 415.51MB (uncompressed)
Original training examples: 1793
[Layer Freezing] Training last 4 transformer layers (layers 8-11)
[Layer Freezing] Trainable params: 28,384,555 / 108,924,715 (26.1%)
🔍 No compression applied (topk=0)
📊 Model size: 415.51MB (uncompressed)
Original training examples: 1707
[Layer Freezing] Training last 4 transformer layers (layers 8-11)
[Layer Freezing] Trainable params: 28,384,555 / 108,924,715 (26.1%)
🔍 No compression applied (topk=0)
📊 Model size: 415.51MB (uncompressed)
Original training examples: 8214
[Layer Freezing] Training last 4 transformer layers (layers 8-11)
[Layer Freezing] Trainable params: 28,384,555 / 108,924,715 (26.1%)
🔍 No compression applied (topk=0)
📊 Model size: 415.51MB (uncompressed)
Original training examples: 13991
[Layer Freezing] Training last 4 transformer layers (layers 8-11)
[Layer Freezing] Trainable params: 28,384,555 / 108,924,715 (26.1%)
🔍 No compression applied (topk=0)
📊 Model size: 415.51MB (uncompressed)
Original training examples: 2041
[Layer Freezing] Training last 4 transformer layers (layers 8-11)
[Layer Freezing] Trainable params: 28,384,555 / 108,924,715 (26.1%)
🔍 No compression applied (topk=0)
📊 Model size: 415.51MB (uncompressed)
Original training examples: 1583
[Layer Freezing] Training last 4 transformer layers (layers 8-11)
[Layer Freezing] Trainable params: 28,384,555 / 108,924,715 (26.1%)
🔍 No compression applied (topk=0)
📊 Model size: 415.51MB (uncompressed)
Original training examples: 2132
[Layer Freezing] Training last 4 transformer layers (layers 8-11)
[Layer Freezing] Trainable params: 28,384,555 / 108,924,715 (26.1%)
🔍 No compression applied (topk=0)
📊 Model size: 415.51MB (uncompressed)
Original training examples: 1957
[Layer Freezing] Training last 4 transformer layers (layers 8-11)
[Layer Freezing] Trainable params: 28,384,555 / 108,924,715 (26.1%)
🔍 No compression applied (topk=0)
📊 Model size: 415.51MB (uncompressed)
📊 Single model: 415.51 MB
📊 Total uploaded: 4155.15 MB (10 clients)
 Round 68 | F1 0.4304 | P 0.4733 | R 0.3945 | Time 40.3s | Comm 4155.15 MB | Local Avg F1: 0.3543

=== Round 69/100 ===
Original training examples: 957
[Layer Freezing] Training last 4 transformer layers (layers 8-11)
[Layer Freezing] Trainable params: 28,384,555 / 108,924,715 (26.1%)
🔍 No compression applied (topk=0)
📊 Model size: 415.51MB (uncompressed)
Original training examples: 993
[Layer Freezing] Training last 4 transformer layers (layers 8-11)
[Layer Freezing] Trainable params: 28,384,555 / 108,924,715 (26.1%)
🔍 No compression applied (topk=0)
📊 Model size: 415.51MB (uncompressed)
Original training examples: 1793
[Layer Freezing] Training last 4 transformer layers (layers 8-11)
[Layer Freezing] Trainable params: 28,384,555 / 108,924,715 (26.1%)
🔍 No compression applied (topk=0)
📊 Model size: 415.51MB (uncompressed)
Original training examples: 1707
[Layer Freezing] Training last 4 transformer layers (layers 8-11)
[Layer Freezing] Trainable params: 28,384,555 / 108,924,715 (26.1%)
🔍 No compression applied (topk=0)
📊 Model size: 415.51MB (uncompressed)
Original training examples: 8214
[Layer Freezing] Training last 4 transformer layers (layers 8-11)
[Layer Freezing] Trainable params: 28,384,555 / 108,924,715 (26.1%)
🔍 No compression applied (topk=0)
📊 Model size: 415.51MB (uncompressed)
Original training examples: 13991
[Layer Freezing] Training last 4 transformer layers (layers 8-11)
[Layer Freezing] Trainable params: 28,384,555 / 108,924,715 (26.1%)
🔍 No compression applied (topk=0)
📊 Model size: 415.51MB (uncompressed)
Original training examples: 2041
[Layer Freezing] Training last 4 transformer layers (layers 8-11)
[Layer Freezing] Trainable params: 28,384,555 / 108,924,715 (26.1%)
🔍 No compression applied (topk=0)
📊 Model size: 415.51MB (uncompressed)
Original training examples: 1583
[Layer Freezing] Training last 4 transformer layers (layers 8-11)
[Layer Freezing] Trainable params: 28,384,555 / 108,924,715 (26.1%)
🔍 No compression applied (topk=0)
📊 Model size: 415.51MB (uncompressed)
Original training examples: 2132
[Layer Freezing] Training last 4 transformer layers (layers 8-11)
[Layer Freezing] Trainable params: 28,384,555 / 108,924,715 (26.1%)
🔍 No compression applied (topk=0)
📊 Model size: 415.51MB (uncompressed)
Original training examples: 1957
[Layer Freezing] Training last 4 transformer layers (layers 8-11)
[Layer Freezing] Trainable params: 28,384,555 / 108,924,715 (26.1%)
🔍 No compression applied (topk=0)
📊 Model size: 415.51MB (uncompressed)
📊 Single model: 415.51 MB
📊 Total uploaded: 4155.15 MB (10 clients)
 Round 69 | F1 0.4246 | P 0.4826 | R 0.3791 | Time 39.9s | Comm 4155.15 MB | Local Avg F1: 0.3505

=== Round 70/100 ===
Original training examples: 957
[Layer Freezing] Training last 4 transformer layers (layers 8-11)
[Layer Freezing] Trainable params: 28,384,555 / 108,924,715 (26.1%)
🔍 No compression applied (topk=0)
📊 Model size: 415.51MB (uncompressed)
Original training examples: 993
[Layer Freezing] Training last 4 transformer layers (layers 8-11)
[Layer Freezing] Trainable params: 28,384,555 / 108,924,715 (26.1%)
🔍 No compression applied (topk=0)
📊 Model size: 415.51MB (uncompressed)
Original training examples: 1793
[Layer Freezing] Training last 4 transformer layers (layers 8-11)
[Layer Freezing] Trainable params: 28,384,555 / 108,924,715 (26.1%)
🔍 No compression applied (topk=0)
📊 Model size: 415.51MB (uncompressed)
Original training examples: 1707
[Layer Freezing] Training last 4 transformer layers (layers 8-11)
[Layer Freezing] Trainable params: 28,384,555 / 108,924,715 (26.1%)
🔍 No compression applied (topk=0)
📊 Model size: 415.51MB (uncompressed)
Original training examples: 8214
[Layer Freezing] Training last 4 transformer layers (layers 8-11)
[Layer Freezing] Trainable params: 28,384,555 / 108,924,715 (26.1%)
🔍 No compression applied (topk=0)
📊 Model size: 415.51MB (uncompressed)
Original training examples: 13991
[Layer Freezing] Training last 4 transformer layers (layers 8-11)
[Layer Freezing] Trainable params: 28,384,555 / 108,924,715 (26.1%)
🔍 No compression applied (topk=0)
📊 Model size: 415.51MB (uncompressed)
Original training examples: 2041
[Layer Freezing] Training last 4 transformer layers (layers 8-11)
[Layer Freezing] Trainable params: 28,384,555 / 108,924,715 (26.1%)
🔍 No compression applied (topk=0)
📊 Model size: 415.51MB (uncompressed)
Original training examples: 1583
[Layer Freezing] Training last 4 transformer layers (layers 8-11)
[Layer Freezing] Trainable params: 28,384,555 / 108,924,715 (26.1%)
🔍 No compression applied (topk=0)
📊 Model size: 415.51MB (uncompressed)
Original training examples: 2132
[Layer Freezing] Training last 4 transformer layers (layers 8-11)
[Layer Freezing] Trainable params: 28,384,555 / 108,924,715 (26.1%)
🔍 No compression applied (topk=0)
📊 Model size: 415.51MB (uncompressed)
Original training examples: 1957
[Layer Freezing] Training last 4 transformer layers (layers 8-11)
[Layer Freezing] Trainable params: 28,384,555 / 108,924,715 (26.1%)
🔍 No compression applied (topk=0)
📊 Model size: 415.51MB (uncompressed)
📊 Single model: 415.51 MB
📊 Total uploaded: 4155.15 MB (10 clients)
 Round 70 | F1 0.4318 | P 0.4720 | R 0.3979 | Time 39.8s | Comm 4155.15 MB | Local Avg F1: 0.3557

=== Round 71/100 ===
Original training examples: 957
[Layer Freezing] Training last 4 transformer layers (layers 8-11)
[Layer Freezing] Trainable params: 28,384,555 / 108,924,715 (26.1%)
🔍 No compression applied (topk=0)
📊 Model size: 415.51MB (uncompressed)
Original training examples: 993
[Layer Freezing] Training last 4 transformer layers (layers 8-11)
[Layer Freezing] Trainable params: 28,384,555 / 108,924,715 (26.1%)
🔍 No compression applied (topk=0)
📊 Model size: 415.51MB (uncompressed)
Original training examples: 1793
[Layer Freezing] Training last 4 transformer layers (layers 8-11)
[Layer Freezing] Trainable params: 28,384,555 / 108,924,715 (26.1%)
🔍 No compression applied (topk=0)
📊 Model size: 415.51MB (uncompressed)
Original training examples: 1707
[Layer Freezing] Training last 4 transformer layers (layers 8-11)
[Layer Freezing] Trainable params: 28,384,555 / 108,924,715 (26.1%)
🔍 No compression applied (topk=0)
📊 Model size: 415.51MB (uncompressed)
Original training examples: 8214
[Layer Freezing] Training last 4 transformer layers (layers 8-11)
[Layer Freezing] Trainable params: 28,384,555 / 108,924,715 (26.1%)
🔍 No compression applied (topk=0)
📊 Model size: 415.51MB (uncompressed)
Original training examples: 13991
[Layer Freezing] Training last 4 transformer layers (layers 8-11)
[Layer Freezing] Trainable params: 28,384,555 / 108,924,715 (26.1%)
🔍 No compression applied (topk=0)
📊 Model size: 415.51MB (uncompressed)
Original training examples: 2041
[Layer Freezing] Training last 4 transformer layers (layers 8-11)
[Layer Freezing] Trainable params: 28,384,555 / 108,924,715 (26.1%)
🔍 No compression applied (topk=0)
📊 Model size: 415.51MB (uncompressed)
Original training examples: 1583
[Layer Freezing] Training last 4 transformer layers (layers 8-11)
[Layer Freezing] Trainable params: 28,384,555 / 108,924,715 (26.1%)
🔍 No compression applied (topk=0)
📊 Model size: 415.51MB (uncompressed)
Original training examples: 2132
[Layer Freezing] Training last 4 transformer layers (layers 8-11)
[Layer Freezing] Trainable params: 28,384,555 / 108,924,715 (26.1%)
🔍 No compression applied (topk=0)
📊 Model size: 415.51MB (uncompressed)
Original training examples: 1957
[Layer Freezing] Training last 4 transformer layers (layers 8-11)
[Layer Freezing] Trainable params: 28,384,555 / 108,924,715 (26.1%)
🔍 No compression applied (topk=0)
📊 Model size: 415.51MB (uncompressed)
📊 Single model: 415.51 MB
📊 Total uploaded: 4155.15 MB (10 clients)
 Round 71 | F1 0.4221 | P 0.4825 | R 0.3750 | Time 39.9s | Comm 4155.15 MB | Local Avg F1: 0.3505

=== Round 72/100 ===
Original training examples: 957
[Layer Freezing] Training last 4 transformer layers (layers 8-11)
[Layer Freezing] Trainable params: 28,384,555 / 108,924,715 (26.1%)
🔍 No compression applied (topk=0)
📊 Model size: 415.51MB (uncompressed)
Original training examples: 993
[Layer Freezing] Training last 4 transformer layers (layers 8-11)
[Layer Freezing] Trainable params: 28,384,555 / 108,924,715 (26.1%)
🔍 No compression applied (topk=0)
📊 Model size: 415.51MB (uncompressed)
Original training examples: 1793
[Layer Freezing] Training last 4 transformer layers (layers 8-11)
[Layer Freezing] Trainable params: 28,384,555 / 108,924,715 (26.1%)
🔍 No compression applied (topk=0)
📊 Model size: 415.51MB (uncompressed)
Original training examples: 1707
[Layer Freezing] Training last 4 transformer layers (layers 8-11)
[Layer Freezing] Trainable params: 28,384,555 / 108,924,715 (26.1%)
🔍 No compression applied (topk=0)
📊 Model size: 415.51MB (uncompressed)
Original training examples: 8214
[Layer Freezing] Training last 4 transformer layers (layers 8-11)
[Layer Freezing] Trainable params: 28,384,555 / 108,924,715 (26.1%)
🔍 No compression applied (topk=0)
📊 Model size: 415.51MB (uncompressed)
Original training examples: 13991
[Layer Freezing] Training last 4 transformer layers (layers 8-11)
[Layer Freezing] Trainable params: 28,384,555 / 108,924,715 (26.1%)
🔍 No compression applied (topk=0)
📊 Model size: 415.51MB (uncompressed)
Original training examples: 2041
[Layer Freezing] Training last 4 transformer layers (layers 8-11)
[Layer Freezing] Trainable params: 28,384,555 / 108,924,715 (26.1%)
🔍 No compression applied (topk=0)
📊 Model size: 415.51MB (uncompressed)
Original training examples: 1583
[Layer Freezing] Training last 4 transformer layers (layers 8-11)
[Layer Freezing] Trainable params: 28,384,555 / 108,924,715 (26.1%)
🔍 No compression applied (topk=0)
📊 Model size: 415.51MB (uncompressed)
Original training examples: 2132
[Layer Freezing] Training last 4 transformer layers (layers 8-11)
[Layer Freezing] Trainable params: 28,384,555 / 108,924,715 (26.1%)
🔍 No compression applied (topk=0)
📊 Model size: 415.51MB (uncompressed)
Original training examples: 1957
[Layer Freezing] Training last 4 transformer layers (layers 8-11)
[Layer Freezing] Trainable params: 28,384,555 / 108,924,715 (26.1%)
🔍 No compression applied (topk=0)
📊 Model size: 415.51MB (uncompressed)
📊 Single model: 415.51 MB
📊 Total uploaded: 4155.15 MB (10 clients)
 Round 72 | F1 0.4263 | P 0.4857 | R 0.3798 | Time 39.4s | Comm 4155.15 MB | Local Avg F1: 0.3504

=== Round 73/100 ===
Original training examples: 957
[Layer Freezing] Training last 4 transformer layers (layers 8-11)
[Layer Freezing] Trainable params: 28,384,555 / 108,924,715 (26.1%)
🔍 No compression applied (topk=0)
📊 Model size: 415.51MB (uncompressed)
Original training examples: 993
[Layer Freezing] Training last 4 transformer layers (layers 8-11)
[Layer Freezing] Trainable params: 28,384,555 / 108,924,715 (26.1%)
🔍 No compression applied (topk=0)
📊 Model size: 415.51MB (uncompressed)
Original training examples: 1793
[Layer Freezing] Training last 4 transformer layers (layers 8-11)
[Layer Freezing] Trainable params: 28,384,555 / 108,924,715 (26.1%)
🔍 No compression applied (topk=0)
📊 Model size: 415.51MB (uncompressed)
Original training examples: 1707
[Layer Freezing] Training last 4 transformer layers (layers 8-11)
[Layer Freezing] Trainable params: 28,384,555 / 108,924,715 (26.1%)
🔍 No compression applied (topk=0)
📊 Model size: 415.51MB (uncompressed)
Original training examples: 8214
[Layer Freezing] Training last 4 transformer layers (layers 8-11)
[Layer Freezing] Trainable params: 28,384,555 / 108,924,715 (26.1%)
🔍 No compression applied (topk=0)
📊 Model size: 415.51MB (uncompressed)
Original training examples: 13991
[Layer Freezing] Training last 4 transformer layers (layers 8-11)
[Layer Freezing] Trainable params: 28,384,555 / 108,924,715 (26.1%)
🔍 No compression applied (topk=0)
📊 Model size: 415.51MB (uncompressed)
Original training examples: 2041
[Layer Freezing] Training last 4 transformer layers (layers 8-11)
[Layer Freezing] Trainable params: 28,384,555 / 108,924,715 (26.1%)
🔍 No compression applied (topk=0)
📊 Model size: 415.51MB (uncompressed)
Original training examples: 1583
[Layer Freezing] Training last 4 transformer layers (layers 8-11)
[Layer Freezing] Trainable params: 28,384,555 / 108,924,715 (26.1%)
🔍 No compression applied (topk=0)
📊 Model size: 415.51MB (uncompressed)
Original training examples: 2132
[Layer Freezing] Training last 4 transformer layers (layers 8-11)
[Layer Freezing] Trainable params: 28,384,555 / 108,924,715 (26.1%)
🔍 No compression applied (topk=0)
📊 Model size: 415.51MB (uncompressed)
Original training examples: 1957
[Layer Freezing] Training last 4 transformer layers (layers 8-11)
[Layer Freezing] Trainable params: 28,384,555 / 108,924,715 (26.1%)
🔍 No compression applied (topk=0)
📊 Model size: 415.51MB (uncompressed)
📊 Single model: 415.51 MB
📊 Total uploaded: 4155.15 MB (10 clients)
 Round 73 | F1 0.4271 | P 0.4847 | R 0.3817 | Time 40.4s | Comm 4155.15 MB | Local Avg F1: 0.3530

=== Round 74/100 ===
Original training examples: 957
[Layer Freezing] Training last 4 transformer layers (layers 8-11)
[Layer Freezing] Trainable params: 28,384,555 / 108,924,715 (26.1%)
🔍 No compression applied (topk=0)
📊 Model size: 415.51MB (uncompressed)
Original training examples: 993
[Layer Freezing] Training last 4 transformer layers (layers 8-11)
[Layer Freezing] Trainable params: 28,384,555 / 108,924,715 (26.1%)
🔍 No compression applied (topk=0)
📊 Model size: 415.51MB (uncompressed)
Original training examples: 1793
[Layer Freezing] Training last 4 transformer layers (layers 8-11)
[Layer Freezing] Trainable params: 28,384,555 / 108,924,715 (26.1%)
🔍 No compression applied (topk=0)
📊 Model size: 415.51MB (uncompressed)
Original training examples: 1707
[Layer Freezing] Training last 4 transformer layers (layers 8-11)
[Layer Freezing] Trainable params: 28,384,555 / 108,924,715 (26.1%)
🔍 No compression applied (topk=0)
📊 Model size: 415.51MB (uncompressed)
Original training examples: 8214
[Layer Freezing] Training last 4 transformer layers (layers 8-11)
[Layer Freezing] Trainable params: 28,384,555 / 108,924,715 (26.1%)
🔍 No compression applied (topk=0)
📊 Model size: 415.51MB (uncompressed)
Original training examples: 13991
[Layer Freezing] Training last 4 transformer layers (layers 8-11)
[Layer Freezing] Trainable params: 28,384,555 / 108,924,715 (26.1%)
🔍 No compression applied (topk=0)
📊 Model size: 415.51MB (uncompressed)
Original training examples: 2041
[Layer Freezing] Training last 4 transformer layers (layers 8-11)
[Layer Freezing] Trainable params: 28,384,555 / 108,924,715 (26.1%)
🔍 No compression applied (topk=0)
📊 Model size: 415.51MB (uncompressed)
Original training examples: 1583
[Layer Freezing] Training last 4 transformer layers (layers 8-11)
[Layer Freezing] Trainable params: 28,384,555 / 108,924,715 (26.1%)
🔍 No compression applied (topk=0)
📊 Model size: 415.51MB (uncompressed)
Original training examples: 2132
[Layer Freezing] Training last 4 transformer layers (layers 8-11)
[Layer Freezing] Trainable params: 28,384,555 / 108,924,715 (26.1%)
🔍 No compression applied (topk=0)
📊 Model size: 415.51MB (uncompressed)
Original training examples: 1957
[Layer Freezing] Training last 4 transformer layers (layers 8-11)
[Layer Freezing] Trainable params: 28,384,555 / 108,924,715 (26.1%)
🔍 No compression applied (topk=0)
📊 Model size: 415.51MB (uncompressed)
📊 Single model: 415.51 MB
📊 Total uploaded: 4155.15 MB (10 clients)
 Round 74 | F1 0.4237 | P 0.4856 | R 0.3758 | Time 39.2s | Comm 4155.15 MB | Local Avg F1: 0.3512

=== Round 75/100 ===
Original training examples: 957
[Layer Freezing] Training last 4 transformer layers (layers 8-11)
[Layer Freezing] Trainable params: 28,384,555 / 108,924,715 (26.1%)
🔍 No compression applied (topk=0)
📊 Model size: 415.51MB (uncompressed)
Original training examples: 993
[Layer Freezing] Training last 4 transformer layers (layers 8-11)
[Layer Freezing] Trainable params: 28,384,555 / 108,924,715 (26.1%)
🔍 No compression applied (topk=0)
📊 Model size: 415.51MB (uncompressed)
Original training examples: 1793
[Layer Freezing] Training last 4 transformer layers (layers 8-11)
[Layer Freezing] Trainable params: 28,384,555 / 108,924,715 (26.1%)
🔍 No compression applied (topk=0)
📊 Model size: 415.51MB (uncompressed)
Original training examples: 1707
[Layer Freezing] Training last 4 transformer layers (layers 8-11)
[Layer Freezing] Trainable params: 28,384,555 / 108,924,715 (26.1%)
🔍 No compression applied (topk=0)
📊 Model size: 415.51MB (uncompressed)
Original training examples: 8214
[Layer Freezing] Training last 4 transformer layers (layers 8-11)
[Layer Freezing] Trainable params: 28,384,555 / 108,924,715 (26.1%)
🔍 No compression applied (topk=0)
📊 Model size: 415.51MB (uncompressed)
Original training examples: 13991
[Layer Freezing] Training last 4 transformer layers (layers 8-11)
[Layer Freezing] Trainable params: 28,384,555 / 108,924,715 (26.1%)
🔍 No compression applied (topk=0)
📊 Model size: 415.51MB (uncompressed)
Original training examples: 2041
[Layer Freezing] Training last 4 transformer layers (layers 8-11)
[Layer Freezing] Trainable params: 28,384,555 / 108,924,715 (26.1%)
🔍 No compression applied (topk=0)
📊 Model size: 415.51MB (uncompressed)
Original training examples: 1583
[Layer Freezing] Training last 4 transformer layers (layers 8-11)
[Layer Freezing] Trainable params: 28,384,555 / 108,924,715 (26.1%)
🔍 No compression applied (topk=0)
📊 Model size: 415.51MB (uncompressed)
Original training examples: 2132
[Layer Freezing] Training last 4 transformer layers (layers 8-11)
[Layer Freezing] Trainable params: 28,384,555 / 108,924,715 (26.1%)
🔍 No compression applied (topk=0)
📊 Model size: 415.51MB (uncompressed)
Original training examples: 1957
[Layer Freezing] Training last 4 transformer layers (layers 8-11)
[Layer Freezing] Trainable params: 28,384,555 / 108,924,715 (26.1%)
🔍 No compression applied (topk=0)
📊 Model size: 415.51MB (uncompressed)
📊 Single model: 415.51 MB
📊 Total uploaded: 4155.15 MB (10 clients)
 Round 75 | F1 0.4301 | P 0.4739 | R 0.3938 | Time 40.7s | Comm 4155.15 MB | Local Avg F1: 0.3534

=== Round 76/100 ===
Original training examples: 957
[Layer Freezing] Training last 4 transformer layers (layers 8-11)
[Layer Freezing] Trainable params: 28,384,555 / 108,924,715 (26.1%)
🔍 No compression applied (topk=0)
📊 Model size: 415.51MB (uncompressed)
Original training examples: 993
[Layer Freezing] Training last 4 transformer layers (layers 8-11)
[Layer Freezing] Trainable params: 28,384,555 / 108,924,715 (26.1%)
🔍 No compression applied (topk=0)
📊 Model size: 415.51MB (uncompressed)
Original training examples: 1793
[Layer Freezing] Training last 4 transformer layers (layers 8-11)
[Layer Freezing] Trainable params: 28,384,555 / 108,924,715 (26.1%)
🔍 No compression applied (topk=0)
📊 Model size: 415.51MB (uncompressed)
Original training examples: 1707
[Layer Freezing] Training last 4 transformer layers (layers 8-11)
[Layer Freezing] Trainable params: 28,384,555 / 108,924,715 (26.1%)
🔍 No compression applied (topk=0)
📊 Model size: 415.51MB (uncompressed)
Original training examples: 8214
[Layer Freezing] Training last 4 transformer layers (layers 8-11)
[Layer Freezing] Trainable params: 28,384,555 / 108,924,715 (26.1%)
🔍 No compression applied (topk=0)
📊 Model size: 415.51MB (uncompressed)
Original training examples: 13991
[Layer Freezing] Training last 4 transformer layers (layers 8-11)
[Layer Freezing] Trainable params: 28,384,555 / 108,924,715 (26.1%)
🔍 No compression applied (topk=0)
📊 Model size: 415.51MB (uncompressed)
Original training examples: 2041
[Layer Freezing] Training last 4 transformer layers (layers 8-11)
[Layer Freezing] Trainable params: 28,384,555 / 108,924,715 (26.1%)
🔍 No compression applied (topk=0)
📊 Model size: 415.51MB (uncompressed)
Original training examples: 1583
[Layer Freezing] Training last 4 transformer layers (layers 8-11)
[Layer Freezing] Trainable params: 28,384,555 / 108,924,715 (26.1%)
🔍 No compression applied (topk=0)
📊 Model size: 415.51MB (uncompressed)
Original training examples: 2132
[Layer Freezing] Training last 4 transformer layers (layers 8-11)
[Layer Freezing] Trainable params: 28,384,555 / 108,924,715 (26.1%)
🔍 No compression applied (topk=0)
📊 Model size: 415.51MB (uncompressed)
Original training examples: 1957
[Layer Freezing] Training last 4 transformer layers (layers 8-11)
[Layer Freezing] Trainable params: 28,384,555 / 108,924,715 (26.1%)
🔍 No compression applied (topk=0)
📊 Model size: 415.51MB (uncompressed)
📊 Single model: 415.51 MB
📊 Total uploaded: 4155.15 MB (10 clients)
 Round 76 | F1 0.4295 | P 0.4811 | R 0.3879 | Time 39.6s | Comm 4155.15 MB | Local Avg F1: 0.3539

=== Round 77/100 ===
Original training examples: 957
[Layer Freezing] Training last 4 transformer layers (layers 8-11)
[Layer Freezing] Trainable params: 28,384,555 / 108,924,715 (26.1%)
🔍 No compression applied (topk=0)
📊 Model size: 415.51MB (uncompressed)
Original training examples: 993
[Layer Freezing] Training last 4 transformer layers (layers 8-11)
[Layer Freezing] Trainable params: 28,384,555 / 108,924,715 (26.1%)
🔍 No compression applied (topk=0)
📊 Model size: 415.51MB (uncompressed)
Original training examples: 1793
[Layer Freezing] Training last 4 transformer layers (layers 8-11)
[Layer Freezing] Trainable params: 28,384,555 / 108,924,715 (26.1%)
🔍 No compression applied (topk=0)
📊 Model size: 415.51MB (uncompressed)
Original training examples: 1707
[Layer Freezing] Training last 4 transformer layers (layers 8-11)
[Layer Freezing] Trainable params: 28,384,555 / 108,924,715 (26.1%)
🔍 No compression applied (topk=0)
📊 Model size: 415.51MB (uncompressed)
Original training examples: 8214
[Layer Freezing] Training last 4 transformer layers (layers 8-11)
[Layer Freezing] Trainable params: 28,384,555 / 108,924,715 (26.1%)
🔍 No compression applied (topk=0)
📊 Model size: 415.51MB (uncompressed)
Original training examples: 13991
[Layer Freezing] Training last 4 transformer layers (layers 8-11)
[Layer Freezing] Trainable params: 28,384,555 / 108,924,715 (26.1%)
🔍 No compression applied (topk=0)
📊 Model size: 415.51MB (uncompressed)
Original training examples: 2041
[Layer Freezing] Training last 4 transformer layers (layers 8-11)
[Layer Freezing] Trainable params: 28,384,555 / 108,924,715 (26.1%)
🔍 No compression applied (topk=0)
📊 Model size: 415.51MB (uncompressed)
Original training examples: 1583
[Layer Freezing] Training last 4 transformer layers (layers 8-11)
[Layer Freezing] Trainable params: 28,384,555 / 108,924,715 (26.1%)
🔍 No compression applied (topk=0)
📊 Model size: 415.51MB (uncompressed)
Original training examples: 2132
[Layer Freezing] Training last 4 transformer layers (layers 8-11)
[Layer Freezing] Trainable params: 28,384,555 / 108,924,715 (26.1%)
🔍 No compression applied (topk=0)
📊 Model size: 415.51MB (uncompressed)
Original training examples: 1957
[Layer Freezing] Training last 4 transformer layers (layers 8-11)
[Layer Freezing] Trainable params: 28,384,555 / 108,924,715 (26.1%)
🔍 No compression applied (topk=0)
📊 Model size: 415.51MB (uncompressed)
📊 Single model: 415.51 MB
📊 Total uploaded: 4155.15 MB (10 clients)
 Round 77 | F1 0.4325 | P 0.4819 | R 0.3922 | Time 39.0s | Comm 4155.15 MB | Local Avg F1: 0.3555

=== Round 78/100 ===
Original training examples: 957
[Layer Freezing] Training last 4 transformer layers (layers 8-11)
[Layer Freezing] Trainable params: 28,384,555 / 108,924,715 (26.1%)
🔍 No compression applied (topk=0)
📊 Model size: 415.51MB (uncompressed)
Original training examples: 993
[Layer Freezing] Training last 4 transformer layers (layers 8-11)
[Layer Freezing] Trainable params: 28,384,555 / 108,924,715 (26.1%)
🔍 No compression applied (topk=0)
📊 Model size: 415.51MB (uncompressed)
Original training examples: 1793
[Layer Freezing] Training last 4 transformer layers (layers 8-11)
[Layer Freezing] Trainable params: 28,384,555 / 108,924,715 (26.1%)
🔍 No compression applied (topk=0)
📊 Model size: 415.51MB (uncompressed)
Original training examples: 1707
[Layer Freezing] Training last 4 transformer layers (layers 8-11)
[Layer Freezing] Trainable params: 28,384,555 / 108,924,715 (26.1%)
🔍 No compression applied (topk=0)
📊 Model size: 415.51MB (uncompressed)
Original training examples: 8214
[Layer Freezing] Training last 4 transformer layers (layers 8-11)
[Layer Freezing] Trainable params: 28,384,555 / 108,924,715 (26.1%)
🔍 No compression applied (topk=0)
📊 Model size: 415.51MB (uncompressed)
Original training examples: 13991
[Layer Freezing] Training last 4 transformer layers (layers 8-11)
[Layer Freezing] Trainable params: 28,384,555 / 108,924,715 (26.1%)
🔍 No compression applied (topk=0)
📊 Model size: 415.51MB (uncompressed)
Original training examples: 2041
[Layer Freezing] Training last 4 transformer layers (layers 8-11)
[Layer Freezing] Trainable params: 28,384,555 / 108,924,715 (26.1%)
🔍 No compression applied (topk=0)
📊 Model size: 415.51MB (uncompressed)
Original training examples: 1583
[Layer Freezing] Training last 4 transformer layers (layers 8-11)
[Layer Freezing] Trainable params: 28,384,555 / 108,924,715 (26.1%)
🔍 No compression applied (topk=0)
📊 Model size: 415.51MB (uncompressed)
Original training examples: 2132
[Layer Freezing] Training last 4 transformer layers (layers 8-11)
[Layer Freezing] Trainable params: 28,384,555 / 108,924,715 (26.1%)
🔍 No compression applied (topk=0)
📊 Model size: 415.51MB (uncompressed)
Original training examples: 1957
[Layer Freezing] Training last 4 transformer layers (layers 8-11)
[Layer Freezing] Trainable params: 28,384,555 / 108,924,715 (26.1%)
🔍 No compression applied (topk=0)
📊 Model size: 415.51MB (uncompressed)
📊 Single model: 415.51 MB
📊 Total uploaded: 4155.15 MB (10 clients)
 Round 78 | F1 0.4336 | P 0.4783 | R 0.3965 | Time 40.3s | Comm 4155.15 MB | Local Avg F1: 0.3593

=== Round 79/100 ===
Original training examples: 957
[Layer Freezing] Training last 4 transformer layers (layers 8-11)
[Layer Freezing] Trainable params: 28,384,555 / 108,924,715 (26.1%)
🔍 No compression applied (topk=0)
📊 Model size: 415.51MB (uncompressed)
Original training examples: 993
[Layer Freezing] Training last 4 transformer layers (layers 8-11)
[Layer Freezing] Trainable params: 28,384,555 / 108,924,715 (26.1%)
🔍 No compression applied (topk=0)
📊 Model size: 415.51MB (uncompressed)
Original training examples: 1793
[Layer Freezing] Training last 4 transformer layers (layers 8-11)
[Layer Freezing] Trainable params: 28,384,555 / 108,924,715 (26.1%)
🔍 No compression applied (topk=0)
📊 Model size: 415.51MB (uncompressed)
Original training examples: 1707
[Layer Freezing] Training last 4 transformer layers (layers 8-11)
[Layer Freezing] Trainable params: 28,384,555 / 108,924,715 (26.1%)
🔍 No compression applied (topk=0)
📊 Model size: 415.51MB (uncompressed)
Original training examples: 8214
[Layer Freezing] Training last 4 transformer layers (layers 8-11)
[Layer Freezing] Trainable params: 28,384,555 / 108,924,715 (26.1%)
🔍 No compression applied (topk=0)
📊 Model size: 415.51MB (uncompressed)
Original training examples: 13991
[Layer Freezing] Training last 4 transformer layers (layers 8-11)
[Layer Freezing] Trainable params: 28,384,555 / 108,924,715 (26.1%)
🔍 No compression applied (topk=0)
📊 Model size: 415.51MB (uncompressed)
Original training examples: 2041
[Layer Freezing] Training last 4 transformer layers (layers 8-11)
[Layer Freezing] Trainable params: 28,384,555 / 108,924,715 (26.1%)
🔍 No compression applied (topk=0)
📊 Model size: 415.51MB (uncompressed)
Original training examples: 1583
[Layer Freezing] Training last 4 transformer layers (layers 8-11)
[Layer Freezing] Trainable params: 28,384,555 / 108,924,715 (26.1%)
🔍 No compression applied (topk=0)
📊 Model size: 415.51MB (uncompressed)
Original training examples: 2132
[Layer Freezing] Training last 4 transformer layers (layers 8-11)
[Layer Freezing] Trainable params: 28,384,555 / 108,924,715 (26.1%)
🔍 No compression applied (topk=0)
📊 Model size: 415.51MB (uncompressed)
Original training examples: 1957
[Layer Freezing] Training last 4 transformer layers (layers 8-11)
[Layer Freezing] Trainable params: 28,384,555 / 108,924,715 (26.1%)
🔍 No compression applied (topk=0)
📊 Model size: 415.51MB (uncompressed)
📊 Single model: 415.51 MB
📊 Total uploaded: 4155.15 MB (10 clients)
 Round 79 | F1 0.4335 | P 0.4783 | R 0.3963 | Time 39.1s | Comm 4155.15 MB | Local Avg F1: 0.3595

=== Round 80/100 ===
Original training examples: 957
[Layer Freezing] Training last 4 transformer layers (layers 8-11)
[Layer Freezing] Trainable params: 28,384,555 / 108,924,715 (26.1%)
🔍 No compression applied (topk=0)
📊 Model size: 415.51MB (uncompressed)
Original training examples: 993
[Layer Freezing] Training last 4 transformer layers (layers 8-11)
[Layer Freezing] Trainable params: 28,384,555 / 108,924,715 (26.1%)
🔍 No compression applied (topk=0)
📊 Model size: 415.51MB (uncompressed)
Original training examples: 1793
[Layer Freezing] Training last 4 transformer layers (layers 8-11)
[Layer Freezing] Trainable params: 28,384,555 / 108,924,715 (26.1%)
🔍 No compression applied (topk=0)
📊 Model size: 415.51MB (uncompressed)
Original training examples: 1707
[Layer Freezing] Training last 4 transformer layers (layers 8-11)
[Layer Freezing] Trainable params: 28,384,555 / 108,924,715 (26.1%)
🔍 No compression applied (topk=0)
📊 Model size: 415.51MB (uncompressed)
Original training examples: 8214
[Layer Freezing] Training last 4 transformer layers (layers 8-11)
[Layer Freezing] Trainable params: 28,384,555 / 108,924,715 (26.1%)
🔍 No compression applied (topk=0)
📊 Model size: 415.51MB (uncompressed)
Original training examples: 13991
[Layer Freezing] Training last 4 transformer layers (layers 8-11)
[Layer Freezing] Trainable params: 28,384,555 / 108,924,715 (26.1%)
🔍 No compression applied (topk=0)
📊 Model size: 415.51MB (uncompressed)
Original training examples: 2041
[Layer Freezing] Training last 4 transformer layers (layers 8-11)
[Layer Freezing] Trainable params: 28,384,555 / 108,924,715 (26.1%)
🔍 No compression applied (topk=0)
📊 Model size: 415.51MB (uncompressed)
Original training examples: 1583
[Layer Freezing] Training last 4 transformer layers (layers 8-11)
[Layer Freezing] Trainable params: 28,384,555 / 108,924,715 (26.1%)
🔍 No compression applied (topk=0)
📊 Model size: 415.51MB (uncompressed)
Original training examples: 2132
[Layer Freezing] Training last 4 transformer layers (layers 8-11)
[Layer Freezing] Trainable params: 28,384,555 / 108,924,715 (26.1%)
🔍 No compression applied (topk=0)
📊 Model size: 415.51MB (uncompressed)
Original training examples: 1957
[Layer Freezing] Training last 4 transformer layers (layers 8-11)
[Layer Freezing] Trainable params: 28,384,555 / 108,924,715 (26.1%)
🔍 No compression applied (topk=0)
📊 Model size: 415.51MB (uncompressed)
📊 Single model: 415.51 MB
📊 Total uploaded: 4155.15 MB (10 clients)
 Round 80 | F1 0.4294 | P 0.4847 | R 0.3854 | Time 39.9s | Comm 4155.15 MB | Local Avg F1: 0.3552

=== Round 81/100 ===
Original training examples: 957
[Layer Freezing] Training last 4 transformer layers (layers 8-11)
[Layer Freezing] Trainable params: 28,384,555 / 108,924,715 (26.1%)
🔍 No compression applied (topk=0)
📊 Model size: 415.51MB (uncompressed)
Original training examples: 993
[Layer Freezing] Training last 4 transformer layers (layers 8-11)
[Layer Freezing] Trainable params: 28,384,555 / 108,924,715 (26.1%)
🔍 No compression applied (topk=0)
📊 Model size: 415.51MB (uncompressed)
Original training examples: 1793
[Layer Freezing] Training last 4 transformer layers (layers 8-11)
[Layer Freezing] Trainable params: 28,384,555 / 108,924,715 (26.1%)
🔍 No compression applied (topk=0)
📊 Model size: 415.51MB (uncompressed)
Original training examples: 1707
[Layer Freezing] Training last 4 transformer layers (layers 8-11)
[Layer Freezing] Trainable params: 28,384,555 / 108,924,715 (26.1%)
🔍 No compression applied (topk=0)
📊 Model size: 415.51MB (uncompressed)
Original training examples: 8214
[Layer Freezing] Training last 4 transformer layers (layers 8-11)
[Layer Freezing] Trainable params: 28,384,555 / 108,924,715 (26.1%)
🔍 No compression applied (topk=0)
📊 Model size: 415.51MB (uncompressed)
Original training examples: 13991
[Layer Freezing] Training last 4 transformer layers (layers 8-11)
[Layer Freezing] Trainable params: 28,384,555 / 108,924,715 (26.1%)
🔍 No compression applied (topk=0)
📊 Model size: 415.51MB (uncompressed)
Original training examples: 2041
[Layer Freezing] Training last 4 transformer layers (layers 8-11)
[Layer Freezing] Trainable params: 28,384,555 / 108,924,715 (26.1%)
🔍 No compression applied (topk=0)
📊 Model size: 415.51MB (uncompressed)
Original training examples: 1583
[Layer Freezing] Training last 4 transformer layers (layers 8-11)
[Layer Freezing] Trainable params: 28,384,555 / 108,924,715 (26.1%)
🔍 No compression applied (topk=0)
📊 Model size: 415.51MB (uncompressed)
Original training examples: 2132
[Layer Freezing] Training last 4 transformer layers (layers 8-11)
[Layer Freezing] Trainable params: 28,384,555 / 108,924,715 (26.1%)
🔍 No compression applied (topk=0)
📊 Model size: 415.51MB (uncompressed)
Original training examples: 1957
[Layer Freezing] Training last 4 transformer layers (layers 8-11)
[Layer Freezing] Trainable params: 28,384,555 / 108,924,715 (26.1%)
🔍 No compression applied (topk=0)
📊 Model size: 415.51MB (uncompressed)
📊 Single model: 415.51 MB
📊 Total uploaded: 4155.15 MB (10 clients)
 Round 81 | F1 0.4296 | P 0.4819 | R 0.3876 | Time 39.0s | Comm 4155.15 MB | Local Avg F1: 0.3566

=== Round 82/100 ===
Original training examples: 957
[Layer Freezing] Training last 4 transformer layers (layers 8-11)
[Layer Freezing] Trainable params: 28,384,555 / 108,924,715 (26.1%)
🔍 No compression applied (topk=0)
📊 Model size: 415.51MB (uncompressed)
Original training examples: 993
[Layer Freezing] Training last 4 transformer layers (layers 8-11)
[Layer Freezing] Trainable params: 28,384,555 / 108,924,715 (26.1%)
🔍 No compression applied (topk=0)
📊 Model size: 415.51MB (uncompressed)
Original training examples: 1793
[Layer Freezing] Training last 4 transformer layers (layers 8-11)
[Layer Freezing] Trainable params: 28,384,555 / 108,924,715 (26.1%)
🔍 No compression applied (topk=0)
📊 Model size: 415.51MB (uncompressed)
Original training examples: 1707
[Layer Freezing] Training last 4 transformer layers (layers 8-11)
[Layer Freezing] Trainable params: 28,384,555 / 108,924,715 (26.1%)
🔍 No compression applied (topk=0)
📊 Model size: 415.51MB (uncompressed)
Original training examples: 8214
[Layer Freezing] Training last 4 transformer layers (layers 8-11)
[Layer Freezing] Trainable params: 28,384,555 / 108,924,715 (26.1%)
🔍 No compression applied (topk=0)
📊 Model size: 415.51MB (uncompressed)
Original training examples: 13991
[Layer Freezing] Training last 4 transformer layers (layers 8-11)
[Layer Freezing] Trainable params: 28,384,555 / 108,924,715 (26.1%)
🔍 No compression applied (topk=0)
📊 Model size: 415.51MB (uncompressed)
Original training examples: 2041
[Layer Freezing] Training last 4 transformer layers (layers 8-11)
[Layer Freezing] Trainable params: 28,384,555 / 108,924,715 (26.1%)
🔍 No compression applied (topk=0)
📊 Model size: 415.51MB (uncompressed)
Original training examples: 1583
[Layer Freezing] Training last 4 transformer layers (layers 8-11)
[Layer Freezing] Trainable params: 28,384,555 / 108,924,715 (26.1%)
🔍 No compression applied (topk=0)
📊 Model size: 415.51MB (uncompressed)
Original training examples: 2132
[Layer Freezing] Training last 4 transformer layers (layers 8-11)
[Layer Freezing] Trainable params: 28,384,555 / 108,924,715 (26.1%)
🔍 No compression applied (topk=0)
📊 Model size: 415.51MB (uncompressed)
Original training examples: 1957
[Layer Freezing] Training last 4 transformer layers (layers 8-11)
[Layer Freezing] Trainable params: 28,384,555 / 108,924,715 (26.1%)
🔍 No compression applied (topk=0)
📊 Model size: 415.51MB (uncompressed)
📊 Single model: 415.51 MB
📊 Total uploaded: 4155.15 MB (10 clients)
 Round 82 | F1 0.4207 | P 0.4901 | R 0.3685 | Time 39.7s | Comm 4155.15 MB | Local Avg F1: 0.3514

=== Round 83/100 ===
Original training examples: 957
[Layer Freezing] Training last 4 transformer layers (layers 8-11)
[Layer Freezing] Trainable params: 28,384,555 / 108,924,715 (26.1%)
🔍 No compression applied (topk=0)
📊 Model size: 415.51MB (uncompressed)
Original training examples: 993
[Layer Freezing] Training last 4 transformer layers (layers 8-11)
[Layer Freezing] Trainable params: 28,384,555 / 108,924,715 (26.1%)
🔍 No compression applied (topk=0)
📊 Model size: 415.51MB (uncompressed)
Original training examples: 1793
[Layer Freezing] Training last 4 transformer layers (layers 8-11)
[Layer Freezing] Trainable params: 28,384,555 / 108,924,715 (26.1%)
🔍 No compression applied (topk=0)
📊 Model size: 415.51MB (uncompressed)
Original training examples: 1707
[Layer Freezing] Training last 4 transformer layers (layers 8-11)
[Layer Freezing] Trainable params: 28,384,555 / 108,924,715 (26.1%)
🔍 No compression applied (topk=0)
📊 Model size: 415.51MB (uncompressed)
Original training examples: 8214
[Layer Freezing] Training last 4 transformer layers (layers 8-11)
[Layer Freezing] Trainable params: 28,384,555 / 108,924,715 (26.1%)
🔍 No compression applied (topk=0)
📊 Model size: 415.51MB (uncompressed)
Original training examples: 13991
[Layer Freezing] Training last 4 transformer layers (layers 8-11)
[Layer Freezing] Trainable params: 28,384,555 / 108,924,715 (26.1%)
🔍 No compression applied (topk=0)
📊 Model size: 415.51MB (uncompressed)
Original training examples: 2041
[Layer Freezing] Training last 4 transformer layers (layers 8-11)
[Layer Freezing] Trainable params: 28,384,555 / 108,924,715 (26.1%)
🔍 No compression applied (topk=0)
📊 Model size: 415.51MB (uncompressed)
Original training examples: 1583
[Layer Freezing] Training last 4 transformer layers (layers 8-11)
[Layer Freezing] Trainable params: 28,384,555 / 108,924,715 (26.1%)
🔍 No compression applied (topk=0)
📊 Model size: 415.51MB (uncompressed)
Original training examples: 2132
[Layer Freezing] Training last 4 transformer layers (layers 8-11)
[Layer Freezing] Trainable params: 28,384,555 / 108,924,715 (26.1%)
🔍 No compression applied (topk=0)
📊 Model size: 415.51MB (uncompressed)
Original training examples: 1957
[Layer Freezing] Training last 4 transformer layers (layers 8-11)
[Layer Freezing] Trainable params: 28,384,555 / 108,924,715 (26.1%)
🔍 No compression applied (topk=0)
📊 Model size: 415.51MB (uncompressed)
📊 Single model: 415.51 MB
📊 Total uploaded: 4155.15 MB (10 clients)
 Round 83 | F1 0.4291 | P 0.4896 | R 0.3820 | Time 40.0s | Comm 4155.15 MB | Local Avg F1: 0.3524

=== Round 84/100 ===
Original training examples: 957
[Layer Freezing] Training last 4 transformer layers (layers 8-11)
[Layer Freezing] Trainable params: 28,384,555 / 108,924,715 (26.1%)
🔍 No compression applied (topk=0)
📊 Model size: 415.51MB (uncompressed)
Original training examples: 993
[Layer Freezing] Training last 4 transformer layers (layers 8-11)
[Layer Freezing] Trainable params: 28,384,555 / 108,924,715 (26.1%)
🔍 No compression applied (topk=0)
📊 Model size: 415.51MB (uncompressed)
Original training examples: 1793
[Layer Freezing] Training last 4 transformer layers (layers 8-11)
[Layer Freezing] Trainable params: 28,384,555 / 108,924,715 (26.1%)
🔍 No compression applied (topk=0)
📊 Model size: 415.51MB (uncompressed)
Original training examples: 1707
[Layer Freezing] Training last 4 transformer layers (layers 8-11)
[Layer Freezing] Trainable params: 28,384,555 / 108,924,715 (26.1%)
🔍 No compression applied (topk=0)
📊 Model size: 415.51MB (uncompressed)
Original training examples: 8214
[Layer Freezing] Training last 4 transformer layers (layers 8-11)
[Layer Freezing] Trainable params: 28,384,555 / 108,924,715 (26.1%)
🔍 No compression applied (topk=0)
📊 Model size: 415.51MB (uncompressed)
Original training examples: 13991
[Layer Freezing] Training last 4 transformer layers (layers 8-11)
[Layer Freezing] Trainable params: 28,384,555 / 108,924,715 (26.1%)
🔍 No compression applied (topk=0)
📊 Model size: 415.51MB (uncompressed)
Original training examples: 2041
[Layer Freezing] Training last 4 transformer layers (layers 8-11)
[Layer Freezing] Trainable params: 28,384,555 / 108,924,715 (26.1%)
🔍 No compression applied (topk=0)
📊 Model size: 415.51MB (uncompressed)
Original training examples: 1583
[Layer Freezing] Training last 4 transformer layers (layers 8-11)
[Layer Freezing] Trainable params: 28,384,555 / 108,924,715 (26.1%)
🔍 No compression applied (topk=0)
📊 Model size: 415.51MB (uncompressed)
Original training examples: 2132
[Layer Freezing] Training last 4 transformer layers (layers 8-11)
[Layer Freezing] Trainable params: 28,384,555 / 108,924,715 (26.1%)
🔍 No compression applied (topk=0)
📊 Model size: 415.51MB (uncompressed)
Original training examples: 1957
[Layer Freezing] Training last 4 transformer layers (layers 8-11)
[Layer Freezing] Trainable params: 28,384,555 / 108,924,715 (26.1%)
🔍 No compression applied (topk=0)
📊 Model size: 415.51MB (uncompressed)
📊 Single model: 415.51 MB
📊 Total uploaded: 4155.15 MB (10 clients)
 Round 84 | F1 0.4210 | P 0.4915 | R 0.3682 | Time 40.1s | Comm 4155.15 MB | Local Avg F1: 0.3474

=== Round 85/100 ===
Original training examples: 957
[Layer Freezing] Training last 4 transformer layers (layers 8-11)
[Layer Freezing] Trainable params: 28,384,555 / 108,924,715 (26.1%)
🔍 No compression applied (topk=0)
📊 Model size: 415.51MB (uncompressed)
Original training examples: 993
[Layer Freezing] Training last 4 transformer layers (layers 8-11)
[Layer Freezing] Trainable params: 28,384,555 / 108,924,715 (26.1%)
🔍 No compression applied (topk=0)
📊 Model size: 415.51MB (uncompressed)
Original training examples: 1793
[Layer Freezing] Training last 4 transformer layers (layers 8-11)
[Layer Freezing] Trainable params: 28,384,555 / 108,924,715 (26.1%)
🔍 No compression applied (topk=0)
📊 Model size: 415.51MB (uncompressed)
Original training examples: 1707
[Layer Freezing] Training last 4 transformer layers (layers 8-11)
[Layer Freezing] Trainable params: 28,384,555 / 108,924,715 (26.1%)
🔍 No compression applied (topk=0)
📊 Model size: 415.51MB (uncompressed)
Original training examples: 8214
[Layer Freezing] Training last 4 transformer layers (layers 8-11)
[Layer Freezing] Trainable params: 28,384,555 / 108,924,715 (26.1%)
🔍 No compression applied (topk=0)
📊 Model size: 415.51MB (uncompressed)
Original training examples: 13991
[Layer Freezing] Training last 4 transformer layers (layers 8-11)
[Layer Freezing] Trainable params: 28,384,555 / 108,924,715 (26.1%)
🔍 No compression applied (topk=0)
📊 Model size: 415.51MB (uncompressed)
Original training examples: 2041
[Layer Freezing] Training last 4 transformer layers (layers 8-11)
[Layer Freezing] Trainable params: 28,384,555 / 108,924,715 (26.1%)
🔍 No compression applied (topk=0)
📊 Model size: 415.51MB (uncompressed)
Original training examples: 1583
[Layer Freezing] Training last 4 transformer layers (layers 8-11)
[Layer Freezing] Trainable params: 28,384,555 / 108,924,715 (26.1%)
🔍 No compression applied (topk=0)
📊 Model size: 415.51MB (uncompressed)
Original training examples: 2132
[Layer Freezing] Training last 4 transformer layers (layers 8-11)
[Layer Freezing] Trainable params: 28,384,555 / 108,924,715 (26.1%)
🔍 No compression applied (topk=0)
📊 Model size: 415.51MB (uncompressed)
Original training examples: 1957
[Layer Freezing] Training last 4 transformer layers (layers 8-11)
[Layer Freezing] Trainable params: 28,384,555 / 108,924,715 (26.1%)
🔍 No compression applied (topk=0)
📊 Model size: 415.51MB (uncompressed)
📊 Single model: 415.51 MB
📊 Total uploaded: 4155.15 MB (10 clients)
 Round 85 | F1 0.4289 | P 0.4862 | R 0.3837 | Time 40.3s | Comm 4155.15 MB | Local Avg F1: 0.3533

=== Round 86/100 ===
Original training examples: 957
[Layer Freezing] Training last 4 transformer layers (layers 8-11)
[Layer Freezing] Trainable params: 28,384,555 / 108,924,715 (26.1%)
🔍 No compression applied (topk=0)
📊 Model size: 415.51MB (uncompressed)
Original training examples: 993
[Layer Freezing] Training last 4 transformer layers (layers 8-11)
[Layer Freezing] Trainable params: 28,384,555 / 108,924,715 (26.1%)
🔍 No compression applied (topk=0)
📊 Model size: 415.51MB (uncompressed)
Original training examples: 1793
[Layer Freezing] Training last 4 transformer layers (layers 8-11)
[Layer Freezing] Trainable params: 28,384,555 / 108,924,715 (26.1%)
🔍 No compression applied (topk=0)
📊 Model size: 415.51MB (uncompressed)
Original training examples: 1707
[Layer Freezing] Training last 4 transformer layers (layers 8-11)
[Layer Freezing] Trainable params: 28,384,555 / 108,924,715 (26.1%)
🔍 No compression applied (topk=0)
📊 Model size: 415.51MB (uncompressed)
Original training examples: 8214
[Layer Freezing] Training last 4 transformer layers (layers 8-11)
[Layer Freezing] Trainable params: 28,384,555 / 108,924,715 (26.1%)
🔍 No compression applied (topk=0)
📊 Model size: 415.51MB (uncompressed)
Original training examples: 13991
[Layer Freezing] Training last 4 transformer layers (layers 8-11)
[Layer Freezing] Trainable params: 28,384,555 / 108,924,715 (26.1%)
🔍 No compression applied (topk=0)
📊 Model size: 415.51MB (uncompressed)
Original training examples: 2041
[Layer Freezing] Training last 4 transformer layers (layers 8-11)
[Layer Freezing] Trainable params: 28,384,555 / 108,924,715 (26.1%)
🔍 No compression applied (topk=0)
📊 Model size: 415.51MB (uncompressed)
Original training examples: 1583
[Layer Freezing] Training last 4 transformer layers (layers 8-11)
[Layer Freezing] Trainable params: 28,384,555 / 108,924,715 (26.1%)
🔍 No compression applied (topk=0)
📊 Model size: 415.51MB (uncompressed)
Original training examples: 2132
[Layer Freezing] Training last 4 transformer layers (layers 8-11)
[Layer Freezing] Trainable params: 28,384,555 / 108,924,715 (26.1%)
🔍 No compression applied (topk=0)
📊 Model size: 415.51MB (uncompressed)
Original training examples: 1957
[Layer Freezing] Training last 4 transformer layers (layers 8-11)
[Layer Freezing] Trainable params: 28,384,555 / 108,924,715 (26.1%)
🔍 No compression applied (topk=0)
📊 Model size: 415.51MB (uncompressed)
📊 Single model: 415.51 MB
📊 Total uploaded: 4155.15 MB (10 clients)
 Round 86 | F1 0.4287 | P 0.4928 | R 0.3795 | Time 40.2s | Comm 4155.15 MB | Local Avg F1: 0.3558

=== Round 87/100 ===
Original training examples: 957
[Layer Freezing] Training last 4 transformer layers (layers 8-11)
[Layer Freezing] Trainable params: 28,384,555 / 108,924,715 (26.1%)
🔍 No compression applied (topk=0)
📊 Model size: 415.51MB (uncompressed)
Original training examples: 993
[Layer Freezing] Training last 4 transformer layers (layers 8-11)
[Layer Freezing] Trainable params: 28,384,555 / 108,924,715 (26.1%)
🔍 No compression applied (topk=0)
📊 Model size: 415.51MB (uncompressed)
Original training examples: 1793
[Layer Freezing] Training last 4 transformer layers (layers 8-11)
[Layer Freezing] Trainable params: 28,384,555 / 108,924,715 (26.1%)
🔍 No compression applied (topk=0)
📊 Model size: 415.51MB (uncompressed)
Original training examples: 1707
[Layer Freezing] Training last 4 transformer layers (layers 8-11)
[Layer Freezing] Trainable params: 28,384,555 / 108,924,715 (26.1%)
🔍 No compression applied (topk=0)
📊 Model size: 415.51MB (uncompressed)
Original training examples: 8214
[Layer Freezing] Training last 4 transformer layers (layers 8-11)
[Layer Freezing] Trainable params: 28,384,555 / 108,924,715 (26.1%)
🔍 No compression applied (topk=0)
📊 Model size: 415.51MB (uncompressed)
Original training examples: 13991
[Layer Freezing] Training last 4 transformer layers (layers 8-11)
[Layer Freezing] Trainable params: 28,384,555 / 108,924,715 (26.1%)
🔍 No compression applied (topk=0)
📊 Model size: 415.51MB (uncompressed)
Original training examples: 2041
[Layer Freezing] Training last 4 transformer layers (layers 8-11)
[Layer Freezing] Trainable params: 28,384,555 / 108,924,715 (26.1%)
🔍 No compression applied (topk=0)
📊 Model size: 415.51MB (uncompressed)
Original training examples: 1583
[Layer Freezing] Training last 4 transformer layers (layers 8-11)
[Layer Freezing] Trainable params: 28,384,555 / 108,924,715 (26.1%)
🔍 No compression applied (topk=0)
📊 Model size: 415.51MB (uncompressed)
Original training examples: 2132
[Layer Freezing] Training last 4 transformer layers (layers 8-11)
[Layer Freezing] Trainable params: 28,384,555 / 108,924,715 (26.1%)
🔍 No compression applied (topk=0)
📊 Model size: 415.51MB (uncompressed)
Original training examples: 1957
[Layer Freezing] Training last 4 transformer layers (layers 8-11)
[Layer Freezing] Trainable params: 28,384,555 / 108,924,715 (26.1%)
🔍 No compression applied (topk=0)
📊 Model size: 415.51MB (uncompressed)
📊 Single model: 415.51 MB
📊 Total uploaded: 4155.15 MB (10 clients)
 Round 87 | F1 0.4279 | P 0.4880 | R 0.3810 | Time 39.3s | Comm 4155.15 MB | Local Avg F1: 0.3533

=== Round 88/100 ===
Original training examples: 957
[Layer Freezing] Training last 4 transformer layers (layers 8-11)
[Layer Freezing] Trainable params: 28,384,555 / 108,924,715 (26.1%)
🔍 No compression applied (topk=0)
📊 Model size: 415.51MB (uncompressed)
Original training examples: 993
[Layer Freezing] Training last 4 transformer layers (layers 8-11)
[Layer Freezing] Trainable params: 28,384,555 / 108,924,715 (26.1%)
🔍 No compression applied (topk=0)
📊 Model size: 415.51MB (uncompressed)
Original training examples: 1793
[Layer Freezing] Training last 4 transformer layers (layers 8-11)
[Layer Freezing] Trainable params: 28,384,555 / 108,924,715 (26.1%)
🔍 No compression applied (topk=0)
📊 Model size: 415.51MB (uncompressed)
Original training examples: 1707
[Layer Freezing] Training last 4 transformer layers (layers 8-11)
[Layer Freezing] Trainable params: 28,384,555 / 108,924,715 (26.1%)
🔍 No compression applied (topk=0)
📊 Model size: 415.51MB (uncompressed)
Original training examples: 8214
[Layer Freezing] Training last 4 transformer layers (layers 8-11)
[Layer Freezing] Trainable params: 28,384,555 / 108,924,715 (26.1%)
🔍 No compression applied (topk=0)
📊 Model size: 415.51MB (uncompressed)
Original training examples: 13991
[Layer Freezing] Training last 4 transformer layers (layers 8-11)
[Layer Freezing] Trainable params: 28,384,555 / 108,924,715 (26.1%)
🔍 No compression applied (topk=0)
📊 Model size: 415.51MB (uncompressed)
Original training examples: 2041
[Layer Freezing] Training last 4 transformer layers (layers 8-11)
[Layer Freezing] Trainable params: 28,384,555 / 108,924,715 (26.1%)
🔍 No compression applied (topk=0)
📊 Model size: 415.51MB (uncompressed)
Original training examples: 1583
[Layer Freezing] Training last 4 transformer layers (layers 8-11)
[Layer Freezing] Trainable params: 28,384,555 / 108,924,715 (26.1%)
🔍 No compression applied (topk=0)
📊 Model size: 415.51MB (uncompressed)
Original training examples: 2132
[Layer Freezing] Training last 4 transformer layers (layers 8-11)
[Layer Freezing] Trainable params: 28,384,555 / 108,924,715 (26.1%)
🔍 No compression applied (topk=0)
📊 Model size: 415.51MB (uncompressed)
Original training examples: 1957
[Layer Freezing] Training last 4 transformer layers (layers 8-11)
[Layer Freezing] Trainable params: 28,384,555 / 108,924,715 (26.1%)
🔍 No compression applied (topk=0)
📊 Model size: 415.51MB (uncompressed)
📊 Single model: 415.51 MB
📊 Total uploaded: 4155.15 MB (10 clients)
 Round 88 | F1 0.4369 | P 0.4753 | R 0.4043 | Time 40.4s | Comm 4155.15 MB | Local Avg F1: 0.3613

=== Round 89/100 ===
Original training examples: 957
[Layer Freezing] Training last 4 transformer layers (layers 8-11)
[Layer Freezing] Trainable params: 28,384,555 / 108,924,715 (26.1%)
🔍 No compression applied (topk=0)
📊 Model size: 415.51MB (uncompressed)
Original training examples: 993
[Layer Freezing] Training last 4 transformer layers (layers 8-11)
[Layer Freezing] Trainable params: 28,384,555 / 108,924,715 (26.1%)
🔍 No compression applied (topk=0)
📊 Model size: 415.51MB (uncompressed)
Original training examples: 1793
[Layer Freezing] Training last 4 transformer layers (layers 8-11)
[Layer Freezing] Trainable params: 28,384,555 / 108,924,715 (26.1%)
🔍 No compression applied (topk=0)
📊 Model size: 415.51MB (uncompressed)
Original training examples: 1707
[Layer Freezing] Training last 4 transformer layers (layers 8-11)
[Layer Freezing] Trainable params: 28,384,555 / 108,924,715 (26.1%)
🔍 No compression applied (topk=0)
📊 Model size: 415.51MB (uncompressed)
Original training examples: 8214
[Layer Freezing] Training last 4 transformer layers (layers 8-11)
[Layer Freezing] Trainable params: 28,384,555 / 108,924,715 (26.1%)
🔍 No compression applied (topk=0)
📊 Model size: 415.51MB (uncompressed)
Original training examples: 13991
[Layer Freezing] Training last 4 transformer layers (layers 8-11)
[Layer Freezing] Trainable params: 28,384,555 / 108,924,715 (26.1%)
🔍 No compression applied (topk=0)
📊 Model size: 415.51MB (uncompressed)
Original training examples: 2041
[Layer Freezing] Training last 4 transformer layers (layers 8-11)
[Layer Freezing] Trainable params: 28,384,555 / 108,924,715 (26.1%)
🔍 No compression applied (topk=0)
📊 Model size: 415.51MB (uncompressed)
Original training examples: 1583
[Layer Freezing] Training last 4 transformer layers (layers 8-11)
[Layer Freezing] Trainable params: 28,384,555 / 108,924,715 (26.1%)
🔍 No compression applied (topk=0)
📊 Model size: 415.51MB (uncompressed)
Original training examples: 2132
[Layer Freezing] Training last 4 transformer layers (layers 8-11)
[Layer Freezing] Trainable params: 28,384,555 / 108,924,715 (26.1%)
🔍 No compression applied (topk=0)
📊 Model size: 415.51MB (uncompressed)
Original training examples: 1957
[Layer Freezing] Training last 4 transformer layers (layers 8-11)
[Layer Freezing] Trainable params: 28,384,555 / 108,924,715 (26.1%)
🔍 No compression applied (topk=0)
📊 Model size: 415.51MB (uncompressed)
📊 Single model: 415.51 MB
📊 Total uploaded: 4155.15 MB (10 clients)
 Round 89 | F1 0.4284 | P 0.4932 | R 0.3787 | Time 39.4s | Comm 4155.15 MB | Local Avg F1: 0.3556

=== Round 90/100 ===
Original training examples: 957
[Layer Freezing] Training last 4 transformer layers (layers 8-11)
[Layer Freezing] Trainable params: 28,384,555 / 108,924,715 (26.1%)
🔍 No compression applied (topk=0)
📊 Model size: 415.51MB (uncompressed)
Original training examples: 993
[Layer Freezing] Training last 4 transformer layers (layers 8-11)
[Layer Freezing] Trainable params: 28,384,555 / 108,924,715 (26.1%)
🔍 No compression applied (topk=0)
📊 Model size: 415.51MB (uncompressed)
Original training examples: 1793
[Layer Freezing] Training last 4 transformer layers (layers 8-11)
[Layer Freezing] Trainable params: 28,384,555 / 108,924,715 (26.1%)
🔍 No compression applied (topk=0)
📊 Model size: 415.51MB (uncompressed)
Original training examples: 1707
[Layer Freezing] Training last 4 transformer layers (layers 8-11)
[Layer Freezing] Trainable params: 28,384,555 / 108,924,715 (26.1%)
🔍 No compression applied (topk=0)
📊 Model size: 415.51MB (uncompressed)
Original training examples: 8214
[Layer Freezing] Training last 4 transformer layers (layers 8-11)
[Layer Freezing] Trainable params: 28,384,555 / 108,924,715 (26.1%)
🔍 No compression applied (topk=0)
📊 Model size: 415.51MB (uncompressed)
Original training examples: 13991
[Layer Freezing] Training last 4 transformer layers (layers 8-11)
[Layer Freezing] Trainable params: 28,384,555 / 108,924,715 (26.1%)
🔍 No compression applied (topk=0)
📊 Model size: 415.51MB (uncompressed)
Original training examples: 2041
[Layer Freezing] Training last 4 transformer layers (layers 8-11)
[Layer Freezing] Trainable params: 28,384,555 / 108,924,715 (26.1%)
🔍 No compression applied (topk=0)
📊 Model size: 415.51MB (uncompressed)
Original training examples: 1583
[Layer Freezing] Training last 4 transformer layers (layers 8-11)
[Layer Freezing] Trainable params: 28,384,555 / 108,924,715 (26.1%)
🔍 No compression applied (topk=0)
📊 Model size: 415.51MB (uncompressed)
Original training examples: 2132
[Layer Freezing] Training last 4 transformer layers (layers 8-11)
[Layer Freezing] Trainable params: 28,384,555 / 108,924,715 (26.1%)
🔍 No compression applied (topk=0)
📊 Model size: 415.51MB (uncompressed)
Original training examples: 1957
[Layer Freezing] Training last 4 transformer layers (layers 8-11)
[Layer Freezing] Trainable params: 28,384,555 / 108,924,715 (26.1%)
🔍 No compression applied (topk=0)
📊 Model size: 415.51MB (uncompressed)
📊 Single model: 415.51 MB
📊 Total uploaded: 4155.15 MB (10 clients)
 Round 90 | F1 0.4312 | P 0.4845 | R 0.3884 | Time 40.3s | Comm 4155.15 MB | Local Avg F1: 0.3580

=== Round 91/100 ===
Original training examples: 957
[Layer Freezing] Training last 4 transformer layers (layers 8-11)
[Layer Freezing] Trainable params: 28,384,555 / 108,924,715 (26.1%)
🔍 No compression applied (topk=0)
📊 Model size: 415.51MB (uncompressed)
Original training examples: 993
[Layer Freezing] Training last 4 transformer layers (layers 8-11)
[Layer Freezing] Trainable params: 28,384,555 / 108,924,715 (26.1%)
🔍 No compression applied (topk=0)
📊 Model size: 415.51MB (uncompressed)
Original training examples: 1793
[Layer Freezing] Training last 4 transformer layers (layers 8-11)
[Layer Freezing] Trainable params: 28,384,555 / 108,924,715 (26.1%)
🔍 No compression applied (topk=0)
📊 Model size: 415.51MB (uncompressed)
Original training examples: 1707
[Layer Freezing] Training last 4 transformer layers (layers 8-11)
[Layer Freezing] Trainable params: 28,384,555 / 108,924,715 (26.1%)
🔍 No compression applied (topk=0)
📊 Model size: 415.51MB (uncompressed)
Original training examples: 8214
[Layer Freezing] Training last 4 transformer layers (layers 8-11)
[Layer Freezing] Trainable params: 28,384,555 / 108,924,715 (26.1%)
🔍 No compression applied (topk=0)
📊 Model size: 415.51MB (uncompressed)
Original training examples: 13991
[Layer Freezing] Training last 4 transformer layers (layers 8-11)
[Layer Freezing] Trainable params: 28,384,555 / 108,924,715 (26.1%)
🔍 No compression applied (topk=0)
📊 Model size: 415.51MB (uncompressed)
Original training examples: 2041
[Layer Freezing] Training last 4 transformer layers (layers 8-11)
[Layer Freezing] Trainable params: 28,384,555 / 108,924,715 (26.1%)
🔍 No compression applied (topk=0)
📊 Model size: 415.51MB (uncompressed)
Original training examples: 1583
[Layer Freezing] Training last 4 transformer layers (layers 8-11)
[Layer Freezing] Trainable params: 28,384,555 / 108,924,715 (26.1%)
🔍 No compression applied (topk=0)
📊 Model size: 415.51MB (uncompressed)
Original training examples: 2132
[Layer Freezing] Training last 4 transformer layers (layers 8-11)
[Layer Freezing] Trainable params: 28,384,555 / 108,924,715 (26.1%)
🔍 No compression applied (topk=0)
📊 Model size: 415.51MB (uncompressed)
Original training examples: 1957
[Layer Freezing] Training last 4 transformer layers (layers 8-11)
[Layer Freezing] Trainable params: 28,384,555 / 108,924,715 (26.1%)
🔍 No compression applied (topk=0)
📊 Model size: 415.51MB (uncompressed)
📊 Single model: 415.51 MB
📊 Total uploaded: 4155.15 MB (10 clients)
 Round 91 | F1 0.4300 | P 0.4846 | R 0.3864 | Time 39.7s | Comm 4155.15 MB | Local Avg F1: 0.3562

=== Round 92/100 ===
Original training examples: 957
[Layer Freezing] Training last 4 transformer layers (layers 8-11)
[Layer Freezing] Trainable params: 28,384,555 / 108,924,715 (26.1%)
🔍 No compression applied (topk=0)
📊 Model size: 415.51MB (uncompressed)
Original training examples: 993
[Layer Freezing] Training last 4 transformer layers (layers 8-11)
[Layer Freezing] Trainable params: 28,384,555 / 108,924,715 (26.1%)
🔍 No compression applied (topk=0)
📊 Model size: 415.51MB (uncompressed)
Original training examples: 1793
[Layer Freezing] Training last 4 transformer layers (layers 8-11)
[Layer Freezing] Trainable params: 28,384,555 / 108,924,715 (26.1%)
🔍 No compression applied (topk=0)
📊 Model size: 415.51MB (uncompressed)
Original training examples: 1707
[Layer Freezing] Training last 4 transformer layers (layers 8-11)
[Layer Freezing] Trainable params: 28,384,555 / 108,924,715 (26.1%)
🔍 No compression applied (topk=0)
📊 Model size: 415.51MB (uncompressed)
Original training examples: 8214
[Layer Freezing] Training last 4 transformer layers (layers 8-11)
[Layer Freezing] Trainable params: 28,384,555 / 108,924,715 (26.1%)
🔍 No compression applied (topk=0)
📊 Model size: 415.51MB (uncompressed)
Original training examples: 13991
[Layer Freezing] Training last 4 transformer layers (layers 8-11)
[Layer Freezing] Trainable params: 28,384,555 / 108,924,715 (26.1%)
🔍 No compression applied (topk=0)
📊 Model size: 415.51MB (uncompressed)
Original training examples: 2041
[Layer Freezing] Training last 4 transformer layers (layers 8-11)
[Layer Freezing] Trainable params: 28,384,555 / 108,924,715 (26.1%)
🔍 No compression applied (topk=0)
📊 Model size: 415.51MB (uncompressed)
Original training examples: 1583
[Layer Freezing] Training last 4 transformer layers (layers 8-11)
[Layer Freezing] Trainable params: 28,384,555 / 108,924,715 (26.1%)
🔍 No compression applied (topk=0)
📊 Model size: 415.51MB (uncompressed)
Original training examples: 2132
[Layer Freezing] Training last 4 transformer layers (layers 8-11)
[Layer Freezing] Trainable params: 28,384,555 / 108,924,715 (26.1%)
🔍 No compression applied (topk=0)
📊 Model size: 415.51MB (uncompressed)
Original training examples: 1957
[Layer Freezing] Training last 4 transformer layers (layers 8-11)
[Layer Freezing] Trainable params: 28,384,555 / 108,924,715 (26.1%)
🔍 No compression applied (topk=0)
📊 Model size: 415.51MB (uncompressed)
📊 Single model: 415.51 MB
📊 Total uploaded: 4155.15 MB (10 clients)
 Round 92 | F1 0.4298 | P 0.4831 | R 0.3870 | Time 40.3s | Comm 4155.15 MB | Local Avg F1: 0.3558

=== Round 93/100 ===
Original training examples: 957
[Layer Freezing] Training last 4 transformer layers (layers 8-11)
[Layer Freezing] Trainable params: 28,384,555 / 108,924,715 (26.1%)
🔍 No compression applied (topk=0)
📊 Model size: 415.51MB (uncompressed)
Original training examples: 993
[Layer Freezing] Training last 4 transformer layers (layers 8-11)
[Layer Freezing] Trainable params: 28,384,555 / 108,924,715 (26.1%)
🔍 No compression applied (topk=0)
📊 Model size: 415.51MB (uncompressed)
Original training examples: 1793
[Layer Freezing] Training last 4 transformer layers (layers 8-11)
[Layer Freezing] Trainable params: 28,384,555 / 108,924,715 (26.1%)
🔍 No compression applied (topk=0)
📊 Model size: 415.51MB (uncompressed)
Original training examples: 1707
[Layer Freezing] Training last 4 transformer layers (layers 8-11)
[Layer Freezing] Trainable params: 28,384,555 / 108,924,715 (26.1%)
🔍 No compression applied (topk=0)
📊 Model size: 415.51MB (uncompressed)
Original training examples: 8214
[Layer Freezing] Training last 4 transformer layers (layers 8-11)
[Layer Freezing] Trainable params: 28,384,555 / 108,924,715 (26.1%)
🔍 No compression applied (topk=0)
📊 Model size: 415.51MB (uncompressed)
Original training examples: 13991
[Layer Freezing] Training last 4 transformer layers (layers 8-11)
[Layer Freezing] Trainable params: 28,384,555 / 108,924,715 (26.1%)
🔍 No compression applied (topk=0)
📊 Model size: 415.51MB (uncompressed)
Original training examples: 2041
[Layer Freezing] Training last 4 transformer layers (layers 8-11)
[Layer Freezing] Trainable params: 28,384,555 / 108,924,715 (26.1%)
🔍 No compression applied (topk=0)
📊 Model size: 415.51MB (uncompressed)
Original training examples: 1583
[Layer Freezing] Training last 4 transformer layers (layers 8-11)
[Layer Freezing] Trainable params: 28,384,555 / 108,924,715 (26.1%)
🔍 No compression applied (topk=0)
📊 Model size: 415.51MB (uncompressed)
Original training examples: 2132
[Layer Freezing] Training last 4 transformer layers (layers 8-11)
[Layer Freezing] Trainable params: 28,384,555 / 108,924,715 (26.1%)
🔍 No compression applied (topk=0)
📊 Model size: 415.51MB (uncompressed)
Original training examples: 1957
[Layer Freezing] Training last 4 transformer layers (layers 8-11)
[Layer Freezing] Trainable params: 28,384,555 / 108,924,715 (26.1%)
🔍 No compression applied (topk=0)
📊 Model size: 415.51MB (uncompressed)
📊 Single model: 415.51 MB
📊 Total uploaded: 4155.15 MB (10 clients)
 Round 93 | F1 0.4265 | P 0.4910 | R 0.3770 | Time 40.2s | Comm 4155.15 MB | Local Avg F1: 0.3545

=== Round 94/100 ===
Original training examples: 957
[Layer Freezing] Training last 4 transformer layers (layers 8-11)
[Layer Freezing] Trainable params: 28,384,555 / 108,924,715 (26.1%)
🔍 No compression applied (topk=0)
📊 Model size: 415.51MB (uncompressed)
Original training examples: 993
[Layer Freezing] Training last 4 transformer layers (layers 8-11)
[Layer Freezing] Trainable params: 28,384,555 / 108,924,715 (26.1%)
🔍 No compression applied (topk=0)
📊 Model size: 415.51MB (uncompressed)
Original training examples: 1793
[Layer Freezing] Training last 4 transformer layers (layers 8-11)
[Layer Freezing] Trainable params: 28,384,555 / 108,924,715 (26.1%)
🔍 No compression applied (topk=0)
📊 Model size: 415.51MB (uncompressed)
Original training examples: 1707
[Layer Freezing] Training last 4 transformer layers (layers 8-11)
[Layer Freezing] Trainable params: 28,384,555 / 108,924,715 (26.1%)
🔍 No compression applied (topk=0)
📊 Model size: 415.51MB (uncompressed)
Original training examples: 8214
[Layer Freezing] Training last 4 transformer layers (layers 8-11)
[Layer Freezing] Trainable params: 28,384,555 / 108,924,715 (26.1%)
🔍 No compression applied (topk=0)
📊 Model size: 415.51MB (uncompressed)
Original training examples: 13991
[Layer Freezing] Training last 4 transformer layers (layers 8-11)
[Layer Freezing] Trainable params: 28,384,555 / 108,924,715 (26.1%)
🔍 No compression applied (topk=0)
📊 Model size: 415.51MB (uncompressed)
Original training examples: 2041
[Layer Freezing] Training last 4 transformer layers (layers 8-11)
[Layer Freezing] Trainable params: 28,384,555 / 108,924,715 (26.1%)
🔍 No compression applied (topk=0)
📊 Model size: 415.51MB (uncompressed)
Original training examples: 1583
[Layer Freezing] Training last 4 transformer layers (layers 8-11)
[Layer Freezing] Trainable params: 28,384,555 / 108,924,715 (26.1%)
🔍 No compression applied (topk=0)
📊 Model size: 415.51MB (uncompressed)
Original training examples: 2132
[Layer Freezing] Training last 4 transformer layers (layers 8-11)
[Layer Freezing] Trainable params: 28,384,555 / 108,924,715 (26.1%)
🔍 No compression applied (topk=0)
📊 Model size: 415.51MB (uncompressed)
Original training examples: 1957
[Layer Freezing] Training last 4 transformer layers (layers 8-11)
[Layer Freezing] Trainable params: 28,384,555 / 108,924,715 (26.1%)
🔍 No compression applied (topk=0)
📊 Model size: 415.51MB (uncompressed)
📊 Single model: 415.51 MB
📊 Total uploaded: 4155.15 MB (10 clients)
 Round 94 | F1 0.4326 | P 0.4832 | R 0.3916 | Time 39.6s | Comm 4155.15 MB | Local Avg F1: 0.3582

=== Round 95/100 ===
Original training examples: 957
[Layer Freezing] Training last 4 transformer layers (layers 8-11)
[Layer Freezing] Trainable params: 28,384,555 / 108,924,715 (26.1%)
🔍 No compression applied (topk=0)
📊 Model size: 415.51MB (uncompressed)
Original training examples: 993
[Layer Freezing] Training last 4 transformer layers (layers 8-11)
[Layer Freezing] Trainable params: 28,384,555 / 108,924,715 (26.1%)
🔍 No compression applied (topk=0)
📊 Model size: 415.51MB (uncompressed)
Original training examples: 1793
[Layer Freezing] Training last 4 transformer layers (layers 8-11)
[Layer Freezing] Trainable params: 28,384,555 / 108,924,715 (26.1%)
🔍 No compression applied (topk=0)
📊 Model size: 415.51MB (uncompressed)
Original training examples: 1707
[Layer Freezing] Training last 4 transformer layers (layers 8-11)
[Layer Freezing] Trainable params: 28,384,555 / 108,924,715 (26.1%)
🔍 No compression applied (topk=0)
📊 Model size: 415.51MB (uncompressed)
Original training examples: 8214
[Layer Freezing] Training last 4 transformer layers (layers 8-11)
[Layer Freezing] Trainable params: 28,384,555 / 108,924,715 (26.1%)
🔍 No compression applied (topk=0)
📊 Model size: 415.51MB (uncompressed)
Original training examples: 13991
[Layer Freezing] Training last 4 transformer layers (layers 8-11)
[Layer Freezing] Trainable params: 28,384,555 / 108,924,715 (26.1%)
🔍 No compression applied (topk=0)
📊 Model size: 415.51MB (uncompressed)
Original training examples: 2041
[Layer Freezing] Training last 4 transformer layers (layers 8-11)
[Layer Freezing] Trainable params: 28,384,555 / 108,924,715 (26.1%)
🔍 No compression applied (topk=0)
📊 Model size: 415.51MB (uncompressed)
Original training examples: 1583
[Layer Freezing] Training last 4 transformer layers (layers 8-11)
[Layer Freezing] Trainable params: 28,384,555 / 108,924,715 (26.1%)
🔍 No compression applied (topk=0)
📊 Model size: 415.51MB (uncompressed)
Original training examples: 2132
[Layer Freezing] Training last 4 transformer layers (layers 8-11)
[Layer Freezing] Trainable params: 28,384,555 / 108,924,715 (26.1%)
🔍 No compression applied (topk=0)
📊 Model size: 415.51MB (uncompressed)
Original training examples: 1957
[Layer Freezing] Training last 4 transformer layers (layers 8-11)
[Layer Freezing] Trainable params: 28,384,555 / 108,924,715 (26.1%)
🔍 No compression applied (topk=0)
📊 Model size: 415.51MB (uncompressed)
📊 Single model: 415.51 MB
📊 Total uploaded: 4155.15 MB (10 clients)
 Round 95 | F1 0.4289 | P 0.4912 | R 0.3806 | Time 40.6s | Comm 4155.15 MB | Local Avg F1: 0.3583

=== Round 96/100 ===
Original training examples: 957
[Layer Freezing] Training last 4 transformer layers (layers 8-11)
[Layer Freezing] Trainable params: 28,384,555 / 108,924,715 (26.1%)
🔍 No compression applied (topk=0)
📊 Model size: 415.51MB (uncompressed)
Original training examples: 993
[Layer Freezing] Training last 4 transformer layers (layers 8-11)
[Layer Freezing] Trainable params: 28,384,555 / 108,924,715 (26.1%)
🔍 No compression applied (topk=0)
📊 Model size: 415.51MB (uncompressed)
Original training examples: 1793
[Layer Freezing] Training last 4 transformer layers (layers 8-11)
[Layer Freezing] Trainable params: 28,384,555 / 108,924,715 (26.1%)
🔍 No compression applied (topk=0)
📊 Model size: 415.51MB (uncompressed)
Original training examples: 1707
[Layer Freezing] Training last 4 transformer layers (layers 8-11)
[Layer Freezing] Trainable params: 28,384,555 / 108,924,715 (26.1%)
🔍 No compression applied (topk=0)
📊 Model size: 415.51MB (uncompressed)
Original training examples: 8214
[Layer Freezing] Training last 4 transformer layers (layers 8-11)
[Layer Freezing] Trainable params: 28,384,555 / 108,924,715 (26.1%)
🔍 No compression applied (topk=0)
📊 Model size: 415.51MB (uncompressed)
Original training examples: 13991
[Layer Freezing] Training last 4 transformer layers (layers 8-11)
[Layer Freezing] Trainable params: 28,384,555 / 108,924,715 (26.1%)
🔍 No compression applied (topk=0)
📊 Model size: 415.51MB (uncompressed)
Original training examples: 2041
[Layer Freezing] Training last 4 transformer layers (layers 8-11)
[Layer Freezing] Trainable params: 28,384,555 / 108,924,715 (26.1%)
🔍 No compression applied (topk=0)
📊 Model size: 415.51MB (uncompressed)
Original training examples: 1583
[Layer Freezing] Training last 4 transformer layers (layers 8-11)
[Layer Freezing] Trainable params: 28,384,555 / 108,924,715 (26.1%)
🔍 No compression applied (topk=0)
📊 Model size: 415.51MB (uncompressed)
Original training examples: 2132
[Layer Freezing] Training last 4 transformer layers (layers 8-11)
[Layer Freezing] Trainable params: 28,384,555 / 108,924,715 (26.1%)
🔍 No compression applied (topk=0)
📊 Model size: 415.51MB (uncompressed)
Original training examples: 1957
[Layer Freezing] Training last 4 transformer layers (layers 8-11)
[Layer Freezing] Trainable params: 28,384,555 / 108,924,715 (26.1%)
🔍 No compression applied (topk=0)
📊 Model size: 415.51MB (uncompressed)
📊 Single model: 415.51 MB
📊 Total uploaded: 4155.15 MB (10 clients)
 Round 96 | F1 0.4300 | P 0.4919 | R 0.3819 | Time 39.1s | Comm 4155.15 MB | Local Avg F1: 0.3599

=== Round 97/100 ===
Original training examples: 957
[Layer Freezing] Training last 4 transformer layers (layers 8-11)
[Layer Freezing] Trainable params: 28,384,555 / 108,924,715 (26.1%)
🔍 No compression applied (topk=0)
📊 Model size: 415.51MB (uncompressed)
Original training examples: 993
[Layer Freezing] Training last 4 transformer layers (layers 8-11)
[Layer Freezing] Trainable params: 28,384,555 / 108,924,715 (26.1%)
🔍 No compression applied (topk=0)
📊 Model size: 415.51MB (uncompressed)
Original training examples: 1793
[Layer Freezing] Training last 4 transformer layers (layers 8-11)
[Layer Freezing] Trainable params: 28,384,555 / 108,924,715 (26.1%)
🔍 No compression applied (topk=0)
📊 Model size: 415.51MB (uncompressed)
Original training examples: 1707
[Layer Freezing] Training last 4 transformer layers (layers 8-11)
[Layer Freezing] Trainable params: 28,384,555 / 108,924,715 (26.1%)
🔍 No compression applied (topk=0)
📊 Model size: 415.51MB (uncompressed)
Original training examples: 8214
[Layer Freezing] Training last 4 transformer layers (layers 8-11)
[Layer Freezing] Trainable params: 28,384,555 / 108,924,715 (26.1%)
🔍 No compression applied (topk=0)
📊 Model size: 415.51MB (uncompressed)
Original training examples: 13991
[Layer Freezing] Training last 4 transformer layers (layers 8-11)
[Layer Freezing] Trainable params: 28,384,555 / 108,924,715 (26.1%)
🔍 No compression applied (topk=0)
📊 Model size: 415.51MB (uncompressed)
Original training examples: 2041
[Layer Freezing] Training last 4 transformer layers (layers 8-11)
[Layer Freezing] Trainable params: 28,384,555 / 108,924,715 (26.1%)
🔍 No compression applied (topk=0)
📊 Model size: 415.51MB (uncompressed)
Original training examples: 1583
[Layer Freezing] Training last 4 transformer layers (layers 8-11)
[Layer Freezing] Trainable params: 28,384,555 / 108,924,715 (26.1%)
🔍 No compression applied (topk=0)
📊 Model size: 415.51MB (uncompressed)
Original training examples: 2132
[Layer Freezing] Training last 4 transformer layers (layers 8-11)
[Layer Freezing] Trainable params: 28,384,555 / 108,924,715 (26.1%)
🔍 No compression applied (topk=0)
📊 Model size: 415.51MB (uncompressed)
Original training examples: 1957
[Layer Freezing] Training last 4 transformer layers (layers 8-11)
[Layer Freezing] Trainable params: 28,384,555 / 108,924,715 (26.1%)
🔍 No compression applied (topk=0)
📊 Model size: 415.51MB (uncompressed)
📊 Single model: 415.51 MB
📊 Total uploaded: 4155.15 MB (10 clients)
 Round 97 | F1 0.4289 | P 0.4901 | R 0.3812 | Time 38.7s | Comm 4155.15 MB | Local Avg F1: 0.3569

=== Round 98/100 ===
Original training examples: 957
[Layer Freezing] Training last 4 transformer layers (layers 8-11)
[Layer Freezing] Trainable params: 28,384,555 / 108,924,715 (26.1%)
🔍 No compression applied (topk=0)
📊 Model size: 415.51MB (uncompressed)
Original training examples: 993
[Layer Freezing] Training last 4 transformer layers (layers 8-11)
[Layer Freezing] Trainable params: 28,384,555 / 108,924,715 (26.1%)
🔍 No compression applied (topk=0)
📊 Model size: 415.51MB (uncompressed)
Original training examples: 1793
[Layer Freezing] Training last 4 transformer layers (layers 8-11)
[Layer Freezing] Trainable params: 28,384,555 / 108,924,715 (26.1%)
🔍 No compression applied (topk=0)
📊 Model size: 415.51MB (uncompressed)
Original training examples: 1707
[Layer Freezing] Training last 4 transformer layers (layers 8-11)
[Layer Freezing] Trainable params: 28,384,555 / 108,924,715 (26.1%)
🔍 No compression applied (topk=0)
📊 Model size: 415.51MB (uncompressed)
Original training examples: 8214
[Layer Freezing] Training last 4 transformer layers (layers 8-11)
[Layer Freezing] Trainable params: 28,384,555 / 108,924,715 (26.1%)
🔍 No compression applied (topk=0)
📊 Model size: 415.51MB (uncompressed)
Original training examples: 13991
[Layer Freezing] Training last 4 transformer layers (layers 8-11)
[Layer Freezing] Trainable params: 28,384,555 / 108,924,715 (26.1%)
🔍 No compression applied (topk=0)
📊 Model size: 415.51MB (uncompressed)
Original training examples: 2041
[Layer Freezing] Training last 4 transformer layers (layers 8-11)
[Layer Freezing] Trainable params: 28,384,555 / 108,924,715 (26.1%)
🔍 No compression applied (topk=0)
📊 Model size: 415.51MB (uncompressed)
Original training examples: 1583
[Layer Freezing] Training last 4 transformer layers (layers 8-11)
[Layer Freezing] Trainable params: 28,384,555 / 108,924,715 (26.1%)
🔍 No compression applied (topk=0)
📊 Model size: 415.51MB (uncompressed)
Original training examples: 2132
[Layer Freezing] Training last 4 transformer layers (layers 8-11)
[Layer Freezing] Trainable params: 28,384,555 / 108,924,715 (26.1%)
🔍 No compression applied (topk=0)
📊 Model size: 415.51MB (uncompressed)
Original training examples: 1957
[Layer Freezing] Training last 4 transformer layers (layers 8-11)
[Layer Freezing] Trainable params: 28,384,555 / 108,924,715 (26.1%)
🔍 No compression applied (topk=0)
📊 Model size: 415.51MB (uncompressed)
📊 Single model: 415.51 MB
📊 Total uploaded: 4155.15 MB (10 clients)
 Round 98 | F1 0.4275 | P 0.4959 | R 0.3757 | Time 40.6s | Comm 4155.15 MB | Local Avg F1: 0.3578

=== Round 99/100 ===
Original training examples: 957
[Layer Freezing] Training last 4 transformer layers (layers 8-11)
[Layer Freezing] Trainable params: 28,384,555 / 108,924,715 (26.1%)
🔍 No compression applied (topk=0)
📊 Model size: 415.51MB (uncompressed)
Original training examples: 993
[Layer Freezing] Training last 4 transformer layers (layers 8-11)
[Layer Freezing] Trainable params: 28,384,555 / 108,924,715 (26.1%)
🔍 No compression applied (topk=0)
📊 Model size: 415.51MB (uncompressed)
Original training examples: 1793
[Layer Freezing] Training last 4 transformer layers (layers 8-11)
[Layer Freezing] Trainable params: 28,384,555 / 108,924,715 (26.1%)
🔍 No compression applied (topk=0)
📊 Model size: 415.51MB (uncompressed)
Original training examples: 1707
[Layer Freezing] Training last 4 transformer layers (layers 8-11)
[Layer Freezing] Trainable params: 28,384,555 / 108,924,715 (26.1%)
🔍 No compression applied (topk=0)
📊 Model size: 415.51MB (uncompressed)
Original training examples: 8214
[Layer Freezing] Training last 4 transformer layers (layers 8-11)
[Layer Freezing] Trainable params: 28,384,555 / 108,924,715 (26.1%)
🔍 No compression applied (topk=0)
📊 Model size: 415.51MB (uncompressed)
Original training examples: 13991
[Layer Freezing] Training last 4 transformer layers (layers 8-11)
[Layer Freezing] Trainable params: 28,384,555 / 108,924,715 (26.1%)
🔍 No compression applied (topk=0)
📊 Model size: 415.51MB (uncompressed)
Original training examples: 2041
[Layer Freezing] Training last 4 transformer layers (layers 8-11)
[Layer Freezing] Trainable params: 28,384,555 / 108,924,715 (26.1%)
🔍 No compression applied (topk=0)
📊 Model size: 415.51MB (uncompressed)
Original training examples: 1583
[Layer Freezing] Training last 4 transformer layers (layers 8-11)
[Layer Freezing] Trainable params: 28,384,555 / 108,924,715 (26.1%)
🔍 No compression applied (topk=0)
📊 Model size: 415.51MB (uncompressed)
Original training examples: 2132
[Layer Freezing] Training last 4 transformer layers (layers 8-11)
[Layer Freezing] Trainable params: 28,384,555 / 108,924,715 (26.1%)
🔍 No compression applied (topk=0)
📊 Model size: 415.51MB (uncompressed)
Original training examples: 1957
[Layer Freezing] Training last 4 transformer layers (layers 8-11)
[Layer Freezing] Trainable params: 28,384,555 / 108,924,715 (26.1%)
🔍 No compression applied (topk=0)
📊 Model size: 415.51MB (uncompressed)
📊 Single model: 415.51 MB
📊 Total uploaded: 4155.15 MB (10 clients)
 Round 99 | F1 0.4281 | P 0.4872 | R 0.3818 | Time 39.2s | Comm 4155.15 MB | Local Avg F1: 0.3614

=== Round 100/100 ===
Original training examples: 957
[Layer Freezing] Training last 4 transformer layers (layers 8-11)
[Layer Freezing] Trainable params: 28,384,555 / 108,924,715 (26.1%)
🔍 No compression applied (topk=0)
📊 Model size: 415.51MB (uncompressed)
Original training examples: 993
[Layer Freezing] Training last 4 transformer layers (layers 8-11)
[Layer Freezing] Trainable params: 28,384,555 / 108,924,715 (26.1%)
🔍 No compression applied (topk=0)
📊 Model size: 415.51MB (uncompressed)
Original training examples: 1793
[Layer Freezing] Training last 4 transformer layers (layers 8-11)
[Layer Freezing] Trainable params: 28,384,555 / 108,924,715 (26.1%)
🔍 No compression applied (topk=0)
📊 Model size: 415.51MB (uncompressed)
Original training examples: 1707
[Layer Freezing] Training last 4 transformer layers (layers 8-11)
[Layer Freezing] Trainable params: 28,384,555 / 108,924,715 (26.1%)
🔍 No compression applied (topk=0)
📊 Model size: 415.51MB (uncompressed)
Original training examples: 8214
[Layer Freezing] Training last 4 transformer layers (layers 8-11)
[Layer Freezing] Trainable params: 28,384,555 / 108,924,715 (26.1%)
🔍 No compression applied (topk=0)
📊 Model size: 415.51MB (uncompressed)
Original training examples: 13991
[Layer Freezing] Training last 4 transformer layers (layers 8-11)
[Layer Freezing] Trainable params: 28,384,555 / 108,924,715 (26.1%)
🔍 No compression applied (topk=0)
📊 Model size: 415.51MB (uncompressed)
Original training examples: 2041
[Layer Freezing] Training last 4 transformer layers (layers 8-11)
[Layer Freezing] Trainable params: 28,384,555 / 108,924,715 (26.1%)
🔍 No compression applied (topk=0)
📊 Model size: 415.51MB (uncompressed)
Original training examples: 1583
[Layer Freezing] Training last 4 transformer layers (layers 8-11)
[Layer Freezing] Trainable params: 28,384,555 / 108,924,715 (26.1%)
🔍 No compression applied (topk=0)
📊 Model size: 415.51MB (uncompressed)
Original training examples: 2132
[Layer Freezing] Training last 4 transformer layers (layers 8-11)
[Layer Freezing] Trainable params: 28,384,555 / 108,924,715 (26.1%)
🔍 No compression applied (topk=0)
📊 Model size: 415.51MB (uncompressed)
Original training examples: 1957
[Layer Freezing] Training last 4 transformer layers (layers 8-11)
[Layer Freezing] Trainable params: 28,384,555 / 108,924,715 (26.1%)
🔍 No compression applied (topk=0)
📊 Model size: 415.51MB (uncompressed)
📊 Single model: 415.51 MB
📊 Total uploaded: 4155.15 MB (10 clients)
 Round 100 | F1 0.4352 | P 0.4863 | R 0.3938 | Time 40.3s | Comm 4155.15 MB | Local Avg F1: 0.3620
[save_json] Saved: results/FedSD_20250819_070135/fed_results.json
[save_json] Backup: results/FedSD_20250819_070135/fed_results_20250819_080803.json
== FedSAD 0.1==
📁 从本地加载模型: /root/autodl-tmp/new/fedner/models/microsoft_BiomedNLP-PubMedBERT-base-uncased-abstract
Some weights of BertForTokenClassification were not initialized from the model checkpoint at /root/autodl-tmp/new/fedner/models/microsoft_BiomedNLP-PubMedBERT-base-uncased-abstract and are newly initialized because the shapes did not match:
- classifier.bias: found shape torch.Size([2]) in the checkpoint and torch.Size([43]) in the model instantiated
- classifier.weight: found shape torch.Size([2, 768]) in the checkpoint and torch.Size([43, 768]) in the model instantiated
You should probably TRAIN this model on a down-stream task to be able to use it for predictions and inference.
Using device: cuda
📁 从本地加载模型: /root/autodl-tmp/new/fedner/models/microsoft_BiomedNLP-PubMedBERT-base-uncased-abstract
Some weights of BertForTokenClassification were not initialized from the model checkpoint at /root/autodl-tmp/new/fedner/models/microsoft_BiomedNLP-PubMedBERT-base-uncased-abstract and are newly initialized because the shapes did not match:
- classifier.bias: found shape torch.Size([2]) in the checkpoint and torch.Size([43]) in the model instantiated
- classifier.weight: found shape torch.Size([2, 768]) in the checkpoint and torch.Size([43, 768]) in the model instantiated
You should probably TRAIN this model on a down-stream task to be able to use it for predictions and inference.

============================================================
EXPERIMENT CONFIGURATION
============================================================
Algorithm: FedSAD | Clients: 10 (100% per round) | Rounds: 100, Local epochs: 2 | Training: Last 4 layers | Sampling: 200 samples per client (random) | Data: Non-IID (α=0.1)
------------------------------------------------------------
Algorithm-specific parameters for FedSAD:
  - use_distillation: True
  - kd_start_round: 2
  - teacher_policy: ema_first
  - temperature_start: 5.0, temperature_end: 1.5
  - alpha_ce_start: 1.0, alpha_ce_end: 0.7
  - alpha_kd_start: 0.0, alpha_kd_end: 0.3
  - hidden_distill: False, alpha_hidden: 0.0
  - o_downweight: 1.0
============================================================

Model initialized: 108,924,715/108,924,715 trainable params (100.0%)

=== Round 1/100 ===
[Round 1] KD=OFF | policy=ema_first
[Layer Freezing] Training last 4 transformer layers (layers 8-11)
[Layer Freezing] Trainable params: 28,384,555 / 108,924,715 (26.1%)
/root/miniconda3/lib/python3.12/site-packages/torch/nn/modules/module.py:1762: FutureWarning: `encoder_attention_mask` is deprecated and will be removed in version 4.55.0 for `BertSdpaSelfAttention.forward`.
  return forward_call(*args, **kwargs)
[Layer Freezing] Training last 4 transformer layers (layers 8-11)
[Layer Freezing] Trainable params: 28,384,555 / 108,924,715 (26.1%)
[Layer Freezing] Training last 4 transformer layers (layers 8-11)
[Layer Freezing] Trainable params: 28,384,555 / 108,924,715 (26.1%)
[Layer Freezing] Training last 4 transformer layers (layers 8-11)
[Layer Freezing] Trainable params: 28,384,555 / 108,924,715 (26.1%)
[Layer Freezing] Training last 4 transformer layers (layers 8-11)
[Layer Freezing] Trainable params: 28,384,555 / 108,924,715 (26.1%)
[Layer Freezing] Training last 4 transformer layers (layers 8-11)
[Layer Freezing] Trainable params: 28,384,555 / 108,924,715 (26.1%)
[Layer Freezing] Training last 4 transformer layers (layers 8-11)
[Layer Freezing] Trainable params: 28,384,555 / 108,924,715 (26.1%)
[Layer Freezing] Training last 4 transformer layers (layers 8-11)
[Layer Freezing] Trainable params: 28,384,555 / 108,924,715 (26.1%)
[Layer Freezing] Training last 4 transformer layers (layers 8-11)
[Layer Freezing] Trainable params: 28,384,555 / 108,924,715 (26.1%)
[Layer Freezing] Training last 4 transformer layers (layers 8-11)
[Layer Freezing] Trainable params: 28,384,555 / 108,924,715 (26.1%)
[Round 1] T=5.00  α_ce=1.00  α_kd=0.00
/root/miniconda3/lib/python3.12/site-packages/seqeval/metrics/v1.py:57: UndefinedMetricWarning: Precision is ill-defined and being set to 0.0 due to no predicted samples. Use `zero_division` parameter to control this behavior.
  _warn_prf(average, modifier, msg_start, len(result))
 Round 1 | F1 0.0000 | P 0.0000 | R 0.0000 | Time 42.1s | Comm N/A | Local Avg F1: 0.0000

=== Round 2/100 ===
[Round 2] KD=ON | policy=ema_first
[Layer Freezing] Training last 4 transformer layers (layers 8-11)
[Layer Freezing] Trainable params: 28,384,555 / 108,924,715 (26.1%)
[Layer Freezing] Training last 4 transformer layers (layers 8-11)
[Layer Freezing] Trainable params: 28,384,555 / 108,924,715 (26.1%)
[Layer Freezing] Training last 4 transformer layers (layers 8-11)
[Layer Freezing] Trainable params: 28,384,555 / 108,924,715 (26.1%)
[Layer Freezing] Training last 4 transformer layers (layers 8-11)
[Layer Freezing] Trainable params: 28,384,555 / 108,924,715 (26.1%)
[Layer Freezing] Training last 4 transformer layers (layers 8-11)
[Layer Freezing] Trainable params: 28,384,555 / 108,924,715 (26.1%)
[Layer Freezing] Training last 4 transformer layers (layers 8-11)
[Layer Freezing] Trainable params: 28,384,555 / 108,924,715 (26.1%)
[Layer Freezing] Training last 4 transformer layers (layers 8-11)
[Layer Freezing] Trainable params: 28,384,555 / 108,924,715 (26.1%)
[Layer Freezing] Training last 4 transformer layers (layers 8-11)
[Layer Freezing] Trainable params: 28,384,555 / 108,924,715 (26.1%)
[Layer Freezing] Training last 4 transformer layers (layers 8-11)
[Layer Freezing] Trainable params: 28,384,555 / 108,924,715 (26.1%)
[Layer Freezing] Training last 4 transformer layers (layers 8-11)
[Layer Freezing] Trainable params: 28,384,555 / 108,924,715 (26.1%)
[Round 2] T=5.00  α_ce=1.00  α_kd=0.00
 Round 2 | F1 0.0000 | P 0.0000 | R 0.0000 | Time 43.5s | Comm N/A | Local Avg F1: 0.0000

=== Round 3/100 ===
[Round 3] KD=ON | policy=ema_first
[Layer Freezing] Training last 4 transformer layers (layers 8-11)
[Layer Freezing] Trainable params: 28,384,555 / 108,924,715 (26.1%)
[Layer Freezing] Training last 4 transformer layers (layers 8-11)
[Layer Freezing] Trainable params: 28,384,555 / 108,924,715 (26.1%)
[Layer Freezing] Training last 4 transformer layers (layers 8-11)
[Layer Freezing] Trainable params: 28,384,555 / 108,924,715 (26.1%)
[Layer Freezing] Training last 4 transformer layers (layers 8-11)
[Layer Freezing] Trainable params: 28,384,555 / 108,924,715 (26.1%)
[Layer Freezing] Training last 4 transformer layers (layers 8-11)
[Layer Freezing] Trainable params: 28,384,555 / 108,924,715 (26.1%)
[Layer Freezing] Training last 4 transformer layers (layers 8-11)
[Layer Freezing] Trainable params: 28,384,555 / 108,924,715 (26.1%)
[Layer Freezing] Training last 4 transformer layers (layers 8-11)
[Layer Freezing] Trainable params: 28,384,555 / 108,924,715 (26.1%)
[Layer Freezing] Training last 4 transformer layers (layers 8-11)
[Layer Freezing] Trainable params: 28,384,555 / 108,924,715 (26.1%)
[Layer Freezing] Training last 4 transformer layers (layers 8-11)
[Layer Freezing] Trainable params: 28,384,555 / 108,924,715 (26.1%)
[Layer Freezing] Training last 4 transformer layers (layers 8-11)
[Layer Freezing] Trainable params: 28,384,555 / 108,924,715 (26.1%)
[Round 3] T=4.96  α_ce=1.00  α_kd=0.00
 Round 3 | F1 0.0000 | P 0.0000 | R 0.0000 | Time 44.3s | Comm N/A | Local Avg F1: 0.0000

=== Round 4/100 ===
[Round 4] KD=ON | policy=ema_first
[Layer Freezing] Training last 4 transformer layers (layers 8-11)
[Layer Freezing] Trainable params: 28,384,555 / 108,924,715 (26.1%)
[Layer Freezing] Training last 4 transformer layers (layers 8-11)
[Layer Freezing] Trainable params: 28,384,555 / 108,924,715 (26.1%)
[Layer Freezing] Training last 4 transformer layers (layers 8-11)
[Layer Freezing] Trainable params: 28,384,555 / 108,924,715 (26.1%)
[Layer Freezing] Training last 4 transformer layers (layers 8-11)
[Layer Freezing] Trainable params: 28,384,555 / 108,924,715 (26.1%)
[Layer Freezing] Training last 4 transformer layers (layers 8-11)
[Layer Freezing] Trainable params: 28,384,555 / 108,924,715 (26.1%)
[Layer Freezing] Training last 4 transformer layers (layers 8-11)
[Layer Freezing] Trainable params: 28,384,555 / 108,924,715 (26.1%)
[Layer Freezing] Training last 4 transformer layers (layers 8-11)
[Layer Freezing] Trainable params: 28,384,555 / 108,924,715 (26.1%)
[Layer Freezing] Training last 4 transformer layers (layers 8-11)
[Layer Freezing] Trainable params: 28,384,555 / 108,924,715 (26.1%)
[Layer Freezing] Training last 4 transformer layers (layers 8-11)
[Layer Freezing] Trainable params: 28,384,555 / 108,924,715 (26.1%)
[Layer Freezing] Training last 4 transformer layers (layers 8-11)
[Layer Freezing] Trainable params: 28,384,555 / 108,924,715 (26.1%)
[Round 4] T=4.93  α_ce=0.99  α_kd=0.01
 Round 4 | F1 0.0007 | P 0.7143 | R 0.0003 | Time 44.9s | Comm N/A | Local Avg F1: 0.0001

=== Round 5/100 ===
[Round 5] KD=ON | policy=ema_first
[Layer Freezing] Training last 4 transformer layers (layers 8-11)
[Layer Freezing] Trainable params: 28,384,555 / 108,924,715 (26.1%)
[Layer Freezing] Training last 4 transformer layers (layers 8-11)
[Layer Freezing] Trainable params: 28,384,555 / 108,924,715 (26.1%)
[Layer Freezing] Training last 4 transformer layers (layers 8-11)
[Layer Freezing] Trainable params: 28,384,555 / 108,924,715 (26.1%)
[Layer Freezing] Training last 4 transformer layers (layers 8-11)
[Layer Freezing] Trainable params: 28,384,555 / 108,924,715 (26.1%)
[Layer Freezing] Training last 4 transformer layers (layers 8-11)
[Layer Freezing] Trainable params: 28,384,555 / 108,924,715 (26.1%)
[Layer Freezing] Training last 4 transformer layers (layers 8-11)
[Layer Freezing] Trainable params: 28,384,555 / 108,924,715 (26.1%)
[Layer Freezing] Training last 4 transformer layers (layers 8-11)
[Layer Freezing] Trainable params: 28,384,555 / 108,924,715 (26.1%)
[Layer Freezing] Training last 4 transformer layers (layers 8-11)
[Layer Freezing] Trainable params: 28,384,555 / 108,924,715 (26.1%)
[Layer Freezing] Training last 4 transformer layers (layers 8-11)
[Layer Freezing] Trainable params: 28,384,555 / 108,924,715 (26.1%)
[Layer Freezing] Training last 4 transformer layers (layers 8-11)
[Layer Freezing] Trainable params: 28,384,555 / 108,924,715 (26.1%)
[Round 5] T=4.89  α_ce=0.99  α_kd=0.01
 Round 5 | F1 0.0045 | P 0.6273 | R 0.0022 | Time 44.0s | Comm N/A | Local Avg F1: 0.0013

=== Round 6/100 ===
[Round 6] KD=ON | policy=ema_first
[Layer Freezing] Training last 4 transformer layers (layers 8-11)
[Layer Freezing] Trainable params: 28,384,555 / 108,924,715 (26.1%)
[Layer Freezing] Training last 4 transformer layers (layers 8-11)
[Layer Freezing] Trainable params: 28,384,555 / 108,924,715 (26.1%)
[Layer Freezing] Training last 4 transformer layers (layers 8-11)
[Layer Freezing] Trainable params: 28,384,555 / 108,924,715 (26.1%)
[Layer Freezing] Training last 4 transformer layers (layers 8-11)
[Layer Freezing] Trainable params: 28,384,555 / 108,924,715 (26.1%)
[Layer Freezing] Training last 4 transformer layers (layers 8-11)
[Layer Freezing] Trainable params: 28,384,555 / 108,924,715 (26.1%)
[Layer Freezing] Training last 4 transformer layers (layers 8-11)
[Layer Freezing] Trainable params: 28,384,555 / 108,924,715 (26.1%)
[Layer Freezing] Training last 4 transformer layers (layers 8-11)
[Layer Freezing] Trainable params: 28,384,555 / 108,924,715 (26.1%)
[Layer Freezing] Training last 4 transformer layers (layers 8-11)
[Layer Freezing] Trainable params: 28,384,555 / 108,924,715 (26.1%)
[Layer Freezing] Training last 4 transformer layers (layers 8-11)
[Layer Freezing] Trainable params: 28,384,555 / 108,924,715 (26.1%)
[Layer Freezing] Training last 4 transformer layers (layers 8-11)
[Layer Freezing] Trainable params: 28,384,555 / 108,924,715 (26.1%)
[Round 6] T=4.86  α_ce=0.99  α_kd=0.01
 Round 6 | F1 0.0904 | P 0.5776 | R 0.0490 | Time 44.1s | Comm N/A | Local Avg F1: 0.0405

=== Round 7/100 ===
[Round 7] KD=ON | policy=ema_first
[Layer Freezing] Training last 4 transformer layers (layers 8-11)
[Layer Freezing] Trainable params: 28,384,555 / 108,924,715 (26.1%)
[Layer Freezing] Training last 4 transformer layers (layers 8-11)
[Layer Freezing] Trainable params: 28,384,555 / 108,924,715 (26.1%)
[Layer Freezing] Training last 4 transformer layers (layers 8-11)
[Layer Freezing] Trainable params: 28,384,555 / 108,924,715 (26.1%)
[Layer Freezing] Training last 4 transformer layers (layers 8-11)
[Layer Freezing] Trainable params: 28,384,555 / 108,924,715 (26.1%)
[Layer Freezing] Training last 4 transformer layers (layers 8-11)
[Layer Freezing] Trainable params: 28,384,555 / 108,924,715 (26.1%)
[Layer Freezing] Training last 4 transformer layers (layers 8-11)
[Layer Freezing] Trainable params: 28,384,555 / 108,924,715 (26.1%)
[Layer Freezing] Training last 4 transformer layers (layers 8-11)
[Layer Freezing] Trainable params: 28,384,555 / 108,924,715 (26.1%)
[Layer Freezing] Training last 4 transformer layers (layers 8-11)
[Layer Freezing] Trainable params: 28,384,555 / 108,924,715 (26.1%)
[Layer Freezing] Training last 4 transformer layers (layers 8-11)
[Layer Freezing] Trainable params: 28,384,555 / 108,924,715 (26.1%)
[Layer Freezing] Training last 4 transformer layers (layers 8-11)
[Layer Freezing] Trainable params: 28,384,555 / 108,924,715 (26.1%)
[Round 7] T=4.82  α_ce=0.98  α_kd=0.02
 Round 7 | F1 0.0706 | P 0.5612 | R 0.0377 | Time 45.5s | Comm N/A | Local Avg F1: 0.0270

=== Round 8/100 ===
[Round 8] KD=ON | policy=ema_first
[Layer Freezing] Training last 4 transformer layers (layers 8-11)
[Layer Freezing] Trainable params: 28,384,555 / 108,924,715 (26.1%)
[Layer Freezing] Training last 4 transformer layers (layers 8-11)
[Layer Freezing] Trainable params: 28,384,555 / 108,924,715 (26.1%)
[Layer Freezing] Training last 4 transformer layers (layers 8-11)
[Layer Freezing] Trainable params: 28,384,555 / 108,924,715 (26.1%)
[Layer Freezing] Training last 4 transformer layers (layers 8-11)
[Layer Freezing] Trainable params: 28,384,555 / 108,924,715 (26.1%)
[Layer Freezing] Training last 4 transformer layers (layers 8-11)
[Layer Freezing] Trainable params: 28,384,555 / 108,924,715 (26.1%)
[Layer Freezing] Training last 4 transformer layers (layers 8-11)
[Layer Freezing] Trainable params: 28,384,555 / 108,924,715 (26.1%)
[Layer Freezing] Training last 4 transformer layers (layers 8-11)
[Layer Freezing] Trainable params: 28,384,555 / 108,924,715 (26.1%)
[Layer Freezing] Training last 4 transformer layers (layers 8-11)
[Layer Freezing] Trainable params: 28,384,555 / 108,924,715 (26.1%)
[Layer Freezing] Training last 4 transformer layers (layers 8-11)
[Layer Freezing] Trainable params: 28,384,555 / 108,924,715 (26.1%)
[Layer Freezing] Training last 4 transformer layers (layers 8-11)
[Layer Freezing] Trainable params: 28,384,555 / 108,924,715 (26.1%)
[Round 8] T=4.79  α_ce=0.98  α_kd=0.02
 Round 8 | F1 0.1329 | P 0.5636 | R 0.0753 | Time 43.8s | Comm N/A | Local Avg F1: 0.0616

=== Round 9/100 ===
[Round 9] KD=ON | policy=ema_first
[Layer Freezing] Training last 4 transformer layers (layers 8-11)
[Layer Freezing] Trainable params: 28,384,555 / 108,924,715 (26.1%)
[Layer Freezing] Training last 4 transformer layers (layers 8-11)
[Layer Freezing] Trainable params: 28,384,555 / 108,924,715 (26.1%)
[Layer Freezing] Training last 4 transformer layers (layers 8-11)
[Layer Freezing] Trainable params: 28,384,555 / 108,924,715 (26.1%)
[Layer Freezing] Training last 4 transformer layers (layers 8-11)
[Layer Freezing] Trainable params: 28,384,555 / 108,924,715 (26.1%)
[Layer Freezing] Training last 4 transformer layers (layers 8-11)
[Layer Freezing] Trainable params: 28,384,555 / 108,924,715 (26.1%)
[Layer Freezing] Training last 4 transformer layers (layers 8-11)
[Layer Freezing] Trainable params: 28,384,555 / 108,924,715 (26.1%)
[Layer Freezing] Training last 4 transformer layers (layers 8-11)
[Layer Freezing] Trainable params: 28,384,555 / 108,924,715 (26.1%)
[Layer Freezing] Training last 4 transformer layers (layers 8-11)
[Layer Freezing] Trainable params: 28,384,555 / 108,924,715 (26.1%)
[Layer Freezing] Training last 4 transformer layers (layers 8-11)
[Layer Freezing] Trainable params: 28,384,555 / 108,924,715 (26.1%)
[Layer Freezing] Training last 4 transformer layers (layers 8-11)
[Layer Freezing] Trainable params: 28,384,555 / 108,924,715 (26.1%)
[Round 9] T=4.75  α_ce=0.98  α_kd=0.02
 Round 9 | F1 0.1927 | P 0.5033 | R 0.1192 | Time 44.1s | Comm N/A | Local Avg F1: 0.0947

=== Round 10/100 ===
[Round 10] KD=ON | policy=ema_first
[Layer Freezing] Training last 4 transformer layers (layers 8-11)
[Layer Freezing] Trainable params: 28,384,555 / 108,924,715 (26.1%)
[Layer Freezing] Training last 4 transformer layers (layers 8-11)
[Layer Freezing] Trainable params: 28,384,555 / 108,924,715 (26.1%)
[Layer Freezing] Training last 4 transformer layers (layers 8-11)
[Layer Freezing] Trainable params: 28,384,555 / 108,924,715 (26.1%)
[Layer Freezing] Training last 4 transformer layers (layers 8-11)
[Layer Freezing] Trainable params: 28,384,555 / 108,924,715 (26.1%)
[Layer Freezing] Training last 4 transformer layers (layers 8-11)
[Layer Freezing] Trainable params: 28,384,555 / 108,924,715 (26.1%)
[Layer Freezing] Training last 4 transformer layers (layers 8-11)
[Layer Freezing] Trainable params: 28,384,555 / 108,924,715 (26.1%)
[Layer Freezing] Training last 4 transformer layers (layers 8-11)
[Layer Freezing] Trainable params: 28,384,555 / 108,924,715 (26.1%)
[Layer Freezing] Training last 4 transformer layers (layers 8-11)
[Layer Freezing] Trainable params: 28,384,555 / 108,924,715 (26.1%)
[Layer Freezing] Training last 4 transformer layers (layers 8-11)
[Layer Freezing] Trainable params: 28,384,555 / 108,924,715 (26.1%)
[Layer Freezing] Training last 4 transformer layers (layers 8-11)
[Layer Freezing] Trainable params: 28,384,555 / 108,924,715 (26.1%)
[Round 10] T=4.71  α_ce=0.98  α_kd=0.02
 Round 10 | F1 0.1100 | P 0.5992 | R 0.0606 | Time 44.2s | Comm N/A | Local Avg F1: 0.0496

=== Round 11/100 ===
[Round 11] KD=ON | policy=ema_first
[Layer Freezing] Training last 4 transformer layers (layers 8-11)
[Layer Freezing] Trainable params: 28,384,555 / 108,924,715 (26.1%)
[Layer Freezing] Training last 4 transformer layers (layers 8-11)
[Layer Freezing] Trainable params: 28,384,555 / 108,924,715 (26.1%)
[Layer Freezing] Training last 4 transformer layers (layers 8-11)
[Layer Freezing] Trainable params: 28,384,555 / 108,924,715 (26.1%)
[Layer Freezing] Training last 4 transformer layers (layers 8-11)
[Layer Freezing] Trainable params: 28,384,555 / 108,924,715 (26.1%)
[Layer Freezing] Training last 4 transformer layers (layers 8-11)
[Layer Freezing] Trainable params: 28,384,555 / 108,924,715 (26.1%)
[Layer Freezing] Training last 4 transformer layers (layers 8-11)
[Layer Freezing] Trainable params: 28,384,555 / 108,924,715 (26.1%)
[Layer Freezing] Training last 4 transformer layers (layers 8-11)
[Layer Freezing] Trainable params: 28,384,555 / 108,924,715 (26.1%)
[Layer Freezing] Training last 4 transformer layers (layers 8-11)
[Layer Freezing] Trainable params: 28,384,555 / 108,924,715 (26.1%)
[Layer Freezing] Training last 4 transformer layers (layers 8-11)
[Layer Freezing] Trainable params: 28,384,555 / 108,924,715 (26.1%)
[Layer Freezing] Training last 4 transformer layers (layers 8-11)
[Layer Freezing] Trainable params: 28,384,555 / 108,924,715 (26.1%)
[Round 11] T=4.68  α_ce=0.97  α_kd=0.03
 Round 11 | F1 0.1977 | P 0.5426 | R 0.1208 | Time 43.3s | Comm N/A | Local Avg F1: 0.1093

=== Round 12/100 ===
[Round 12] KD=ON | policy=ema_first
[Layer Freezing] Training last 4 transformer layers (layers 8-11)
[Layer Freezing] Trainable params: 28,384,555 / 108,924,715 (26.1%)
[Layer Freezing] Training last 4 transformer layers (layers 8-11)
[Layer Freezing] Trainable params: 28,384,555 / 108,924,715 (26.1%)
[Layer Freezing] Training last 4 transformer layers (layers 8-11)
[Layer Freezing] Trainable params: 28,384,555 / 108,924,715 (26.1%)
[Layer Freezing] Training last 4 transformer layers (layers 8-11)
[Layer Freezing] Trainable params: 28,384,555 / 108,924,715 (26.1%)
[Layer Freezing] Training last 4 transformer layers (layers 8-11)
[Layer Freezing] Trainable params: 28,384,555 / 108,924,715 (26.1%)
[Layer Freezing] Training last 4 transformer layers (layers 8-11)
[Layer Freezing] Trainable params: 28,384,555 / 108,924,715 (26.1%)
[Layer Freezing] Training last 4 transformer layers (layers 8-11)
[Layer Freezing] Trainable params: 28,384,555 / 108,924,715 (26.1%)
[Layer Freezing] Training last 4 transformer layers (layers 8-11)
[Layer Freezing] Trainable params: 28,384,555 / 108,924,715 (26.1%)
[Layer Freezing] Training last 4 transformer layers (layers 8-11)
[Layer Freezing] Trainable params: 28,384,555 / 108,924,715 (26.1%)
[Layer Freezing] Training last 4 transformer layers (layers 8-11)
[Layer Freezing] Trainable params: 28,384,555 / 108,924,715 (26.1%)
[Round 12] T=4.64  α_ce=0.97  α_kd=0.03
 Round 12 | F1 0.1931 | P 0.5539 | R 0.1169 | Time 43.6s | Comm N/A | Local Avg F1: 0.1015

=== Round 13/100 ===
[Round 13] KD=ON | policy=ema_first
[Layer Freezing] Training last 4 transformer layers (layers 8-11)
[Layer Freezing] Trainable params: 28,384,555 / 108,924,715 (26.1%)
[Layer Freezing] Training last 4 transformer layers (layers 8-11)
[Layer Freezing] Trainable params: 28,384,555 / 108,924,715 (26.1%)
[Layer Freezing] Training last 4 transformer layers (layers 8-11)
[Layer Freezing] Trainable params: 28,384,555 / 108,924,715 (26.1%)
[Layer Freezing] Training last 4 transformer layers (layers 8-11)
[Layer Freezing] Trainable params: 28,384,555 / 108,924,715 (26.1%)
[Layer Freezing] Training last 4 transformer layers (layers 8-11)
[Layer Freezing] Trainable params: 28,384,555 / 108,924,715 (26.1%)
[Layer Freezing] Training last 4 transformer layers (layers 8-11)
[Layer Freezing] Trainable params: 28,384,555 / 108,924,715 (26.1%)
[Layer Freezing] Training last 4 transformer layers (layers 8-11)
[Layer Freezing] Trainable params: 28,384,555 / 108,924,715 (26.1%)
[Layer Freezing] Training last 4 transformer layers (layers 8-11)
[Layer Freezing] Trainable params: 28,384,555 / 108,924,715 (26.1%)
[Layer Freezing] Training last 4 transformer layers (layers 8-11)
[Layer Freezing] Trainable params: 28,384,555 / 108,924,715 (26.1%)
[Layer Freezing] Training last 4 transformer layers (layers 8-11)
[Layer Freezing] Trainable params: 28,384,555 / 108,924,715 (26.1%)
[Round 13] T=4.61  α_ce=0.97  α_kd=0.03
 Round 13 | F1 0.1882 | P 0.5664 | R 0.1129 | Time 44.1s | Comm N/A | Local Avg F1: 0.1089

=== Round 14/100 ===
[Round 14] KD=ON | policy=ema_first
[Layer Freezing] Training last 4 transformer layers (layers 8-11)
[Layer Freezing] Trainable params: 28,384,555 / 108,924,715 (26.1%)
[Layer Freezing] Training last 4 transformer layers (layers 8-11)
[Layer Freezing] Trainable params: 28,384,555 / 108,924,715 (26.1%)
[Layer Freezing] Training last 4 transformer layers (layers 8-11)
[Layer Freezing] Trainable params: 28,384,555 / 108,924,715 (26.1%)
[Layer Freezing] Training last 4 transformer layers (layers 8-11)
[Layer Freezing] Trainable params: 28,384,555 / 108,924,715 (26.1%)
[Layer Freezing] Training last 4 transformer layers (layers 8-11)
[Layer Freezing] Trainable params: 28,384,555 / 108,924,715 (26.1%)
[Layer Freezing] Training last 4 transformer layers (layers 8-11)
[Layer Freezing] Trainable params: 28,384,555 / 108,924,715 (26.1%)
[Layer Freezing] Training last 4 transformer layers (layers 8-11)
[Layer Freezing] Trainable params: 28,384,555 / 108,924,715 (26.1%)
[Layer Freezing] Training last 4 transformer layers (layers 8-11)
[Layer Freezing] Trainable params: 28,384,555 / 108,924,715 (26.1%)
[Layer Freezing] Training last 4 transformer layers (layers 8-11)
[Layer Freezing] Trainable params: 28,384,555 / 108,924,715 (26.1%)
[Layer Freezing] Training last 4 transformer layers (layers 8-11)
[Layer Freezing] Trainable params: 28,384,555 / 108,924,715 (26.1%)
[Round 14] T=4.57  α_ce=0.96  α_kd=0.04
 Round 14 | F1 0.2322 | P 0.5356 | R 0.1482 | Time 42.6s | Comm N/A | Local Avg F1: 0.1396

=== Round 15/100 ===
[Round 15] KD=ON | policy=ema_first
[Layer Freezing] Training last 4 transformer layers (layers 8-11)
[Layer Freezing] Trainable params: 28,384,555 / 108,924,715 (26.1%)
[Layer Freezing] Training last 4 transformer layers (layers 8-11)
[Layer Freezing] Trainable params: 28,384,555 / 108,924,715 (26.1%)
[Layer Freezing] Training last 4 transformer layers (layers 8-11)
[Layer Freezing] Trainable params: 28,384,555 / 108,924,715 (26.1%)
[Layer Freezing] Training last 4 transformer layers (layers 8-11)
[Layer Freezing] Trainable params: 28,384,555 / 108,924,715 (26.1%)
[Layer Freezing] Training last 4 transformer layers (layers 8-11)
[Layer Freezing] Trainable params: 28,384,555 / 108,924,715 (26.1%)
[Layer Freezing] Training last 4 transformer layers (layers 8-11)
[Layer Freezing] Trainable params: 28,384,555 / 108,924,715 (26.1%)
[Layer Freezing] Training last 4 transformer layers (layers 8-11)
[Layer Freezing] Trainable params: 28,384,555 / 108,924,715 (26.1%)
[Layer Freezing] Training last 4 transformer layers (layers 8-11)
[Layer Freezing] Trainable params: 28,384,555 / 108,924,715 (26.1%)
[Layer Freezing] Training last 4 transformer layers (layers 8-11)
[Layer Freezing] Trainable params: 28,384,555 / 108,924,715 (26.1%)
[Layer Freezing] Training last 4 transformer layers (layers 8-11)
[Layer Freezing] Trainable params: 28,384,555 / 108,924,715 (26.1%)
[Round 15] T=4.54  α_ce=0.96  α_kd=0.04
 Round 15 | F1 0.2093 | P 0.5618 | R 0.1286 | Time 43.4s | Comm N/A | Local Avg F1: 0.1313

=== Round 16/100 ===
[Round 16] KD=ON | policy=ema_first
[Layer Freezing] Training last 4 transformer layers (layers 8-11)
[Layer Freezing] Trainable params: 28,384,555 / 108,924,715 (26.1%)
[Layer Freezing] Training last 4 transformer layers (layers 8-11)
[Layer Freezing] Trainable params: 28,384,555 / 108,924,715 (26.1%)
[Layer Freezing] Training last 4 transformer layers (layers 8-11)
[Layer Freezing] Trainable params: 28,384,555 / 108,924,715 (26.1%)
[Layer Freezing] Training last 4 transformer layers (layers 8-11)
[Layer Freezing] Trainable params: 28,384,555 / 108,924,715 (26.1%)
[Layer Freezing] Training last 4 transformer layers (layers 8-11)
[Layer Freezing] Trainable params: 28,384,555 / 108,924,715 (26.1%)
[Layer Freezing] Training last 4 transformer layers (layers 8-11)
[Layer Freezing] Trainable params: 28,384,555 / 108,924,715 (26.1%)
[Layer Freezing] Training last 4 transformer layers (layers 8-11)
[Layer Freezing] Trainable params: 28,384,555 / 108,924,715 (26.1%)
[Layer Freezing] Training last 4 transformer layers (layers 8-11)
[Layer Freezing] Trainable params: 28,384,555 / 108,924,715 (26.1%)
[Layer Freezing] Training last 4 transformer layers (layers 8-11)
[Layer Freezing] Trainable params: 28,384,555 / 108,924,715 (26.1%)
[Layer Freezing] Training last 4 transformer layers (layers 8-11)
[Layer Freezing] Trainable params: 28,384,555 / 108,924,715 (26.1%)
[Round 16] T=4.50  α_ce=0.96  α_kd=0.04
 Round 16 | F1 0.2661 | P 0.5404 | R 0.1765 | Time 43.6s | Comm N/A | Local Avg F1: 0.1845

=== Round 17/100 ===
[Round 17] KD=ON | policy=ema_first
[Layer Freezing] Training last 4 transformer layers (layers 8-11)
[Layer Freezing] Trainable params: 28,384,555 / 108,924,715 (26.1%)
[Layer Freezing] Training last 4 transformer layers (layers 8-11)
[Layer Freezing] Trainable params: 28,384,555 / 108,924,715 (26.1%)
[Layer Freezing] Training last 4 transformer layers (layers 8-11)
[Layer Freezing] Trainable params: 28,384,555 / 108,924,715 (26.1%)
[Layer Freezing] Training last 4 transformer layers (layers 8-11)
[Layer Freezing] Trainable params: 28,384,555 / 108,924,715 (26.1%)
[Layer Freezing] Training last 4 transformer layers (layers 8-11)
[Layer Freezing] Trainable params: 28,384,555 / 108,924,715 (26.1%)
[Layer Freezing] Training last 4 transformer layers (layers 8-11)
[Layer Freezing] Trainable params: 28,384,555 / 108,924,715 (26.1%)
[Layer Freezing] Training last 4 transformer layers (layers 8-11)
[Layer Freezing] Trainable params: 28,384,555 / 108,924,715 (26.1%)
[Layer Freezing] Training last 4 transformer layers (layers 8-11)
[Layer Freezing] Trainable params: 28,384,555 / 108,924,715 (26.1%)
[Layer Freezing] Training last 4 transformer layers (layers 8-11)
[Layer Freezing] Trainable params: 28,384,555 / 108,924,715 (26.1%)
[Layer Freezing] Training last 4 transformer layers (layers 8-11)
[Layer Freezing] Trainable params: 28,384,555 / 108,924,715 (26.1%)
[Round 17] T=4.46  α_ce=0.95  α_kd=0.05
 Round 17 | F1 0.2765 | P 0.5495 | R 0.1847 | Time 43.4s | Comm N/A | Local Avg F1: 0.1875

=== Round 18/100 ===
[Round 18] KD=ON | policy=ema_first
[Layer Freezing] Training last 4 transformer layers (layers 8-11)
[Layer Freezing] Trainable params: 28,384,555 / 108,924,715 (26.1%)
[Layer Freezing] Training last 4 transformer layers (layers 8-11)
[Layer Freezing] Trainable params: 28,384,555 / 108,924,715 (26.1%)
[Layer Freezing] Training last 4 transformer layers (layers 8-11)
[Layer Freezing] Trainable params: 28,384,555 / 108,924,715 (26.1%)
[Layer Freezing] Training last 4 transformer layers (layers 8-11)
[Layer Freezing] Trainable params: 28,384,555 / 108,924,715 (26.1%)
[Layer Freezing] Training last 4 transformer layers (layers 8-11)
[Layer Freezing] Trainable params: 28,384,555 / 108,924,715 (26.1%)
[Layer Freezing] Training last 4 transformer layers (layers 8-11)
[Layer Freezing] Trainable params: 28,384,555 / 108,924,715 (26.1%)
[Layer Freezing] Training last 4 transformer layers (layers 8-11)
[Layer Freezing] Trainable params: 28,384,555 / 108,924,715 (26.1%)
[Layer Freezing] Training last 4 transformer layers (layers 8-11)
[Layer Freezing] Trainable params: 28,384,555 / 108,924,715 (26.1%)
[Layer Freezing] Training last 4 transformer layers (layers 8-11)
[Layer Freezing] Trainable params: 28,384,555 / 108,924,715 (26.1%)
[Layer Freezing] Training last 4 transformer layers (layers 8-11)
[Layer Freezing] Trainable params: 28,384,555 / 108,924,715 (26.1%)
[Round 18] T=4.43  α_ce=0.95  α_kd=0.05
 Round 18 | F1 0.2913 | P 0.5412 | R 0.1993 | Time 43.5s | Comm N/A | Local Avg F1: 0.2101

=== Round 19/100 ===
[Round 19] KD=ON | policy=ema_first
[Layer Freezing] Training last 4 transformer layers (layers 8-11)
[Layer Freezing] Trainable params: 28,384,555 / 108,924,715 (26.1%)
[Layer Freezing] Training last 4 transformer layers (layers 8-11)
[Layer Freezing] Trainable params: 28,384,555 / 108,924,715 (26.1%)
[Layer Freezing] Training last 4 transformer layers (layers 8-11)
[Layer Freezing] Trainable params: 28,384,555 / 108,924,715 (26.1%)
[Layer Freezing] Training last 4 transformer layers (layers 8-11)
[Layer Freezing] Trainable params: 28,384,555 / 108,924,715 (26.1%)
[Layer Freezing] Training last 4 transformer layers (layers 8-11)
[Layer Freezing] Trainable params: 28,384,555 / 108,924,715 (26.1%)
[Layer Freezing] Training last 4 transformer layers (layers 8-11)
[Layer Freezing] Trainable params: 28,384,555 / 108,924,715 (26.1%)
[Layer Freezing] Training last 4 transformer layers (layers 8-11)
[Layer Freezing] Trainable params: 28,384,555 / 108,924,715 (26.1%)
[Layer Freezing] Training last 4 transformer layers (layers 8-11)
[Layer Freezing] Trainable params: 28,384,555 / 108,924,715 (26.1%)
[Layer Freezing] Training last 4 transformer layers (layers 8-11)
[Layer Freezing] Trainable params: 28,384,555 / 108,924,715 (26.1%)
[Layer Freezing] Training last 4 transformer layers (layers 8-11)
[Layer Freezing] Trainable params: 28,384,555 / 108,924,715 (26.1%)
[Round 19] T=4.39  α_ce=0.95  α_kd=0.05
 Round 19 | F1 0.3192 | P 0.5417 | R 0.2263 | Time 43.7s | Comm N/A | Local Avg F1: 0.2269

=== Round 20/100 ===
[Round 20] KD=ON | policy=ema_first
[Layer Freezing] Training last 4 transformer layers (layers 8-11)
[Layer Freezing] Trainable params: 28,384,555 / 108,924,715 (26.1%)
[Layer Freezing] Training last 4 transformer layers (layers 8-11)
[Layer Freezing] Trainable params: 28,384,555 / 108,924,715 (26.1%)
[Layer Freezing] Training last 4 transformer layers (layers 8-11)
[Layer Freezing] Trainable params: 28,384,555 / 108,924,715 (26.1%)
[Layer Freezing] Training last 4 transformer layers (layers 8-11)
[Layer Freezing] Trainable params: 28,384,555 / 108,924,715 (26.1%)
[Layer Freezing] Training last 4 transformer layers (layers 8-11)
[Layer Freezing] Trainable params: 28,384,555 / 108,924,715 (26.1%)
[Layer Freezing] Training last 4 transformer layers (layers 8-11)
[Layer Freezing] Trainable params: 28,384,555 / 108,924,715 (26.1%)
[Layer Freezing] Training last 4 transformer layers (layers 8-11)
[Layer Freezing] Trainable params: 28,384,555 / 108,924,715 (26.1%)
[Layer Freezing] Training last 4 transformer layers (layers 8-11)
[Layer Freezing] Trainable params: 28,384,555 / 108,924,715 (26.1%)
[Layer Freezing] Training last 4 transformer layers (layers 8-11)
[Layer Freezing] Trainable params: 28,384,555 / 108,924,715 (26.1%)
[Layer Freezing] Training last 4 transformer layers (layers 8-11)
[Layer Freezing] Trainable params: 28,384,555 / 108,924,715 (26.1%)
[Round 20] T=4.36  α_ce=0.94  α_kd=0.06
 Round 20 | F1 0.3322 | P 0.5322 | R 0.2415 | Time 43.9s | Comm N/A | Local Avg F1: 0.2503

=== Round 21/100 ===
[Round 21] KD=ON | policy=ema_first
[Layer Freezing] Training last 4 transformer layers (layers 8-11)
[Layer Freezing] Trainable params: 28,384,555 / 108,924,715 (26.1%)
[Layer Freezing] Training last 4 transformer layers (layers 8-11)
[Layer Freezing] Trainable params: 28,384,555 / 108,924,715 (26.1%)
[Layer Freezing] Training last 4 transformer layers (layers 8-11)
[Layer Freezing] Trainable params: 28,384,555 / 108,924,715 (26.1%)
[Layer Freezing] Training last 4 transformer layers (layers 8-11)
[Layer Freezing] Trainable params: 28,384,555 / 108,924,715 (26.1%)
[Layer Freezing] Training last 4 transformer layers (layers 8-11)
[Layer Freezing] Trainable params: 28,384,555 / 108,924,715 (26.1%)
[Layer Freezing] Training last 4 transformer layers (layers 8-11)
[Layer Freezing] Trainable params: 28,384,555 / 108,924,715 (26.1%)
[Layer Freezing] Training last 4 transformer layers (layers 8-11)
[Layer Freezing] Trainable params: 28,384,555 / 108,924,715 (26.1%)
[Layer Freezing] Training last 4 transformer layers (layers 8-11)
[Layer Freezing] Trainable params: 28,384,555 / 108,924,715 (26.1%)
[Layer Freezing] Training last 4 transformer layers (layers 8-11)
[Layer Freezing] Trainable params: 28,384,555 / 108,924,715 (26.1%)
[Layer Freezing] Training last 4 transformer layers (layers 8-11)
[Layer Freezing] Trainable params: 28,384,555 / 108,924,715 (26.1%)
[Round 21] T=4.32  α_ce=0.94  α_kd=0.06
 Round 21 | F1 0.3368 | P 0.5518 | R 0.2424 | Time 43.8s | Comm N/A | Local Avg F1: 0.2569

=== Round 22/100 ===
[Round 22] KD=ON | policy=ema_first
[Layer Freezing] Training last 4 transformer layers (layers 8-11)
[Layer Freezing] Trainable params: 28,384,555 / 108,924,715 (26.1%)
[Layer Freezing] Training last 4 transformer layers (layers 8-11)
[Layer Freezing] Trainable params: 28,384,555 / 108,924,715 (26.1%)
[Layer Freezing] Training last 4 transformer layers (layers 8-11)
[Layer Freezing] Trainable params: 28,384,555 / 108,924,715 (26.1%)
[Layer Freezing] Training last 4 transformer layers (layers 8-11)
[Layer Freezing] Trainable params: 28,384,555 / 108,924,715 (26.1%)
[Layer Freezing] Training last 4 transformer layers (layers 8-11)
[Layer Freezing] Trainable params: 28,384,555 / 108,924,715 (26.1%)
[Layer Freezing] Training last 4 transformer layers (layers 8-11)
[Layer Freezing] Trainable params: 28,384,555 / 108,924,715 (26.1%)
[Layer Freezing] Training last 4 transformer layers (layers 8-11)
[Layer Freezing] Trainable params: 28,384,555 / 108,924,715 (26.1%)
[Layer Freezing] Training last 4 transformer layers (layers 8-11)
[Layer Freezing] Trainable params: 28,384,555 / 108,924,715 (26.1%)
[Layer Freezing] Training last 4 transformer layers (layers 8-11)
[Layer Freezing] Trainable params: 28,384,555 / 108,924,715 (26.1%)
[Layer Freezing] Training last 4 transformer layers (layers 8-11)
[Layer Freezing] Trainable params: 28,384,555 / 108,924,715 (26.1%)
[Round 22] T=4.29  α_ce=0.94  α_kd=0.06
 Round 22 | F1 0.3428 | P 0.5653 | R 0.2460 | Time 43.6s | Comm N/A | Local Avg F1: 0.2569

=== Round 23/100 ===
[Round 23] KD=ON | policy=ema_first
[Layer Freezing] Training last 4 transformer layers (layers 8-11)
[Layer Freezing] Trainable params: 28,384,555 / 108,924,715 (26.1%)
[Layer Freezing] Training last 4 transformer layers (layers 8-11)
[Layer Freezing] Trainable params: 28,384,555 / 108,924,715 (26.1%)
[Layer Freezing] Training last 4 transformer layers (layers 8-11)
[Layer Freezing] Trainable params: 28,384,555 / 108,924,715 (26.1%)
[Layer Freezing] Training last 4 transformer layers (layers 8-11)
[Layer Freezing] Trainable params: 28,384,555 / 108,924,715 (26.1%)
[Layer Freezing] Training last 4 transformer layers (layers 8-11)
[Layer Freezing] Trainable params: 28,384,555 / 108,924,715 (26.1%)
[Layer Freezing] Training last 4 transformer layers (layers 8-11)
[Layer Freezing] Trainable params: 28,384,555 / 108,924,715 (26.1%)
[Layer Freezing] Training last 4 transformer layers (layers 8-11)
[Layer Freezing] Trainable params: 28,384,555 / 108,924,715 (26.1%)
[Layer Freezing] Training last 4 transformer layers (layers 8-11)
[Layer Freezing] Trainable params: 28,384,555 / 108,924,715 (26.1%)
[Layer Freezing] Training last 4 transformer layers (layers 8-11)
[Layer Freezing] Trainable params: 28,384,555 / 108,924,715 (26.1%)
[Layer Freezing] Training last 4 transformer layers (layers 8-11)
[Layer Freezing] Trainable params: 28,384,555 / 108,924,715 (26.1%)
[Round 23] T=4.25  α_ce=0.94  α_kd=0.06
 Round 23 | F1 0.3586 | P 0.5668 | R 0.2623 | Time 43.6s | Comm N/A | Local Avg F1: 0.2704

=== Round 24/100 ===
[Round 24] KD=ON | policy=ema_first
[Layer Freezing] Training last 4 transformer layers (layers 8-11)
[Layer Freezing] Trainable params: 28,384,555 / 108,924,715 (26.1%)
[Layer Freezing] Training last 4 transformer layers (layers 8-11)
[Layer Freezing] Trainable params: 28,384,555 / 108,924,715 (26.1%)
[Layer Freezing] Training last 4 transformer layers (layers 8-11)
[Layer Freezing] Trainable params: 28,384,555 / 108,924,715 (26.1%)
[Layer Freezing] Training last 4 transformer layers (layers 8-11)
[Layer Freezing] Trainable params: 28,384,555 / 108,924,715 (26.1%)
[Layer Freezing] Training last 4 transformer layers (layers 8-11)
[Layer Freezing] Trainable params: 28,384,555 / 108,924,715 (26.1%)
[Layer Freezing] Training last 4 transformer layers (layers 8-11)
[Layer Freezing] Trainable params: 28,384,555 / 108,924,715 (26.1%)
[Layer Freezing] Training last 4 transformer layers (layers 8-11)
[Layer Freezing] Trainable params: 28,384,555 / 108,924,715 (26.1%)
[Layer Freezing] Training last 4 transformer layers (layers 8-11)
[Layer Freezing] Trainable params: 28,384,555 / 108,924,715 (26.1%)
[Layer Freezing] Training last 4 transformer layers (layers 8-11)
[Layer Freezing] Trainable params: 28,384,555 / 108,924,715 (26.1%)
[Layer Freezing] Training last 4 transformer layers (layers 8-11)
[Layer Freezing] Trainable params: 28,384,555 / 108,924,715 (26.1%)
[Round 24] T=4.21  α_ce=0.93  α_kd=0.07
 Round 24 | F1 0.3400 | P 0.5844 | R 0.2397 | Time 44.9s | Comm N/A | Local Avg F1: 0.2677

=== Round 25/100 ===
[Round 25] KD=ON | policy=ema_first
[Layer Freezing] Training last 4 transformer layers (layers 8-11)
[Layer Freezing] Trainable params: 28,384,555 / 108,924,715 (26.1%)
[Layer Freezing] Training last 4 transformer layers (layers 8-11)
[Layer Freezing] Trainable params: 28,384,555 / 108,924,715 (26.1%)
[Layer Freezing] Training last 4 transformer layers (layers 8-11)
[Layer Freezing] Trainable params: 28,384,555 / 108,924,715 (26.1%)
[Layer Freezing] Training last 4 transformer layers (layers 8-11)
[Layer Freezing] Trainable params: 28,384,555 / 108,924,715 (26.1%)
[Layer Freezing] Training last 4 transformer layers (layers 8-11)
[Layer Freezing] Trainable params: 28,384,555 / 108,924,715 (26.1%)
[Layer Freezing] Training last 4 transformer layers (layers 8-11)
[Layer Freezing] Trainable params: 28,384,555 / 108,924,715 (26.1%)
[Layer Freezing] Training last 4 transformer layers (layers 8-11)
[Layer Freezing] Trainable params: 28,384,555 / 108,924,715 (26.1%)
[Layer Freezing] Training last 4 transformer layers (layers 8-11)
[Layer Freezing] Trainable params: 28,384,555 / 108,924,715 (26.1%)
[Layer Freezing] Training last 4 transformer layers (layers 8-11)
[Layer Freezing] Trainable params: 28,384,555 / 108,924,715 (26.1%)
[Layer Freezing] Training last 4 transformer layers (layers 8-11)
[Layer Freezing] Trainable params: 28,384,555 / 108,924,715 (26.1%)
[Round 25] T=4.18  α_ce=0.93  α_kd=0.07
 Round 25 | F1 0.3430 | P 0.5781 | R 0.2438 | Time 45.3s | Comm N/A | Local Avg F1: 0.2603

=== Round 26/100 ===
[Round 26] KD=ON | policy=ema_first
[Layer Freezing] Training last 4 transformer layers (layers 8-11)
[Layer Freezing] Trainable params: 28,384,555 / 108,924,715 (26.1%)
[Layer Freezing] Training last 4 transformer layers (layers 8-11)
[Layer Freezing] Trainable params: 28,384,555 / 108,924,715 (26.1%)
[Layer Freezing] Training last 4 transformer layers (layers 8-11)
[Layer Freezing] Trainable params: 28,384,555 / 108,924,715 (26.1%)
[Layer Freezing] Training last 4 transformer layers (layers 8-11)
[Layer Freezing] Trainable params: 28,384,555 / 108,924,715 (26.1%)
[Layer Freezing] Training last 4 transformer layers (layers 8-11)
[Layer Freezing] Trainable params: 28,384,555 / 108,924,715 (26.1%)
[Layer Freezing] Training last 4 transformer layers (layers 8-11)
[Layer Freezing] Trainable params: 28,384,555 / 108,924,715 (26.1%)
[Layer Freezing] Training last 4 transformer layers (layers 8-11)
[Layer Freezing] Trainable params: 28,384,555 / 108,924,715 (26.1%)
[Layer Freezing] Training last 4 transformer layers (layers 8-11)
[Layer Freezing] Trainable params: 28,384,555 / 108,924,715 (26.1%)
[Layer Freezing] Training last 4 transformer layers (layers 8-11)
[Layer Freezing] Trainable params: 28,384,555 / 108,924,715 (26.1%)
[Layer Freezing] Training last 4 transformer layers (layers 8-11)
[Layer Freezing] Trainable params: 28,384,555 / 108,924,715 (26.1%)
[Round 26] T=4.14  α_ce=0.93  α_kd=0.07
 Round 26 | F1 0.3363 | P 0.5942 | R 0.2345 | Time 44.1s | Comm N/A | Local Avg F1: 0.2597

=== Round 27/100 ===
[Round 27] KD=ON | policy=ema_first
[Layer Freezing] Training last 4 transformer layers (layers 8-11)
[Layer Freezing] Trainable params: 28,384,555 / 108,924,715 (26.1%)
[Layer Freezing] Training last 4 transformer layers (layers 8-11)
[Layer Freezing] Trainable params: 28,384,555 / 108,924,715 (26.1%)
[Layer Freezing] Training last 4 transformer layers (layers 8-11)
[Layer Freezing] Trainable params: 28,384,555 / 108,924,715 (26.1%)
[Layer Freezing] Training last 4 transformer layers (layers 8-11)
[Layer Freezing] Trainable params: 28,384,555 / 108,924,715 (26.1%)
[Layer Freezing] Training last 4 transformer layers (layers 8-11)
[Layer Freezing] Trainable params: 28,384,555 / 108,924,715 (26.1%)
[Layer Freezing] Training last 4 transformer layers (layers 8-11)
[Layer Freezing] Trainable params: 28,384,555 / 108,924,715 (26.1%)
[Layer Freezing] Training last 4 transformer layers (layers 8-11)
[Layer Freezing] Trainable params: 28,384,555 / 108,924,715 (26.1%)
[Layer Freezing] Training last 4 transformer layers (layers 8-11)
[Layer Freezing] Trainable params: 28,384,555 / 108,924,715 (26.1%)
[Layer Freezing] Training last 4 transformer layers (layers 8-11)
[Layer Freezing] Trainable params: 28,384,555 / 108,924,715 (26.1%)
[Layer Freezing] Training last 4 transformer layers (layers 8-11)
[Layer Freezing] Trainable params: 28,384,555 / 108,924,715 (26.1%)
[Round 27] T=4.11  α_ce=0.92  α_kd=0.08
 Round 27 | F1 0.3868 | P 0.5698 | R 0.2927 | Time 44.6s | Comm N/A | Local Avg F1: 0.3053

=== Round 28/100 ===
[Round 28] KD=ON | policy=ema_first
[Layer Freezing] Training last 4 transformer layers (layers 8-11)
[Layer Freezing] Trainable params: 28,384,555 / 108,924,715 (26.1%)
[Layer Freezing] Training last 4 transformer layers (layers 8-11)
[Layer Freezing] Trainable params: 28,384,555 / 108,924,715 (26.1%)
[Layer Freezing] Training last 4 transformer layers (layers 8-11)
[Layer Freezing] Trainable params: 28,384,555 / 108,924,715 (26.1%)
[Layer Freezing] Training last 4 transformer layers (layers 8-11)
[Layer Freezing] Trainable params: 28,384,555 / 108,924,715 (26.1%)
[Layer Freezing] Training last 4 transformer layers (layers 8-11)
[Layer Freezing] Trainable params: 28,384,555 / 108,924,715 (26.1%)
[Layer Freezing] Training last 4 transformer layers (layers 8-11)
[Layer Freezing] Trainable params: 28,384,555 / 108,924,715 (26.1%)
[Layer Freezing] Training last 4 transformer layers (layers 8-11)
[Layer Freezing] Trainable params: 28,384,555 / 108,924,715 (26.1%)
[Layer Freezing] Training last 4 transformer layers (layers 8-11)
[Layer Freezing] Trainable params: 28,384,555 / 108,924,715 (26.1%)
[Layer Freezing] Training last 4 transformer layers (layers 8-11)
[Layer Freezing] Trainable params: 28,384,555 / 108,924,715 (26.1%)
[Layer Freezing] Training last 4 transformer layers (layers 8-11)
[Layer Freezing] Trainable params: 28,384,555 / 108,924,715 (26.1%)
[Round 28] T=4.07  α_ce=0.92  α_kd=0.08
 Round 28 | F1 0.3827 | P 0.5719 | R 0.2876 | Time 44.7s | Comm N/A | Local Avg F1: 0.2931

=== Round 29/100 ===
[Round 29] KD=ON | policy=ema_first
[Layer Freezing] Training last 4 transformer layers (layers 8-11)
[Layer Freezing] Trainable params: 28,384,555 / 108,924,715 (26.1%)
[Layer Freezing] Training last 4 transformer layers (layers 8-11)
[Layer Freezing] Trainable params: 28,384,555 / 108,924,715 (26.1%)
[Layer Freezing] Training last 4 transformer layers (layers 8-11)
[Layer Freezing] Trainable params: 28,384,555 / 108,924,715 (26.1%)
[Layer Freezing] Training last 4 transformer layers (layers 8-11)
[Layer Freezing] Trainable params: 28,384,555 / 108,924,715 (26.1%)
[Layer Freezing] Training last 4 transformer layers (layers 8-11)
[Layer Freezing] Trainable params: 28,384,555 / 108,924,715 (26.1%)
[Layer Freezing] Training last 4 transformer layers (layers 8-11)
[Layer Freezing] Trainable params: 28,384,555 / 108,924,715 (26.1%)
[Layer Freezing] Training last 4 transformer layers (layers 8-11)
[Layer Freezing] Trainable params: 28,384,555 / 108,924,715 (26.1%)
[Layer Freezing] Training last 4 transformer layers (layers 8-11)
[Layer Freezing] Trainable params: 28,384,555 / 108,924,715 (26.1%)
[Layer Freezing] Training last 4 transformer layers (layers 8-11)
[Layer Freezing] Trainable params: 28,384,555 / 108,924,715 (26.1%)
[Layer Freezing] Training last 4 transformer layers (layers 8-11)
[Layer Freezing] Trainable params: 28,384,555 / 108,924,715 (26.1%)
[Round 29] T=4.04  α_ce=0.92  α_kd=0.08
 Round 29 | F1 0.4096 | P 0.5711 | R 0.3193 | Time 43.8s | Comm N/A | Local Avg F1: 0.3210

=== Round 30/100 ===
[Round 30] KD=ON | policy=ema_first
[Layer Freezing] Training last 4 transformer layers (layers 8-11)
[Layer Freezing] Trainable params: 28,384,555 / 108,924,715 (26.1%)
[Layer Freezing] Training last 4 transformer layers (layers 8-11)
[Layer Freezing] Trainable params: 28,384,555 / 108,924,715 (26.1%)
[Layer Freezing] Training last 4 transformer layers (layers 8-11)
[Layer Freezing] Trainable params: 28,384,555 / 108,924,715 (26.1%)
[Layer Freezing] Training last 4 transformer layers (layers 8-11)
[Layer Freezing] Trainable params: 28,384,555 / 108,924,715 (26.1%)
[Layer Freezing] Training last 4 transformer layers (layers 8-11)
[Layer Freezing] Trainable params: 28,384,555 / 108,924,715 (26.1%)
[Layer Freezing] Training last 4 transformer layers (layers 8-11)
[Layer Freezing] Trainable params: 28,384,555 / 108,924,715 (26.1%)
[Layer Freezing] Training last 4 transformer layers (layers 8-11)
[Layer Freezing] Trainable params: 28,384,555 / 108,924,715 (26.1%)
[Layer Freezing] Training last 4 transformer layers (layers 8-11)
[Layer Freezing] Trainable params: 28,384,555 / 108,924,715 (26.1%)
[Layer Freezing] Training last 4 transformer layers (layers 8-11)
[Layer Freezing] Trainable params: 28,384,555 / 108,924,715 (26.1%)
[Layer Freezing] Training last 4 transformer layers (layers 8-11)
[Layer Freezing] Trainable params: 28,384,555 / 108,924,715 (26.1%)
[Round 30] T=4.00  α_ce=0.91  α_kd=0.09
 Round 30 | F1 0.3830 | P 0.5898 | R 0.2836 | Time 45.4s | Comm N/A | Local Avg F1: 0.2983

=== Round 31/100 ===
[Round 31] KD=ON | policy=ema_first
[Layer Freezing] Training last 4 transformer layers (layers 8-11)
[Layer Freezing] Trainable params: 28,384,555 / 108,924,715 (26.1%)
[Layer Freezing] Training last 4 transformer layers (layers 8-11)
[Layer Freezing] Trainable params: 28,384,555 / 108,924,715 (26.1%)
[Layer Freezing] Training last 4 transformer layers (layers 8-11)
[Layer Freezing] Trainable params: 28,384,555 / 108,924,715 (26.1%)
[Layer Freezing] Training last 4 transformer layers (layers 8-11)
[Layer Freezing] Trainable params: 28,384,555 / 108,924,715 (26.1%)
[Layer Freezing] Training last 4 transformer layers (layers 8-11)
[Layer Freezing] Trainable params: 28,384,555 / 108,924,715 (26.1%)
[Layer Freezing] Training last 4 transformer layers (layers 8-11)
[Layer Freezing] Trainable params: 28,384,555 / 108,924,715 (26.1%)
[Layer Freezing] Training last 4 transformer layers (layers 8-11)
[Layer Freezing] Trainable params: 28,384,555 / 108,924,715 (26.1%)
[Layer Freezing] Training last 4 transformer layers (layers 8-11)
[Layer Freezing] Trainable params: 28,384,555 / 108,924,715 (26.1%)
[Layer Freezing] Training last 4 transformer layers (layers 8-11)
[Layer Freezing] Trainable params: 28,384,555 / 108,924,715 (26.1%)
[Layer Freezing] Training last 4 transformer layers (layers 8-11)
[Layer Freezing] Trainable params: 28,384,555 / 108,924,715 (26.1%)
[Round 31] T=3.96  α_ce=0.91  α_kd=0.09
 Round 31 | F1 0.3987 | P 0.5905 | R 0.3009 | Time 44.6s | Comm N/A | Local Avg F1: 0.3102

=== Round 32/100 ===
[Round 32] KD=ON | policy=ema_first
[Layer Freezing] Training last 4 transformer layers (layers 8-11)
[Layer Freezing] Trainable params: 28,384,555 / 108,924,715 (26.1%)
[Layer Freezing] Training last 4 transformer layers (layers 8-11)
[Layer Freezing] Trainable params: 28,384,555 / 108,924,715 (26.1%)
[Layer Freezing] Training last 4 transformer layers (layers 8-11)
[Layer Freezing] Trainable params: 28,384,555 / 108,924,715 (26.1%)
[Layer Freezing] Training last 4 transformer layers (layers 8-11)
[Layer Freezing] Trainable params: 28,384,555 / 108,924,715 (26.1%)
[Layer Freezing] Training last 4 transformer layers (layers 8-11)
[Layer Freezing] Trainable params: 28,384,555 / 108,924,715 (26.1%)
[Layer Freezing] Training last 4 transformer layers (layers 8-11)
[Layer Freezing] Trainable params: 28,384,555 / 108,924,715 (26.1%)
[Layer Freezing] Training last 4 transformer layers (layers 8-11)
[Layer Freezing] Trainable params: 28,384,555 / 108,924,715 (26.1%)
[Layer Freezing] Training last 4 transformer layers (layers 8-11)
[Layer Freezing] Trainable params: 28,384,555 / 108,924,715 (26.1%)
[Layer Freezing] Training last 4 transformer layers (layers 8-11)
[Layer Freezing] Trainable params: 28,384,555 / 108,924,715 (26.1%)
[Layer Freezing] Training last 4 transformer layers (layers 8-11)
[Layer Freezing] Trainable params: 28,384,555 / 108,924,715 (26.1%)
[Round 32] T=3.93  α_ce=0.91  α_kd=0.09
 Round 32 | F1 0.3853 | P 0.6020 | R 0.2833 | Time 44.3s | Comm N/A | Local Avg F1: 0.3025

=== Round 33/100 ===
[Round 33] KD=ON | policy=ema_first
[Layer Freezing] Training last 4 transformer layers (layers 8-11)
[Layer Freezing] Trainable params: 28,384,555 / 108,924,715 (26.1%)
[Layer Freezing] Training last 4 transformer layers (layers 8-11)
[Layer Freezing] Trainable params: 28,384,555 / 108,924,715 (26.1%)
[Layer Freezing] Training last 4 transformer layers (layers 8-11)
[Layer Freezing] Trainable params: 28,384,555 / 108,924,715 (26.1%)
[Layer Freezing] Training last 4 transformer layers (layers 8-11)
[Layer Freezing] Trainable params: 28,384,555 / 108,924,715 (26.1%)
[Layer Freezing] Training last 4 transformer layers (layers 8-11)
[Layer Freezing] Trainable params: 28,384,555 / 108,924,715 (26.1%)
[Layer Freezing] Training last 4 transformer layers (layers 8-11)
[Layer Freezing] Trainable params: 28,384,555 / 108,924,715 (26.1%)
[Layer Freezing] Training last 4 transformer layers (layers 8-11)
[Layer Freezing] Trainable params: 28,384,555 / 108,924,715 (26.1%)
[Layer Freezing] Training last 4 transformer layers (layers 8-11)
[Layer Freezing] Trainable params: 28,384,555 / 108,924,715 (26.1%)
[Layer Freezing] Training last 4 transformer layers (layers 8-11)
[Layer Freezing] Trainable params: 28,384,555 / 108,924,715 (26.1%)
[Layer Freezing] Training last 4 transformer layers (layers 8-11)
[Layer Freezing] Trainable params: 28,384,555 / 108,924,715 (26.1%)
[Round 33] T=3.89  α_ce=0.91  α_kd=0.09
 Round 33 | F1 0.3867 | P 0.5950 | R 0.2864 | Time 45.2s | Comm N/A | Local Avg F1: 0.3116

=== Round 34/100 ===
[Round 34] KD=ON | policy=ema_first
[Layer Freezing] Training last 4 transformer layers (layers 8-11)
[Layer Freezing] Trainable params: 28,384,555 / 108,924,715 (26.1%)
[Layer Freezing] Training last 4 transformer layers (layers 8-11)
[Layer Freezing] Trainable params: 28,384,555 / 108,924,715 (26.1%)
[Layer Freezing] Training last 4 transformer layers (layers 8-11)
[Layer Freezing] Trainable params: 28,384,555 / 108,924,715 (26.1%)
[Layer Freezing] Training last 4 transformer layers (layers 8-11)
[Layer Freezing] Trainable params: 28,384,555 / 108,924,715 (26.1%)
[Layer Freezing] Training last 4 transformer layers (layers 8-11)
[Layer Freezing] Trainable params: 28,384,555 / 108,924,715 (26.1%)
[Layer Freezing] Training last 4 transformer layers (layers 8-11)
[Layer Freezing] Trainable params: 28,384,555 / 108,924,715 (26.1%)
[Layer Freezing] Training last 4 transformer layers (layers 8-11)
[Layer Freezing] Trainable params: 28,384,555 / 108,924,715 (26.1%)
[Layer Freezing] Training last 4 transformer layers (layers 8-11)
[Layer Freezing] Trainable params: 28,384,555 / 108,924,715 (26.1%)
[Layer Freezing] Training last 4 transformer layers (layers 8-11)
[Layer Freezing] Trainable params: 28,384,555 / 108,924,715 (26.1%)
[Layer Freezing] Training last 4 transformer layers (layers 8-11)
[Layer Freezing] Trainable params: 28,384,555 / 108,924,715 (26.1%)
[Round 34] T=3.86  α_ce=0.90  α_kd=0.10
 Round 34 | F1 0.3984 | P 0.5882 | R 0.3012 | Time 44.5s | Comm N/A | Local Avg F1: 0.3276

=== Round 35/100 ===
[Round 35] KD=ON | policy=ema_first
[Layer Freezing] Training last 4 transformer layers (layers 8-11)
[Layer Freezing] Trainable params: 28,384,555 / 108,924,715 (26.1%)
[Layer Freezing] Training last 4 transformer layers (layers 8-11)
[Layer Freezing] Trainable params: 28,384,555 / 108,924,715 (26.1%)
[Layer Freezing] Training last 4 transformer layers (layers 8-11)
[Layer Freezing] Trainable params: 28,384,555 / 108,924,715 (26.1%)
[Layer Freezing] Training last 4 transformer layers (layers 8-11)
[Layer Freezing] Trainable params: 28,384,555 / 108,924,715 (26.1%)
[Layer Freezing] Training last 4 transformer layers (layers 8-11)
[Layer Freezing] Trainable params: 28,384,555 / 108,924,715 (26.1%)
[Layer Freezing] Training last 4 transformer layers (layers 8-11)
[Layer Freezing] Trainable params: 28,384,555 / 108,924,715 (26.1%)
[Layer Freezing] Training last 4 transformer layers (layers 8-11)
[Layer Freezing] Trainable params: 28,384,555 / 108,924,715 (26.1%)
[Layer Freezing] Training last 4 transformer layers (layers 8-11)
[Layer Freezing] Trainable params: 28,384,555 / 108,924,715 (26.1%)
[Layer Freezing] Training last 4 transformer layers (layers 8-11)
[Layer Freezing] Trainable params: 28,384,555 / 108,924,715 (26.1%)
[Layer Freezing] Training last 4 transformer layers (layers 8-11)
[Layer Freezing] Trainable params: 28,384,555 / 108,924,715 (26.1%)
[Round 35] T=3.82  α_ce=0.90  α_kd=0.10
 Round 35 | F1 0.4181 | P 0.5872 | R 0.3246 | Time 43.8s | Comm N/A | Local Avg F1: 0.3300

=== Round 36/100 ===
[Round 36] KD=ON | policy=ema_first
[Layer Freezing] Training last 4 transformer layers (layers 8-11)
[Layer Freezing] Trainable params: 28,384,555 / 108,924,715 (26.1%)
[Layer Freezing] Training last 4 transformer layers (layers 8-11)
[Layer Freezing] Trainable params: 28,384,555 / 108,924,715 (26.1%)
[Layer Freezing] Training last 4 transformer layers (layers 8-11)
[Layer Freezing] Trainable params: 28,384,555 / 108,924,715 (26.1%)
[Layer Freezing] Training last 4 transformer layers (layers 8-11)
[Layer Freezing] Trainable params: 28,384,555 / 108,924,715 (26.1%)
[Layer Freezing] Training last 4 transformer layers (layers 8-11)
[Layer Freezing] Trainable params: 28,384,555 / 108,924,715 (26.1%)
[Layer Freezing] Training last 4 transformer layers (layers 8-11)
[Layer Freezing] Trainable params: 28,384,555 / 108,924,715 (26.1%)
[Layer Freezing] Training last 4 transformer layers (layers 8-11)
[Layer Freezing] Trainable params: 28,384,555 / 108,924,715 (26.1%)
[Layer Freezing] Training last 4 transformer layers (layers 8-11)
[Layer Freezing] Trainable params: 28,384,555 / 108,924,715 (26.1%)
[Layer Freezing] Training last 4 transformer layers (layers 8-11)
[Layer Freezing] Trainable params: 28,384,555 / 108,924,715 (26.1%)
[Layer Freezing] Training last 4 transformer layers (layers 8-11)
[Layer Freezing] Trainable params: 28,384,555 / 108,924,715 (26.1%)
[Round 36] T=3.79  α_ce=0.90  α_kd=0.10
 Round 36 | F1 0.4276 | P 0.5928 | R 0.3344 | Time 45.1s | Comm N/A | Local Avg F1: 0.3447

=== Round 37/100 ===
[Round 37] KD=ON | policy=ema_first
[Layer Freezing] Training last 4 transformer layers (layers 8-11)
[Layer Freezing] Trainable params: 28,384,555 / 108,924,715 (26.1%)
[Layer Freezing] Training last 4 transformer layers (layers 8-11)
[Layer Freezing] Trainable params: 28,384,555 / 108,924,715 (26.1%)
[Layer Freezing] Training last 4 transformer layers (layers 8-11)
[Layer Freezing] Trainable params: 28,384,555 / 108,924,715 (26.1%)
[Layer Freezing] Training last 4 transformer layers (layers 8-11)
[Layer Freezing] Trainable params: 28,384,555 / 108,924,715 (26.1%)
[Layer Freezing] Training last 4 transformer layers (layers 8-11)
[Layer Freezing] Trainable params: 28,384,555 / 108,924,715 (26.1%)
[Layer Freezing] Training last 4 transformer layers (layers 8-11)
[Layer Freezing] Trainable params: 28,384,555 / 108,924,715 (26.1%)
[Layer Freezing] Training last 4 transformer layers (layers 8-11)
[Layer Freezing] Trainable params: 28,384,555 / 108,924,715 (26.1%)
[Layer Freezing] Training last 4 transformer layers (layers 8-11)
[Layer Freezing] Trainable params: 28,384,555 / 108,924,715 (26.1%)
[Layer Freezing] Training last 4 transformer layers (layers 8-11)
[Layer Freezing] Trainable params: 28,384,555 / 108,924,715 (26.1%)
[Layer Freezing] Training last 4 transformer layers (layers 8-11)
[Layer Freezing] Trainable params: 28,384,555 / 108,924,715 (26.1%)
[Round 37] T=3.75  α_ce=0.89  α_kd=0.11
 Round 37 | F1 0.4319 | P 0.5829 | R 0.3430 | Time 45.1s | Comm N/A | Local Avg F1: 0.3460

=== Round 38/100 ===
[Round 38] KD=ON | policy=ema_first
[Layer Freezing] Training last 4 transformer layers (layers 8-11)
[Layer Freezing] Trainable params: 28,384,555 / 108,924,715 (26.1%)
[Layer Freezing] Training last 4 transformer layers (layers 8-11)
[Layer Freezing] Trainable params: 28,384,555 / 108,924,715 (26.1%)
[Layer Freezing] Training last 4 transformer layers (layers 8-11)
[Layer Freezing] Trainable params: 28,384,555 / 108,924,715 (26.1%)
[Layer Freezing] Training last 4 transformer layers (layers 8-11)
[Layer Freezing] Trainable params: 28,384,555 / 108,924,715 (26.1%)
[Layer Freezing] Training last 4 transformer layers (layers 8-11)
[Layer Freezing] Trainable params: 28,384,555 / 108,924,715 (26.1%)
[Layer Freezing] Training last 4 transformer layers (layers 8-11)
[Layer Freezing] Trainable params: 28,384,555 / 108,924,715 (26.1%)
[Layer Freezing] Training last 4 transformer layers (layers 8-11)
[Layer Freezing] Trainable params: 28,384,555 / 108,924,715 (26.1%)
[Layer Freezing] Training last 4 transformer layers (layers 8-11)
[Layer Freezing] Trainable params: 28,384,555 / 108,924,715 (26.1%)
[Layer Freezing] Training last 4 transformer layers (layers 8-11)
[Layer Freezing] Trainable params: 28,384,555 / 108,924,715 (26.1%)
[Layer Freezing] Training last 4 transformer layers (layers 8-11)
[Layer Freezing] Trainable params: 28,384,555 / 108,924,715 (26.1%)
[Round 38] T=3.71  α_ce=0.89  α_kd=0.11
 Round 38 | F1 0.4184 | P 0.6007 | R 0.3209 | Time 44.3s | Comm N/A | Local Avg F1: 0.3413

=== Round 39/100 ===
[Round 39] KD=ON | policy=ema_first
[Layer Freezing] Training last 4 transformer layers (layers 8-11)
[Layer Freezing] Trainable params: 28,384,555 / 108,924,715 (26.1%)
[Layer Freezing] Training last 4 transformer layers (layers 8-11)
[Layer Freezing] Trainable params: 28,384,555 / 108,924,715 (26.1%)
[Layer Freezing] Training last 4 transformer layers (layers 8-11)
[Layer Freezing] Trainable params: 28,384,555 / 108,924,715 (26.1%)
[Layer Freezing] Training last 4 transformer layers (layers 8-11)
[Layer Freezing] Trainable params: 28,384,555 / 108,924,715 (26.1%)
[Layer Freezing] Training last 4 transformer layers (layers 8-11)
[Layer Freezing] Trainable params: 28,384,555 / 108,924,715 (26.1%)
[Layer Freezing] Training last 4 transformer layers (layers 8-11)
[Layer Freezing] Trainable params: 28,384,555 / 108,924,715 (26.1%)
[Layer Freezing] Training last 4 transformer layers (layers 8-11)
[Layer Freezing] Trainable params: 28,384,555 / 108,924,715 (26.1%)
[Layer Freezing] Training last 4 transformer layers (layers 8-11)
[Layer Freezing] Trainable params: 28,384,555 / 108,924,715 (26.1%)
[Layer Freezing] Training last 4 transformer layers (layers 8-11)
[Layer Freezing] Trainable params: 28,384,555 / 108,924,715 (26.1%)
[Layer Freezing] Training last 4 transformer layers (layers 8-11)
[Layer Freezing] Trainable params: 28,384,555 / 108,924,715 (26.1%)
[Round 39] T=3.68  α_ce=0.89  α_kd=0.11
 Round 39 | F1 0.4089 | P 0.6088 | R 0.3078 | Time 44.9s | Comm N/A | Local Avg F1: 0.3339

=== Round 40/100 ===
[Round 40] KD=ON | policy=ema_first
[Layer Freezing] Training last 4 transformer layers (layers 8-11)
[Layer Freezing] Trainable params: 28,384,555 / 108,924,715 (26.1%)
[Layer Freezing] Training last 4 transformer layers (layers 8-11)
[Layer Freezing] Trainable params: 28,384,555 / 108,924,715 (26.1%)
[Layer Freezing] Training last 4 transformer layers (layers 8-11)
[Layer Freezing] Trainable params: 28,384,555 / 108,924,715 (26.1%)
[Layer Freezing] Training last 4 transformer layers (layers 8-11)
[Layer Freezing] Trainable params: 28,384,555 / 108,924,715 (26.1%)
[Layer Freezing] Training last 4 transformer layers (layers 8-11)
[Layer Freezing] Trainable params: 28,384,555 / 108,924,715 (26.1%)
[Layer Freezing] Training last 4 transformer layers (layers 8-11)
[Layer Freezing] Trainable params: 28,384,555 / 108,924,715 (26.1%)
[Layer Freezing] Training last 4 transformer layers (layers 8-11)
[Layer Freezing] Trainable params: 28,384,555 / 108,924,715 (26.1%)
[Layer Freezing] Training last 4 transformer layers (layers 8-11)
[Layer Freezing] Trainable params: 28,384,555 / 108,924,715 (26.1%)
[Layer Freezing] Training last 4 transformer layers (layers 8-11)
[Layer Freezing] Trainable params: 28,384,555 / 108,924,715 (26.1%)
[Layer Freezing] Training last 4 transformer layers (layers 8-11)
[Layer Freezing] Trainable params: 28,384,555 / 108,924,715 (26.1%)
[Round 40] T=3.64  α_ce=0.88  α_kd=0.12
 Round 40 | F1 0.4321 | P 0.5956 | R 0.3391 | Time 45.6s | Comm N/A | Local Avg F1: 0.3528

=== Round 41/100 ===
[Round 41] KD=ON | policy=ema_first
[Layer Freezing] Training last 4 transformer layers (layers 8-11)
[Layer Freezing] Trainable params: 28,384,555 / 108,924,715 (26.1%)
[Layer Freezing] Training last 4 transformer layers (layers 8-11)
[Layer Freezing] Trainable params: 28,384,555 / 108,924,715 (26.1%)
[Layer Freezing] Training last 4 transformer layers (layers 8-11)
[Layer Freezing] Trainable params: 28,384,555 / 108,924,715 (26.1%)
[Layer Freezing] Training last 4 transformer layers (layers 8-11)
[Layer Freezing] Trainable params: 28,384,555 / 108,924,715 (26.1%)
[Layer Freezing] Training last 4 transformer layers (layers 8-11)
[Layer Freezing] Trainable params: 28,384,555 / 108,924,715 (26.1%)
[Layer Freezing] Training last 4 transformer layers (layers 8-11)
[Layer Freezing] Trainable params: 28,384,555 / 108,924,715 (26.1%)
[Layer Freezing] Training last 4 transformer layers (layers 8-11)
[Layer Freezing] Trainable params: 28,384,555 / 108,924,715 (26.1%)
[Layer Freezing] Training last 4 transformer layers (layers 8-11)
[Layer Freezing] Trainable params: 28,384,555 / 108,924,715 (26.1%)
[Layer Freezing] Training last 4 transformer layers (layers 8-11)
[Layer Freezing] Trainable params: 28,384,555 / 108,924,715 (26.1%)
[Layer Freezing] Training last 4 transformer layers (layers 8-11)
[Layer Freezing] Trainable params: 28,384,555 / 108,924,715 (26.1%)
[Round 41] T=3.61  α_ce=0.88  α_kd=0.12
 Round 41 | F1 0.4343 | P 0.6035 | R 0.3392 | Time 43.9s | Comm N/A | Local Avg F1: 0.3575

=== Round 42/100 ===
[Round 42] KD=ON | policy=ema_first
[Layer Freezing] Training last 4 transformer layers (layers 8-11)
[Layer Freezing] Trainable params: 28,384,555 / 108,924,715 (26.1%)
[Layer Freezing] Training last 4 transformer layers (layers 8-11)
[Layer Freezing] Trainable params: 28,384,555 / 108,924,715 (26.1%)
[Layer Freezing] Training last 4 transformer layers (layers 8-11)
[Layer Freezing] Trainable params: 28,384,555 / 108,924,715 (26.1%)
[Layer Freezing] Training last 4 transformer layers (layers 8-11)
[Layer Freezing] Trainable params: 28,384,555 / 108,924,715 (26.1%)
[Layer Freezing] Training last 4 transformer layers (layers 8-11)
[Layer Freezing] Trainable params: 28,384,555 / 108,924,715 (26.1%)
[Layer Freezing] Training last 4 transformer layers (layers 8-11)
[Layer Freezing] Trainable params: 28,384,555 / 108,924,715 (26.1%)
[Layer Freezing] Training last 4 transformer layers (layers 8-11)
[Layer Freezing] Trainable params: 28,384,555 / 108,924,715 (26.1%)
[Layer Freezing] Training last 4 transformer layers (layers 8-11)
[Layer Freezing] Trainable params: 28,384,555 / 108,924,715 (26.1%)
[Layer Freezing] Training last 4 transformer layers (layers 8-11)
[Layer Freezing] Trainable params: 28,384,555 / 108,924,715 (26.1%)
[Layer Freezing] Training last 4 transformer layers (layers 8-11)
[Layer Freezing] Trainable params: 28,384,555 / 108,924,715 (26.1%)
[Round 42] T=3.57  α_ce=0.88  α_kd=0.12
 Round 42 | F1 0.4481 | P 0.5947 | R 0.3594 | Time 44.7s | Comm N/A | Local Avg F1: 0.3603

=== Round 43/100 ===
[Round 43] KD=ON | policy=ema_first
[Layer Freezing] Training last 4 transformer layers (layers 8-11)
[Layer Freezing] Trainable params: 28,384,555 / 108,924,715 (26.1%)
[Layer Freezing] Training last 4 transformer layers (layers 8-11)
[Layer Freezing] Trainable params: 28,384,555 / 108,924,715 (26.1%)
[Layer Freezing] Training last 4 transformer layers (layers 8-11)
[Layer Freezing] Trainable params: 28,384,555 / 108,924,715 (26.1%)
[Layer Freezing] Training last 4 transformer layers (layers 8-11)
[Layer Freezing] Trainable params: 28,384,555 / 108,924,715 (26.1%)
[Layer Freezing] Training last 4 transformer layers (layers 8-11)
[Layer Freezing] Trainable params: 28,384,555 / 108,924,715 (26.1%)
[Layer Freezing] Training last 4 transformer layers (layers 8-11)
[Layer Freezing] Trainable params: 28,384,555 / 108,924,715 (26.1%)
[Layer Freezing] Training last 4 transformer layers (layers 8-11)
[Layer Freezing] Trainable params: 28,384,555 / 108,924,715 (26.1%)
[Layer Freezing] Training last 4 transformer layers (layers 8-11)
[Layer Freezing] Trainable params: 28,384,555 / 108,924,715 (26.1%)
[Layer Freezing] Training last 4 transformer layers (layers 8-11)
[Layer Freezing] Trainable params: 28,384,555 / 108,924,715 (26.1%)
[Layer Freezing] Training last 4 transformer layers (layers 8-11)
[Layer Freezing] Trainable params: 28,384,555 / 108,924,715 (26.1%)
[Round 43] T=3.54  α_ce=0.87  α_kd=0.13
 Round 43 | F1 0.4310 | P 0.6020 | R 0.3357 | Time 45.4s | Comm N/A | Local Avg F1: 0.3513

=== Round 44/100 ===
[Round 44] KD=ON | policy=ema_first
[Layer Freezing] Training last 4 transformer layers (layers 8-11)
[Layer Freezing] Trainable params: 28,384,555 / 108,924,715 (26.1%)
[Layer Freezing] Training last 4 transformer layers (layers 8-11)
[Layer Freezing] Trainable params: 28,384,555 / 108,924,715 (26.1%)
[Layer Freezing] Training last 4 transformer layers (layers 8-11)
[Layer Freezing] Trainable params: 28,384,555 / 108,924,715 (26.1%)
[Layer Freezing] Training last 4 transformer layers (layers 8-11)
[Layer Freezing] Trainable params: 28,384,555 / 108,924,715 (26.1%)
[Layer Freezing] Training last 4 transformer layers (layers 8-11)
[Layer Freezing] Trainable params: 28,384,555 / 108,924,715 (26.1%)
[Layer Freezing] Training last 4 transformer layers (layers 8-11)
[Layer Freezing] Trainable params: 28,384,555 / 108,924,715 (26.1%)
[Layer Freezing] Training last 4 transformer layers (layers 8-11)
[Layer Freezing] Trainable params: 28,384,555 / 108,924,715 (26.1%)
[Layer Freezing] Training last 4 transformer layers (layers 8-11)
[Layer Freezing] Trainable params: 28,384,555 / 108,924,715 (26.1%)
[Layer Freezing] Training last 4 transformer layers (layers 8-11)
[Layer Freezing] Trainable params: 28,384,555 / 108,924,715 (26.1%)
[Layer Freezing] Training last 4 transformer layers (layers 8-11)
[Layer Freezing] Trainable params: 28,384,555 / 108,924,715 (26.1%)
[Round 44] T=3.50  α_ce=0.87  α_kd=0.13
 Round 44 | F1 0.4535 | P 0.5917 | R 0.3676 | Time 43.3s | Comm N/A | Local Avg F1: 0.3738

=== Round 45/100 ===
[Round 45] KD=ON | policy=ema_first
[Layer Freezing] Training last 4 transformer layers (layers 8-11)
[Layer Freezing] Trainable params: 28,384,555 / 108,924,715 (26.1%)
[Layer Freezing] Training last 4 transformer layers (layers 8-11)
[Layer Freezing] Trainable params: 28,384,555 / 108,924,715 (26.1%)
[Layer Freezing] Training last 4 transformer layers (layers 8-11)
[Layer Freezing] Trainable params: 28,384,555 / 108,924,715 (26.1%)
[Layer Freezing] Training last 4 transformer layers (layers 8-11)
[Layer Freezing] Trainable params: 28,384,555 / 108,924,715 (26.1%)
[Layer Freezing] Training last 4 transformer layers (layers 8-11)
[Layer Freezing] Trainable params: 28,384,555 / 108,924,715 (26.1%)
[Layer Freezing] Training last 4 transformer layers (layers 8-11)
[Layer Freezing] Trainable params: 28,384,555 / 108,924,715 (26.1%)
[Layer Freezing] Training last 4 transformer layers (layers 8-11)
[Layer Freezing] Trainable params: 28,384,555 / 108,924,715 (26.1%)
[Layer Freezing] Training last 4 transformer layers (layers 8-11)
[Layer Freezing] Trainable params: 28,384,555 / 108,924,715 (26.1%)
[Layer Freezing] Training last 4 transformer layers (layers 8-11)
[Layer Freezing] Trainable params: 28,384,555 / 108,924,715 (26.1%)
[Layer Freezing] Training last 4 transformer layers (layers 8-11)
[Layer Freezing] Trainable params: 28,384,555 / 108,924,715 (26.1%)
[Round 45] T=3.46  α_ce=0.87  α_kd=0.13
 Round 45 | F1 0.4511 | P 0.6012 | R 0.3609 | Time 45.3s | Comm N/A | Local Avg F1: 0.3699

=== Round 46/100 ===
[Round 46] KD=ON | policy=ema_first
[Layer Freezing] Training last 4 transformer layers (layers 8-11)
[Layer Freezing] Trainable params: 28,384,555 / 108,924,715 (26.1%)
[Layer Freezing] Training last 4 transformer layers (layers 8-11)
[Layer Freezing] Trainable params: 28,384,555 / 108,924,715 (26.1%)
[Layer Freezing] Training last 4 transformer layers (layers 8-11)
[Layer Freezing] Trainable params: 28,384,555 / 108,924,715 (26.1%)
[Layer Freezing] Training last 4 transformer layers (layers 8-11)
[Layer Freezing] Trainable params: 28,384,555 / 108,924,715 (26.1%)
[Layer Freezing] Training last 4 transformer layers (layers 8-11)
[Layer Freezing] Trainable params: 28,384,555 / 108,924,715 (26.1%)
[Layer Freezing] Training last 4 transformer layers (layers 8-11)
[Layer Freezing] Trainable params: 28,384,555 / 108,924,715 (26.1%)
[Layer Freezing] Training last 4 transformer layers (layers 8-11)
[Layer Freezing] Trainable params: 28,384,555 / 108,924,715 (26.1%)
[Layer Freezing] Training last 4 transformer layers (layers 8-11)
[Layer Freezing] Trainable params: 28,384,555 / 108,924,715 (26.1%)
[Layer Freezing] Training last 4 transformer layers (layers 8-11)
[Layer Freezing] Trainable params: 28,384,555 / 108,924,715 (26.1%)
[Layer Freezing] Training last 4 transformer layers (layers 8-11)
[Layer Freezing] Trainable params: 28,384,555 / 108,924,715 (26.1%)
[Round 46] T=3.43  α_ce=0.87  α_kd=0.13
 Round 46 | F1 0.4329 | P 0.6119 | R 0.3350 | Time 45.3s | Comm N/A | Local Avg F1: 0.3536

=== Round 47/100 ===
[Round 47] KD=ON | policy=ema_first
[Layer Freezing] Training last 4 transformer layers (layers 8-11)
[Layer Freezing] Trainable params: 28,384,555 / 108,924,715 (26.1%)
[Layer Freezing] Training last 4 transformer layers (layers 8-11)
[Layer Freezing] Trainable params: 28,384,555 / 108,924,715 (26.1%)
[Layer Freezing] Training last 4 transformer layers (layers 8-11)
[Layer Freezing] Trainable params: 28,384,555 / 108,924,715 (26.1%)
[Layer Freezing] Training last 4 transformer layers (layers 8-11)
[Layer Freezing] Trainable params: 28,384,555 / 108,924,715 (26.1%)
[Layer Freezing] Training last 4 transformer layers (layers 8-11)
[Layer Freezing] Trainable params: 28,384,555 / 108,924,715 (26.1%)
[Layer Freezing] Training last 4 transformer layers (layers 8-11)
[Layer Freezing] Trainable params: 28,384,555 / 108,924,715 (26.1%)
[Layer Freezing] Training last 4 transformer layers (layers 8-11)
[Layer Freezing] Trainable params: 28,384,555 / 108,924,715 (26.1%)
[Layer Freezing] Training last 4 transformer layers (layers 8-11)
[Layer Freezing] Trainable params: 28,384,555 / 108,924,715 (26.1%)
[Layer Freezing] Training last 4 transformer layers (layers 8-11)
[Layer Freezing] Trainable params: 28,384,555 / 108,924,715 (26.1%)
[Layer Freezing] Training last 4 transformer layers (layers 8-11)
[Layer Freezing] Trainable params: 28,384,555 / 108,924,715 (26.1%)
[Round 47] T=3.39  α_ce=0.86  α_kd=0.14
 Round 47 | F1 0.4553 | P 0.5982 | R 0.3675 | Time 43.5s | Comm N/A | Local Avg F1: 0.3738

=== Round 48/100 ===
[Round 48] KD=ON | policy=ema_first
[Layer Freezing] Training last 4 transformer layers (layers 8-11)
[Layer Freezing] Trainable params: 28,384,555 / 108,924,715 (26.1%)
[Layer Freezing] Training last 4 transformer layers (layers 8-11)
[Layer Freezing] Trainable params: 28,384,555 / 108,924,715 (26.1%)
[Layer Freezing] Training last 4 transformer layers (layers 8-11)
[Layer Freezing] Trainable params: 28,384,555 / 108,924,715 (26.1%)
[Layer Freezing] Training last 4 transformer layers (layers 8-11)
[Layer Freezing] Trainable params: 28,384,555 / 108,924,715 (26.1%)
[Layer Freezing] Training last 4 transformer layers (layers 8-11)
[Layer Freezing] Trainable params: 28,384,555 / 108,924,715 (26.1%)
[Layer Freezing] Training last 4 transformer layers (layers 8-11)
[Layer Freezing] Trainable params: 28,384,555 / 108,924,715 (26.1%)
[Layer Freezing] Training last 4 transformer layers (layers 8-11)
[Layer Freezing] Trainable params: 28,384,555 / 108,924,715 (26.1%)
[Layer Freezing] Training last 4 transformer layers (layers 8-11)
[Layer Freezing] Trainable params: 28,384,555 / 108,924,715 (26.1%)
[Layer Freezing] Training last 4 transformer layers (layers 8-11)
[Layer Freezing] Trainable params: 28,384,555 / 108,924,715 (26.1%)
[Layer Freezing] Training last 4 transformer layers (layers 8-11)
[Layer Freezing] Trainable params: 28,384,555 / 108,924,715 (26.1%)
[Round 48] T=3.36  α_ce=0.86  α_kd=0.14
 Round 48 | F1 0.4454 | P 0.6110 | R 0.3504 | Time 44.4s | Comm N/A | Local Avg F1: 0.3660

=== Round 49/100 ===
[Round 49] KD=ON | policy=ema_first
[Layer Freezing] Training last 4 transformer layers (layers 8-11)
[Layer Freezing] Trainable params: 28,384,555 / 108,924,715 (26.1%)
[Layer Freezing] Training last 4 transformer layers (layers 8-11)
[Layer Freezing] Trainable params: 28,384,555 / 108,924,715 (26.1%)
[Layer Freezing] Training last 4 transformer layers (layers 8-11)
[Layer Freezing] Trainable params: 28,384,555 / 108,924,715 (26.1%)
[Layer Freezing] Training last 4 transformer layers (layers 8-11)
[Layer Freezing] Trainable params: 28,384,555 / 108,924,715 (26.1%)
[Layer Freezing] Training last 4 transformer layers (layers 8-11)
[Layer Freezing] Trainable params: 28,384,555 / 108,924,715 (26.1%)
[Layer Freezing] Training last 4 transformer layers (layers 8-11)
[Layer Freezing] Trainable params: 28,384,555 / 108,924,715 (26.1%)
[Layer Freezing] Training last 4 transformer layers (layers 8-11)
[Layer Freezing] Trainable params: 28,384,555 / 108,924,715 (26.1%)
[Layer Freezing] Training last 4 transformer layers (layers 8-11)
[Layer Freezing] Trainable params: 28,384,555 / 108,924,715 (26.1%)
[Layer Freezing] Training last 4 transformer layers (layers 8-11)
[Layer Freezing] Trainable params: 28,384,555 / 108,924,715 (26.1%)
[Layer Freezing] Training last 4 transformer layers (layers 8-11)
[Layer Freezing] Trainable params: 28,384,555 / 108,924,715 (26.1%)
[Round 49] T=3.32  α_ce=0.86  α_kd=0.14
 Round 49 | F1 0.4423 | P 0.6200 | R 0.3438 | Time 45.1s | Comm N/A | Local Avg F1: 0.3602

=== Round 50/100 ===
[Round 50] KD=ON | policy=ema_first
[Layer Freezing] Training last 4 transformer layers (layers 8-11)
[Layer Freezing] Trainable params: 28,384,555 / 108,924,715 (26.1%)
[Layer Freezing] Training last 4 transformer layers (layers 8-11)
[Layer Freezing] Trainable params: 28,384,555 / 108,924,715 (26.1%)
[Layer Freezing] Training last 4 transformer layers (layers 8-11)
[Layer Freezing] Trainable params: 28,384,555 / 108,924,715 (26.1%)
[Layer Freezing] Training last 4 transformer layers (layers 8-11)
[Layer Freezing] Trainable params: 28,384,555 / 108,924,715 (26.1%)
[Layer Freezing] Training last 4 transformer layers (layers 8-11)
[Layer Freezing] Trainable params: 28,384,555 / 108,924,715 (26.1%)
[Layer Freezing] Training last 4 transformer layers (layers 8-11)
[Layer Freezing] Trainable params: 28,384,555 / 108,924,715 (26.1%)
[Layer Freezing] Training last 4 transformer layers (layers 8-11)
[Layer Freezing] Trainable params: 28,384,555 / 108,924,715 (26.1%)
[Layer Freezing] Training last 4 transformer layers (layers 8-11)
[Layer Freezing] Trainable params: 28,384,555 / 108,924,715 (26.1%)
[Layer Freezing] Training last 4 transformer layers (layers 8-11)
[Layer Freezing] Trainable params: 28,384,555 / 108,924,715 (26.1%)
[Layer Freezing] Training last 4 transformer layers (layers 8-11)
[Layer Freezing] Trainable params: 28,384,555 / 108,924,715 (26.1%)
[Round 50] T=3.29  α_ce=0.85  α_kd=0.15
 Round 50 | F1 0.4611 | P 0.5975 | R 0.3754 | Time 44.0s | Comm N/A | Local Avg F1: 0.3776

=== Round 51/100 ===
[Round 51] KD=ON | policy=ema_first
[Layer Freezing] Training last 4 transformer layers (layers 8-11)
[Layer Freezing] Trainable params: 28,384,555 / 108,924,715 (26.1%)
[Layer Freezing] Training last 4 transformer layers (layers 8-11)
[Layer Freezing] Trainable params: 28,384,555 / 108,924,715 (26.1%)
[Layer Freezing] Training last 4 transformer layers (layers 8-11)
[Layer Freezing] Trainable params: 28,384,555 / 108,924,715 (26.1%)
[Layer Freezing] Training last 4 transformer layers (layers 8-11)
[Layer Freezing] Trainable params: 28,384,555 / 108,924,715 (26.1%)
[Layer Freezing] Training last 4 transformer layers (layers 8-11)
[Layer Freezing] Trainable params: 28,384,555 / 108,924,715 (26.1%)
[Layer Freezing] Training last 4 transformer layers (layers 8-11)
[Layer Freezing] Trainable params: 28,384,555 / 108,924,715 (26.1%)
[Layer Freezing] Training last 4 transformer layers (layers 8-11)
[Layer Freezing] Trainable params: 28,384,555 / 108,924,715 (26.1%)
[Layer Freezing] Training last 4 transformer layers (layers 8-11)
[Layer Freezing] Trainable params: 28,384,555 / 108,924,715 (26.1%)
[Layer Freezing] Training last 4 transformer layers (layers 8-11)
[Layer Freezing] Trainable params: 28,384,555 / 108,924,715 (26.1%)
[Layer Freezing] Training last 4 transformer layers (layers 8-11)
[Layer Freezing] Trainable params: 28,384,555 / 108,924,715 (26.1%)
[Round 51] T=3.25  α_ce=0.85  α_kd=0.15
 Round 51 | F1 0.4595 | P 0.6003 | R 0.3721 | Time 44.6s | Comm N/A | Local Avg F1: 0.3788

=== Round 52/100 ===
[Round 52] KD=ON | policy=ema_first
[Layer Freezing] Training last 4 transformer layers (layers 8-11)
[Layer Freezing] Trainable params: 28,384,555 / 108,924,715 (26.1%)
[Layer Freezing] Training last 4 transformer layers (layers 8-11)
[Layer Freezing] Trainable params: 28,384,555 / 108,924,715 (26.1%)
[Layer Freezing] Training last 4 transformer layers (layers 8-11)
[Layer Freezing] Trainable params: 28,384,555 / 108,924,715 (26.1%)
[Layer Freezing] Training last 4 transformer layers (layers 8-11)
[Layer Freezing] Trainable params: 28,384,555 / 108,924,715 (26.1%)
[Layer Freezing] Training last 4 transformer layers (layers 8-11)
[Layer Freezing] Trainable params: 28,384,555 / 108,924,715 (26.1%)
[Layer Freezing] Training last 4 transformer layers (layers 8-11)
[Layer Freezing] Trainable params: 28,384,555 / 108,924,715 (26.1%)
[Layer Freezing] Training last 4 transformer layers (layers 8-11)
[Layer Freezing] Trainable params: 28,384,555 / 108,924,715 (26.1%)
[Layer Freezing] Training last 4 transformer layers (layers 8-11)
[Layer Freezing] Trainable params: 28,384,555 / 108,924,715 (26.1%)
[Layer Freezing] Training last 4 transformer layers (layers 8-11)
[Layer Freezing] Trainable params: 28,384,555 / 108,924,715 (26.1%)
[Layer Freezing] Training last 4 transformer layers (layers 8-11)
[Layer Freezing] Trainable params: 28,384,555 / 108,924,715 (26.1%)
[Round 52] T=3.21  α_ce=0.85  α_kd=0.15
 Round 52 | F1 0.4427 | P 0.6190 | R 0.3445 | Time 45.3s | Comm N/A | Local Avg F1: 0.3690

=== Round 53/100 ===
[Round 53] KD=ON | policy=ema_first
[Layer Freezing] Training last 4 transformer layers (layers 8-11)
[Layer Freezing] Trainable params: 28,384,555 / 108,924,715 (26.1%)
[Layer Freezing] Training last 4 transformer layers (layers 8-11)
[Layer Freezing] Trainable params: 28,384,555 / 108,924,715 (26.1%)
[Layer Freezing] Training last 4 transformer layers (layers 8-11)
[Layer Freezing] Trainable params: 28,384,555 / 108,924,715 (26.1%)
[Layer Freezing] Training last 4 transformer layers (layers 8-11)
[Layer Freezing] Trainable params: 28,384,555 / 108,924,715 (26.1%)
[Layer Freezing] Training last 4 transformer layers (layers 8-11)
[Layer Freezing] Trainable params: 28,384,555 / 108,924,715 (26.1%)
[Layer Freezing] Training last 4 transformer layers (layers 8-11)
[Layer Freezing] Trainable params: 28,384,555 / 108,924,715 (26.1%)
[Layer Freezing] Training last 4 transformer layers (layers 8-11)
[Layer Freezing] Trainable params: 28,384,555 / 108,924,715 (26.1%)
[Layer Freezing] Training last 4 transformer layers (layers 8-11)
[Layer Freezing] Trainable params: 28,384,555 / 108,924,715 (26.1%)
[Layer Freezing] Training last 4 transformer layers (layers 8-11)
[Layer Freezing] Trainable params: 28,384,555 / 108,924,715 (26.1%)
[Layer Freezing] Training last 4 transformer layers (layers 8-11)
[Layer Freezing] Trainable params: 28,384,555 / 108,924,715 (26.1%)
[Round 53] T=3.18  α_ce=0.84  α_kd=0.16
 Round 53 | F1 0.4543 | P 0.6095 | R 0.3621 | Time 44.1s | Comm N/A | Local Avg F1: 0.3899

=== Round 54/100 ===
[Round 54] KD=ON | policy=ema_first
[Layer Freezing] Training last 4 transformer layers (layers 8-11)
[Layer Freezing] Trainable params: 28,384,555 / 108,924,715 (26.1%)
[Layer Freezing] Training last 4 transformer layers (layers 8-11)
[Layer Freezing] Trainable params: 28,384,555 / 108,924,715 (26.1%)
[Layer Freezing] Training last 4 transformer layers (layers 8-11)
[Layer Freezing] Trainable params: 28,384,555 / 108,924,715 (26.1%)
[Layer Freezing] Training last 4 transformer layers (layers 8-11)
[Layer Freezing] Trainable params: 28,384,555 / 108,924,715 (26.1%)
[Layer Freezing] Training last 4 transformer layers (layers 8-11)
[Layer Freezing] Trainable params: 28,384,555 / 108,924,715 (26.1%)
[Layer Freezing] Training last 4 transformer layers (layers 8-11)
[Layer Freezing] Trainable params: 28,384,555 / 108,924,715 (26.1%)
[Layer Freezing] Training last 4 transformer layers (layers 8-11)
[Layer Freezing] Trainable params: 28,384,555 / 108,924,715 (26.1%)
[Layer Freezing] Training last 4 transformer layers (layers 8-11)
[Layer Freezing] Trainable params: 28,384,555 / 108,924,715 (26.1%)
[Layer Freezing] Training last 4 transformer layers (layers 8-11)
[Layer Freezing] Trainable params: 28,384,555 / 108,924,715 (26.1%)
[Layer Freezing] Training last 4 transformer layers (layers 8-11)
[Layer Freezing] Trainable params: 28,384,555 / 108,924,715 (26.1%)
[Round 54] T=3.14  α_ce=0.84  α_kd=0.16
 Round 54 | F1 0.4701 | P 0.6019 | R 0.3856 | Time 43.9s | Comm N/A | Local Avg F1: 0.3897

=== Round 55/100 ===
[Round 55] KD=ON | policy=ema_first
[Layer Freezing] Training last 4 transformer layers (layers 8-11)
[Layer Freezing] Trainable params: 28,384,555 / 108,924,715 (26.1%)
[Layer Freezing] Training last 4 transformer layers (layers 8-11)
[Layer Freezing] Trainable params: 28,384,555 / 108,924,715 (26.1%)
[Layer Freezing] Training last 4 transformer layers (layers 8-11)
[Layer Freezing] Trainable params: 28,384,555 / 108,924,715 (26.1%)
[Layer Freezing] Training last 4 transformer layers (layers 8-11)
[Layer Freezing] Trainable params: 28,384,555 / 108,924,715 (26.1%)
[Layer Freezing] Training last 4 transformer layers (layers 8-11)
[Layer Freezing] Trainable params: 28,384,555 / 108,924,715 (26.1%)
[Layer Freezing] Training last 4 transformer layers (layers 8-11)
[Layer Freezing] Trainable params: 28,384,555 / 108,924,715 (26.1%)
[Layer Freezing] Training last 4 transformer layers (layers 8-11)
[Layer Freezing] Trainable params: 28,384,555 / 108,924,715 (26.1%)
[Layer Freezing] Training last 4 transformer layers (layers 8-11)
[Layer Freezing] Trainable params: 28,384,555 / 108,924,715 (26.1%)
[Layer Freezing] Training last 4 transformer layers (layers 8-11)
[Layer Freezing] Trainable params: 28,384,555 / 108,924,715 (26.1%)
[Layer Freezing] Training last 4 transformer layers (layers 8-11)
[Layer Freezing] Trainable params: 28,384,555 / 108,924,715 (26.1%)
[Round 55] T=3.11  α_ce=0.84  α_kd=0.16
 Round 55 | F1 0.4745 | P 0.6011 | R 0.3919 | Time 45.4s | Comm N/A | Local Avg F1: 0.4021

=== Round 56/100 ===
[Round 56] KD=ON | policy=ema_first
[Layer Freezing] Training last 4 transformer layers (layers 8-11)
[Layer Freezing] Trainable params: 28,384,555 / 108,924,715 (26.1%)
[Layer Freezing] Training last 4 transformer layers (layers 8-11)
[Layer Freezing] Trainable params: 28,384,555 / 108,924,715 (26.1%)
[Layer Freezing] Training last 4 transformer layers (layers 8-11)
[Layer Freezing] Trainable params: 28,384,555 / 108,924,715 (26.1%)
[Layer Freezing] Training last 4 transformer layers (layers 8-11)
[Layer Freezing] Trainable params: 28,384,555 / 108,924,715 (26.1%)
[Layer Freezing] Training last 4 transformer layers (layers 8-11)
[Layer Freezing] Trainable params: 28,384,555 / 108,924,715 (26.1%)
[Layer Freezing] Training last 4 transformer layers (layers 8-11)
[Layer Freezing] Trainable params: 28,384,555 / 108,924,715 (26.1%)
[Layer Freezing] Training last 4 transformer layers (layers 8-11)
[Layer Freezing] Trainable params: 28,384,555 / 108,924,715 (26.1%)
[Layer Freezing] Training last 4 transformer layers (layers 8-11)
[Layer Freezing] Trainable params: 28,384,555 / 108,924,715 (26.1%)
[Layer Freezing] Training last 4 transformer layers (layers 8-11)
[Layer Freezing] Trainable params: 28,384,555 / 108,924,715 (26.1%)
[Layer Freezing] Training last 4 transformer layers (layers 8-11)
[Layer Freezing] Trainable params: 28,384,555 / 108,924,715 (26.1%)
[Round 56] T=3.07  α_ce=0.83  α_kd=0.17
 Round 56 | F1 0.4639 | P 0.6062 | R 0.3758 | Time 45.1s | Comm N/A | Local Avg F1: 0.3824

=== Round 57/100 ===
[Round 57] KD=ON | policy=ema_first
[Layer Freezing] Training last 4 transformer layers (layers 8-11)
[Layer Freezing] Trainable params: 28,384,555 / 108,924,715 (26.1%)
[Layer Freezing] Training last 4 transformer layers (layers 8-11)
[Layer Freezing] Trainable params: 28,384,555 / 108,924,715 (26.1%)
[Layer Freezing] Training last 4 transformer layers (layers 8-11)
[Layer Freezing] Trainable params: 28,384,555 / 108,924,715 (26.1%)
[Layer Freezing] Training last 4 transformer layers (layers 8-11)
[Layer Freezing] Trainable params: 28,384,555 / 108,924,715 (26.1%)
[Layer Freezing] Training last 4 transformer layers (layers 8-11)
[Layer Freezing] Trainable params: 28,384,555 / 108,924,715 (26.1%)
[Layer Freezing] Training last 4 transformer layers (layers 8-11)
[Layer Freezing] Trainable params: 28,384,555 / 108,924,715 (26.1%)
[Layer Freezing] Training last 4 transformer layers (layers 8-11)
[Layer Freezing] Trainable params: 28,384,555 / 108,924,715 (26.1%)
[Layer Freezing] Training last 4 transformer layers (layers 8-11)
[Layer Freezing] Trainable params: 28,384,555 / 108,924,715 (26.1%)
[Layer Freezing] Training last 4 transformer layers (layers 8-11)
[Layer Freezing] Trainable params: 28,384,555 / 108,924,715 (26.1%)
[Layer Freezing] Training last 4 transformer layers (layers 8-11)
[Layer Freezing] Trainable params: 28,384,555 / 108,924,715 (26.1%)
[Round 57] T=3.04  α_ce=0.83  α_kd=0.17
 Round 57 | F1 0.4625 | P 0.6215 | R 0.3682 | Time 43.9s | Comm N/A | Local Avg F1: 0.3769

=== Round 58/100 ===
[Round 58] KD=ON | policy=ema_first
[Layer Freezing] Training last 4 transformer layers (layers 8-11)
[Layer Freezing] Trainable params: 28,384,555 / 108,924,715 (26.1%)
[Layer Freezing] Training last 4 transformer layers (layers 8-11)
[Layer Freezing] Trainable params: 28,384,555 / 108,924,715 (26.1%)
[Layer Freezing] Training last 4 transformer layers (layers 8-11)
[Layer Freezing] Trainable params: 28,384,555 / 108,924,715 (26.1%)
[Layer Freezing] Training last 4 transformer layers (layers 8-11)
[Layer Freezing] Trainable params: 28,384,555 / 108,924,715 (26.1%)
[Layer Freezing] Training last 4 transformer layers (layers 8-11)
[Layer Freezing] Trainable params: 28,384,555 / 108,924,715 (26.1%)
[Layer Freezing] Training last 4 transformer layers (layers 8-11)
[Layer Freezing] Trainable params: 28,384,555 / 108,924,715 (26.1%)
[Layer Freezing] Training last 4 transformer layers (layers 8-11)
[Layer Freezing] Trainable params: 28,384,555 / 108,924,715 (26.1%)
[Layer Freezing] Training last 4 transformer layers (layers 8-11)
[Layer Freezing] Trainable params: 28,384,555 / 108,924,715 (26.1%)
[Layer Freezing] Training last 4 transformer layers (layers 8-11)
[Layer Freezing] Trainable params: 28,384,555 / 108,924,715 (26.1%)
[Layer Freezing] Training last 4 transformer layers (layers 8-11)
[Layer Freezing] Trainable params: 28,384,555 / 108,924,715 (26.1%)
[Round 58] T=3.00  α_ce=0.83  α_kd=0.17
 Round 58 | F1 0.4696 | P 0.6074 | R 0.3828 | Time 45.1s | Comm N/A | Local Avg F1: 0.3939

=== Round 59/100 ===
[Round 59] KD=ON | policy=ema_first
[Layer Freezing] Training last 4 transformer layers (layers 8-11)
[Layer Freezing] Trainable params: 28,384,555 / 108,924,715 (26.1%)
[Layer Freezing] Training last 4 transformer layers (layers 8-11)
[Layer Freezing] Trainable params: 28,384,555 / 108,924,715 (26.1%)
[Layer Freezing] Training last 4 transformer layers (layers 8-11)
[Layer Freezing] Trainable params: 28,384,555 / 108,924,715 (26.1%)
[Layer Freezing] Training last 4 transformer layers (layers 8-11)
[Layer Freezing] Trainable params: 28,384,555 / 108,924,715 (26.1%)
[Layer Freezing] Training last 4 transformer layers (layers 8-11)
[Layer Freezing] Trainable params: 28,384,555 / 108,924,715 (26.1%)
[Layer Freezing] Training last 4 transformer layers (layers 8-11)
[Layer Freezing] Trainable params: 28,384,555 / 108,924,715 (26.1%)
[Layer Freezing] Training last 4 transformer layers (layers 8-11)
[Layer Freezing] Trainable params: 28,384,555 / 108,924,715 (26.1%)
[Layer Freezing] Training last 4 transformer layers (layers 8-11)
[Layer Freezing] Trainable params: 28,384,555 / 108,924,715 (26.1%)
[Layer Freezing] Training last 4 transformer layers (layers 8-11)
[Layer Freezing] Trainable params: 28,384,555 / 108,924,715 (26.1%)
[Layer Freezing] Training last 4 transformer layers (layers 8-11)
[Layer Freezing] Trainable params: 28,384,555 / 108,924,715 (26.1%)
[Round 59] T=2.96  α_ce=0.83  α_kd=0.17
 Round 59 | F1 0.4696 | P 0.6102 | R 0.3816 | Time 44.1s | Comm N/A | Local Avg F1: 0.3991

=== Round 60/100 ===
[Round 60] KD=ON | policy=ema_first
[Layer Freezing] Training last 4 transformer layers (layers 8-11)
[Layer Freezing] Trainable params: 28,384,555 / 108,924,715 (26.1%)
[Layer Freezing] Training last 4 transformer layers (layers 8-11)
[Layer Freezing] Trainable params: 28,384,555 / 108,924,715 (26.1%)
[Layer Freezing] Training last 4 transformer layers (layers 8-11)
[Layer Freezing] Trainable params: 28,384,555 / 108,924,715 (26.1%)
[Layer Freezing] Training last 4 transformer layers (layers 8-11)
[Layer Freezing] Trainable params: 28,384,555 / 108,924,715 (26.1%)
[Layer Freezing] Training last 4 transformer layers (layers 8-11)
[Layer Freezing] Trainable params: 28,384,555 / 108,924,715 (26.1%)
[Layer Freezing] Training last 4 transformer layers (layers 8-11)
[Layer Freezing] Trainable params: 28,384,555 / 108,924,715 (26.1%)
[Layer Freezing] Training last 4 transformer layers (layers 8-11)
[Layer Freezing] Trainable params: 28,384,555 / 108,924,715 (26.1%)
[Layer Freezing] Training last 4 transformer layers (layers 8-11)
[Layer Freezing] Trainable params: 28,384,555 / 108,924,715 (26.1%)
[Layer Freezing] Training last 4 transformer layers (layers 8-11)
[Layer Freezing] Trainable params: 28,384,555 / 108,924,715 (26.1%)
[Layer Freezing] Training last 4 transformer layers (layers 8-11)
[Layer Freezing] Trainable params: 28,384,555 / 108,924,715 (26.1%)
[Round 60] T=2.93  α_ce=0.82  α_kd=0.18
 Round 60 | F1 0.4776 | P 0.6067 | R 0.3938 | Time 44.3s | Comm N/A | Local Avg F1: 0.4023

=== Round 61/100 ===
[Round 61] KD=ON | policy=ema_first
[Layer Freezing] Training last 4 transformer layers (layers 8-11)
[Layer Freezing] Trainable params: 28,384,555 / 108,924,715 (26.1%)
[Layer Freezing] Training last 4 transformer layers (layers 8-11)
[Layer Freezing] Trainable params: 28,384,555 / 108,924,715 (26.1%)
[Layer Freezing] Training last 4 transformer layers (layers 8-11)
[Layer Freezing] Trainable params: 28,384,555 / 108,924,715 (26.1%)
[Layer Freezing] Training last 4 transformer layers (layers 8-11)
[Layer Freezing] Trainable params: 28,384,555 / 108,924,715 (26.1%)
[Layer Freezing] Training last 4 transformer layers (layers 8-11)
[Layer Freezing] Trainable params: 28,384,555 / 108,924,715 (26.1%)
[Layer Freezing] Training last 4 transformer layers (layers 8-11)
[Layer Freezing] Trainable params: 28,384,555 / 108,924,715 (26.1%)
[Layer Freezing] Training last 4 transformer layers (layers 8-11)
[Layer Freezing] Trainable params: 28,384,555 / 108,924,715 (26.1%)
[Layer Freezing] Training last 4 transformer layers (layers 8-11)
[Layer Freezing] Trainable params: 28,384,555 / 108,924,715 (26.1%)
[Layer Freezing] Training last 4 transformer layers (layers 8-11)
[Layer Freezing] Trainable params: 28,384,555 / 108,924,715 (26.1%)
[Layer Freezing] Training last 4 transformer layers (layers 8-11)
[Layer Freezing] Trainable params: 28,384,555 / 108,924,715 (26.1%)
[Round 61] T=2.89  α_ce=0.82  α_kd=0.18
 Round 61 | F1 0.4592 | P 0.6261 | R 0.3626 | Time 45.0s | Comm N/A | Local Avg F1: 0.3914

=== Round 62/100 ===
[Round 62] KD=ON | policy=ema_first
[Layer Freezing] Training last 4 transformer layers (layers 8-11)
[Layer Freezing] Trainable params: 28,384,555 / 108,924,715 (26.1%)
[Layer Freezing] Training last 4 transformer layers (layers 8-11)
[Layer Freezing] Trainable params: 28,384,555 / 108,924,715 (26.1%)
[Layer Freezing] Training last 4 transformer layers (layers 8-11)
[Layer Freezing] Trainable params: 28,384,555 / 108,924,715 (26.1%)
[Layer Freezing] Training last 4 transformer layers (layers 8-11)
[Layer Freezing] Trainable params: 28,384,555 / 108,924,715 (26.1%)
[Layer Freezing] Training last 4 transformer layers (layers 8-11)
[Layer Freezing] Trainable params: 28,384,555 / 108,924,715 (26.1%)
[Layer Freezing] Training last 4 transformer layers (layers 8-11)
[Layer Freezing] Trainable params: 28,384,555 / 108,924,715 (26.1%)
[Layer Freezing] Training last 4 transformer layers (layers 8-11)
[Layer Freezing] Trainable params: 28,384,555 / 108,924,715 (26.1%)
[Layer Freezing] Training last 4 transformer layers (layers 8-11)
[Layer Freezing] Trainable params: 28,384,555 / 108,924,715 (26.1%)
[Layer Freezing] Training last 4 transformer layers (layers 8-11)
[Layer Freezing] Trainable params: 28,384,555 / 108,924,715 (26.1%)
[Layer Freezing] Training last 4 transformer layers (layers 8-11)
[Layer Freezing] Trainable params: 28,384,555 / 108,924,715 (26.1%)
[Round 62] T=2.86  α_ce=0.82  α_kd=0.18
 Round 62 | F1 0.4666 | P 0.6141 | R 0.3763 | Time 44.1s | Comm N/A | Local Avg F1: 0.3966

=== Round 63/100 ===
[Round 63] KD=ON | policy=ema_first
[Layer Freezing] Training last 4 transformer layers (layers 8-11)
[Layer Freezing] Trainable params: 28,384,555 / 108,924,715 (26.1%)
[Layer Freezing] Training last 4 transformer layers (layers 8-11)
[Layer Freezing] Trainable params: 28,384,555 / 108,924,715 (26.1%)
[Layer Freezing] Training last 4 transformer layers (layers 8-11)
[Layer Freezing] Trainable params: 28,384,555 / 108,924,715 (26.1%)
[Layer Freezing] Training last 4 transformer layers (layers 8-11)
[Layer Freezing] Trainable params: 28,384,555 / 108,924,715 (26.1%)
[Layer Freezing] Training last 4 transformer layers (layers 8-11)
[Layer Freezing] Trainable params: 28,384,555 / 108,924,715 (26.1%)
[Layer Freezing] Training last 4 transformer layers (layers 8-11)
[Layer Freezing] Trainable params: 28,384,555 / 108,924,715 (26.1%)
[Layer Freezing] Training last 4 transformer layers (layers 8-11)
[Layer Freezing] Trainable params: 28,384,555 / 108,924,715 (26.1%)
[Layer Freezing] Training last 4 transformer layers (layers 8-11)
[Layer Freezing] Trainable params: 28,384,555 / 108,924,715 (26.1%)
[Layer Freezing] Training last 4 transformer layers (layers 8-11)
[Layer Freezing] Trainable params: 28,384,555 / 108,924,715 (26.1%)
[Layer Freezing] Training last 4 transformer layers (layers 8-11)
[Layer Freezing] Trainable params: 28,384,555 / 108,924,715 (26.1%)
[Round 63] T=2.82  α_ce=0.81  α_kd=0.19
 Round 63 | F1 0.4847 | P 0.6036 | R 0.4049 | Time 44.3s | Comm N/A | Local Avg F1: 0.4107

=== Round 64/100 ===
[Round 64] KD=ON | policy=ema_first
[Layer Freezing] Training last 4 transformer layers (layers 8-11)
[Layer Freezing] Trainable params: 28,384,555 / 108,924,715 (26.1%)
[Layer Freezing] Training last 4 transformer layers (layers 8-11)
[Layer Freezing] Trainable params: 28,384,555 / 108,924,715 (26.1%)
[Layer Freezing] Training last 4 transformer layers (layers 8-11)
[Layer Freezing] Trainable params: 28,384,555 / 108,924,715 (26.1%)
[Layer Freezing] Training last 4 transformer layers (layers 8-11)
[Layer Freezing] Trainable params: 28,384,555 / 108,924,715 (26.1%)
[Layer Freezing] Training last 4 transformer layers (layers 8-11)
[Layer Freezing] Trainable params: 28,384,555 / 108,924,715 (26.1%)
[Layer Freezing] Training last 4 transformer layers (layers 8-11)
[Layer Freezing] Trainable params: 28,384,555 / 108,924,715 (26.1%)
[Layer Freezing] Training last 4 transformer layers (layers 8-11)
[Layer Freezing] Trainable params: 28,384,555 / 108,924,715 (26.1%)
[Layer Freezing] Training last 4 transformer layers (layers 8-11)
[Layer Freezing] Trainable params: 28,384,555 / 108,924,715 (26.1%)
[Layer Freezing] Training last 4 transformer layers (layers 8-11)
[Layer Freezing] Trainable params: 28,384,555 / 108,924,715 (26.1%)
[Layer Freezing] Training last 4 transformer layers (layers 8-11)
[Layer Freezing] Trainable params: 28,384,555 / 108,924,715 (26.1%)
[Round 64] T=2.79  α_ce=0.81  α_kd=0.19
 Round 64 | F1 0.4795 | P 0.6035 | R 0.3978 | Time 45.0s | Comm N/A | Local Avg F1: 0.4053

=== Round 65/100 ===
[Round 65] KD=ON | policy=ema_first
[Layer Freezing] Training last 4 transformer layers (layers 8-11)
[Layer Freezing] Trainable params: 28,384,555 / 108,924,715 (26.1%)
[Layer Freezing] Training last 4 transformer layers (layers 8-11)
[Layer Freezing] Trainable params: 28,384,555 / 108,924,715 (26.1%)
[Layer Freezing] Training last 4 transformer layers (layers 8-11)
[Layer Freezing] Trainable params: 28,384,555 / 108,924,715 (26.1%)
[Layer Freezing] Training last 4 transformer layers (layers 8-11)
[Layer Freezing] Trainable params: 28,384,555 / 108,924,715 (26.1%)
[Layer Freezing] Training last 4 transformer layers (layers 8-11)
[Layer Freezing] Trainable params: 28,384,555 / 108,924,715 (26.1%)
[Layer Freezing] Training last 4 transformer layers (layers 8-11)
[Layer Freezing] Trainable params: 28,384,555 / 108,924,715 (26.1%)
[Layer Freezing] Training last 4 transformer layers (layers 8-11)
[Layer Freezing] Trainable params: 28,384,555 / 108,924,715 (26.1%)
[Layer Freezing] Training last 4 transformer layers (layers 8-11)
[Layer Freezing] Trainable params: 28,384,555 / 108,924,715 (26.1%)
[Layer Freezing] Training last 4 transformer layers (layers 8-11)
[Layer Freezing] Trainable params: 28,384,555 / 108,924,715 (26.1%)
[Layer Freezing] Training last 4 transformer layers (layers 8-11)
[Layer Freezing] Trainable params: 28,384,555 / 108,924,715 (26.1%)
[Round 65] T=2.75  α_ce=0.81  α_kd=0.19
 Round 65 | F1 0.4862 | P 0.6130 | R 0.4029 | Time 43.9s | Comm N/A | Local Avg F1: 0.4104

=== Round 66/100 ===
[Round 66] KD=ON | policy=ema_first
[Layer Freezing] Training last 4 transformer layers (layers 8-11)
[Layer Freezing] Trainable params: 28,384,555 / 108,924,715 (26.1%)
[Layer Freezing] Training last 4 transformer layers (layers 8-11)
[Layer Freezing] Trainable params: 28,384,555 / 108,924,715 (26.1%)
[Layer Freezing] Training last 4 transformer layers (layers 8-11)
[Layer Freezing] Trainable params: 28,384,555 / 108,924,715 (26.1%)
[Layer Freezing] Training last 4 transformer layers (layers 8-11)
[Layer Freezing] Trainable params: 28,384,555 / 108,924,715 (26.1%)
[Layer Freezing] Training last 4 transformer layers (layers 8-11)
[Layer Freezing] Trainable params: 28,384,555 / 108,924,715 (26.1%)
[Layer Freezing] Training last 4 transformer layers (layers 8-11)
[Layer Freezing] Trainable params: 28,384,555 / 108,924,715 (26.1%)
[Layer Freezing] Training last 4 transformer layers (layers 8-11)
[Layer Freezing] Trainable params: 28,384,555 / 108,924,715 (26.1%)
[Layer Freezing] Training last 4 transformer layers (layers 8-11)
[Layer Freezing] Trainable params: 28,384,555 / 108,924,715 (26.1%)
[Layer Freezing] Training last 4 transformer layers (layers 8-11)
[Layer Freezing] Trainable params: 28,384,555 / 108,924,715 (26.1%)
[Layer Freezing] Training last 4 transformer layers (layers 8-11)
[Layer Freezing] Trainable params: 28,384,555 / 108,924,715 (26.1%)
[Round 66] T=2.71  α_ce=0.80  α_kd=0.20
 Round 66 | F1 0.4899 | P 0.6127 | R 0.4081 | Time 44.5s | Comm N/A | Local Avg F1: 0.4147

=== Round 67/100 ===
[Round 67] KD=ON | policy=ema_first
[Layer Freezing] Training last 4 transformer layers (layers 8-11)
[Layer Freezing] Trainable params: 28,384,555 / 108,924,715 (26.1%)
[Layer Freezing] Training last 4 transformer layers (layers 8-11)
[Layer Freezing] Trainable params: 28,384,555 / 108,924,715 (26.1%)
[Layer Freezing] Training last 4 transformer layers (layers 8-11)
[Layer Freezing] Trainable params: 28,384,555 / 108,924,715 (26.1%)
[Layer Freezing] Training last 4 transformer layers (layers 8-11)
[Layer Freezing] Trainable params: 28,384,555 / 108,924,715 (26.1%)
[Layer Freezing] Training last 4 transformer layers (layers 8-11)
[Layer Freezing] Trainable params: 28,384,555 / 108,924,715 (26.1%)
[Layer Freezing] Training last 4 transformer layers (layers 8-11)
[Layer Freezing] Trainable params: 28,384,555 / 108,924,715 (26.1%)
[Layer Freezing] Training last 4 transformer layers (layers 8-11)
[Layer Freezing] Trainable params: 28,384,555 / 108,924,715 (26.1%)
[Layer Freezing] Training last 4 transformer layers (layers 8-11)
[Layer Freezing] Trainable params: 28,384,555 / 108,924,715 (26.1%)
[Layer Freezing] Training last 4 transformer layers (layers 8-11)
[Layer Freezing] Trainable params: 28,384,555 / 108,924,715 (26.1%)
[Layer Freezing] Training last 4 transformer layers (layers 8-11)
[Layer Freezing] Trainable params: 28,384,555 / 108,924,715 (26.1%)
[Round 67] T=2.68  α_ce=0.80  α_kd=0.20
 Round 67 | F1 0.4720 | P 0.6166 | R 0.3823 | Time 45.1s | Comm N/A | Local Avg F1: 0.4037

=== Round 68/100 ===
[Round 68] KD=ON | policy=ema_first
[Layer Freezing] Training last 4 transformer layers (layers 8-11)
[Layer Freezing] Trainable params: 28,384,555 / 108,924,715 (26.1%)
[Layer Freezing] Training last 4 transformer layers (layers 8-11)
[Layer Freezing] Trainable params: 28,384,555 / 108,924,715 (26.1%)
[Layer Freezing] Training last 4 transformer layers (layers 8-11)
[Layer Freezing] Trainable params: 28,384,555 / 108,924,715 (26.1%)
[Layer Freezing] Training last 4 transformer layers (layers 8-11)
[Layer Freezing] Trainable params: 28,384,555 / 108,924,715 (26.1%)
[Layer Freezing] Training last 4 transformer layers (layers 8-11)
[Layer Freezing] Trainable params: 28,384,555 / 108,924,715 (26.1%)
[Layer Freezing] Training last 4 transformer layers (layers 8-11)
[Layer Freezing] Trainable params: 28,384,555 / 108,924,715 (26.1%)
[Layer Freezing] Training last 4 transformer layers (layers 8-11)
[Layer Freezing] Trainable params: 28,384,555 / 108,924,715 (26.1%)
[Layer Freezing] Training last 4 transformer layers (layers 8-11)
[Layer Freezing] Trainable params: 28,384,555 / 108,924,715 (26.1%)
[Layer Freezing] Training last 4 transformer layers (layers 8-11)
[Layer Freezing] Trainable params: 28,384,555 / 108,924,715 (26.1%)
[Layer Freezing] Training last 4 transformer layers (layers 8-11)
[Layer Freezing] Trainable params: 28,384,555 / 108,924,715 (26.1%)
[Round 68] T=2.64  α_ce=0.80  α_kd=0.20
 Round 68 | F1 0.4774 | P 0.6164 | R 0.3895 | Time 44.2s | Comm N/A | Local Avg F1: 0.4050

=== Round 69/100 ===
[Round 69] KD=ON | policy=ema_first
[Layer Freezing] Training last 4 transformer layers (layers 8-11)
[Layer Freezing] Trainable params: 28,384,555 / 108,924,715 (26.1%)
[Layer Freezing] Training last 4 transformer layers (layers 8-11)
[Layer Freezing] Trainable params: 28,384,555 / 108,924,715 (26.1%)
[Layer Freezing] Training last 4 transformer layers (layers 8-11)
[Layer Freezing] Trainable params: 28,384,555 / 108,924,715 (26.1%)
[Layer Freezing] Training last 4 transformer layers (layers 8-11)
[Layer Freezing] Trainable params: 28,384,555 / 108,924,715 (26.1%)
[Layer Freezing] Training last 4 transformer layers (layers 8-11)
[Layer Freezing] Trainable params: 28,384,555 / 108,924,715 (26.1%)
[Layer Freezing] Training last 4 transformer layers (layers 8-11)
[Layer Freezing] Trainable params: 28,384,555 / 108,924,715 (26.1%)
[Layer Freezing] Training last 4 transformer layers (layers 8-11)
[Layer Freezing] Trainable params: 28,384,555 / 108,924,715 (26.1%)
[Layer Freezing] Training last 4 transformer layers (layers 8-11)
[Layer Freezing] Trainable params: 28,384,555 / 108,924,715 (26.1%)
[Layer Freezing] Training last 4 transformer layers (layers 8-11)
[Layer Freezing] Trainable params: 28,384,555 / 108,924,715 (26.1%)
[Layer Freezing] Training last 4 transformer layers (layers 8-11)
[Layer Freezing] Trainable params: 28,384,555 / 108,924,715 (26.1%)
[Round 69] T=2.61  α_ce=0.79  α_kd=0.21
 Round 69 | F1 0.4902 | P 0.6085 | R 0.4104 | Time 45.6s | Comm N/A | Local Avg F1: 0.4176

=== Round 70/100 ===
[Round 70] KD=ON | policy=ema_first
[Layer Freezing] Training last 4 transformer layers (layers 8-11)
[Layer Freezing] Trainable params: 28,384,555 / 108,924,715 (26.1%)
[Layer Freezing] Training last 4 transformer layers (layers 8-11)
[Layer Freezing] Trainable params: 28,384,555 / 108,924,715 (26.1%)
[Layer Freezing] Training last 4 transformer layers (layers 8-11)
[Layer Freezing] Trainable params: 28,384,555 / 108,924,715 (26.1%)
[Layer Freezing] Training last 4 transformer layers (layers 8-11)
[Layer Freezing] Trainable params: 28,384,555 / 108,924,715 (26.1%)
[Layer Freezing] Training last 4 transformer layers (layers 8-11)
[Layer Freezing] Trainable params: 28,384,555 / 108,924,715 (26.1%)
[Layer Freezing] Training last 4 transformer layers (layers 8-11)
[Layer Freezing] Trainable params: 28,384,555 / 108,924,715 (26.1%)
[Layer Freezing] Training last 4 transformer layers (layers 8-11)
[Layer Freezing] Trainable params: 28,384,555 / 108,924,715 (26.1%)
[Layer Freezing] Training last 4 transformer layers (layers 8-11)
[Layer Freezing] Trainable params: 28,384,555 / 108,924,715 (26.1%)
[Layer Freezing] Training last 4 transformer layers (layers 8-11)
[Layer Freezing] Trainable params: 28,384,555 / 108,924,715 (26.1%)
[Layer Freezing] Training last 4 transformer layers (layers 8-11)
[Layer Freezing] Trainable params: 28,384,555 / 108,924,715 (26.1%)
[Round 70] T=2.57  α_ce=0.79  α_kd=0.21
 Round 70 | F1 0.4657 | P 0.6280 | R 0.3700 | Time 45.1s | Comm N/A | Local Avg F1: 0.3996

=== Round 71/100 ===
[Round 71] KD=ON | policy=ema_first
[Layer Freezing] Training last 4 transformer layers (layers 8-11)
[Layer Freezing] Trainable params: 28,384,555 / 108,924,715 (26.1%)
[Layer Freezing] Training last 4 transformer layers (layers 8-11)
[Layer Freezing] Trainable params: 28,384,555 / 108,924,715 (26.1%)
[Layer Freezing] Training last 4 transformer layers (layers 8-11)
[Layer Freezing] Trainable params: 28,384,555 / 108,924,715 (26.1%)
[Layer Freezing] Training last 4 transformer layers (layers 8-11)
[Layer Freezing] Trainable params: 28,384,555 / 108,924,715 (26.1%)
[Layer Freezing] Training last 4 transformer layers (layers 8-11)
[Layer Freezing] Trainable params: 28,384,555 / 108,924,715 (26.1%)
[Layer Freezing] Training last 4 transformer layers (layers 8-11)
[Layer Freezing] Trainable params: 28,384,555 / 108,924,715 (26.1%)
[Layer Freezing] Training last 4 transformer layers (layers 8-11)
[Layer Freezing] Trainable params: 28,384,555 / 108,924,715 (26.1%)
[Layer Freezing] Training last 4 transformer layers (layers 8-11)
[Layer Freezing] Trainable params: 28,384,555 / 108,924,715 (26.1%)
[Layer Freezing] Training last 4 transformer layers (layers 8-11)
[Layer Freezing] Trainable params: 28,384,555 / 108,924,715 (26.1%)
[Layer Freezing] Training last 4 transformer layers (layers 8-11)
[Layer Freezing] Trainable params: 28,384,555 / 108,924,715 (26.1%)
[Round 71] T=2.54  α_ce=0.79  α_kd=0.21
 Round 71 | F1 0.4860 | P 0.6142 | R 0.4021 | Time 44.2s | Comm N/A | Local Avg F1: 0.4200

=== Round 72/100 ===
[Round 72] KD=ON | policy=ema_first
[Layer Freezing] Training last 4 transformer layers (layers 8-11)
[Layer Freezing] Trainable params: 28,384,555 / 108,924,715 (26.1%)
[Layer Freezing] Training last 4 transformer layers (layers 8-11)
[Layer Freezing] Trainable params: 28,384,555 / 108,924,715 (26.1%)
[Layer Freezing] Training last 4 transformer layers (layers 8-11)
[Layer Freezing] Trainable params: 28,384,555 / 108,924,715 (26.1%)
[Layer Freezing] Training last 4 transformer layers (layers 8-11)
[Layer Freezing] Trainable params: 28,384,555 / 108,924,715 (26.1%)
[Layer Freezing] Training last 4 transformer layers (layers 8-11)
[Layer Freezing] Trainable params: 28,384,555 / 108,924,715 (26.1%)
[Layer Freezing] Training last 4 transformer layers (layers 8-11)
[Layer Freezing] Trainable params: 28,384,555 / 108,924,715 (26.1%)
[Layer Freezing] Training last 4 transformer layers (layers 8-11)
[Layer Freezing] Trainable params: 28,384,555 / 108,924,715 (26.1%)
[Layer Freezing] Training last 4 transformer layers (layers 8-11)
[Layer Freezing] Trainable params: 28,384,555 / 108,924,715 (26.1%)
[Layer Freezing] Training last 4 transformer layers (layers 8-11)
[Layer Freezing] Trainable params: 28,384,555 / 108,924,715 (26.1%)
[Layer Freezing] Training last 4 transformer layers (layers 8-11)
[Layer Freezing] Trainable params: 28,384,555 / 108,924,715 (26.1%)
[Round 72] T=2.50  α_ce=0.79  α_kd=0.21
 Round 72 | F1 0.4837 | P 0.6170 | R 0.3977 | Time 45.6s | Comm N/A | Local Avg F1: 0.4201

=== Round 73/100 ===
[Round 73] KD=ON | policy=ema_first
[Layer Freezing] Training last 4 transformer layers (layers 8-11)
[Layer Freezing] Trainable params: 28,384,555 / 108,924,715 (26.1%)
[Layer Freezing] Training last 4 transformer layers (layers 8-11)
[Layer Freezing] Trainable params: 28,384,555 / 108,924,715 (26.1%)
[Layer Freezing] Training last 4 transformer layers (layers 8-11)
[Layer Freezing] Trainable params: 28,384,555 / 108,924,715 (26.1%)
[Layer Freezing] Training last 4 transformer layers (layers 8-11)
[Layer Freezing] Trainable params: 28,384,555 / 108,924,715 (26.1%)
[Layer Freezing] Training last 4 transformer layers (layers 8-11)
[Layer Freezing] Trainable params: 28,384,555 / 108,924,715 (26.1%)
[Layer Freezing] Training last 4 transformer layers (layers 8-11)
[Layer Freezing] Trainable params: 28,384,555 / 108,924,715 (26.1%)
[Layer Freezing] Training last 4 transformer layers (layers 8-11)
[Layer Freezing] Trainable params: 28,384,555 / 108,924,715 (26.1%)
[Layer Freezing] Training last 4 transformer layers (layers 8-11)
[Layer Freezing] Trainable params: 28,384,555 / 108,924,715 (26.1%)
[Layer Freezing] Training last 4 transformer layers (layers 8-11)
[Layer Freezing] Trainable params: 28,384,555 / 108,924,715 (26.1%)
[Layer Freezing] Training last 4 transformer layers (layers 8-11)
[Layer Freezing] Trainable params: 28,384,555 / 108,924,715 (26.1%)
[Round 73] T=2.46  α_ce=0.78  α_kd=0.22
 Round 73 | F1 0.4905 | P 0.6092 | R 0.4105 | Time 44.9s | Comm N/A | Local Avg F1: 0.4188

=== Round 74/100 ===
[Round 74] KD=ON | policy=ema_first
[Layer Freezing] Training last 4 transformer layers (layers 8-11)
[Layer Freezing] Trainable params: 28,384,555 / 108,924,715 (26.1%)
[Layer Freezing] Training last 4 transformer layers (layers 8-11)
[Layer Freezing] Trainable params: 28,384,555 / 108,924,715 (26.1%)
[Layer Freezing] Training last 4 transformer layers (layers 8-11)
[Layer Freezing] Trainable params: 28,384,555 / 108,924,715 (26.1%)
[Layer Freezing] Training last 4 transformer layers (layers 8-11)
[Layer Freezing] Trainable params: 28,384,555 / 108,924,715 (26.1%)
[Layer Freezing] Training last 4 transformer layers (layers 8-11)
[Layer Freezing] Trainable params: 28,384,555 / 108,924,715 (26.1%)
[Layer Freezing] Training last 4 transformer layers (layers 8-11)
[Layer Freezing] Trainable params: 28,384,555 / 108,924,715 (26.1%)
[Layer Freezing] Training last 4 transformer layers (layers 8-11)
[Layer Freezing] Trainable params: 28,384,555 / 108,924,715 (26.1%)
[Layer Freezing] Training last 4 transformer layers (layers 8-11)
[Layer Freezing] Trainable params: 28,384,555 / 108,924,715 (26.1%)
[Layer Freezing] Training last 4 transformer layers (layers 8-11)
[Layer Freezing] Trainable params: 28,384,555 / 108,924,715 (26.1%)
[Layer Freezing] Training last 4 transformer layers (layers 8-11)
[Layer Freezing] Trainable params: 28,384,555 / 108,924,715 (26.1%)
[Round 74] T=2.43  α_ce=0.78  α_kd=0.22
 Round 74 | F1 0.4922 | P 0.6117 | R 0.4118 | Time 43.8s | Comm N/A | Local Avg F1: 0.4190

=== Round 75/100 ===
[Round 75] KD=ON | policy=ema_first
[Layer Freezing] Training last 4 transformer layers (layers 8-11)
[Layer Freezing] Trainable params: 28,384,555 / 108,924,715 (26.1%)
[Layer Freezing] Training last 4 transformer layers (layers 8-11)
[Layer Freezing] Trainable params: 28,384,555 / 108,924,715 (26.1%)
[Layer Freezing] Training last 4 transformer layers (layers 8-11)
[Layer Freezing] Trainable params: 28,384,555 / 108,924,715 (26.1%)
[Layer Freezing] Training last 4 transformer layers (layers 8-11)
[Layer Freezing] Trainable params: 28,384,555 / 108,924,715 (26.1%)
[Layer Freezing] Training last 4 transformer layers (layers 8-11)
[Layer Freezing] Trainable params: 28,384,555 / 108,924,715 (26.1%)
[Layer Freezing] Training last 4 transformer layers (layers 8-11)
[Layer Freezing] Trainable params: 28,384,555 / 108,924,715 (26.1%)
[Layer Freezing] Training last 4 transformer layers (layers 8-11)
[Layer Freezing] Trainable params: 28,384,555 / 108,924,715 (26.1%)
[Layer Freezing] Training last 4 transformer layers (layers 8-11)
[Layer Freezing] Trainable params: 28,384,555 / 108,924,715 (26.1%)
[Layer Freezing] Training last 4 transformer layers (layers 8-11)
[Layer Freezing] Trainable params: 28,384,555 / 108,924,715 (26.1%)
[Layer Freezing] Training last 4 transformer layers (layers 8-11)
[Layer Freezing] Trainable params: 28,384,555 / 108,924,715 (26.1%)
[Round 75] T=2.39  α_ce=0.78  α_kd=0.22
 Round 75 | F1 0.4900 | P 0.6149 | R 0.4073 | Time 44.9s | Comm N/A | Local Avg F1: 0.4168

=== Round 76/100 ===
[Round 76] KD=ON | policy=ema_first
[Layer Freezing] Training last 4 transformer layers (layers 8-11)
[Layer Freezing] Trainable params: 28,384,555 / 108,924,715 (26.1%)
[Layer Freezing] Training last 4 transformer layers (layers 8-11)
[Layer Freezing] Trainable params: 28,384,555 / 108,924,715 (26.1%)
[Layer Freezing] Training last 4 transformer layers (layers 8-11)
[Layer Freezing] Trainable params: 28,384,555 / 108,924,715 (26.1%)
[Layer Freezing] Training last 4 transformer layers (layers 8-11)
[Layer Freezing] Trainable params: 28,384,555 / 108,924,715 (26.1%)
[Layer Freezing] Training last 4 transformer layers (layers 8-11)
[Layer Freezing] Trainable params: 28,384,555 / 108,924,715 (26.1%)
[Layer Freezing] Training last 4 transformer layers (layers 8-11)
[Layer Freezing] Trainable params: 28,384,555 / 108,924,715 (26.1%)
[Layer Freezing] Training last 4 transformer layers (layers 8-11)
[Layer Freezing] Trainable params: 28,384,555 / 108,924,715 (26.1%)
[Layer Freezing] Training last 4 transformer layers (layers 8-11)
[Layer Freezing] Trainable params: 28,384,555 / 108,924,715 (26.1%)
[Layer Freezing] Training last 4 transformer layers (layers 8-11)
[Layer Freezing] Trainable params: 28,384,555 / 108,924,715 (26.1%)
[Layer Freezing] Training last 4 transformer layers (layers 8-11)
[Layer Freezing] Trainable params: 28,384,555 / 108,924,715 (26.1%)
[Round 76] T=2.36  α_ce=0.77  α_kd=0.23
 Round 76 | F1 0.4940 | P 0.6104 | R 0.4149 | Time 45.3s | Comm N/A | Local Avg F1: 0.4247

=== Round 77/100 ===
[Round 77] KD=ON | policy=ema_first
[Layer Freezing] Training last 4 transformer layers (layers 8-11)
[Layer Freezing] Trainable params: 28,384,555 / 108,924,715 (26.1%)
[Layer Freezing] Training last 4 transformer layers (layers 8-11)
[Layer Freezing] Trainable params: 28,384,555 / 108,924,715 (26.1%)
[Layer Freezing] Training last 4 transformer layers (layers 8-11)
[Layer Freezing] Trainable params: 28,384,555 / 108,924,715 (26.1%)
[Layer Freezing] Training last 4 transformer layers (layers 8-11)
[Layer Freezing] Trainable params: 28,384,555 / 108,924,715 (26.1%)
[Layer Freezing] Training last 4 transformer layers (layers 8-11)
[Layer Freezing] Trainable params: 28,384,555 / 108,924,715 (26.1%)
[Layer Freezing] Training last 4 transformer layers (layers 8-11)
[Layer Freezing] Trainable params: 28,384,555 / 108,924,715 (26.1%)
[Layer Freezing] Training last 4 transformer layers (layers 8-11)
[Layer Freezing] Trainable params: 28,384,555 / 108,924,715 (26.1%)
[Layer Freezing] Training last 4 transformer layers (layers 8-11)
[Layer Freezing] Trainable params: 28,384,555 / 108,924,715 (26.1%)
[Layer Freezing] Training last 4 transformer layers (layers 8-11)
[Layer Freezing] Trainable params: 28,384,555 / 108,924,715 (26.1%)
[Layer Freezing] Training last 4 transformer layers (layers 8-11)
[Layer Freezing] Trainable params: 28,384,555 / 108,924,715 (26.1%)
[Round 77] T=2.32  α_ce=0.77  α_kd=0.23
 Round 77 | F1 0.4779 | P 0.6176 | R 0.3897 | Time 43.3s | Comm N/A | Local Avg F1: 0.4076

=== Round 78/100 ===
[Round 78] KD=ON | policy=ema_first
[Layer Freezing] Training last 4 transformer layers (layers 8-11)
[Layer Freezing] Trainable params: 28,384,555 / 108,924,715 (26.1%)
[Layer Freezing] Training last 4 transformer layers (layers 8-11)
[Layer Freezing] Trainable params: 28,384,555 / 108,924,715 (26.1%)
[Layer Freezing] Training last 4 transformer layers (layers 8-11)
[Layer Freezing] Trainable params: 28,384,555 / 108,924,715 (26.1%)
[Layer Freezing] Training last 4 transformer layers (layers 8-11)
[Layer Freezing] Trainable params: 28,384,555 / 108,924,715 (26.1%)
[Layer Freezing] Training last 4 transformer layers (layers 8-11)
[Layer Freezing] Trainable params: 28,384,555 / 108,924,715 (26.1%)
[Layer Freezing] Training last 4 transformer layers (layers 8-11)
[Layer Freezing] Trainable params: 28,384,555 / 108,924,715 (26.1%)
[Layer Freezing] Training last 4 transformer layers (layers 8-11)
[Layer Freezing] Trainable params: 28,384,555 / 108,924,715 (26.1%)
[Layer Freezing] Training last 4 transformer layers (layers 8-11)
[Layer Freezing] Trainable params: 28,384,555 / 108,924,715 (26.1%)
[Layer Freezing] Training last 4 transformer layers (layers 8-11)
[Layer Freezing] Trainable params: 28,384,555 / 108,924,715 (26.1%)
[Layer Freezing] Training last 4 transformer layers (layers 8-11)
[Layer Freezing] Trainable params: 28,384,555 / 108,924,715 (26.1%)
[Round 78] T=2.29  α_ce=0.77  α_kd=0.23
 Round 78 | F1 0.4817 | P 0.6238 | R 0.3923 | Time 45.7s | Comm N/A | Local Avg F1: 0.4125

=== Round 79/100 ===
[Round 79] KD=ON | policy=ema_first
[Layer Freezing] Training last 4 transformer layers (layers 8-11)
[Layer Freezing] Trainable params: 28,384,555 / 108,924,715 (26.1%)
[Layer Freezing] Training last 4 transformer layers (layers 8-11)
[Layer Freezing] Trainable params: 28,384,555 / 108,924,715 (26.1%)
[Layer Freezing] Training last 4 transformer layers (layers 8-11)
[Layer Freezing] Trainable params: 28,384,555 / 108,924,715 (26.1%)
[Layer Freezing] Training last 4 transformer layers (layers 8-11)
[Layer Freezing] Trainable params: 28,384,555 / 108,924,715 (26.1%)
[Layer Freezing] Training last 4 transformer layers (layers 8-11)
[Layer Freezing] Trainable params: 28,384,555 / 108,924,715 (26.1%)
[Layer Freezing] Training last 4 transformer layers (layers 8-11)
[Layer Freezing] Trainable params: 28,384,555 / 108,924,715 (26.1%)
[Layer Freezing] Training last 4 transformer layers (layers 8-11)
[Layer Freezing] Trainable params: 28,384,555 / 108,924,715 (26.1%)
[Layer Freezing] Training last 4 transformer layers (layers 8-11)
[Layer Freezing] Trainable params: 28,384,555 / 108,924,715 (26.1%)
[Layer Freezing] Training last 4 transformer layers (layers 8-11)
[Layer Freezing] Trainable params: 28,384,555 / 108,924,715 (26.1%)
[Layer Freezing] Training last 4 transformer layers (layers 8-11)
[Layer Freezing] Trainable params: 28,384,555 / 108,924,715 (26.1%)
[Round 79] T=2.25  α_ce=0.76  α_kd=0.24
 Round 79 | F1 0.4932 | P 0.6170 | R 0.4108 | Time 44.9s | Comm N/A | Local Avg F1: 0.4195

=== Round 80/100 ===
[Round 80] KD=ON | policy=ema_first
[Layer Freezing] Training last 4 transformer layers (layers 8-11)
[Layer Freezing] Trainable params: 28,384,555 / 108,924,715 (26.1%)
[Layer Freezing] Training last 4 transformer layers (layers 8-11)
[Layer Freezing] Trainable params: 28,384,555 / 108,924,715 (26.1%)
[Layer Freezing] Training last 4 transformer layers (layers 8-11)
[Layer Freezing] Trainable params: 28,384,555 / 108,924,715 (26.1%)
[Layer Freezing] Training last 4 transformer layers (layers 8-11)
[Layer Freezing] Trainable params: 28,384,555 / 108,924,715 (26.1%)
[Layer Freezing] Training last 4 transformer layers (layers 8-11)
[Layer Freezing] Trainable params: 28,384,555 / 108,924,715 (26.1%)
[Layer Freezing] Training last 4 transformer layers (layers 8-11)
[Layer Freezing] Trainable params: 28,384,555 / 108,924,715 (26.1%)
[Layer Freezing] Training last 4 transformer layers (layers 8-11)
[Layer Freezing] Trainable params: 28,384,555 / 108,924,715 (26.1%)
[Layer Freezing] Training last 4 transformer layers (layers 8-11)
[Layer Freezing] Trainable params: 28,384,555 / 108,924,715 (26.1%)
[Layer Freezing] Training last 4 transformer layers (layers 8-11)
[Layer Freezing] Trainable params: 28,384,555 / 108,924,715 (26.1%)
[Layer Freezing] Training last 4 transformer layers (layers 8-11)
[Layer Freezing] Trainable params: 28,384,555 / 108,924,715 (26.1%)
[Round 80] T=2.21  α_ce=0.76  α_kd=0.24
 Round 80 | F1 0.4922 | P 0.6206 | R 0.4079 | Time 44.3s | Comm N/A | Local Avg F1: 0.4215

=== Round 81/100 ===
[Round 81] KD=ON | policy=ema_first
[Layer Freezing] Training last 4 transformer layers (layers 8-11)
[Layer Freezing] Trainable params: 28,384,555 / 108,924,715 (26.1%)
[Layer Freezing] Training last 4 transformer layers (layers 8-11)
[Layer Freezing] Trainable params: 28,384,555 / 108,924,715 (26.1%)
[Layer Freezing] Training last 4 transformer layers (layers 8-11)
[Layer Freezing] Trainable params: 28,384,555 / 108,924,715 (26.1%)
[Layer Freezing] Training last 4 transformer layers (layers 8-11)
[Layer Freezing] Trainable params: 28,384,555 / 108,924,715 (26.1%)
[Layer Freezing] Training last 4 transformer layers (layers 8-11)
[Layer Freezing] Trainable params: 28,384,555 / 108,924,715 (26.1%)
[Layer Freezing] Training last 4 transformer layers (layers 8-11)
[Layer Freezing] Trainable params: 28,384,555 / 108,924,715 (26.1%)
[Layer Freezing] Training last 4 transformer layers (layers 8-11)
[Layer Freezing] Trainable params: 28,384,555 / 108,924,715 (26.1%)
[Layer Freezing] Training last 4 transformer layers (layers 8-11)
[Layer Freezing] Trainable params: 28,384,555 / 108,924,715 (26.1%)
[Layer Freezing] Training last 4 transformer layers (layers 8-11)
[Layer Freezing] Trainable params: 28,384,555 / 108,924,715 (26.1%)
[Layer Freezing] Training last 4 transformer layers (layers 8-11)
[Layer Freezing] Trainable params: 28,384,555 / 108,924,715 (26.1%)
[Round 81] T=2.18  α_ce=0.76  α_kd=0.24
 Round 81 | F1 0.4970 | P 0.6156 | R 0.4167 | Time 44.8s | Comm N/A | Local Avg F1: 0.4216

=== Round 82/100 ===
[Round 82] KD=ON | policy=ema_first
[Layer Freezing] Training last 4 transformer layers (layers 8-11)
[Layer Freezing] Trainable params: 28,384,555 / 108,924,715 (26.1%)
[Layer Freezing] Training last 4 transformer layers (layers 8-11)
[Layer Freezing] Trainable params: 28,384,555 / 108,924,715 (26.1%)
[Layer Freezing] Training last 4 transformer layers (layers 8-11)
[Layer Freezing] Trainable params: 28,384,555 / 108,924,715 (26.1%)
[Layer Freezing] Training last 4 transformer layers (layers 8-11)
[Layer Freezing] Trainable params: 28,384,555 / 108,924,715 (26.1%)
[Layer Freezing] Training last 4 transformer layers (layers 8-11)
[Layer Freezing] Trainable params: 28,384,555 / 108,924,715 (26.1%)
[Layer Freezing] Training last 4 transformer layers (layers 8-11)
[Layer Freezing] Trainable params: 28,384,555 / 108,924,715 (26.1%)
[Layer Freezing] Training last 4 transformer layers (layers 8-11)
[Layer Freezing] Trainable params: 28,384,555 / 108,924,715 (26.1%)
[Layer Freezing] Training last 4 transformer layers (layers 8-11)
[Layer Freezing] Trainable params: 28,384,555 / 108,924,715 (26.1%)
[Layer Freezing] Training last 4 transformer layers (layers 8-11)
[Layer Freezing] Trainable params: 28,384,555 / 108,924,715 (26.1%)
[Layer Freezing] Training last 4 transformer layers (layers 8-11)
[Layer Freezing] Trainable params: 28,384,555 / 108,924,715 (26.1%)
[Round 82] T=2.14  α_ce=0.76  α_kd=0.24
 Round 82 | F1 0.4852 | P 0.6158 | R 0.4003 | Time 45.2s | Comm N/A | Local Avg F1: 0.4167

=== Round 83/100 ===
[Round 83] KD=ON | policy=ema_first
[Layer Freezing] Training last 4 transformer layers (layers 8-11)
[Layer Freezing] Trainable params: 28,384,555 / 108,924,715 (26.1%)
[Layer Freezing] Training last 4 transformer layers (layers 8-11)
[Layer Freezing] Trainable params: 28,384,555 / 108,924,715 (26.1%)
[Layer Freezing] Training last 4 transformer layers (layers 8-11)
[Layer Freezing] Trainable params: 28,384,555 / 108,924,715 (26.1%)
[Layer Freezing] Training last 4 transformer layers (layers 8-11)
[Layer Freezing] Trainable params: 28,384,555 / 108,924,715 (26.1%)
[Layer Freezing] Training last 4 transformer layers (layers 8-11)
[Layer Freezing] Trainable params: 28,384,555 / 108,924,715 (26.1%)
[Layer Freezing] Training last 4 transformer layers (layers 8-11)
[Layer Freezing] Trainable params: 28,384,555 / 108,924,715 (26.1%)
[Layer Freezing] Training last 4 transformer layers (layers 8-11)
[Layer Freezing] Trainable params: 28,384,555 / 108,924,715 (26.1%)
[Layer Freezing] Training last 4 transformer layers (layers 8-11)
[Layer Freezing] Trainable params: 28,384,555 / 108,924,715 (26.1%)
[Layer Freezing] Training last 4 transformer layers (layers 8-11)
[Layer Freezing] Trainable params: 28,384,555 / 108,924,715 (26.1%)
[Layer Freezing] Training last 4 transformer layers (layers 8-11)
[Layer Freezing] Trainable params: 28,384,555 / 108,924,715 (26.1%)
[Round 83] T=2.11  α_ce=0.75  α_kd=0.25
 Round 83 | F1 0.4965 | P 0.6177 | R 0.4151 | Time 44.0s | Comm N/A | Local Avg F1: 0.4188

=== Round 84/100 ===
[Round 84] KD=ON | policy=ema_first
[Layer Freezing] Training last 4 transformer layers (layers 8-11)
[Layer Freezing] Trainable params: 28,384,555 / 108,924,715 (26.1%)
[Layer Freezing] Training last 4 transformer layers (layers 8-11)
[Layer Freezing] Trainable params: 28,384,555 / 108,924,715 (26.1%)
[Layer Freezing] Training last 4 transformer layers (layers 8-11)
[Layer Freezing] Trainable params: 28,384,555 / 108,924,715 (26.1%)
[Layer Freezing] Training last 4 transformer layers (layers 8-11)
[Layer Freezing] Trainable params: 28,384,555 / 108,924,715 (26.1%)
[Layer Freezing] Training last 4 transformer layers (layers 8-11)
[Layer Freezing] Trainable params: 28,384,555 / 108,924,715 (26.1%)
[Layer Freezing] Training last 4 transformer layers (layers 8-11)
[Layer Freezing] Trainable params: 28,384,555 / 108,924,715 (26.1%)
[Layer Freezing] Training last 4 transformer layers (layers 8-11)
[Layer Freezing] Trainable params: 28,384,555 / 108,924,715 (26.1%)
[Layer Freezing] Training last 4 transformer layers (layers 8-11)
[Layer Freezing] Trainable params: 28,384,555 / 108,924,715 (26.1%)
[Layer Freezing] Training last 4 transformer layers (layers 8-11)
[Layer Freezing] Trainable params: 28,384,555 / 108,924,715 (26.1%)
[Layer Freezing] Training last 4 transformer layers (layers 8-11)
[Layer Freezing] Trainable params: 28,384,555 / 108,924,715 (26.1%)
[Round 84] T=2.07  α_ce=0.75  α_kd=0.25
 Round 84 | F1 0.4945 | P 0.6295 | R 0.4071 | Time 44.3s | Comm N/A | Local Avg F1: 0.4247

=== Round 85/100 ===
[Round 85] KD=ON | policy=ema_first
[Layer Freezing] Training last 4 transformer layers (layers 8-11)
[Layer Freezing] Trainable params: 28,384,555 / 108,924,715 (26.1%)
[Layer Freezing] Training last 4 transformer layers (layers 8-11)
[Layer Freezing] Trainable params: 28,384,555 / 108,924,715 (26.1%)
[Layer Freezing] Training last 4 transformer layers (layers 8-11)
[Layer Freezing] Trainable params: 28,384,555 / 108,924,715 (26.1%)
[Layer Freezing] Training last 4 transformer layers (layers 8-11)
[Layer Freezing] Trainable params: 28,384,555 / 108,924,715 (26.1%)
[Layer Freezing] Training last 4 transformer layers (layers 8-11)
[Layer Freezing] Trainable params: 28,384,555 / 108,924,715 (26.1%)
[Layer Freezing] Training last 4 transformer layers (layers 8-11)
[Layer Freezing] Trainable params: 28,384,555 / 108,924,715 (26.1%)
[Layer Freezing] Training last 4 transformer layers (layers 8-11)
[Layer Freezing] Trainable params: 28,384,555 / 108,924,715 (26.1%)
[Layer Freezing] Training last 4 transformer layers (layers 8-11)
[Layer Freezing] Trainable params: 28,384,555 / 108,924,715 (26.1%)
[Layer Freezing] Training last 4 transformer layers (layers 8-11)
[Layer Freezing] Trainable params: 28,384,555 / 108,924,715 (26.1%)
[Layer Freezing] Training last 4 transformer layers (layers 8-11)
[Layer Freezing] Trainable params: 28,384,555 / 108,924,715 (26.1%)
[Round 85] T=2.04  α_ce=0.75  α_kd=0.25
 Round 85 | F1 0.4970 | P 0.6209 | R 0.4143 | Time 44.8s | Comm N/A | Local Avg F1: 0.4239

=== Round 86/100 ===
[Round 86] KD=ON | policy=ema_first
[Layer Freezing] Training last 4 transformer layers (layers 8-11)
[Layer Freezing] Trainable params: 28,384,555 / 108,924,715 (26.1%)
[Layer Freezing] Training last 4 transformer layers (layers 8-11)
[Layer Freezing] Trainable params: 28,384,555 / 108,924,715 (26.1%)
[Layer Freezing] Training last 4 transformer layers (layers 8-11)
[Layer Freezing] Trainable params: 28,384,555 / 108,924,715 (26.1%)
[Layer Freezing] Training last 4 transformer layers (layers 8-11)
[Layer Freezing] Trainable params: 28,384,555 / 108,924,715 (26.1%)
[Layer Freezing] Training last 4 transformer layers (layers 8-11)
[Layer Freezing] Trainable params: 28,384,555 / 108,924,715 (26.1%)
[Layer Freezing] Training last 4 transformer layers (layers 8-11)
[Layer Freezing] Trainable params: 28,384,555 / 108,924,715 (26.1%)
[Layer Freezing] Training last 4 transformer layers (layers 8-11)
[Layer Freezing] Trainable params: 28,384,555 / 108,924,715 (26.1%)
[Layer Freezing] Training last 4 transformer layers (layers 8-11)
[Layer Freezing] Trainable params: 28,384,555 / 108,924,715 (26.1%)
[Layer Freezing] Training last 4 transformer layers (layers 8-11)
[Layer Freezing] Trainable params: 28,384,555 / 108,924,715 (26.1%)
[Layer Freezing] Training last 4 transformer layers (layers 8-11)
[Layer Freezing] Trainable params: 28,384,555 / 108,924,715 (26.1%)
[Round 86] T=2.00  α_ce=0.74  α_kd=0.26
 Round 86 | F1 0.4942 | P 0.6177 | R 0.4118 | Time 44.0s | Comm N/A | Local Avg F1: 0.4252

=== Round 87/100 ===
[Round 87] KD=ON | policy=ema_first
[Layer Freezing] Training last 4 transformer layers (layers 8-11)
[Layer Freezing] Trainable params: 28,384,555 / 108,924,715 (26.1%)
[Layer Freezing] Training last 4 transformer layers (layers 8-11)
[Layer Freezing] Trainable params: 28,384,555 / 108,924,715 (26.1%)
[Layer Freezing] Training last 4 transformer layers (layers 8-11)
[Layer Freezing] Trainable params: 28,384,555 / 108,924,715 (26.1%)
[Layer Freezing] Training last 4 transformer layers (layers 8-11)
[Layer Freezing] Trainable params: 28,384,555 / 108,924,715 (26.1%)
[Layer Freezing] Training last 4 transformer layers (layers 8-11)
[Layer Freezing] Trainable params: 28,384,555 / 108,924,715 (26.1%)
[Layer Freezing] Training last 4 transformer layers (layers 8-11)
[Layer Freezing] Trainable params: 28,384,555 / 108,924,715 (26.1%)
[Layer Freezing] Training last 4 transformer layers (layers 8-11)
[Layer Freezing] Trainable params: 28,384,555 / 108,924,715 (26.1%)
[Layer Freezing] Training last 4 transformer layers (layers 8-11)
[Layer Freezing] Trainable params: 28,384,555 / 108,924,715 (26.1%)
[Layer Freezing] Training last 4 transformer layers (layers 8-11)
[Layer Freezing] Trainable params: 28,384,555 / 108,924,715 (26.1%)
[Layer Freezing] Training last 4 transformer layers (layers 8-11)
[Layer Freezing] Trainable params: 28,384,555 / 108,924,715 (26.1%)
[Round 87] T=1.96  α_ce=0.74  α_kd=0.26
 Round 87 | F1 0.4962 | P 0.6173 | R 0.4148 | Time 46.0s | Comm N/A | Local Avg F1: 0.4223

=== Round 88/100 ===
[Round 88] KD=ON | policy=ema_first
[Layer Freezing] Training last 4 transformer layers (layers 8-11)
[Layer Freezing] Trainable params: 28,384,555 / 108,924,715 (26.1%)
[Layer Freezing] Training last 4 transformer layers (layers 8-11)
[Layer Freezing] Trainable params: 28,384,555 / 108,924,715 (26.1%)
[Layer Freezing] Training last 4 transformer layers (layers 8-11)
[Layer Freezing] Trainable params: 28,384,555 / 108,924,715 (26.1%)
[Layer Freezing] Training last 4 transformer layers (layers 8-11)
[Layer Freezing] Trainable params: 28,384,555 / 108,924,715 (26.1%)
[Layer Freezing] Training last 4 transformer layers (layers 8-11)
[Layer Freezing] Trainable params: 28,384,555 / 108,924,715 (26.1%)
[Layer Freezing] Training last 4 transformer layers (layers 8-11)
[Layer Freezing] Trainable params: 28,384,555 / 108,924,715 (26.1%)
[Layer Freezing] Training last 4 transformer layers (layers 8-11)
[Layer Freezing] Trainable params: 28,384,555 / 108,924,715 (26.1%)
[Layer Freezing] Training last 4 transformer layers (layers 8-11)
[Layer Freezing] Trainable params: 28,384,555 / 108,924,715 (26.1%)
[Layer Freezing] Training last 4 transformer layers (layers 8-11)
[Layer Freezing] Trainable params: 28,384,555 / 108,924,715 (26.1%)
[Layer Freezing] Training last 4 transformer layers (layers 8-11)
[Layer Freezing] Trainable params: 28,384,555 / 108,924,715 (26.1%)
[Round 88] T=1.93  α_ce=0.74  α_kd=0.26
 Round 88 | F1 0.4946 | P 0.6224 | R 0.4104 | Time 44.2s | Comm N/A | Local Avg F1: 0.4239

=== Round 89/100 ===
[Round 89] KD=ON | policy=ema_first
[Layer Freezing] Training last 4 transformer layers (layers 8-11)
[Layer Freezing] Trainable params: 28,384,555 / 108,924,715 (26.1%)
[Layer Freezing] Training last 4 transformer layers (layers 8-11)
[Layer Freezing] Trainable params: 28,384,555 / 108,924,715 (26.1%)
[Layer Freezing] Training last 4 transformer layers (layers 8-11)
[Layer Freezing] Trainable params: 28,384,555 / 108,924,715 (26.1%)
[Layer Freezing] Training last 4 transformer layers (layers 8-11)
[Layer Freezing] Trainable params: 28,384,555 / 108,924,715 (26.1%)
[Layer Freezing] Training last 4 transformer layers (layers 8-11)
[Layer Freezing] Trainable params: 28,384,555 / 108,924,715 (26.1%)
[Layer Freezing] Training last 4 transformer layers (layers 8-11)
[Layer Freezing] Trainable params: 28,384,555 / 108,924,715 (26.1%)
[Layer Freezing] Training last 4 transformer layers (layers 8-11)
[Layer Freezing] Trainable params: 28,384,555 / 108,924,715 (26.1%)
[Layer Freezing] Training last 4 transformer layers (layers 8-11)
[Layer Freezing] Trainable params: 28,384,555 / 108,924,715 (26.1%)
[Layer Freezing] Training last 4 transformer layers (layers 8-11)
[Layer Freezing] Trainable params: 28,384,555 / 108,924,715 (26.1%)
[Layer Freezing] Training last 4 transformer layers (layers 8-11)
[Layer Freezing] Trainable params: 28,384,555 / 108,924,715 (26.1%)
[Round 89] T=1.89  α_ce=0.73  α_kd=0.27
 Round 89 | F1 0.5012 | P 0.6206 | R 0.4203 | Time 44.4s | Comm N/A | Local Avg F1: 0.4229

=== Round 90/100 ===
[Round 90] KD=ON | policy=ema_first
[Layer Freezing] Training last 4 transformer layers (layers 8-11)
[Layer Freezing] Trainable params: 28,384,555 / 108,924,715 (26.1%)
[Layer Freezing] Training last 4 transformer layers (layers 8-11)
[Layer Freezing] Trainable params: 28,384,555 / 108,924,715 (26.1%)
[Layer Freezing] Training last 4 transformer layers (layers 8-11)
[Layer Freezing] Trainable params: 28,384,555 / 108,924,715 (26.1%)
[Layer Freezing] Training last 4 transformer layers (layers 8-11)
[Layer Freezing] Trainable params: 28,384,555 / 108,924,715 (26.1%)
[Layer Freezing] Training last 4 transformer layers (layers 8-11)
[Layer Freezing] Trainable params: 28,384,555 / 108,924,715 (26.1%)
[Layer Freezing] Training last 4 transformer layers (layers 8-11)
[Layer Freezing] Trainable params: 28,384,555 / 108,924,715 (26.1%)
[Layer Freezing] Training last 4 transformer layers (layers 8-11)
[Layer Freezing] Trainable params: 28,384,555 / 108,924,715 (26.1%)
[Layer Freezing] Training last 4 transformer layers (layers 8-11)
[Layer Freezing] Trainable params: 28,384,555 / 108,924,715 (26.1%)
[Layer Freezing] Training last 4 transformer layers (layers 8-11)
[Layer Freezing] Trainable params: 28,384,555 / 108,924,715 (26.1%)
[Layer Freezing] Training last 4 transformer layers (layers 8-11)
[Layer Freezing] Trainable params: 28,384,555 / 108,924,715 (26.1%)
[Round 90] T=1.86  α_ce=0.73  α_kd=0.27
 Round 90 | F1 0.4912 | P 0.6231 | R 0.4054 | Time 45.3s | Comm N/A | Local Avg F1: 0.4208

=== Round 91/100 ===
[Round 91] KD=ON | policy=ema_first
[Layer Freezing] Training last 4 transformer layers (layers 8-11)
[Layer Freezing] Trainable params: 28,384,555 / 108,924,715 (26.1%)
[Layer Freezing] Training last 4 transformer layers (layers 8-11)
[Layer Freezing] Trainable params: 28,384,555 / 108,924,715 (26.1%)
[Layer Freezing] Training last 4 transformer layers (layers 8-11)
[Layer Freezing] Trainable params: 28,384,555 / 108,924,715 (26.1%)
[Layer Freezing] Training last 4 transformer layers (layers 8-11)
[Layer Freezing] Trainable params: 28,384,555 / 108,924,715 (26.1%)
[Layer Freezing] Training last 4 transformer layers (layers 8-11)
[Layer Freezing] Trainable params: 28,384,555 / 108,924,715 (26.1%)
[Layer Freezing] Training last 4 transformer layers (layers 8-11)
[Layer Freezing] Trainable params: 28,384,555 / 108,924,715 (26.1%)
[Layer Freezing] Training last 4 transformer layers (layers 8-11)
[Layer Freezing] Trainable params: 28,384,555 / 108,924,715 (26.1%)
[Layer Freezing] Training last 4 transformer layers (layers 8-11)
[Layer Freezing] Trainable params: 28,384,555 / 108,924,715 (26.1%)
[Layer Freezing] Training last 4 transformer layers (layers 8-11)
[Layer Freezing] Trainable params: 28,384,555 / 108,924,715 (26.1%)
[Layer Freezing] Training last 4 transformer layers (layers 8-11)
[Layer Freezing] Trainable params: 28,384,555 / 108,924,715 (26.1%)
[Round 91] T=1.82  α_ce=0.73  α_kd=0.27
 Round 91 | F1 0.5038 | P 0.6211 | R 0.4237 | Time 44.2s | Comm N/A | Local Avg F1: 0.4285

=== Round 92/100 ===
[Round 92] KD=ON | policy=ema_first
[Layer Freezing] Training last 4 transformer layers (layers 8-11)
[Layer Freezing] Trainable params: 28,384,555 / 108,924,715 (26.1%)
[Layer Freezing] Training last 4 transformer layers (layers 8-11)
[Layer Freezing] Trainable params: 28,384,555 / 108,924,715 (26.1%)
[Layer Freezing] Training last 4 transformer layers (layers 8-11)
[Layer Freezing] Trainable params: 28,384,555 / 108,924,715 (26.1%)
[Layer Freezing] Training last 4 transformer layers (layers 8-11)
[Layer Freezing] Trainable params: 28,384,555 / 108,924,715 (26.1%)
[Layer Freezing] Training last 4 transformer layers (layers 8-11)
[Layer Freezing] Trainable params: 28,384,555 / 108,924,715 (26.1%)
[Layer Freezing] Training last 4 transformer layers (layers 8-11)
[Layer Freezing] Trainable params: 28,384,555 / 108,924,715 (26.1%)
[Layer Freezing] Training last 4 transformer layers (layers 8-11)
[Layer Freezing] Trainable params: 28,384,555 / 108,924,715 (26.1%)
[Layer Freezing] Training last 4 transformer layers (layers 8-11)
[Layer Freezing] Trainable params: 28,384,555 / 108,924,715 (26.1%)
[Layer Freezing] Training last 4 transformer layers (layers 8-11)
[Layer Freezing] Trainable params: 28,384,555 / 108,924,715 (26.1%)
[Layer Freezing] Training last 4 transformer layers (layers 8-11)
[Layer Freezing] Trainable params: 28,384,555 / 108,924,715 (26.1%)
[Round 92] T=1.79  α_ce=0.72  α_kd=0.28
 Round 92 | F1 0.4970 | P 0.6150 | R 0.4170 | Time 44.8s | Comm N/A | Local Avg F1: 0.4312

=== Round 93/100 ===
[Round 93] KD=ON | policy=ema_first
[Layer Freezing] Training last 4 transformer layers (layers 8-11)
[Layer Freezing] Trainable params: 28,384,555 / 108,924,715 (26.1%)
[Layer Freezing] Training last 4 transformer layers (layers 8-11)
[Layer Freezing] Trainable params: 28,384,555 / 108,924,715 (26.1%)
[Layer Freezing] Training last 4 transformer layers (layers 8-11)
[Layer Freezing] Trainable params: 28,384,555 / 108,924,715 (26.1%)
[Layer Freezing] Training last 4 transformer layers (layers 8-11)
[Layer Freezing] Trainable params: 28,384,555 / 108,924,715 (26.1%)
[Layer Freezing] Training last 4 transformer layers (layers 8-11)
[Layer Freezing] Trainable params: 28,384,555 / 108,924,715 (26.1%)
[Layer Freezing] Training last 4 transformer layers (layers 8-11)
[Layer Freezing] Trainable params: 28,384,555 / 108,924,715 (26.1%)
[Layer Freezing] Training last 4 transformer layers (layers 8-11)
[Layer Freezing] Trainable params: 28,384,555 / 108,924,715 (26.1%)
[Layer Freezing] Training last 4 transformer layers (layers 8-11)
[Layer Freezing] Trainable params: 28,384,555 / 108,924,715 (26.1%)
[Layer Freezing] Training last 4 transformer layers (layers 8-11)
[Layer Freezing] Trainable params: 28,384,555 / 108,924,715 (26.1%)
[Layer Freezing] Training last 4 transformer layers (layers 8-11)
[Layer Freezing] Trainable params: 28,384,555 / 108,924,715 (26.1%)
[Round 93] T=1.75  α_ce=0.72  α_kd=0.28
 Round 93 | F1 0.4928 | P 0.6215 | R 0.4083 | Time 44.9s | Comm N/A | Local Avg F1: 0.4245

=== Round 94/100 ===
[Round 94] KD=ON | policy=ema_first
[Layer Freezing] Training last 4 transformer layers (layers 8-11)
[Layer Freezing] Trainable params: 28,384,555 / 108,924,715 (26.1%)
[Layer Freezing] Training last 4 transformer layers (layers 8-11)
[Layer Freezing] Trainable params: 28,384,555 / 108,924,715 (26.1%)
[Layer Freezing] Training last 4 transformer layers (layers 8-11)
[Layer Freezing] Trainable params: 28,384,555 / 108,924,715 (26.1%)
[Layer Freezing] Training last 4 transformer layers (layers 8-11)
[Layer Freezing] Trainable params: 28,384,555 / 108,924,715 (26.1%)
[Layer Freezing] Training last 4 transformer layers (layers 8-11)
[Layer Freezing] Trainable params: 28,384,555 / 108,924,715 (26.1%)
[Layer Freezing] Training last 4 transformer layers (layers 8-11)
[Layer Freezing] Trainable params: 28,384,555 / 108,924,715 (26.1%)
[Layer Freezing] Training last 4 transformer layers (layers 8-11)
[Layer Freezing] Trainable params: 28,384,555 / 108,924,715 (26.1%)
[Layer Freezing] Training last 4 transformer layers (layers 8-11)
[Layer Freezing] Trainable params: 28,384,555 / 108,924,715 (26.1%)
[Layer Freezing] Training last 4 transformer layers (layers 8-11)
[Layer Freezing] Trainable params: 28,384,555 / 108,924,715 (26.1%)
[Layer Freezing] Training last 4 transformer layers (layers 8-11)
[Layer Freezing] Trainable params: 28,384,555 / 108,924,715 (26.1%)
[Round 94] T=1.71  α_ce=0.72  α_kd=0.28
 Round 94 | F1 0.4989 | P 0.6246 | R 0.4154 | Time 43.6s | Comm N/A | Local Avg F1: 0.4248

=== Round 95/100 ===
[Round 95] KD=ON | policy=ema_first
[Layer Freezing] Training last 4 transformer layers (layers 8-11)
[Layer Freezing] Trainable params: 28,384,555 / 108,924,715 (26.1%)
[Layer Freezing] Training last 4 transformer layers (layers 8-11)
[Layer Freezing] Trainable params: 28,384,555 / 108,924,715 (26.1%)
[Layer Freezing] Training last 4 transformer layers (layers 8-11)
[Layer Freezing] Trainable params: 28,384,555 / 108,924,715 (26.1%)
[Layer Freezing] Training last 4 transformer layers (layers 8-11)
[Layer Freezing] Trainable params: 28,384,555 / 108,924,715 (26.1%)
[Layer Freezing] Training last 4 transformer layers (layers 8-11)
[Layer Freezing] Trainable params: 28,384,555 / 108,924,715 (26.1%)
[Layer Freezing] Training last 4 transformer layers (layers 8-11)
[Layer Freezing] Trainable params: 28,384,555 / 108,924,715 (26.1%)
[Layer Freezing] Training last 4 transformer layers (layers 8-11)
[Layer Freezing] Trainable params: 28,384,555 / 108,924,715 (26.1%)
[Layer Freezing] Training last 4 transformer layers (layers 8-11)
[Layer Freezing] Trainable params: 28,384,555 / 108,924,715 (26.1%)
[Layer Freezing] Training last 4 transformer layers (layers 8-11)
[Layer Freezing] Trainable params: 28,384,555 / 108,924,715 (26.1%)
[Layer Freezing] Training last 4 transformer layers (layers 8-11)
[Layer Freezing] Trainable params: 28,384,555 / 108,924,715 (26.1%)
[Round 95] T=1.68  α_ce=0.72  α_kd=0.28
 Round 95 | F1 0.4925 | P 0.6256 | R 0.4060 | Time 44.7s | Comm N/A | Local Avg F1: 0.4222

=== Round 96/100 ===
[Round 96] KD=ON | policy=ema_first
[Layer Freezing] Training last 4 transformer layers (layers 8-11)
[Layer Freezing] Trainable params: 28,384,555 / 108,924,715 (26.1%)
[Layer Freezing] Training last 4 transformer layers (layers 8-11)
[Layer Freezing] Trainable params: 28,384,555 / 108,924,715 (26.1%)
[Layer Freezing] Training last 4 transformer layers (layers 8-11)
[Layer Freezing] Trainable params: 28,384,555 / 108,924,715 (26.1%)
[Layer Freezing] Training last 4 transformer layers (layers 8-11)
[Layer Freezing] Trainable params: 28,384,555 / 108,924,715 (26.1%)
[Layer Freezing] Training last 4 transformer layers (layers 8-11)
[Layer Freezing] Trainable params: 28,384,555 / 108,924,715 (26.1%)
[Layer Freezing] Training last 4 transformer layers (layers 8-11)
[Layer Freezing] Trainable params: 28,384,555 / 108,924,715 (26.1%)
[Layer Freezing] Training last 4 transformer layers (layers 8-11)
[Layer Freezing] Trainable params: 28,384,555 / 108,924,715 (26.1%)
[Layer Freezing] Training last 4 transformer layers (layers 8-11)
[Layer Freezing] Trainable params: 28,384,555 / 108,924,715 (26.1%)
[Layer Freezing] Training last 4 transformer layers (layers 8-11)
[Layer Freezing] Trainable params: 28,384,555 / 108,924,715 (26.1%)
[Layer Freezing] Training last 4 transformer layers (layers 8-11)
[Layer Freezing] Trainable params: 28,384,555 / 108,924,715 (26.1%)
[Round 96] T=1.64  α_ce=0.71  α_kd=0.29
 Round 96 | F1 0.4999 | P 0.6213 | R 0.4181 | Time 44.9s | Comm N/A | Local Avg F1: 0.4307

=== Round 97/100 ===
[Round 97] KD=ON | policy=ema_first
[Layer Freezing] Training last 4 transformer layers (layers 8-11)
[Layer Freezing] Trainable params: 28,384,555 / 108,924,715 (26.1%)
[Layer Freezing] Training last 4 transformer layers (layers 8-11)
[Layer Freezing] Trainable params: 28,384,555 / 108,924,715 (26.1%)
[Layer Freezing] Training last 4 transformer layers (layers 8-11)
[Layer Freezing] Trainable params: 28,384,555 / 108,924,715 (26.1%)
[Layer Freezing] Training last 4 transformer layers (layers 8-11)
[Layer Freezing] Trainable params: 28,384,555 / 108,924,715 (26.1%)
[Layer Freezing] Training last 4 transformer layers (layers 8-11)
[Layer Freezing] Trainable params: 28,384,555 / 108,924,715 (26.1%)
[Layer Freezing] Training last 4 transformer layers (layers 8-11)
[Layer Freezing] Trainable params: 28,384,555 / 108,924,715 (26.1%)
[Layer Freezing] Training last 4 transformer layers (layers 8-11)
[Layer Freezing] Trainable params: 28,384,555 / 108,924,715 (26.1%)
[Layer Freezing] Training last 4 transformer layers (layers 8-11)
[Layer Freezing] Trainable params: 28,384,555 / 108,924,715 (26.1%)
[Layer Freezing] Training last 4 transformer layers (layers 8-11)
[Layer Freezing] Trainable params: 28,384,555 / 108,924,715 (26.1%)
[Layer Freezing] Training last 4 transformer layers (layers 8-11)
[Layer Freezing] Trainable params: 28,384,555 / 108,924,715 (26.1%)
[Round 97] T=1.61  α_ce=0.71  α_kd=0.29
 Round 97 | F1 0.4928 | P 0.6265 | R 0.4061 | Time 43.5s | Comm N/A | Local Avg F1: 0.4249

=== Round 98/100 ===
[Round 98] KD=ON | policy=ema_first
[Layer Freezing] Training last 4 transformer layers (layers 8-11)
[Layer Freezing] Trainable params: 28,384,555 / 108,924,715 (26.1%)
[Layer Freezing] Training last 4 transformer layers (layers 8-11)
[Layer Freezing] Trainable params: 28,384,555 / 108,924,715 (26.1%)
[Layer Freezing] Training last 4 transformer layers (layers 8-11)
[Layer Freezing] Trainable params: 28,384,555 / 108,924,715 (26.1%)
[Layer Freezing] Training last 4 transformer layers (layers 8-11)
[Layer Freezing] Trainable params: 28,384,555 / 108,924,715 (26.1%)
[Layer Freezing] Training last 4 transformer layers (layers 8-11)
[Layer Freezing] Trainable params: 28,384,555 / 108,924,715 (26.1%)
[Layer Freezing] Training last 4 transformer layers (layers 8-11)
[Layer Freezing] Trainable params: 28,384,555 / 108,924,715 (26.1%)
[Layer Freezing] Training last 4 transformer layers (layers 8-11)
[Layer Freezing] Trainable params: 28,384,555 / 108,924,715 (26.1%)
[Layer Freezing] Training last 4 transformer layers (layers 8-11)
[Layer Freezing] Trainable params: 28,384,555 / 108,924,715 (26.1%)
[Layer Freezing] Training last 4 transformer layers (layers 8-11)
[Layer Freezing] Trainable params: 28,384,555 / 108,924,715 (26.1%)
[Layer Freezing] Training last 4 transformer layers (layers 8-11)
[Layer Freezing] Trainable params: 28,384,555 / 108,924,715 (26.1%)
[Round 98] T=1.57  α_ce=0.71  α_kd=0.29
 Round 98 | F1 0.4981 | P 0.6231 | R 0.4149 | Time 44.1s | Comm N/A | Local Avg F1: 0.4269

=== Round 99/100 ===
[Round 99] KD=ON | policy=ema_first
[Layer Freezing] Training last 4 transformer layers (layers 8-11)
[Layer Freezing] Trainable params: 28,384,555 / 108,924,715 (26.1%)
[Layer Freezing] Training last 4 transformer layers (layers 8-11)
[Layer Freezing] Trainable params: 28,384,555 / 108,924,715 (26.1%)
[Layer Freezing] Training last 4 transformer layers (layers 8-11)
[Layer Freezing] Trainable params: 28,384,555 / 108,924,715 (26.1%)
[Layer Freezing] Training last 4 transformer layers (layers 8-11)
[Layer Freezing] Trainable params: 28,384,555 / 108,924,715 (26.1%)
[Layer Freezing] Training last 4 transformer layers (layers 8-11)
[Layer Freezing] Trainable params: 28,384,555 / 108,924,715 (26.1%)
[Layer Freezing] Training last 4 transformer layers (layers 8-11)
[Layer Freezing] Trainable params: 28,384,555 / 108,924,715 (26.1%)
[Layer Freezing] Training last 4 transformer layers (layers 8-11)
[Layer Freezing] Trainable params: 28,384,555 / 108,924,715 (26.1%)
[Layer Freezing] Training last 4 transformer layers (layers 8-11)
[Layer Freezing] Trainable params: 28,384,555 / 108,924,715 (26.1%)
[Layer Freezing] Training last 4 transformer layers (layers 8-11)
[Layer Freezing] Trainable params: 28,384,555 / 108,924,715 (26.1%)
[Layer Freezing] Training last 4 transformer layers (layers 8-11)
[Layer Freezing] Trainable params: 28,384,555 / 108,924,715 (26.1%)
[Round 99] T=1.54  α_ce=0.70  α_kd=0.30
 Round 99 | F1 0.5043 | P 0.6243 | R 0.4230 | Time 45.0s | Comm N/A | Local Avg F1: 0.4291

=== Round 100/100 ===
[Round 100] KD=ON | policy=ema_first
[Layer Freezing] Training last 4 transformer layers (layers 8-11)
[Layer Freezing] Trainable params: 28,384,555 / 108,924,715 (26.1%)
[Layer Freezing] Training last 4 transformer layers (layers 8-11)
[Layer Freezing] Trainable params: 28,384,555 / 108,924,715 (26.1%)
[Layer Freezing] Training last 4 transformer layers (layers 8-11)
[Layer Freezing] Trainable params: 28,384,555 / 108,924,715 (26.1%)
[Layer Freezing] Training last 4 transformer layers (layers 8-11)
[Layer Freezing] Trainable params: 28,384,555 / 108,924,715 (26.1%)
[Layer Freezing] Training last 4 transformer layers (layers 8-11)
[Layer Freezing] Trainable params: 28,384,555 / 108,924,715 (26.1%)
[Layer Freezing] Training last 4 transformer layers (layers 8-11)
[Layer Freezing] Trainable params: 28,384,555 / 108,924,715 (26.1%)
[Layer Freezing] Training last 4 transformer layers (layers 8-11)
[Layer Freezing] Trainable params: 28,384,555 / 108,924,715 (26.1%)
[Layer Freezing] Training last 4 transformer layers (layers 8-11)
[Layer Freezing] Trainable params: 28,384,555 / 108,924,715 (26.1%)
[Layer Freezing] Training last 4 transformer layers (layers 8-11)
[Layer Freezing] Trainable params: 28,384,555 / 108,924,715 (26.1%)
[Layer Freezing] Training last 4 transformer layers (layers 8-11)
[Layer Freezing] Trainable params: 28,384,555 / 108,924,715 (26.1%)
[Round 100] T=1.50  α_ce=0.70  α_kd=0.30
 Round 100 | F1 0.5030 | P 0.6219 | R 0.4223 | Time 44.8s | Comm N/A | Local Avg F1: 0.4298
[save_json] Saved: results/FedSAD_20250819_080821/fed_results.json
[save_json] Backup: results/FedSAD_20250819_080821/fed_results_20250819_092224.json
== FedSAD 0.1==
📁 从本地加载模型: /root/autodl-tmp/new/fedner/models/microsoft_BiomedNLP-PubMedBERT-base-uncased-abstract
Some weights of BertForTokenClassification were not initialized from the model checkpoint at /root/autodl-tmp/new/fedner/models/microsoft_BiomedNLP-PubMedBERT-base-uncased-abstract and are newly initialized because the shapes did not match:
- classifier.bias: found shape torch.Size([2]) in the checkpoint and torch.Size([43]) in the model instantiated
- classifier.weight: found shape torch.Size([2, 768]) in the checkpoint and torch.Size([43, 768]) in the model instantiated
You should probably TRAIN this model on a down-stream task to be able to use it for predictions and inference.
Using device: cuda
📁 从本地加载模型: /root/autodl-tmp/new/fedner/models/microsoft_BiomedNLP-PubMedBERT-base-uncased-abstract
Some weights of BertForTokenClassification were not initialized from the model checkpoint at /root/autodl-tmp/new/fedner/models/microsoft_BiomedNLP-PubMedBERT-base-uncased-abstract and are newly initialized because the shapes did not match:
- classifier.bias: found shape torch.Size([2]) in the checkpoint and torch.Size([43]) in the model instantiated
- classifier.weight: found shape torch.Size([2, 768]) in the checkpoint and torch.Size([43, 768]) in the model instantiated
You should probably TRAIN this model on a down-stream task to be able to use it for predictions and inference.

============================================================
EXPERIMENT CONFIGURATION
============================================================
Algorithm: FedSAD | Clients: 10 (100% per round) | Rounds: 100, Local epochs: 2 | Training: Last 4 layers | Sampling: 200 samples per client (random) | Data: Non-IID (α=0.1)
------------------------------------------------------------
Algorithm-specific parameters for FedSAD:
  - use_distillation: True
  - kd_start_round: 2
  - teacher_policy: ema_first
  - temperature_start: 2.0, temperature_end: 2.0
  - alpha_ce_start: 1.0, alpha_ce_end: 1.0
  - alpha_kd_start: 1.0, alpha_kd_end: 1.0
  - hidden_distill: False, alpha_hidden: 0.0
  - o_downweight: 1.0
============================================================

Model initialized: 108,924,715/108,924,715 trainable params (100.0%)

=== Round 1/100 ===
[Round 1] KD=OFF | policy=ema_first
[Layer Freezing] Training last 4 transformer layers (layers 8-11)
[Layer Freezing] Trainable params: 28,384,555 / 108,924,715 (26.1%)
/root/miniconda3/lib/python3.12/site-packages/torch/nn/modules/module.py:1762: FutureWarning: `encoder_attention_mask` is deprecated and will be removed in version 4.55.0 for `BertSdpaSelfAttention.forward`.
  return forward_call(*args, **kwargs)
[Layer Freezing] Training last 4 transformer layers (layers 8-11)
[Layer Freezing] Trainable params: 28,384,555 / 108,924,715 (26.1%)
[Layer Freezing] Training last 4 transformer layers (layers 8-11)
[Layer Freezing] Trainable params: 28,384,555 / 108,924,715 (26.1%)
[Layer Freezing] Training last 4 transformer layers (layers 8-11)
[Layer Freezing] Trainable params: 28,384,555 / 108,924,715 (26.1%)
[Layer Freezing] Training last 4 transformer layers (layers 8-11)
[Layer Freezing] Trainable params: 28,384,555 / 108,924,715 (26.1%)
[Layer Freezing] Training last 4 transformer layers (layers 8-11)
[Layer Freezing] Trainable params: 28,384,555 / 108,924,715 (26.1%)
[Layer Freezing] Training last 4 transformer layers (layers 8-11)
[Layer Freezing] Trainable params: 28,384,555 / 108,924,715 (26.1%)
[Layer Freezing] Training last 4 transformer layers (layers 8-11)
[Layer Freezing] Trainable params: 28,384,555 / 108,924,715 (26.1%)
[Layer Freezing] Training last 4 transformer layers (layers 8-11)
[Layer Freezing] Trainable params: 28,384,555 / 108,924,715 (26.1%)
[Layer Freezing] Training last 4 transformer layers (layers 8-11)
[Layer Freezing] Trainable params: 28,384,555 / 108,924,715 (26.1%)
[Round 1] T=2.00  α_ce=1.00  α_kd=0.00
/root/miniconda3/lib/python3.12/site-packages/seqeval/metrics/v1.py:57: UndefinedMetricWarning: Precision is ill-defined and being set to 0.0 due to no predicted samples. Use `zero_division` parameter to control this behavior.
  _warn_prf(average, modifier, msg_start, len(result))
 Round 1 | F1 0.0000 | P 0.0000 | R 0.0000 | Time 38.7s | Comm N/A | Local Avg F1: 0.0000

=== Round 2/100 ===
[Round 2] KD=ON | policy=ema_first
[Layer Freezing] Training last 4 transformer layers (layers 8-11)
[Layer Freezing] Trainable params: 28,384,555 / 108,924,715 (26.1%)
[Layer Freezing] Training last 4 transformer layers (layers 8-11)
[Layer Freezing] Trainable params: 28,384,555 / 108,924,715 (26.1%)
[Layer Freezing] Training last 4 transformer layers (layers 8-11)
[Layer Freezing] Trainable params: 28,384,555 / 108,924,715 (26.1%)
[Layer Freezing] Training last 4 transformer layers (layers 8-11)
[Layer Freezing] Trainable params: 28,384,555 / 108,924,715 (26.1%)
[Layer Freezing] Training last 4 transformer layers (layers 8-11)
[Layer Freezing] Trainable params: 28,384,555 / 108,924,715 (26.1%)
[Layer Freezing] Training last 4 transformer layers (layers 8-11)
[Layer Freezing] Trainable params: 28,384,555 / 108,924,715 (26.1%)
[Layer Freezing] Training last 4 transformer layers (layers 8-11)
[Layer Freezing] Trainable params: 28,384,555 / 108,924,715 (26.1%)
[Layer Freezing] Training last 4 transformer layers (layers 8-11)
[Layer Freezing] Trainable params: 28,384,555 / 108,924,715 (26.1%)
[Layer Freezing] Training last 4 transformer layers (layers 8-11)
[Layer Freezing] Trainable params: 28,384,555 / 108,924,715 (26.1%)
[Layer Freezing] Training last 4 transformer layers (layers 8-11)
[Layer Freezing] Trainable params: 28,384,555 / 108,924,715 (26.1%)
[Round 2] T=2.00  α_ce=1.00  α_kd=1.00
 Round 2 | F1 0.0000 | P 0.0000 | R 0.0000 | Time 43.1s | Comm N/A | Local Avg F1: 0.0000

=== Round 3/100 ===
[Round 3] KD=ON | policy=ema_first
[Layer Freezing] Training last 4 transformer layers (layers 8-11)
[Layer Freezing] Trainable params: 28,384,555 / 108,924,715 (26.1%)
[Layer Freezing] Training last 4 transformer layers (layers 8-11)
[Layer Freezing] Trainable params: 28,384,555 / 108,924,715 (26.1%)
[Layer Freezing] Training last 4 transformer layers (layers 8-11)
[Layer Freezing] Trainable params: 28,384,555 / 108,924,715 (26.1%)
[Layer Freezing] Training last 4 transformer layers (layers 8-11)
[Layer Freezing] Trainable params: 28,384,555 / 108,924,715 (26.1%)
[Layer Freezing] Training last 4 transformer layers (layers 8-11)
[Layer Freezing] Trainable params: 28,384,555 / 108,924,715 (26.1%)
[Layer Freezing] Training last 4 transformer layers (layers 8-11)
[Layer Freezing] Trainable params: 28,384,555 / 108,924,715 (26.1%)
[Layer Freezing] Training last 4 transformer layers (layers 8-11)
[Layer Freezing] Trainable params: 28,384,555 / 108,924,715 (26.1%)
[Layer Freezing] Training last 4 transformer layers (layers 8-11)
[Layer Freezing] Trainable params: 28,384,555 / 108,924,715 (26.1%)
[Layer Freezing] Training last 4 transformer layers (layers 8-11)
[Layer Freezing] Trainable params: 28,384,555 / 108,924,715 (26.1%)
[Layer Freezing] Training last 4 transformer layers (layers 8-11)
[Layer Freezing] Trainable params: 28,384,555 / 108,924,715 (26.1%)
[Round 3] T=2.00  α_ce=1.00  α_kd=1.00
 Round 3 | F1 0.0000 | P 0.0000 | R 0.0000 | Time 42.9s | Comm N/A | Local Avg F1: 0.0000

=== Round 4/100 ===
[Round 4] KD=ON | policy=ema_first
[Layer Freezing] Training last 4 transformer layers (layers 8-11)
[Layer Freezing] Trainable params: 28,384,555 / 108,924,715 (26.1%)
[Layer Freezing] Training last 4 transformer layers (layers 8-11)
[Layer Freezing] Trainable params: 28,384,555 / 108,924,715 (26.1%)
[Layer Freezing] Training last 4 transformer layers (layers 8-11)
[Layer Freezing] Trainable params: 28,384,555 / 108,924,715 (26.1%)
[Layer Freezing] Training last 4 transformer layers (layers 8-11)
[Layer Freezing] Trainable params: 28,384,555 / 108,924,715 (26.1%)
[Layer Freezing] Training last 4 transformer layers (layers 8-11)
[Layer Freezing] Trainable params: 28,384,555 / 108,924,715 (26.1%)
[Layer Freezing] Training last 4 transformer layers (layers 8-11)
[Layer Freezing] Trainable params: 28,384,555 / 108,924,715 (26.1%)
[Layer Freezing] Training last 4 transformer layers (layers 8-11)
[Layer Freezing] Trainable params: 28,384,555 / 108,924,715 (26.1%)
[Layer Freezing] Training last 4 transformer layers (layers 8-11)
[Layer Freezing] Trainable params: 28,384,555 / 108,924,715 (26.1%)
[Layer Freezing] Training last 4 transformer layers (layers 8-11)
[Layer Freezing] Trainable params: 28,384,555 / 108,924,715 (26.1%)
[Layer Freezing] Training last 4 transformer layers (layers 8-11)
[Layer Freezing] Trainable params: 28,384,555 / 108,924,715 (26.1%)
[Round 4] T=2.00  α_ce=1.00  α_kd=1.00
 Round 4 | F1 0.0005 | P 0.6316 | R 0.0003 | Time 43.5s | Comm N/A | Local Avg F1: 0.0004

=== Round 5/100 ===
[Round 5] KD=ON | policy=ema_first
[Layer Freezing] Training last 4 transformer layers (layers 8-11)
[Layer Freezing] Trainable params: 28,384,555 / 108,924,715 (26.1%)
[Layer Freezing] Training last 4 transformer layers (layers 8-11)
[Layer Freezing] Trainable params: 28,384,555 / 108,924,715 (26.1%)
[Layer Freezing] Training last 4 transformer layers (layers 8-11)
[Layer Freezing] Trainable params: 28,384,555 / 108,924,715 (26.1%)
[Layer Freezing] Training last 4 transformer layers (layers 8-11)
[Layer Freezing] Trainable params: 28,384,555 / 108,924,715 (26.1%)
[Layer Freezing] Training last 4 transformer layers (layers 8-11)
[Layer Freezing] Trainable params: 28,384,555 / 108,924,715 (26.1%)
[Layer Freezing] Training last 4 transformer layers (layers 8-11)
[Layer Freezing] Trainable params: 28,384,555 / 108,924,715 (26.1%)
[Layer Freezing] Training last 4 transformer layers (layers 8-11)
[Layer Freezing] Trainable params: 28,384,555 / 108,924,715 (26.1%)
[Layer Freezing] Training last 4 transformer layers (layers 8-11)
[Layer Freezing] Trainable params: 28,384,555 / 108,924,715 (26.1%)
[Layer Freezing] Training last 4 transformer layers (layers 8-11)
[Layer Freezing] Trainable params: 28,384,555 / 108,924,715 (26.1%)
[Layer Freezing] Training last 4 transformer layers (layers 8-11)
[Layer Freezing] Trainable params: 28,384,555 / 108,924,715 (26.1%)
[Round 5] T=2.00  α_ce=1.00  α_kd=1.00
 Round 5 | F1 0.0125 | P 0.6427 | R 0.0063 | Time 43.3s | Comm N/A | Local Avg F1: 0.0073

=== Round 6/100 ===
[Round 6] KD=ON | policy=ema_first
[Layer Freezing] Training last 4 transformer layers (layers 8-11)
[Layer Freezing] Trainable params: 28,384,555 / 108,924,715 (26.1%)
[Layer Freezing] Training last 4 transformer layers (layers 8-11)
[Layer Freezing] Trainable params: 28,384,555 / 108,924,715 (26.1%)
[Layer Freezing] Training last 4 transformer layers (layers 8-11)
[Layer Freezing] Trainable params: 28,384,555 / 108,924,715 (26.1%)
[Layer Freezing] Training last 4 transformer layers (layers 8-11)
[Layer Freezing] Trainable params: 28,384,555 / 108,924,715 (26.1%)
[Layer Freezing] Training last 4 transformer layers (layers 8-11)
[Layer Freezing] Trainable params: 28,384,555 / 108,924,715 (26.1%)
[Layer Freezing] Training last 4 transformer layers (layers 8-11)
[Layer Freezing] Trainable params: 28,384,555 / 108,924,715 (26.1%)
[Layer Freezing] Training last 4 transformer layers (layers 8-11)
[Layer Freezing] Trainable params: 28,384,555 / 108,924,715 (26.1%)
[Layer Freezing] Training last 4 transformer layers (layers 8-11)
[Layer Freezing] Trainable params: 28,384,555 / 108,924,715 (26.1%)
[Layer Freezing] Training last 4 transformer layers (layers 8-11)
[Layer Freezing] Trainable params: 28,384,555 / 108,924,715 (26.1%)
[Layer Freezing] Training last 4 transformer layers (layers 8-11)
[Layer Freezing] Trainable params: 28,384,555 / 108,924,715 (26.1%)
[Round 6] T=2.00  α_ce=1.00  α_kd=1.00
 Round 6 | F1 0.1102 | P 0.5651 | R 0.0610 | Time 41.7s | Comm N/A | Local Avg F1: 0.0564

=== Round 7/100 ===
[Round 7] KD=ON | policy=ema_first
[Layer Freezing] Training last 4 transformer layers (layers 8-11)
[Layer Freezing] Trainable params: 28,384,555 / 108,924,715 (26.1%)
[Layer Freezing] Training last 4 transformer layers (layers 8-11)
[Layer Freezing] Trainable params: 28,384,555 / 108,924,715 (26.1%)
[Layer Freezing] Training last 4 transformer layers (layers 8-11)
[Layer Freezing] Trainable params: 28,384,555 / 108,924,715 (26.1%)
[Layer Freezing] Training last 4 transformer layers (layers 8-11)
[Layer Freezing] Trainable params: 28,384,555 / 108,924,715 (26.1%)
[Layer Freezing] Training last 4 transformer layers (layers 8-11)
[Layer Freezing] Trainable params: 28,384,555 / 108,924,715 (26.1%)
[Layer Freezing] Training last 4 transformer layers (layers 8-11)
[Layer Freezing] Trainable params: 28,384,555 / 108,924,715 (26.1%)
[Layer Freezing] Training last 4 transformer layers (layers 8-11)
[Layer Freezing] Trainable params: 28,384,555 / 108,924,715 (26.1%)
[Layer Freezing] Training last 4 transformer layers (layers 8-11)
[Layer Freezing] Trainable params: 28,384,555 / 108,924,715 (26.1%)
[Layer Freezing] Training last 4 transformer layers (layers 8-11)
[Layer Freezing] Trainable params: 28,384,555 / 108,924,715 (26.1%)
[Layer Freezing] Training last 4 transformer layers (layers 8-11)
[Layer Freezing] Trainable params: 28,384,555 / 108,924,715 (26.1%)
[Round 7] T=2.00  α_ce=1.00  α_kd=1.00
 Round 7 | F1 0.1014 | P 0.5515 | R 0.0559 | Time 43.2s | Comm N/A | Local Avg F1: 0.0474

=== Round 8/100 ===
[Round 8] KD=ON | policy=ema_first
[Layer Freezing] Training last 4 transformer layers (layers 8-11)
[Layer Freezing] Trainable params: 28,384,555 / 108,924,715 (26.1%)
[Layer Freezing] Training last 4 transformer layers (layers 8-11)
[Layer Freezing] Trainable params: 28,384,555 / 108,924,715 (26.1%)
[Layer Freezing] Training last 4 transformer layers (layers 8-11)
[Layer Freezing] Trainable params: 28,384,555 / 108,924,715 (26.1%)
[Layer Freezing] Training last 4 transformer layers (layers 8-11)
[Layer Freezing] Trainable params: 28,384,555 / 108,924,715 (26.1%)
[Layer Freezing] Training last 4 transformer layers (layers 8-11)
[Layer Freezing] Trainable params: 28,384,555 / 108,924,715 (26.1%)
[Layer Freezing] Training last 4 transformer layers (layers 8-11)
[Layer Freezing] Trainable params: 28,384,555 / 108,924,715 (26.1%)
[Layer Freezing] Training last 4 transformer layers (layers 8-11)
[Layer Freezing] Trainable params: 28,384,555 / 108,924,715 (26.1%)
[Layer Freezing] Training last 4 transformer layers (layers 8-11)
[Layer Freezing] Trainable params: 28,384,555 / 108,924,715 (26.1%)
[Layer Freezing] Training last 4 transformer layers (layers 8-11)
[Layer Freezing] Trainable params: 28,384,555 / 108,924,715 (26.1%)
[Layer Freezing] Training last 4 transformer layers (layers 8-11)
[Layer Freezing] Trainable params: 28,384,555 / 108,924,715 (26.1%)
[Round 8] T=2.00  α_ce=1.00  α_kd=1.00
 Round 8 | F1 0.1559 | P 0.5462 | R 0.0909 | Time 43.2s | Comm N/A | Local Avg F1: 0.0844

=== Round 9/100 ===
[Round 9] KD=ON | policy=ema_first
[Layer Freezing] Training last 4 transformer layers (layers 8-11)
[Layer Freezing] Trainable params: 28,384,555 / 108,924,715 (26.1%)
[Layer Freezing] Training last 4 transformer layers (layers 8-11)
[Layer Freezing] Trainable params: 28,384,555 / 108,924,715 (26.1%)
[Layer Freezing] Training last 4 transformer layers (layers 8-11)
[Layer Freezing] Trainable params: 28,384,555 / 108,924,715 (26.1%)
[Layer Freezing] Training last 4 transformer layers (layers 8-11)
[Layer Freezing] Trainable params: 28,384,555 / 108,924,715 (26.1%)
[Layer Freezing] Training last 4 transformer layers (layers 8-11)
[Layer Freezing] Trainable params: 28,384,555 / 108,924,715 (26.1%)
[Layer Freezing] Training last 4 transformer layers (layers 8-11)
[Layer Freezing] Trainable params: 28,384,555 / 108,924,715 (26.1%)
[Layer Freezing] Training last 4 transformer layers (layers 8-11)
[Layer Freezing] Trainable params: 28,384,555 / 108,924,715 (26.1%)
[Layer Freezing] Training last 4 transformer layers (layers 8-11)
[Layer Freezing] Trainable params: 28,384,555 / 108,924,715 (26.1%)
[Layer Freezing] Training last 4 transformer layers (layers 8-11)
[Layer Freezing] Trainable params: 28,384,555 / 108,924,715 (26.1%)
[Layer Freezing] Training last 4 transformer layers (layers 8-11)
[Layer Freezing] Trainable params: 28,384,555 / 108,924,715 (26.1%)
[Round 9] T=2.00  α_ce=1.00  α_kd=1.00
 Round 9 | F1 0.2069 | P 0.5067 | R 0.1300 | Time 42.1s | Comm N/A | Local Avg F1: 0.1116

=== Round 10/100 ===
[Round 10] KD=ON | policy=ema_first
[Layer Freezing] Training last 4 transformer layers (layers 8-11)
[Layer Freezing] Trainable params: 28,384,555 / 108,924,715 (26.1%)
[Layer Freezing] Training last 4 transformer layers (layers 8-11)
[Layer Freezing] Trainable params: 28,384,555 / 108,924,715 (26.1%)
[Layer Freezing] Training last 4 transformer layers (layers 8-11)
[Layer Freezing] Trainable params: 28,384,555 / 108,924,715 (26.1%)
[Layer Freezing] Training last 4 transformer layers (layers 8-11)
[Layer Freezing] Trainable params: 28,384,555 / 108,924,715 (26.1%)
[Layer Freezing] Training last 4 transformer layers (layers 8-11)
[Layer Freezing] Trainable params: 28,384,555 / 108,924,715 (26.1%)
[Layer Freezing] Training last 4 transformer layers (layers 8-11)
[Layer Freezing] Trainable params: 28,384,555 / 108,924,715 (26.1%)
[Layer Freezing] Training last 4 transformer layers (layers 8-11)
[Layer Freezing] Trainable params: 28,384,555 / 108,924,715 (26.1%)
[Layer Freezing] Training last 4 transformer layers (layers 8-11)
[Layer Freezing] Trainable params: 28,384,555 / 108,924,715 (26.1%)
[Layer Freezing] Training last 4 transformer layers (layers 8-11)
[Layer Freezing] Trainable params: 28,384,555 / 108,924,715 (26.1%)
[Layer Freezing] Training last 4 transformer layers (layers 8-11)
[Layer Freezing] Trainable params: 28,384,555 / 108,924,715 (26.1%)
[Round 10] T=2.00  α_ce=1.00  α_kd=1.00
 Round 10 | F1 0.1533 | P 0.5637 | R 0.0887 | Time 43.9s | Comm N/A | Local Avg F1: 0.0800

=== Round 11/100 ===
[Round 11] KD=ON | policy=ema_first
[Layer Freezing] Training last 4 transformer layers (layers 8-11)
[Layer Freezing] Trainable params: 28,384,555 / 108,924,715 (26.1%)
[Layer Freezing] Training last 4 transformer layers (layers 8-11)
[Layer Freezing] Trainable params: 28,384,555 / 108,924,715 (26.1%)
[Layer Freezing] Training last 4 transformer layers (layers 8-11)
[Layer Freezing] Trainable params: 28,384,555 / 108,924,715 (26.1%)
[Layer Freezing] Training last 4 transformer layers (layers 8-11)
[Layer Freezing] Trainable params: 28,384,555 / 108,924,715 (26.1%)
[Layer Freezing] Training last 4 transformer layers (layers 8-11)
[Layer Freezing] Trainable params: 28,384,555 / 108,924,715 (26.1%)
[Layer Freezing] Training last 4 transformer layers (layers 8-11)
[Layer Freezing] Trainable params: 28,384,555 / 108,924,715 (26.1%)
[Layer Freezing] Training last 4 transformer layers (layers 8-11)
[Layer Freezing] Trainable params: 28,384,555 / 108,924,715 (26.1%)
[Layer Freezing] Training last 4 transformer layers (layers 8-11)
[Layer Freezing] Trainable params: 28,384,555 / 108,924,715 (26.1%)
[Layer Freezing] Training last 4 transformer layers (layers 8-11)
[Layer Freezing] Trainable params: 28,384,555 / 108,924,715 (26.1%)
[Layer Freezing] Training last 4 transformer layers (layers 8-11)
[Layer Freezing] Trainable params: 28,384,555 / 108,924,715 (26.1%)
[Round 11] T=2.00  α_ce=1.00  α_kd=1.00
 Round 11 | F1 0.2028 | P 0.5487 | R 0.1244 | Time 42.2s | Comm N/A | Local Avg F1: 0.1236

=== Round 12/100 ===
[Round 12] KD=ON | policy=ema_first
[Layer Freezing] Training last 4 transformer layers (layers 8-11)
[Layer Freezing] Trainable params: 28,384,555 / 108,924,715 (26.1%)
[Layer Freezing] Training last 4 transformer layers (layers 8-11)
[Layer Freezing] Trainable params: 28,384,555 / 108,924,715 (26.1%)
[Layer Freezing] Training last 4 transformer layers (layers 8-11)
[Layer Freezing] Trainable params: 28,384,555 / 108,924,715 (26.1%)
[Layer Freezing] Training last 4 transformer layers (layers 8-11)
[Layer Freezing] Trainable params: 28,384,555 / 108,924,715 (26.1%)
[Layer Freezing] Training last 4 transformer layers (layers 8-11)
[Layer Freezing] Trainable params: 28,384,555 / 108,924,715 (26.1%)
[Layer Freezing] Training last 4 transformer layers (layers 8-11)
[Layer Freezing] Trainable params: 28,384,555 / 108,924,715 (26.1%)
[Layer Freezing] Training last 4 transformer layers (layers 8-11)
[Layer Freezing] Trainable params: 28,384,555 / 108,924,715 (26.1%)
[Layer Freezing] Training last 4 transformer layers (layers 8-11)
[Layer Freezing] Trainable params: 28,384,555 / 108,924,715 (26.1%)
[Layer Freezing] Training last 4 transformer layers (layers 8-11)
[Layer Freezing] Trainable params: 28,384,555 / 108,924,715 (26.1%)
[Layer Freezing] Training last 4 transformer layers (layers 8-11)
[Layer Freezing] Trainable params: 28,384,555 / 108,924,715 (26.1%)
[Round 12] T=2.00  α_ce=1.00  α_kd=1.00
 Round 12 | F1 0.2134 | P 0.5505 | R 0.1323 | Time 42.9s | Comm N/A | Local Avg F1: 0.1297

=== Round 13/100 ===
[Round 13] KD=ON | policy=ema_first
[Layer Freezing] Training last 4 transformer layers (layers 8-11)
[Layer Freezing] Trainable params: 28,384,555 / 108,924,715 (26.1%)
[Layer Freezing] Training last 4 transformer layers (layers 8-11)
[Layer Freezing] Trainable params: 28,384,555 / 108,924,715 (26.1%)
[Layer Freezing] Training last 4 transformer layers (layers 8-11)
[Layer Freezing] Trainable params: 28,384,555 / 108,924,715 (26.1%)
[Layer Freezing] Training last 4 transformer layers (layers 8-11)
[Layer Freezing] Trainable params: 28,384,555 / 108,924,715 (26.1%)
[Layer Freezing] Training last 4 transformer layers (layers 8-11)
[Layer Freezing] Trainable params: 28,384,555 / 108,924,715 (26.1%)
[Layer Freezing] Training last 4 transformer layers (layers 8-11)
[Layer Freezing] Trainable params: 28,384,555 / 108,924,715 (26.1%)
[Layer Freezing] Training last 4 transformer layers (layers 8-11)
[Layer Freezing] Trainable params: 28,384,555 / 108,924,715 (26.1%)
[Layer Freezing] Training last 4 transformer layers (layers 8-11)
[Layer Freezing] Trainable params: 28,384,555 / 108,924,715 (26.1%)
[Layer Freezing] Training last 4 transformer layers (layers 8-11)
[Layer Freezing] Trainable params: 28,384,555 / 108,924,715 (26.1%)
[Layer Freezing] Training last 4 transformer layers (layers 8-11)
[Layer Freezing] Trainable params: 28,384,555 / 108,924,715 (26.1%)
[Round 13] T=2.00  α_ce=1.00  α_kd=1.00
 Round 13 | F1 0.2317 | P 0.5450 | R 0.1471 | Time 42.8s | Comm N/A | Local Avg F1: 0.1511

=== Round 14/100 ===
[Round 14] KD=ON | policy=ema_first
[Layer Freezing] Training last 4 transformer layers (layers 8-11)
[Layer Freezing] Trainable params: 28,384,555 / 108,924,715 (26.1%)
[Layer Freezing] Training last 4 transformer layers (layers 8-11)
[Layer Freezing] Trainable params: 28,384,555 / 108,924,715 (26.1%)
[Layer Freezing] Training last 4 transformer layers (layers 8-11)
[Layer Freezing] Trainable params: 28,384,555 / 108,924,715 (26.1%)
[Layer Freezing] Training last 4 transformer layers (layers 8-11)
[Layer Freezing] Trainable params: 28,384,555 / 108,924,715 (26.1%)
[Layer Freezing] Training last 4 transformer layers (layers 8-11)
[Layer Freezing] Trainable params: 28,384,555 / 108,924,715 (26.1%)
[Layer Freezing] Training last 4 transformer layers (layers 8-11)
[Layer Freezing] Trainable params: 28,384,555 / 108,924,715 (26.1%)
[Layer Freezing] Training last 4 transformer layers (layers 8-11)
[Layer Freezing] Trainable params: 28,384,555 / 108,924,715 (26.1%)
[Layer Freezing] Training last 4 transformer layers (layers 8-11)
[Layer Freezing] Trainable params: 28,384,555 / 108,924,715 (26.1%)
[Layer Freezing] Training last 4 transformer layers (layers 8-11)
[Layer Freezing] Trainable params: 28,384,555 / 108,924,715 (26.1%)
[Layer Freezing] Training last 4 transformer layers (layers 8-11)
[Layer Freezing] Trainable params: 28,384,555 / 108,924,715 (26.1%)
[Round 14] T=2.00  α_ce=1.00  α_kd=1.00
 Round 14 | F1 0.2399 | P 0.5382 | R 0.1544 | Time 42.6s | Comm N/A | Local Avg F1: 0.1566

=== Round 15/100 ===
[Round 15] KD=ON | policy=ema_first
[Layer Freezing] Training last 4 transformer layers (layers 8-11)
[Layer Freezing] Trainable params: 28,384,555 / 108,924,715 (26.1%)
[Layer Freezing] Training last 4 transformer layers (layers 8-11)
[Layer Freezing] Trainable params: 28,384,555 / 108,924,715 (26.1%)
[Layer Freezing] Training last 4 transformer layers (layers 8-11)
[Layer Freezing] Trainable params: 28,384,555 / 108,924,715 (26.1%)
[Layer Freezing] Training last 4 transformer layers (layers 8-11)
[Layer Freezing] Trainable params: 28,384,555 / 108,924,715 (26.1%)
[Layer Freezing] Training last 4 transformer layers (layers 8-11)
[Layer Freezing] Trainable params: 28,384,555 / 108,924,715 (26.1%)
[Layer Freezing] Training last 4 transformer layers (layers 8-11)
[Layer Freezing] Trainable params: 28,384,555 / 108,924,715 (26.1%)
[Layer Freezing] Training last 4 transformer layers (layers 8-11)
[Layer Freezing] Trainable params: 28,384,555 / 108,924,715 (26.1%)
[Layer Freezing] Training last 4 transformer layers (layers 8-11)
[Layer Freezing] Trainable params: 28,384,555 / 108,924,715 (26.1%)
[Layer Freezing] Training last 4 transformer layers (layers 8-11)
[Layer Freezing] Trainable params: 28,384,555 / 108,924,715 (26.1%)
[Layer Freezing] Training last 4 transformer layers (layers 8-11)
[Layer Freezing] Trainable params: 28,384,555 / 108,924,715 (26.1%)
[Round 15] T=2.00  α_ce=1.00  α_kd=1.00
 Round 15 | F1 0.2512 | P 0.5423 | R 0.1634 | Time 43.2s | Comm N/A | Local Avg F1: 0.1720

=== Round 16/100 ===
[Round 16] KD=ON | policy=ema_first
[Layer Freezing] Training last 4 transformer layers (layers 8-11)
[Layer Freezing] Trainable params: 28,384,555 / 108,924,715 (26.1%)
[Layer Freezing] Training last 4 transformer layers (layers 8-11)
[Layer Freezing] Trainable params: 28,384,555 / 108,924,715 (26.1%)
[Layer Freezing] Training last 4 transformer layers (layers 8-11)
[Layer Freezing] Trainable params: 28,384,555 / 108,924,715 (26.1%)
[Layer Freezing] Training last 4 transformer layers (layers 8-11)
[Layer Freezing] Trainable params: 28,384,555 / 108,924,715 (26.1%)
[Layer Freezing] Training last 4 transformer layers (layers 8-11)
[Layer Freezing] Trainable params: 28,384,555 / 108,924,715 (26.1%)
[Layer Freezing] Training last 4 transformer layers (layers 8-11)
[Layer Freezing] Trainable params: 28,384,555 / 108,924,715 (26.1%)
[Layer Freezing] Training last 4 transformer layers (layers 8-11)
[Layer Freezing] Trainable params: 28,384,555 / 108,924,715 (26.1%)
[Layer Freezing] Training last 4 transformer layers (layers 8-11)
[Layer Freezing] Trainable params: 28,384,555 / 108,924,715 (26.1%)
[Layer Freezing] Training last 4 transformer layers (layers 8-11)
[Layer Freezing] Trainable params: 28,384,555 / 108,924,715 (26.1%)
[Layer Freezing] Training last 4 transformer layers (layers 8-11)
[Layer Freezing] Trainable params: 28,384,555 / 108,924,715 (26.1%)
[Round 16] T=2.00  α_ce=1.00  α_kd=1.00
 Round 16 | F1 0.2636 | P 0.5441 | R 0.1740 | Time 42.8s | Comm N/A | Local Avg F1: 0.1887

=== Round 17/100 ===
[Round 17] KD=ON | policy=ema_first
[Layer Freezing] Training last 4 transformer layers (layers 8-11)
[Layer Freezing] Trainable params: 28,384,555 / 108,924,715 (26.1%)
[Layer Freezing] Training last 4 transformer layers (layers 8-11)
[Layer Freezing] Trainable params: 28,384,555 / 108,924,715 (26.1%)
[Layer Freezing] Training last 4 transformer layers (layers 8-11)
[Layer Freezing] Trainable params: 28,384,555 / 108,924,715 (26.1%)
[Layer Freezing] Training last 4 transformer layers (layers 8-11)
[Layer Freezing] Trainable params: 28,384,555 / 108,924,715 (26.1%)
[Layer Freezing] Training last 4 transformer layers (layers 8-11)
[Layer Freezing] Trainable params: 28,384,555 / 108,924,715 (26.1%)
[Layer Freezing] Training last 4 transformer layers (layers 8-11)
[Layer Freezing] Trainable params: 28,384,555 / 108,924,715 (26.1%)
[Layer Freezing] Training last 4 transformer layers (layers 8-11)
[Layer Freezing] Trainable params: 28,384,555 / 108,924,715 (26.1%)
[Layer Freezing] Training last 4 transformer layers (layers 8-11)
[Layer Freezing] Trainable params: 28,384,555 / 108,924,715 (26.1%)
[Layer Freezing] Training last 4 transformer layers (layers 8-11)
[Layer Freezing] Trainable params: 28,384,555 / 108,924,715 (26.1%)
[Layer Freezing] Training last 4 transformer layers (layers 8-11)
[Layer Freezing] Trainable params: 28,384,555 / 108,924,715 (26.1%)
[Round 17] T=2.00  α_ce=1.00  α_kd=1.00
 Round 17 | F1 0.2819 | P 0.5498 | R 0.1895 | Time 41.2s | Comm N/A | Local Avg F1: 0.1989

=== Round 18/100 ===
[Round 18] KD=ON | policy=ema_first
[Layer Freezing] Training last 4 transformer layers (layers 8-11)
[Layer Freezing] Trainable params: 28,384,555 / 108,924,715 (26.1%)
[Layer Freezing] Training last 4 transformer layers (layers 8-11)
[Layer Freezing] Trainable params: 28,384,555 / 108,924,715 (26.1%)
[Layer Freezing] Training last 4 transformer layers (layers 8-11)
[Layer Freezing] Trainable params: 28,384,555 / 108,924,715 (26.1%)
[Layer Freezing] Training last 4 transformer layers (layers 8-11)
[Layer Freezing] Trainable params: 28,384,555 / 108,924,715 (26.1%)
[Layer Freezing] Training last 4 transformer layers (layers 8-11)
[Layer Freezing] Trainable params: 28,384,555 / 108,924,715 (26.1%)
[Layer Freezing] Training last 4 transformer layers (layers 8-11)
[Layer Freezing] Trainable params: 28,384,555 / 108,924,715 (26.1%)
[Layer Freezing] Training last 4 transformer layers (layers 8-11)
[Layer Freezing] Trainable params: 28,384,555 / 108,924,715 (26.1%)
[Layer Freezing] Training last 4 transformer layers (layers 8-11)
[Layer Freezing] Trainable params: 28,384,555 / 108,924,715 (26.1%)
[Layer Freezing] Training last 4 transformer layers (layers 8-11)
[Layer Freezing] Trainable params: 28,384,555 / 108,924,715 (26.1%)
[Layer Freezing] Training last 4 transformer layers (layers 8-11)
[Layer Freezing] Trainable params: 28,384,555 / 108,924,715 (26.1%)
[Round 18] T=2.00  α_ce=1.00  α_kd=1.00
 Round 18 | F1 0.2896 | P 0.5467 | R 0.1969 | Time 43.5s | Comm N/A | Local Avg F1: 0.2124

=== Round 19/100 ===
[Round 19] KD=ON | policy=ema_first
[Layer Freezing] Training last 4 transformer layers (layers 8-11)
[Layer Freezing] Trainable params: 28,384,555 / 108,924,715 (26.1%)
[Layer Freezing] Training last 4 transformer layers (layers 8-11)
[Layer Freezing] Trainable params: 28,384,555 / 108,924,715 (26.1%)
[Layer Freezing] Training last 4 transformer layers (layers 8-11)
[Layer Freezing] Trainable params: 28,384,555 / 108,924,715 (26.1%)
[Layer Freezing] Training last 4 transformer layers (layers 8-11)
[Layer Freezing] Trainable params: 28,384,555 / 108,924,715 (26.1%)
[Layer Freezing] Training last 4 transformer layers (layers 8-11)
[Layer Freezing] Trainable params: 28,384,555 / 108,924,715 (26.1%)
[Layer Freezing] Training last 4 transformer layers (layers 8-11)
[Layer Freezing] Trainable params: 28,384,555 / 108,924,715 (26.1%)
[Layer Freezing] Training last 4 transformer layers (layers 8-11)
[Layer Freezing] Trainable params: 28,384,555 / 108,924,715 (26.1%)
[Layer Freezing] Training last 4 transformer layers (layers 8-11)
[Layer Freezing] Trainable params: 28,384,555 / 108,924,715 (26.1%)
[Layer Freezing] Training last 4 transformer layers (layers 8-11)
[Layer Freezing] Trainable params: 28,384,555 / 108,924,715 (26.1%)
[Layer Freezing] Training last 4 transformer layers (layers 8-11)
[Layer Freezing] Trainable params: 28,384,555 / 108,924,715 (26.1%)
[Round 19] T=2.00  α_ce=1.00  α_kd=1.00
 Round 19 | F1 0.3130 | P 0.5488 | R 0.2190 | Time 42.4s | Comm N/A | Local Avg F1: 0.2334

=== Round 20/100 ===
[Round 20] KD=ON | policy=ema_first
[Layer Freezing] Training last 4 transformer layers (layers 8-11)
[Layer Freezing] Trainable params: 28,384,555 / 108,924,715 (26.1%)
[Layer Freezing] Training last 4 transformer layers (layers 8-11)
[Layer Freezing] Trainable params: 28,384,555 / 108,924,715 (26.1%)
[Layer Freezing] Training last 4 transformer layers (layers 8-11)
[Layer Freezing] Trainable params: 28,384,555 / 108,924,715 (26.1%)
[Layer Freezing] Training last 4 transformer layers (layers 8-11)
[Layer Freezing] Trainable params: 28,384,555 / 108,924,715 (26.1%)
[Layer Freezing] Training last 4 transformer layers (layers 8-11)
[Layer Freezing] Trainable params: 28,384,555 / 108,924,715 (26.1%)
[Layer Freezing] Training last 4 transformer layers (layers 8-11)
[Layer Freezing] Trainable params: 28,384,555 / 108,924,715 (26.1%)
[Layer Freezing] Training last 4 transformer layers (layers 8-11)
[Layer Freezing] Trainable params: 28,384,555 / 108,924,715 (26.1%)
[Layer Freezing] Training last 4 transformer layers (layers 8-11)
[Layer Freezing] Trainable params: 28,384,555 / 108,924,715 (26.1%)
[Layer Freezing] Training last 4 transformer layers (layers 8-11)
[Layer Freezing] Trainable params: 28,384,555 / 108,924,715 (26.1%)
[Layer Freezing] Training last 4 transformer layers (layers 8-11)
[Layer Freezing] Trainable params: 28,384,555 / 108,924,715 (26.1%)
[Round 20] T=2.00  α_ce=1.00  α_kd=1.00
 Round 20 | F1 0.3313 | P 0.5415 | R 0.2386 | Time 42.5s | Comm N/A | Local Avg F1: 0.2496

=== Round 21/100 ===
[Round 21] KD=ON | policy=ema_first
[Layer Freezing] Training last 4 transformer layers (layers 8-11)
[Layer Freezing] Trainable params: 28,384,555 / 108,924,715 (26.1%)
[Layer Freezing] Training last 4 transformer layers (layers 8-11)
[Layer Freezing] Trainable params: 28,384,555 / 108,924,715 (26.1%)
[Layer Freezing] Training last 4 transformer layers (layers 8-11)
[Layer Freezing] Trainable params: 28,384,555 / 108,924,715 (26.1%)
[Layer Freezing] Training last 4 transformer layers (layers 8-11)
[Layer Freezing] Trainable params: 28,384,555 / 108,924,715 (26.1%)
[Layer Freezing] Training last 4 transformer layers (layers 8-11)
[Layer Freezing] Trainable params: 28,384,555 / 108,924,715 (26.1%)
[Layer Freezing] Training last 4 transformer layers (layers 8-11)
[Layer Freezing] Trainable params: 28,384,555 / 108,924,715 (26.1%)
[Layer Freezing] Training last 4 transformer layers (layers 8-11)
[Layer Freezing] Trainable params: 28,384,555 / 108,924,715 (26.1%)
[Layer Freezing] Training last 4 transformer layers (layers 8-11)
[Layer Freezing] Trainable params: 28,384,555 / 108,924,715 (26.1%)
[Layer Freezing] Training last 4 transformer layers (layers 8-11)
[Layer Freezing] Trainable params: 28,384,555 / 108,924,715 (26.1%)
[Layer Freezing] Training last 4 transformer layers (layers 8-11)
[Layer Freezing] Trainable params: 28,384,555 / 108,924,715 (26.1%)
[Round 21] T=2.00  α_ce=1.00  α_kd=1.00
 Round 21 | F1 0.3295 | P 0.5632 | R 0.2328 | Time 43.8s | Comm N/A | Local Avg F1: 0.2551

=== Round 22/100 ===
[Round 22] KD=ON | policy=ema_first
[Layer Freezing] Training last 4 transformer layers (layers 8-11)
[Layer Freezing] Trainable params: 28,384,555 / 108,924,715 (26.1%)
[Layer Freezing] Training last 4 transformer layers (layers 8-11)
[Layer Freezing] Trainable params: 28,384,555 / 108,924,715 (26.1%)
[Layer Freezing] Training last 4 transformer layers (layers 8-11)
[Layer Freezing] Trainable params: 28,384,555 / 108,924,715 (26.1%)
[Layer Freezing] Training last 4 transformer layers (layers 8-11)
[Layer Freezing] Trainable params: 28,384,555 / 108,924,715 (26.1%)
[Layer Freezing] Training last 4 transformer layers (layers 8-11)
[Layer Freezing] Trainable params: 28,384,555 / 108,924,715 (26.1%)
[Layer Freezing] Training last 4 transformer layers (layers 8-11)
[Layer Freezing] Trainable params: 28,384,555 / 108,924,715 (26.1%)
[Layer Freezing] Training last 4 transformer layers (layers 8-11)
[Layer Freezing] Trainable params: 28,384,555 / 108,924,715 (26.1%)
[Layer Freezing] Training last 4 transformer layers (layers 8-11)
[Layer Freezing] Trainable params: 28,384,555 / 108,924,715 (26.1%)
[Layer Freezing] Training last 4 transformer layers (layers 8-11)
[Layer Freezing] Trainable params: 28,384,555 / 108,924,715 (26.1%)
[Layer Freezing] Training last 4 transformer layers (layers 8-11)
[Layer Freezing] Trainable params: 28,384,555 / 108,924,715 (26.1%)
[Round 22] T=2.00  α_ce=1.00  α_kd=1.00
 Round 22 | F1 0.3370 | P 0.5703 | R 0.2392 | Time 41.8s | Comm N/A | Local Avg F1: 0.2528

=== Round 23/100 ===
[Round 23] KD=ON | policy=ema_first
[Layer Freezing] Training last 4 transformer layers (layers 8-11)
[Layer Freezing] Trainable params: 28,384,555 / 108,924,715 (26.1%)
[Layer Freezing] Training last 4 transformer layers (layers 8-11)
[Layer Freezing] Trainable params: 28,384,555 / 108,924,715 (26.1%)
[Layer Freezing] Training last 4 transformer layers (layers 8-11)
[Layer Freezing] Trainable params: 28,384,555 / 108,924,715 (26.1%)
[Layer Freezing] Training last 4 transformer layers (layers 8-11)
[Layer Freezing] Trainable params: 28,384,555 / 108,924,715 (26.1%)
[Layer Freezing] Training last 4 transformer layers (layers 8-11)
[Layer Freezing] Trainable params: 28,384,555 / 108,924,715 (26.1%)
[Layer Freezing] Training last 4 transformer layers (layers 8-11)
[Layer Freezing] Trainable params: 28,384,555 / 108,924,715 (26.1%)
[Layer Freezing] Training last 4 transformer layers (layers 8-11)
[Layer Freezing] Trainable params: 28,384,555 / 108,924,715 (26.1%)
[Layer Freezing] Training last 4 transformer layers (layers 8-11)
[Layer Freezing] Trainable params: 28,384,555 / 108,924,715 (26.1%)
[Layer Freezing] Training last 4 transformer layers (layers 8-11)
[Layer Freezing] Trainable params: 28,384,555 / 108,924,715 (26.1%)
[Layer Freezing] Training last 4 transformer layers (layers 8-11)
[Layer Freezing] Trainable params: 28,384,555 / 108,924,715 (26.1%)
[Round 23] T=2.00  α_ce=1.00  α_kd=1.00
 Round 23 | F1 0.3446 | P 0.5721 | R 0.2465 | Time 43.5s | Comm N/A | Local Avg F1: 0.2635

=== Round 24/100 ===
[Round 24] KD=ON | policy=ema_first
[Layer Freezing] Training last 4 transformer layers (layers 8-11)
[Layer Freezing] Trainable params: 28,384,555 / 108,924,715 (26.1%)
[Layer Freezing] Training last 4 transformer layers (layers 8-11)
[Layer Freezing] Trainable params: 28,384,555 / 108,924,715 (26.1%)
[Layer Freezing] Training last 4 transformer layers (layers 8-11)
[Layer Freezing] Trainable params: 28,384,555 / 108,924,715 (26.1%)
[Layer Freezing] Training last 4 transformer layers (layers 8-11)
[Layer Freezing] Trainable params: 28,384,555 / 108,924,715 (26.1%)
[Layer Freezing] Training last 4 transformer layers (layers 8-11)
[Layer Freezing] Trainable params: 28,384,555 / 108,924,715 (26.1%)
[Layer Freezing] Training last 4 transformer layers (layers 8-11)
[Layer Freezing] Trainable params: 28,384,555 / 108,924,715 (26.1%)
[Layer Freezing] Training last 4 transformer layers (layers 8-11)
[Layer Freezing] Trainable params: 28,384,555 / 108,924,715 (26.1%)
[Layer Freezing] Training last 4 transformer layers (layers 8-11)
[Layer Freezing] Trainable params: 28,384,555 / 108,924,715 (26.1%)
[Layer Freezing] Training last 4 transformer layers (layers 8-11)
[Layer Freezing] Trainable params: 28,384,555 / 108,924,715 (26.1%)
[Layer Freezing] Training last 4 transformer layers (layers 8-11)
[Layer Freezing] Trainable params: 28,384,555 / 108,924,715 (26.1%)
[Round 24] T=2.00  α_ce=1.00  α_kd=1.00
 Round 24 | F1 0.3329 | P 0.5851 | R 0.2326 | Time 43.0s | Comm N/A | Local Avg F1: 0.2676

=== Round 25/100 ===
[Round 25] KD=ON | policy=ema_first
[Layer Freezing] Training last 4 transformer layers (layers 8-11)
[Layer Freezing] Trainable params: 28,384,555 / 108,924,715 (26.1%)
[Layer Freezing] Training last 4 transformer layers (layers 8-11)
[Layer Freezing] Trainable params: 28,384,555 / 108,924,715 (26.1%)
[Layer Freezing] Training last 4 transformer layers (layers 8-11)
[Layer Freezing] Trainable params: 28,384,555 / 108,924,715 (26.1%)
[Layer Freezing] Training last 4 transformer layers (layers 8-11)
[Layer Freezing] Trainable params: 28,384,555 / 108,924,715 (26.1%)
[Layer Freezing] Training last 4 transformer layers (layers 8-11)
[Layer Freezing] Trainable params: 28,384,555 / 108,924,715 (26.1%)
[Layer Freezing] Training last 4 transformer layers (layers 8-11)
[Layer Freezing] Trainable params: 28,384,555 / 108,924,715 (26.1%)
[Layer Freezing] Training last 4 transformer layers (layers 8-11)
[Layer Freezing] Trainable params: 28,384,555 / 108,924,715 (26.1%)
[Layer Freezing] Training last 4 transformer layers (layers 8-11)
[Layer Freezing] Trainable params: 28,384,555 / 108,924,715 (26.1%)
[Layer Freezing] Training last 4 transformer layers (layers 8-11)
[Layer Freezing] Trainable params: 28,384,555 / 108,924,715 (26.1%)
[Layer Freezing] Training last 4 transformer layers (layers 8-11)
[Layer Freezing] Trainable params: 28,384,555 / 108,924,715 (26.1%)
[Round 25] T=2.00  α_ce=1.00  α_kd=1.00
 Round 25 | F1 0.3344 | P 0.5835 | R 0.2344 | Time 42.2s | Comm N/A | Local Avg F1: 0.2576

=== Round 26/100 ===
[Round 26] KD=ON | policy=ema_first
[Layer Freezing] Training last 4 transformer layers (layers 8-11)
[Layer Freezing] Trainable params: 28,384,555 / 108,924,715 (26.1%)
[Layer Freezing] Training last 4 transformer layers (layers 8-11)
[Layer Freezing] Trainable params: 28,384,555 / 108,924,715 (26.1%)
[Layer Freezing] Training last 4 transformer layers (layers 8-11)
[Layer Freezing] Trainable params: 28,384,555 / 108,924,715 (26.1%)
[Layer Freezing] Training last 4 transformer layers (layers 8-11)
[Layer Freezing] Trainable params: 28,384,555 / 108,924,715 (26.1%)
[Layer Freezing] Training last 4 transformer layers (layers 8-11)
[Layer Freezing] Trainable params: 28,384,555 / 108,924,715 (26.1%)
[Layer Freezing] Training last 4 transformer layers (layers 8-11)
[Layer Freezing] Trainable params: 28,384,555 / 108,924,715 (26.1%)
[Layer Freezing] Training last 4 transformer layers (layers 8-11)
[Layer Freezing] Trainable params: 28,384,555 / 108,924,715 (26.1%)
[Layer Freezing] Training last 4 transformer layers (layers 8-11)
[Layer Freezing] Trainable params: 28,384,555 / 108,924,715 (26.1%)
[Layer Freezing] Training last 4 transformer layers (layers 8-11)
[Layer Freezing] Trainable params: 28,384,555 / 108,924,715 (26.1%)
[Layer Freezing] Training last 4 transformer layers (layers 8-11)
[Layer Freezing] Trainable params: 28,384,555 / 108,924,715 (26.1%)
[Round 26] T=2.00  α_ce=1.00  α_kd=1.00
 Round 26 | F1 0.3311 | P 0.5981 | R 0.2289 | Time 44.1s | Comm N/A | Local Avg F1: 0.2602

=== Round 27/100 ===
[Round 27] KD=ON | policy=ema_first
[Layer Freezing] Training last 4 transformer layers (layers 8-11)
[Layer Freezing] Trainable params: 28,384,555 / 108,924,715 (26.1%)
[Layer Freezing] Training last 4 transformer layers (layers 8-11)
[Layer Freezing] Trainable params: 28,384,555 / 108,924,715 (26.1%)
[Layer Freezing] Training last 4 transformer layers (layers 8-11)
[Layer Freezing] Trainable params: 28,384,555 / 108,924,715 (26.1%)
[Layer Freezing] Training last 4 transformer layers (layers 8-11)
[Layer Freezing] Trainable params: 28,384,555 / 108,924,715 (26.1%)
[Layer Freezing] Training last 4 transformer layers (layers 8-11)
[Layer Freezing] Trainable params: 28,384,555 / 108,924,715 (26.1%)
[Layer Freezing] Training last 4 transformer layers (layers 8-11)
[Layer Freezing] Trainable params: 28,384,555 / 108,924,715 (26.1%)
[Layer Freezing] Training last 4 transformer layers (layers 8-11)
[Layer Freezing] Trainable params: 28,384,555 / 108,924,715 (26.1%)
[Layer Freezing] Training last 4 transformer layers (layers 8-11)
[Layer Freezing] Trainable params: 28,384,555 / 108,924,715 (26.1%)
[Layer Freezing] Training last 4 transformer layers (layers 8-11)
[Layer Freezing] Trainable params: 28,384,555 / 108,924,715 (26.1%)
[Layer Freezing] Training last 4 transformer layers (layers 8-11)
[Layer Freezing] Trainable params: 28,384,555 / 108,924,715 (26.1%)
[Round 27] T=2.00  α_ce=1.00  α_kd=1.00
 Round 27 | F1 0.3637 | P 0.5800 | R 0.2649 | Time 42.1s | Comm N/A | Local Avg F1: 0.2873

=== Round 28/100 ===
[Round 28] KD=ON | policy=ema_first
[Layer Freezing] Training last 4 transformer layers (layers 8-11)
[Layer Freezing] Trainable params: 28,384,555 / 108,924,715 (26.1%)
[Layer Freezing] Training last 4 transformer layers (layers 8-11)
[Layer Freezing] Trainable params: 28,384,555 / 108,924,715 (26.1%)
[Layer Freezing] Training last 4 transformer layers (layers 8-11)
[Layer Freezing] Trainable params: 28,384,555 / 108,924,715 (26.1%)
[Layer Freezing] Training last 4 transformer layers (layers 8-11)
[Layer Freezing] Trainable params: 28,384,555 / 108,924,715 (26.1%)
[Layer Freezing] Training last 4 transformer layers (layers 8-11)
[Layer Freezing] Trainable params: 28,384,555 / 108,924,715 (26.1%)
[Layer Freezing] Training last 4 transformer layers (layers 8-11)
[Layer Freezing] Trainable params: 28,384,555 / 108,924,715 (26.1%)
[Layer Freezing] Training last 4 transformer layers (layers 8-11)
[Layer Freezing] Trainable params: 28,384,555 / 108,924,715 (26.1%)
[Layer Freezing] Training last 4 transformer layers (layers 8-11)
[Layer Freezing] Trainable params: 28,384,555 / 108,924,715 (26.1%)
[Layer Freezing] Training last 4 transformer layers (layers 8-11)
[Layer Freezing] Trainable params: 28,384,555 / 108,924,715 (26.1%)
[Layer Freezing] Training last 4 transformer layers (layers 8-11)
[Layer Freezing] Trainable params: 28,384,555 / 108,924,715 (26.1%)
[Round 28] T=2.00  α_ce=1.00  α_kd=1.00
 Round 28 | F1 0.3742 | P 0.5816 | R 0.2759 | Time 42.4s | Comm N/A | Local Avg F1: 0.2861

=== Round 29/100 ===
[Round 29] KD=ON | policy=ema_first
[Layer Freezing] Training last 4 transformer layers (layers 8-11)
[Layer Freezing] Trainable params: 28,384,555 / 108,924,715 (26.1%)
[Layer Freezing] Training last 4 transformer layers (layers 8-11)
[Layer Freezing] Trainable params: 28,384,555 / 108,924,715 (26.1%)
[Layer Freezing] Training last 4 transformer layers (layers 8-11)
[Layer Freezing] Trainable params: 28,384,555 / 108,924,715 (26.1%)
[Layer Freezing] Training last 4 transformer layers (layers 8-11)
[Layer Freezing] Trainable params: 28,384,555 / 108,924,715 (26.1%)
[Layer Freezing] Training last 4 transformer layers (layers 8-11)
[Layer Freezing] Trainable params: 28,384,555 / 108,924,715 (26.1%)
[Layer Freezing] Training last 4 transformer layers (layers 8-11)
[Layer Freezing] Trainable params: 28,384,555 / 108,924,715 (26.1%)
[Layer Freezing] Training last 4 transformer layers (layers 8-11)
[Layer Freezing] Trainable params: 28,384,555 / 108,924,715 (26.1%)
[Layer Freezing] Training last 4 transformer layers (layers 8-11)
[Layer Freezing] Trainable params: 28,384,555 / 108,924,715 (26.1%)
[Layer Freezing] Training last 4 transformer layers (layers 8-11)
[Layer Freezing] Trainable params: 28,384,555 / 108,924,715 (26.1%)
[Layer Freezing] Training last 4 transformer layers (layers 8-11)
[Layer Freezing] Trainable params: 28,384,555 / 108,924,715 (26.1%)
[Round 29] T=2.00  α_ce=1.00  α_kd=1.00
 Round 29 | F1 0.3887 | P 0.5907 | R 0.2897 | Time 43.4s | Comm N/A | Local Avg F1: 0.2996

=== Round 30/100 ===
[Round 30] KD=ON | policy=ema_first
[Layer Freezing] Training last 4 transformer layers (layers 8-11)
[Layer Freezing] Trainable params: 28,384,555 / 108,924,715 (26.1%)
[Layer Freezing] Training last 4 transformer layers (layers 8-11)
[Layer Freezing] Trainable params: 28,384,555 / 108,924,715 (26.1%)
[Layer Freezing] Training last 4 transformer layers (layers 8-11)
[Layer Freezing] Trainable params: 28,384,555 / 108,924,715 (26.1%)
[Layer Freezing] Training last 4 transformer layers (layers 8-11)
[Layer Freezing] Trainable params: 28,384,555 / 108,924,715 (26.1%)
[Layer Freezing] Training last 4 transformer layers (layers 8-11)
[Layer Freezing] Trainable params: 28,384,555 / 108,924,715 (26.1%)
[Layer Freezing] Training last 4 transformer layers (layers 8-11)
[Layer Freezing] Trainable params: 28,384,555 / 108,924,715 (26.1%)
[Layer Freezing] Training last 4 transformer layers (layers 8-11)
[Layer Freezing] Trainable params: 28,384,555 / 108,924,715 (26.1%)
[Layer Freezing] Training last 4 transformer layers (layers 8-11)
[Layer Freezing] Trainable params: 28,384,555 / 108,924,715 (26.1%)
[Layer Freezing] Training last 4 transformer layers (layers 8-11)
[Layer Freezing] Trainable params: 28,384,555 / 108,924,715 (26.1%)
[Layer Freezing] Training last 4 transformer layers (layers 8-11)
[Layer Freezing] Trainable params: 28,384,555 / 108,924,715 (26.1%)
[Round 30] T=2.00  α_ce=1.00  α_kd=1.00
 Round 30 | F1 0.3684 | P 0.5983 | R 0.2661 | Time 42.0s | Comm N/A | Local Avg F1: 0.2885

=== Round 31/100 ===
[Round 31] KD=ON | policy=ema_first
[Layer Freezing] Training last 4 transformer layers (layers 8-11)
[Layer Freezing] Trainable params: 28,384,555 / 108,924,715 (26.1%)
[Layer Freezing] Training last 4 transformer layers (layers 8-11)
[Layer Freezing] Trainable params: 28,384,555 / 108,924,715 (26.1%)
[Layer Freezing] Training last 4 transformer layers (layers 8-11)
[Layer Freezing] Trainable params: 28,384,555 / 108,924,715 (26.1%)
[Layer Freezing] Training last 4 transformer layers (layers 8-11)
[Layer Freezing] Trainable params: 28,384,555 / 108,924,715 (26.1%)
[Layer Freezing] Training last 4 transformer layers (layers 8-11)
[Layer Freezing] Trainable params: 28,384,555 / 108,924,715 (26.1%)
[Layer Freezing] Training last 4 transformer layers (layers 8-11)
[Layer Freezing] Trainable params: 28,384,555 / 108,924,715 (26.1%)
[Layer Freezing] Training last 4 transformer layers (layers 8-11)
[Layer Freezing] Trainable params: 28,384,555 / 108,924,715 (26.1%)
[Layer Freezing] Training last 4 transformer layers (layers 8-11)
[Layer Freezing] Trainable params: 28,384,555 / 108,924,715 (26.1%)
[Layer Freezing] Training last 4 transformer layers (layers 8-11)
[Layer Freezing] Trainable params: 28,384,555 / 108,924,715 (26.1%)
[Layer Freezing] Training last 4 transformer layers (layers 8-11)
[Layer Freezing] Trainable params: 28,384,555 / 108,924,715 (26.1%)
[Round 31] T=2.00  α_ce=1.00  α_kd=1.00
 Round 31 | F1 0.3791 | P 0.6025 | R 0.2766 | Time 42.5s | Comm N/A | Local Avg F1: 0.2935

=== Round 32/100 ===
[Round 32] KD=ON | policy=ema_first
[Layer Freezing] Training last 4 transformer layers (layers 8-11)
[Layer Freezing] Trainable params: 28,384,555 / 108,924,715 (26.1%)
[Layer Freezing] Training last 4 transformer layers (layers 8-11)
[Layer Freezing] Trainable params: 28,384,555 / 108,924,715 (26.1%)
[Layer Freezing] Training last 4 transformer layers (layers 8-11)
[Layer Freezing] Trainable params: 28,384,555 / 108,924,715 (26.1%)
[Layer Freezing] Training last 4 transformer layers (layers 8-11)
[Layer Freezing] Trainable params: 28,384,555 / 108,924,715 (26.1%)
[Layer Freezing] Training last 4 transformer layers (layers 8-11)
[Layer Freezing] Trainable params: 28,384,555 / 108,924,715 (26.1%)
[Layer Freezing] Training last 4 transformer layers (layers 8-11)
[Layer Freezing] Trainable params: 28,384,555 / 108,924,715 (26.1%)
[Layer Freezing] Training last 4 transformer layers (layers 8-11)
[Layer Freezing] Trainable params: 28,384,555 / 108,924,715 (26.1%)
[Layer Freezing] Training last 4 transformer layers (layers 8-11)
[Layer Freezing] Trainable params: 28,384,555 / 108,924,715 (26.1%)
[Layer Freezing] Training last 4 transformer layers (layers 8-11)
[Layer Freezing] Trainable params: 28,384,555 / 108,924,715 (26.1%)
[Layer Freezing] Training last 4 transformer layers (layers 8-11)
[Layer Freezing] Trainable params: 28,384,555 / 108,924,715 (26.1%)
[Round 32] T=2.00  α_ce=1.00  α_kd=1.00
 Round 32 | F1 0.3765 | P 0.6036 | R 0.2735 | Time 43.0s | Comm N/A | Local Avg F1: 0.2946

=== Round 33/100 ===
[Round 33] KD=ON | policy=ema_first
[Layer Freezing] Training last 4 transformer layers (layers 8-11)
[Layer Freezing] Trainable params: 28,384,555 / 108,924,715 (26.1%)
[Layer Freezing] Training last 4 transformer layers (layers 8-11)
[Layer Freezing] Trainable params: 28,384,555 / 108,924,715 (26.1%)
[Layer Freezing] Training last 4 transformer layers (layers 8-11)
[Layer Freezing] Trainable params: 28,384,555 / 108,924,715 (26.1%)
[Layer Freezing] Training last 4 transformer layers (layers 8-11)
[Layer Freezing] Trainable params: 28,384,555 / 108,924,715 (26.1%)
[Layer Freezing] Training last 4 transformer layers (layers 8-11)
[Layer Freezing] Trainable params: 28,384,555 / 108,924,715 (26.1%)
[Layer Freezing] Training last 4 transformer layers (layers 8-11)
[Layer Freezing] Trainable params: 28,384,555 / 108,924,715 (26.1%)
[Layer Freezing] Training last 4 transformer layers (layers 8-11)
[Layer Freezing] Trainable params: 28,384,555 / 108,924,715 (26.1%)
[Layer Freezing] Training last 4 transformer layers (layers 8-11)
[Layer Freezing] Trainable params: 28,384,555 / 108,924,715 (26.1%)
[Layer Freezing] Training last 4 transformer layers (layers 8-11)
[Layer Freezing] Trainable params: 28,384,555 / 108,924,715 (26.1%)
[Layer Freezing] Training last 4 transformer layers (layers 8-11)
[Layer Freezing] Trainable params: 28,384,555 / 108,924,715 (26.1%)
[Round 33] T=2.00  α_ce=1.00  α_kd=1.00
 Round 33 | F1 0.3774 | P 0.6058 | R 0.2741 | Time 42.3s | Comm N/A | Local Avg F1: 0.3047

=== Round 34/100 ===
[Round 34] KD=ON | policy=ema_first
[Layer Freezing] Training last 4 transformer layers (layers 8-11)
[Layer Freezing] Trainable params: 28,384,555 / 108,924,715 (26.1%)
[Layer Freezing] Training last 4 transformer layers (layers 8-11)
[Layer Freezing] Trainable params: 28,384,555 / 108,924,715 (26.1%)
[Layer Freezing] Training last 4 transformer layers (layers 8-11)
[Layer Freezing] Trainable params: 28,384,555 / 108,924,715 (26.1%)
[Layer Freezing] Training last 4 transformer layers (layers 8-11)
[Layer Freezing] Trainable params: 28,384,555 / 108,924,715 (26.1%)
[Layer Freezing] Training last 4 transformer layers (layers 8-11)
[Layer Freezing] Trainable params: 28,384,555 / 108,924,715 (26.1%)
[Layer Freezing] Training last 4 transformer layers (layers 8-11)
[Layer Freezing] Trainable params: 28,384,555 / 108,924,715 (26.1%)
[Layer Freezing] Training last 4 transformer layers (layers 8-11)
[Layer Freezing] Trainable params: 28,384,555 / 108,924,715 (26.1%)
[Layer Freezing] Training last 4 transformer layers (layers 8-11)
[Layer Freezing] Trainable params: 28,384,555 / 108,924,715 (26.1%)
[Layer Freezing] Training last 4 transformer layers (layers 8-11)
[Layer Freezing] Trainable params: 28,384,555 / 108,924,715 (26.1%)
[Layer Freezing] Training last 4 transformer layers (layers 8-11)
[Layer Freezing] Trainable params: 28,384,555 / 108,924,715 (26.1%)
[Round 34] T=2.00  α_ce=1.00  α_kd=1.00
 Round 34 | F1 0.3849 | P 0.6032 | R 0.2826 | Time 43.1s | Comm N/A | Local Avg F1: 0.3132

=== Round 35/100 ===
[Round 35] KD=ON | policy=ema_first
[Layer Freezing] Training last 4 transformer layers (layers 8-11)
[Layer Freezing] Trainable params: 28,384,555 / 108,924,715 (26.1%)
[Layer Freezing] Training last 4 transformer layers (layers 8-11)
[Layer Freezing] Trainable params: 28,384,555 / 108,924,715 (26.1%)
[Layer Freezing] Training last 4 transformer layers (layers 8-11)
[Layer Freezing] Trainable params: 28,384,555 / 108,924,715 (26.1%)
[Layer Freezing] Training last 4 transformer layers (layers 8-11)
[Layer Freezing] Trainable params: 28,384,555 / 108,924,715 (26.1%)
[Layer Freezing] Training last 4 transformer layers (layers 8-11)
[Layer Freezing] Trainable params: 28,384,555 / 108,924,715 (26.1%)
[Layer Freezing] Training last 4 transformer layers (layers 8-11)
[Layer Freezing] Trainable params: 28,384,555 / 108,924,715 (26.1%)
[Layer Freezing] Training last 4 transformer layers (layers 8-11)
[Layer Freezing] Trainable params: 28,384,555 / 108,924,715 (26.1%)
[Layer Freezing] Training last 4 transformer layers (layers 8-11)
[Layer Freezing] Trainable params: 28,384,555 / 108,924,715 (26.1%)
[Layer Freezing] Training last 4 transformer layers (layers 8-11)
[Layer Freezing] Trainable params: 28,384,555 / 108,924,715 (26.1%)
[Layer Freezing] Training last 4 transformer layers (layers 8-11)
[Layer Freezing] Trainable params: 28,384,555 / 108,924,715 (26.1%)
[Round 35] T=2.00  α_ce=1.00  α_kd=1.00
 Round 35 | F1 0.3991 | P 0.5983 | R 0.2994 | Time 43.5s | Comm N/A | Local Avg F1: 0.3157

=== Round 36/100 ===
[Round 36] KD=ON | policy=ema_first
[Layer Freezing] Training last 4 transformer layers (layers 8-11)
[Layer Freezing] Trainable params: 28,384,555 / 108,924,715 (26.1%)
[Layer Freezing] Training last 4 transformer layers (layers 8-11)
[Layer Freezing] Trainable params: 28,384,555 / 108,924,715 (26.1%)
[Layer Freezing] Training last 4 transformer layers (layers 8-11)
[Layer Freezing] Trainable params: 28,384,555 / 108,924,715 (26.1%)
[Layer Freezing] Training last 4 transformer layers (layers 8-11)
[Layer Freezing] Trainable params: 28,384,555 / 108,924,715 (26.1%)
[Layer Freezing] Training last 4 transformer layers (layers 8-11)
[Layer Freezing] Trainable params: 28,384,555 / 108,924,715 (26.1%)
[Layer Freezing] Training last 4 transformer layers (layers 8-11)
[Layer Freezing] Trainable params: 28,384,555 / 108,924,715 (26.1%)
[Layer Freezing] Training last 4 transformer layers (layers 8-11)
[Layer Freezing] Trainable params: 28,384,555 / 108,924,715 (26.1%)
[Layer Freezing] Training last 4 transformer layers (layers 8-11)
[Layer Freezing] Trainable params: 28,384,555 / 108,924,715 (26.1%)
[Layer Freezing] Training last 4 transformer layers (layers 8-11)
[Layer Freezing] Trainable params: 28,384,555 / 108,924,715 (26.1%)
[Layer Freezing] Training last 4 transformer layers (layers 8-11)
[Layer Freezing] Trainable params: 28,384,555 / 108,924,715 (26.1%)
[Round 36] T=2.00  α_ce=1.00  α_kd=1.00
 Round 36 | F1 0.4096 | P 0.6032 | R 0.3101 | Time 42.7s | Comm N/A | Local Avg F1: 0.3272

=== Round 37/100 ===
[Round 37] KD=ON | policy=ema_first
[Layer Freezing] Training last 4 transformer layers (layers 8-11)
[Layer Freezing] Trainable params: 28,384,555 / 108,924,715 (26.1%)
[Layer Freezing] Training last 4 transformer layers (layers 8-11)
[Layer Freezing] Trainable params: 28,384,555 / 108,924,715 (26.1%)
[Layer Freezing] Training last 4 transformer layers (layers 8-11)
[Layer Freezing] Trainable params: 28,384,555 / 108,924,715 (26.1%)
[Layer Freezing] Training last 4 transformer layers (layers 8-11)
[Layer Freezing] Trainable params: 28,384,555 / 108,924,715 (26.1%)
[Layer Freezing] Training last 4 transformer layers (layers 8-11)
[Layer Freezing] Trainable params: 28,384,555 / 108,924,715 (26.1%)
[Layer Freezing] Training last 4 transformer layers (layers 8-11)
[Layer Freezing] Trainable params: 28,384,555 / 108,924,715 (26.1%)
[Layer Freezing] Training last 4 transformer layers (layers 8-11)
[Layer Freezing] Trainable params: 28,384,555 / 108,924,715 (26.1%)
[Layer Freezing] Training last 4 transformer layers (layers 8-11)
[Layer Freezing] Trainable params: 28,384,555 / 108,924,715 (26.1%)
[Layer Freezing] Training last 4 transformer layers (layers 8-11)
[Layer Freezing] Trainable params: 28,384,555 / 108,924,715 (26.1%)
[Layer Freezing] Training last 4 transformer layers (layers 8-11)
[Layer Freezing] Trainable params: 28,384,555 / 108,924,715 (26.1%)
[Round 37] T=2.00  α_ce=1.00  α_kd=1.00
 Round 37 | F1 0.4104 | P 0.5991 | R 0.3121 | Time 43.0s | Comm N/A | Local Avg F1: 0.3305

=== Round 38/100 ===
[Round 38] KD=ON | policy=ema_first
[Layer Freezing] Training last 4 transformer layers (layers 8-11)
[Layer Freezing] Trainable params: 28,384,555 / 108,924,715 (26.1%)
[Layer Freezing] Training last 4 transformer layers (layers 8-11)
[Layer Freezing] Trainable params: 28,384,555 / 108,924,715 (26.1%)
[Layer Freezing] Training last 4 transformer layers (layers 8-11)
[Layer Freezing] Trainable params: 28,384,555 / 108,924,715 (26.1%)
[Layer Freezing] Training last 4 transformer layers (layers 8-11)
[Layer Freezing] Trainable params: 28,384,555 / 108,924,715 (26.1%)
[Layer Freezing] Training last 4 transformer layers (layers 8-11)
[Layer Freezing] Trainable params: 28,384,555 / 108,924,715 (26.1%)
[Layer Freezing] Training last 4 transformer layers (layers 8-11)
[Layer Freezing] Trainable params: 28,384,555 / 108,924,715 (26.1%)
[Layer Freezing] Training last 4 transformer layers (layers 8-11)
[Layer Freezing] Trainable params: 28,384,555 / 108,924,715 (26.1%)
[Layer Freezing] Training last 4 transformer layers (layers 8-11)
[Layer Freezing] Trainable params: 28,384,555 / 108,924,715 (26.1%)
[Layer Freezing] Training last 4 transformer layers (layers 8-11)
[Layer Freezing] Trainable params: 28,384,555 / 108,924,715 (26.1%)
[Layer Freezing] Training last 4 transformer layers (layers 8-11)
[Layer Freezing] Trainable params: 28,384,555 / 108,924,715 (26.1%)
[Round 38] T=2.00  α_ce=1.00  α_kd=1.00
 Round 38 | F1 0.4009 | P 0.6090 | R 0.2988 | Time 42.5s | Comm N/A | Local Avg F1: 0.3286

=== Round 39/100 ===
[Round 39] KD=ON | policy=ema_first
[Layer Freezing] Training last 4 transformer layers (layers 8-11)
[Layer Freezing] Trainable params: 28,384,555 / 108,924,715 (26.1%)
[Layer Freezing] Training last 4 transformer layers (layers 8-11)
[Layer Freezing] Trainable params: 28,384,555 / 108,924,715 (26.1%)
[Layer Freezing] Training last 4 transformer layers (layers 8-11)
[Layer Freezing] Trainable params: 28,384,555 / 108,924,715 (26.1%)
[Layer Freezing] Training last 4 transformer layers (layers 8-11)
[Layer Freezing] Trainable params: 28,384,555 / 108,924,715 (26.1%)
[Layer Freezing] Training last 4 transformer layers (layers 8-11)
[Layer Freezing] Trainable params: 28,384,555 / 108,924,715 (26.1%)
[Layer Freezing] Training last 4 transformer layers (layers 8-11)
[Layer Freezing] Trainable params: 28,384,555 / 108,924,715 (26.1%)
[Layer Freezing] Training last 4 transformer layers (layers 8-11)
[Layer Freezing] Trainable params: 28,384,555 / 108,924,715 (26.1%)
[Layer Freezing] Training last 4 transformer layers (layers 8-11)
[Layer Freezing] Trainable params: 28,384,555 / 108,924,715 (26.1%)
[Layer Freezing] Training last 4 transformer layers (layers 8-11)
[Layer Freezing] Trainable params: 28,384,555 / 108,924,715 (26.1%)
[Layer Freezing] Training last 4 transformer layers (layers 8-11)
[Layer Freezing] Trainable params: 28,384,555 / 108,924,715 (26.1%)
[Round 39] T=2.00  α_ce=1.00  α_kd=1.00
 Round 39 | F1 0.3959 | P 0.6176 | R 0.2914 | Time 43.1s | Comm N/A | Local Avg F1: 0.3202

=== Round 40/100 ===
[Round 40] KD=ON | policy=ema_first
[Layer Freezing] Training last 4 transformer layers (layers 8-11)
[Layer Freezing] Trainable params: 28,384,555 / 108,924,715 (26.1%)
[Layer Freezing] Training last 4 transformer layers (layers 8-11)
[Layer Freezing] Trainable params: 28,384,555 / 108,924,715 (26.1%)
[Layer Freezing] Training last 4 transformer layers (layers 8-11)
[Layer Freezing] Trainable params: 28,384,555 / 108,924,715 (26.1%)
[Layer Freezing] Training last 4 transformer layers (layers 8-11)
[Layer Freezing] Trainable params: 28,384,555 / 108,924,715 (26.1%)
[Layer Freezing] Training last 4 transformer layers (layers 8-11)
[Layer Freezing] Trainable params: 28,384,555 / 108,924,715 (26.1%)
[Layer Freezing] Training last 4 transformer layers (layers 8-11)
[Layer Freezing] Trainable params: 28,384,555 / 108,924,715 (26.1%)
[Layer Freezing] Training last 4 transformer layers (layers 8-11)
[Layer Freezing] Trainable params: 28,384,555 / 108,924,715 (26.1%)
[Layer Freezing] Training last 4 transformer layers (layers 8-11)
[Layer Freezing] Trainable params: 28,384,555 / 108,924,715 (26.1%)
[Layer Freezing] Training last 4 transformer layers (layers 8-11)
[Layer Freezing] Trainable params: 28,384,555 / 108,924,715 (26.1%)
[Layer Freezing] Training last 4 transformer layers (layers 8-11)
[Layer Freezing] Trainable params: 28,384,555 / 108,924,715 (26.1%)
[Round 40] T=2.00  α_ce=1.00  α_kd=1.00
 Round 40 | F1 0.4130 | P 0.6086 | R 0.3126 | Time 42.6s | Comm N/A | Local Avg F1: 0.3387

=== Round 41/100 ===
[Round 41] KD=ON | policy=ema_first
[Layer Freezing] Training last 4 transformer layers (layers 8-11)
[Layer Freezing] Trainable params: 28,384,555 / 108,924,715 (26.1%)
[Layer Freezing] Training last 4 transformer layers (layers 8-11)
[Layer Freezing] Trainable params: 28,384,555 / 108,924,715 (26.1%)
[Layer Freezing] Training last 4 transformer layers (layers 8-11)
[Layer Freezing] Trainable params: 28,384,555 / 108,924,715 (26.1%)
[Layer Freezing] Training last 4 transformer layers (layers 8-11)
[Layer Freezing] Trainable params: 28,384,555 / 108,924,715 (26.1%)
[Layer Freezing] Training last 4 transformer layers (layers 8-11)
[Layer Freezing] Trainable params: 28,384,555 / 108,924,715 (26.1%)
[Layer Freezing] Training last 4 transformer layers (layers 8-11)
[Layer Freezing] Trainable params: 28,384,555 / 108,924,715 (26.1%)
[Layer Freezing] Training last 4 transformer layers (layers 8-11)
[Layer Freezing] Trainable params: 28,384,555 / 108,924,715 (26.1%)
[Layer Freezing] Training last 4 transformer layers (layers 8-11)
[Layer Freezing] Trainable params: 28,384,555 / 108,924,715 (26.1%)
[Layer Freezing] Training last 4 transformer layers (layers 8-11)
[Layer Freezing] Trainable params: 28,384,555 / 108,924,715 (26.1%)
[Layer Freezing] Training last 4 transformer layers (layers 8-11)
[Layer Freezing] Trainable params: 28,384,555 / 108,924,715 (26.1%)
[Round 41] T=2.00  α_ce=1.00  α_kd=1.00
 Round 41 | F1 0.4101 | P 0.6208 | R 0.3062 | Time 42.6s | Comm N/A | Local Avg F1: 0.3344

=== Round 42/100 ===
[Round 42] KD=ON | policy=ema_first
[Layer Freezing] Training last 4 transformer layers (layers 8-11)
[Layer Freezing] Trainable params: 28,384,555 / 108,924,715 (26.1%)
[Layer Freezing] Training last 4 transformer layers (layers 8-11)
[Layer Freezing] Trainable params: 28,384,555 / 108,924,715 (26.1%)
[Layer Freezing] Training last 4 transformer layers (layers 8-11)
[Layer Freezing] Trainable params: 28,384,555 / 108,924,715 (26.1%)
[Layer Freezing] Training last 4 transformer layers (layers 8-11)
[Layer Freezing] Trainable params: 28,384,555 / 108,924,715 (26.1%)
[Layer Freezing] Training last 4 transformer layers (layers 8-11)
[Layer Freezing] Trainable params: 28,384,555 / 108,924,715 (26.1%)
[Layer Freezing] Training last 4 transformer layers (layers 8-11)
[Layer Freezing] Trainable params: 28,384,555 / 108,924,715 (26.1%)
[Layer Freezing] Training last 4 transformer layers (layers 8-11)
[Layer Freezing] Trainable params: 28,384,555 / 108,924,715 (26.1%)
[Layer Freezing] Training last 4 transformer layers (layers 8-11)
[Layer Freezing] Trainable params: 28,384,555 / 108,924,715 (26.1%)
[Layer Freezing] Training last 4 transformer layers (layers 8-11)
[Layer Freezing] Trainable params: 28,384,555 / 108,924,715 (26.1%)
[Layer Freezing] Training last 4 transformer layers (layers 8-11)
[Layer Freezing] Trainable params: 28,384,555 / 108,924,715 (26.1%)
[Round 42] T=2.00  α_ce=1.00  α_kd=1.00
 Round 42 | F1 0.4291 | P 0.6110 | R 0.3307 | Time 43.3s | Comm N/A | Local Avg F1: 0.3471

=== Round 43/100 ===
[Round 43] KD=ON | policy=ema_first
[Layer Freezing] Training last 4 transformer layers (layers 8-11)
[Layer Freezing] Trainable params: 28,384,555 / 108,924,715 (26.1%)
[Layer Freezing] Training last 4 transformer layers (layers 8-11)
[Layer Freezing] Trainable params: 28,384,555 / 108,924,715 (26.1%)
[Layer Freezing] Training last 4 transformer layers (layers 8-11)
[Layer Freezing] Trainable params: 28,384,555 / 108,924,715 (26.1%)
[Layer Freezing] Training last 4 transformer layers (layers 8-11)
[Layer Freezing] Trainable params: 28,384,555 / 108,924,715 (26.1%)
[Layer Freezing] Training last 4 transformer layers (layers 8-11)
[Layer Freezing] Trainable params: 28,384,555 / 108,924,715 (26.1%)
[Layer Freezing] Training last 4 transformer layers (layers 8-11)
[Layer Freezing] Trainable params: 28,384,555 / 108,924,715 (26.1%)
[Layer Freezing] Training last 4 transformer layers (layers 8-11)
[Layer Freezing] Trainable params: 28,384,555 / 108,924,715 (26.1%)
[Layer Freezing] Training last 4 transformer layers (layers 8-11)
[Layer Freezing] Trainable params: 28,384,555 / 108,924,715 (26.1%)
[Layer Freezing] Training last 4 transformer layers (layers 8-11)
[Layer Freezing] Trainable params: 28,384,555 / 108,924,715 (26.1%)
[Layer Freezing] Training last 4 transformer layers (layers 8-11)
[Layer Freezing] Trainable params: 28,384,555 / 108,924,715 (26.1%)
[Round 43] T=2.00  α_ce=1.00  α_kd=1.00
 Round 43 | F1 0.4151 | P 0.6148 | R 0.3133 | Time 43.1s | Comm N/A | Local Avg F1: 0.3371

=== Round 44/100 ===
[Round 44] KD=ON | policy=ema_first
[Layer Freezing] Training last 4 transformer layers (layers 8-11)
[Layer Freezing] Trainable params: 28,384,555 / 108,924,715 (26.1%)
[Layer Freezing] Training last 4 transformer layers (layers 8-11)
[Layer Freezing] Trainable params: 28,384,555 / 108,924,715 (26.1%)
[Layer Freezing] Training last 4 transformer layers (layers 8-11)
[Layer Freezing] Trainable params: 28,384,555 / 108,924,715 (26.1%)
[Layer Freezing] Training last 4 transformer layers (layers 8-11)
[Layer Freezing] Trainable params: 28,384,555 / 108,924,715 (26.1%)
[Layer Freezing] Training last 4 transformer layers (layers 8-11)
[Layer Freezing] Trainable params: 28,384,555 / 108,924,715 (26.1%)
[Layer Freezing] Training last 4 transformer layers (layers 8-11)
[Layer Freezing] Trainable params: 28,384,555 / 108,924,715 (26.1%)
[Layer Freezing] Training last 4 transformer layers (layers 8-11)
[Layer Freezing] Trainable params: 28,384,555 / 108,924,715 (26.1%)
[Layer Freezing] Training last 4 transformer layers (layers 8-11)
[Layer Freezing] Trainable params: 28,384,555 / 108,924,715 (26.1%)
[Layer Freezing] Training last 4 transformer layers (layers 8-11)
[Layer Freezing] Trainable params: 28,384,555 / 108,924,715 (26.1%)
[Layer Freezing] Training last 4 transformer layers (layers 8-11)
[Layer Freezing] Trainable params: 28,384,555 / 108,924,715 (26.1%)
[Round 44] T=2.00  α_ce=1.00  α_kd=1.00
 Round 44 | F1 0.4352 | P 0.6063 | R 0.3394 | Time 42.5s | Comm N/A | Local Avg F1: 0.3597

=== Round 45/100 ===
[Round 45] KD=ON | policy=ema_first
[Layer Freezing] Training last 4 transformer layers (layers 8-11)
[Layer Freezing] Trainable params: 28,384,555 / 108,924,715 (26.1%)
[Layer Freezing] Training last 4 transformer layers (layers 8-11)
[Layer Freezing] Trainable params: 28,384,555 / 108,924,715 (26.1%)
[Layer Freezing] Training last 4 transformer layers (layers 8-11)
[Layer Freezing] Trainable params: 28,384,555 / 108,924,715 (26.1%)
[Layer Freezing] Training last 4 transformer layers (layers 8-11)
[Layer Freezing] Trainable params: 28,384,555 / 108,924,715 (26.1%)
[Layer Freezing] Training last 4 transformer layers (layers 8-11)
[Layer Freezing] Trainable params: 28,384,555 / 108,924,715 (26.1%)
[Layer Freezing] Training last 4 transformer layers (layers 8-11)
[Layer Freezing] Trainable params: 28,384,555 / 108,924,715 (26.1%)
[Layer Freezing] Training last 4 transformer layers (layers 8-11)
[Layer Freezing] Trainable params: 28,384,555 / 108,924,715 (26.1%)
[Layer Freezing] Training last 4 transformer layers (layers 8-11)
[Layer Freezing] Trainable params: 28,384,555 / 108,924,715 (26.1%)
[Layer Freezing] Training last 4 transformer layers (layers 8-11)
[Layer Freezing] Trainable params: 28,384,555 / 108,924,715 (26.1%)
[Layer Freezing] Training last 4 transformer layers (layers 8-11)
[Layer Freezing] Trainable params: 28,384,555 / 108,924,715 (26.1%)
[Round 45] T=2.00  α_ce=1.00  α_kd=1.00
 Round 45 | F1 0.4299 | P 0.6157 | R 0.3302 | Time 44.0s | Comm N/A | Local Avg F1: 0.3513

=== Round 46/100 ===
[Round 46] KD=ON | policy=ema_first
[Layer Freezing] Training last 4 transformer layers (layers 8-11)
[Layer Freezing] Trainable params: 28,384,555 / 108,924,715 (26.1%)
[Layer Freezing] Training last 4 transformer layers (layers 8-11)
[Layer Freezing] Trainable params: 28,384,555 / 108,924,715 (26.1%)
[Layer Freezing] Training last 4 transformer layers (layers 8-11)
[Layer Freezing] Trainable params: 28,384,555 / 108,924,715 (26.1%)
[Layer Freezing] Training last 4 transformer layers (layers 8-11)
[Layer Freezing] Trainable params: 28,384,555 / 108,924,715 (26.1%)
[Layer Freezing] Training last 4 transformer layers (layers 8-11)
[Layer Freezing] Trainable params: 28,384,555 / 108,924,715 (26.1%)
[Layer Freezing] Training last 4 transformer layers (layers 8-11)
[Layer Freezing] Trainable params: 28,384,555 / 108,924,715 (26.1%)
[Layer Freezing] Training last 4 transformer layers (layers 8-11)
[Layer Freezing] Trainable params: 28,384,555 / 108,924,715 (26.1%)
[Layer Freezing] Training last 4 transformer layers (layers 8-11)
[Layer Freezing] Trainable params: 28,384,555 / 108,924,715 (26.1%)
[Layer Freezing] Training last 4 transformer layers (layers 8-11)
[Layer Freezing] Trainable params: 28,384,555 / 108,924,715 (26.1%)
[Layer Freezing] Training last 4 transformer layers (layers 8-11)
[Layer Freezing] Trainable params: 28,384,555 / 108,924,715 (26.1%)
[Round 46] T=2.00  α_ce=1.00  α_kd=1.00
 Round 46 | F1 0.4180 | P 0.6273 | R 0.3134 | Time 42.0s | Comm N/A | Local Avg F1: 0.3383

=== Round 47/100 ===
[Round 47] KD=ON | policy=ema_first
[Layer Freezing] Training last 4 transformer layers (layers 8-11)
[Layer Freezing] Trainable params: 28,384,555 / 108,924,715 (26.1%)
[Layer Freezing] Training last 4 transformer layers (layers 8-11)
[Layer Freezing] Trainable params: 28,384,555 / 108,924,715 (26.1%)
[Layer Freezing] Training last 4 transformer layers (layers 8-11)
[Layer Freezing] Trainable params: 28,384,555 / 108,924,715 (26.1%)
[Layer Freezing] Training last 4 transformer layers (layers 8-11)
[Layer Freezing] Trainable params: 28,384,555 / 108,924,715 (26.1%)
[Layer Freezing] Training last 4 transformer layers (layers 8-11)
[Layer Freezing] Trainable params: 28,384,555 / 108,924,715 (26.1%)
[Layer Freezing] Training last 4 transformer layers (layers 8-11)
[Layer Freezing] Trainable params: 28,384,555 / 108,924,715 (26.1%)
[Layer Freezing] Training last 4 transformer layers (layers 8-11)
[Layer Freezing] Trainable params: 28,384,555 / 108,924,715 (26.1%)
[Layer Freezing] Training last 4 transformer layers (layers 8-11)
[Layer Freezing] Trainable params: 28,384,555 / 108,924,715 (26.1%)
[Layer Freezing] Training last 4 transformer layers (layers 8-11)
[Layer Freezing] Trainable params: 28,384,555 / 108,924,715 (26.1%)
[Layer Freezing] Training last 4 transformer layers (layers 8-11)
[Layer Freezing] Trainable params: 28,384,555 / 108,924,715 (26.1%)
[Round 47] T=2.00  α_ce=1.00  α_kd=1.00
 Round 47 | F1 0.4378 | P 0.6189 | R 0.3387 | Time 42.1s | Comm N/A | Local Avg F1: 0.3516

=== Round 48/100 ===
[Round 48] KD=ON | policy=ema_first
[Layer Freezing] Training last 4 transformer layers (layers 8-11)
[Layer Freezing] Trainable params: 28,384,555 / 108,924,715 (26.1%)
[Layer Freezing] Training last 4 transformer layers (layers 8-11)
[Layer Freezing] Trainable params: 28,384,555 / 108,924,715 (26.1%)
[Layer Freezing] Training last 4 transformer layers (layers 8-11)
[Layer Freezing] Trainable params: 28,384,555 / 108,924,715 (26.1%)
[Layer Freezing] Training last 4 transformer layers (layers 8-11)
[Layer Freezing] Trainable params: 28,384,555 / 108,924,715 (26.1%)
[Layer Freezing] Training last 4 transformer layers (layers 8-11)
[Layer Freezing] Trainable params: 28,384,555 / 108,924,715 (26.1%)
[Layer Freezing] Training last 4 transformer layers (layers 8-11)
[Layer Freezing] Trainable params: 28,384,555 / 108,924,715 (26.1%)
[Layer Freezing] Training last 4 transformer layers (layers 8-11)
[Layer Freezing] Trainable params: 28,384,555 / 108,924,715 (26.1%)
[Layer Freezing] Training last 4 transformer layers (layers 8-11)
[Layer Freezing] Trainable params: 28,384,555 / 108,924,715 (26.1%)
[Layer Freezing] Training last 4 transformer layers (layers 8-11)
[Layer Freezing] Trainable params: 28,384,555 / 108,924,715 (26.1%)
[Layer Freezing] Training last 4 transformer layers (layers 8-11)
[Layer Freezing] Trainable params: 28,384,555 / 108,924,715 (26.1%)
[Round 48] T=2.00  α_ce=1.00  α_kd=1.00
 Round 48 | F1 0.4327 | P 0.6260 | R 0.3306 | Time 43.6s | Comm N/A | Local Avg F1: 0.3477

=== Round 49/100 ===
[Round 49] KD=ON | policy=ema_first
[Layer Freezing] Training last 4 transformer layers (layers 8-11)
[Layer Freezing] Trainable params: 28,384,555 / 108,924,715 (26.1%)
[Layer Freezing] Training last 4 transformer layers (layers 8-11)
[Layer Freezing] Trainable params: 28,384,555 / 108,924,715 (26.1%)
[Layer Freezing] Training last 4 transformer layers (layers 8-11)
[Layer Freezing] Trainable params: 28,384,555 / 108,924,715 (26.1%)
[Layer Freezing] Training last 4 transformer layers (layers 8-11)
[Layer Freezing] Trainable params: 28,384,555 / 108,924,715 (26.1%)
[Layer Freezing] Training last 4 transformer layers (layers 8-11)
[Layer Freezing] Trainable params: 28,384,555 / 108,924,715 (26.1%)
[Layer Freezing] Training last 4 transformer layers (layers 8-11)
[Layer Freezing] Trainable params: 28,384,555 / 108,924,715 (26.1%)
[Layer Freezing] Training last 4 transformer layers (layers 8-11)
[Layer Freezing] Trainable params: 28,384,555 / 108,924,715 (26.1%)
[Layer Freezing] Training last 4 transformer layers (layers 8-11)
[Layer Freezing] Trainable params: 28,384,555 / 108,924,715 (26.1%)
[Layer Freezing] Training last 4 transformer layers (layers 8-11)
[Layer Freezing] Trainable params: 28,384,555 / 108,924,715 (26.1%)
[Layer Freezing] Training last 4 transformer layers (layers 8-11)
[Layer Freezing] Trainable params: 28,384,555 / 108,924,715 (26.1%)
[Round 49] T=2.00  α_ce=1.00  α_kd=1.00
 Round 49 | F1 0.4366 | P 0.6226 | R 0.3362 | Time 42.7s | Comm N/A | Local Avg F1: 0.3515

=== Round 50/100 ===
[Round 50] KD=ON | policy=ema_first
[Layer Freezing] Training last 4 transformer layers (layers 8-11)
[Layer Freezing] Trainable params: 28,384,555 / 108,924,715 (26.1%)
[Layer Freezing] Training last 4 transformer layers (layers 8-11)
[Layer Freezing] Trainable params: 28,384,555 / 108,924,715 (26.1%)
[Layer Freezing] Training last 4 transformer layers (layers 8-11)
[Layer Freezing] Trainable params: 28,384,555 / 108,924,715 (26.1%)
[Layer Freezing] Training last 4 transformer layers (layers 8-11)
[Layer Freezing] Trainable params: 28,384,555 / 108,924,715 (26.1%)
[Layer Freezing] Training last 4 transformer layers (layers 8-11)
[Layer Freezing] Trainable params: 28,384,555 / 108,924,715 (26.1%)
[Layer Freezing] Training last 4 transformer layers (layers 8-11)
[Layer Freezing] Trainable params: 28,384,555 / 108,924,715 (26.1%)
[Layer Freezing] Training last 4 transformer layers (layers 8-11)
[Layer Freezing] Trainable params: 28,384,555 / 108,924,715 (26.1%)
[Layer Freezing] Training last 4 transformer layers (layers 8-11)
[Layer Freezing] Trainable params: 28,384,555 / 108,924,715 (26.1%)
[Layer Freezing] Training last 4 transformer layers (layers 8-11)
[Layer Freezing] Trainable params: 28,384,555 / 108,924,715 (26.1%)
[Layer Freezing] Training last 4 transformer layers (layers 8-11)
[Layer Freezing] Trainable params: 28,384,555 / 108,924,715 (26.1%)
[Round 50] T=2.00  α_ce=1.00  α_kd=1.00
 Round 50 | F1 0.4474 | P 0.6153 | R 0.3514 | Time 43.0s | Comm N/A | Local Avg F1: 0.3598

=== Round 51/100 ===
[Round 51] KD=ON | policy=ema_first
[Layer Freezing] Training last 4 transformer layers (layers 8-11)
[Layer Freezing] Trainable params: 28,384,555 / 108,924,715 (26.1%)
[Layer Freezing] Training last 4 transformer layers (layers 8-11)
[Layer Freezing] Trainable params: 28,384,555 / 108,924,715 (26.1%)
[Layer Freezing] Training last 4 transformer layers (layers 8-11)
[Layer Freezing] Trainable params: 28,384,555 / 108,924,715 (26.1%)
[Layer Freezing] Training last 4 transformer layers (layers 8-11)
[Layer Freezing] Trainable params: 28,384,555 / 108,924,715 (26.1%)
[Layer Freezing] Training last 4 transformer layers (layers 8-11)
[Layer Freezing] Trainable params: 28,384,555 / 108,924,715 (26.1%)
[Layer Freezing] Training last 4 transformer layers (layers 8-11)
[Layer Freezing] Trainable params: 28,384,555 / 108,924,715 (26.1%)
[Layer Freezing] Training last 4 transformer layers (layers 8-11)
[Layer Freezing] Trainable params: 28,384,555 / 108,924,715 (26.1%)
[Layer Freezing] Training last 4 transformer layers (layers 8-11)
[Layer Freezing] Trainable params: 28,384,555 / 108,924,715 (26.1%)
[Layer Freezing] Training last 4 transformer layers (layers 8-11)
[Layer Freezing] Trainable params: 28,384,555 / 108,924,715 (26.1%)
[Layer Freezing] Training last 4 transformer layers (layers 8-11)
[Layer Freezing] Trainable params: 28,384,555 / 108,924,715 (26.1%)
[Round 51] T=2.00  α_ce=1.00  α_kd=1.00
 Round 51 | F1 0.4419 | P 0.6187 | R 0.3437 | Time 43.5s | Comm N/A | Local Avg F1: 0.3580

=== Round 52/100 ===
[Round 52] KD=ON | policy=ema_first
[Layer Freezing] Training last 4 transformer layers (layers 8-11)
[Layer Freezing] Trainable params: 28,384,555 / 108,924,715 (26.1%)
[Layer Freezing] Training last 4 transformer layers (layers 8-11)
[Layer Freezing] Trainable params: 28,384,555 / 108,924,715 (26.1%)
[Layer Freezing] Training last 4 transformer layers (layers 8-11)
[Layer Freezing] Trainable params: 28,384,555 / 108,924,715 (26.1%)
[Layer Freezing] Training last 4 transformer layers (layers 8-11)
[Layer Freezing] Trainable params: 28,384,555 / 108,924,715 (26.1%)
[Layer Freezing] Training last 4 transformer layers (layers 8-11)
[Layer Freezing] Trainable params: 28,384,555 / 108,924,715 (26.1%)
[Layer Freezing] Training last 4 transformer layers (layers 8-11)
[Layer Freezing] Trainable params: 28,384,555 / 108,924,715 (26.1%)
[Layer Freezing] Training last 4 transformer layers (layers 8-11)
[Layer Freezing] Trainable params: 28,384,555 / 108,924,715 (26.1%)
[Layer Freezing] Training last 4 transformer layers (layers 8-11)
[Layer Freezing] Trainable params: 28,384,555 / 108,924,715 (26.1%)
[Layer Freezing] Training last 4 transformer layers (layers 8-11)
[Layer Freezing] Trainable params: 28,384,555 / 108,924,715 (26.1%)
[Layer Freezing] Training last 4 transformer layers (layers 8-11)
[Layer Freezing] Trainable params: 28,384,555 / 108,924,715 (26.1%)
[Round 52] T=2.00  α_ce=1.00  α_kd=1.00
 Round 52 | F1 0.4297 | P 0.6341 | R 0.3249 | Time 42.8s | Comm N/A | Local Avg F1: 0.3541

=== Round 53/100 ===
[Round 53] KD=ON | policy=ema_first
[Layer Freezing] Training last 4 transformer layers (layers 8-11)
[Layer Freezing] Trainable params: 28,384,555 / 108,924,715 (26.1%)
[Layer Freezing] Training last 4 transformer layers (layers 8-11)
[Layer Freezing] Trainable params: 28,384,555 / 108,924,715 (26.1%)
[Layer Freezing] Training last 4 transformer layers (layers 8-11)
[Layer Freezing] Trainable params: 28,384,555 / 108,924,715 (26.1%)
[Layer Freezing] Training last 4 transformer layers (layers 8-11)
[Layer Freezing] Trainable params: 28,384,555 / 108,924,715 (26.1%)
[Layer Freezing] Training last 4 transformer layers (layers 8-11)
[Layer Freezing] Trainable params: 28,384,555 / 108,924,715 (26.1%)
[Layer Freezing] Training last 4 transformer layers (layers 8-11)
[Layer Freezing] Trainable params: 28,384,555 / 108,924,715 (26.1%)
[Layer Freezing] Training last 4 transformer layers (layers 8-11)
[Layer Freezing] Trainable params: 28,384,555 / 108,924,715 (26.1%)
[Layer Freezing] Training last 4 transformer layers (layers 8-11)
[Layer Freezing] Trainable params: 28,384,555 / 108,924,715 (26.1%)
[Layer Freezing] Training last 4 transformer layers (layers 8-11)
[Layer Freezing] Trainable params: 28,384,555 / 108,924,715 (26.1%)
[Layer Freezing] Training last 4 transformer layers (layers 8-11)
[Layer Freezing] Trainable params: 28,384,555 / 108,924,715 (26.1%)
[Round 53] T=2.00  α_ce=1.00  α_kd=1.00
 Round 53 | F1 0.4400 | P 0.6273 | R 0.3388 | Time 43.9s | Comm N/A | Local Avg F1: 0.3809

=== Round 54/100 ===
[Round 54] KD=ON | policy=ema_first
[Layer Freezing] Training last 4 transformer layers (layers 8-11)
[Layer Freezing] Trainable params: 28,384,555 / 108,924,715 (26.1%)
[Layer Freezing] Training last 4 transformer layers (layers 8-11)
[Layer Freezing] Trainable params: 28,384,555 / 108,924,715 (26.1%)
[Layer Freezing] Training last 4 transformer layers (layers 8-11)
[Layer Freezing] Trainable params: 28,384,555 / 108,924,715 (26.1%)
[Layer Freezing] Training last 4 transformer layers (layers 8-11)
[Layer Freezing] Trainable params: 28,384,555 / 108,924,715 (26.1%)
[Layer Freezing] Training last 4 transformer layers (layers 8-11)
[Layer Freezing] Trainable params: 28,384,555 / 108,924,715 (26.1%)
[Layer Freezing] Training last 4 transformer layers (layers 8-11)
[Layer Freezing] Trainable params: 28,384,555 / 108,924,715 (26.1%)
[Layer Freezing] Training last 4 transformer layers (layers 8-11)
[Layer Freezing] Trainable params: 28,384,555 / 108,924,715 (26.1%)
[Layer Freezing] Training last 4 transformer layers (layers 8-11)
[Layer Freezing] Trainable params: 28,384,555 / 108,924,715 (26.1%)
[Layer Freezing] Training last 4 transformer layers (layers 8-11)
[Layer Freezing] Trainable params: 28,384,555 / 108,924,715 (26.1%)
[Layer Freezing] Training last 4 transformer layers (layers 8-11)
[Layer Freezing] Trainable params: 28,384,555 / 108,924,715 (26.1%)
[Round 54] T=2.00  α_ce=1.00  α_kd=1.00
 Round 54 | F1 0.4566 | P 0.6174 | R 0.3622 | Time 42.0s | Comm N/A | Local Avg F1: 0.3723

=== Round 55/100 ===
[Round 55] KD=ON | policy=ema_first
[Layer Freezing] Training last 4 transformer layers (layers 8-11)
[Layer Freezing] Trainable params: 28,384,555 / 108,924,715 (26.1%)
[Layer Freezing] Training last 4 transformer layers (layers 8-11)
[Layer Freezing] Trainable params: 28,384,555 / 108,924,715 (26.1%)
[Layer Freezing] Training last 4 transformer layers (layers 8-11)
[Layer Freezing] Trainable params: 28,384,555 / 108,924,715 (26.1%)
[Layer Freezing] Training last 4 transformer layers (layers 8-11)
[Layer Freezing] Trainable params: 28,384,555 / 108,924,715 (26.1%)
[Layer Freezing] Training last 4 transformer layers (layers 8-11)
[Layer Freezing] Trainable params: 28,384,555 / 108,924,715 (26.1%)
[Layer Freezing] Training last 4 transformer layers (layers 8-11)
[Layer Freezing] Trainable params: 28,384,555 / 108,924,715 (26.1%)
[Layer Freezing] Training last 4 transformer layers (layers 8-11)
[Layer Freezing] Trainable params: 28,384,555 / 108,924,715 (26.1%)
[Layer Freezing] Training last 4 transformer layers (layers 8-11)
[Layer Freezing] Trainable params: 28,384,555 / 108,924,715 (26.1%)
[Layer Freezing] Training last 4 transformer layers (layers 8-11)
[Layer Freezing] Trainable params: 28,384,555 / 108,924,715 (26.1%)
[Layer Freezing] Training last 4 transformer layers (layers 8-11)
[Layer Freezing] Trainable params: 28,384,555 / 108,924,715 (26.1%)
[Round 55] T=2.00  α_ce=1.00  α_kd=1.00
 Round 55 | F1 0.4562 | P 0.6186 | R 0.3613 | Time 42.9s | Comm N/A | Local Avg F1: 0.3780

=== Round 56/100 ===
[Round 56] KD=ON | policy=ema_first
[Layer Freezing] Training last 4 transformer layers (layers 8-11)
[Layer Freezing] Trainable params: 28,384,555 / 108,924,715 (26.1%)
[Layer Freezing] Training last 4 transformer layers (layers 8-11)
[Layer Freezing] Trainable params: 28,384,555 / 108,924,715 (26.1%)
[Layer Freezing] Training last 4 transformer layers (layers 8-11)
[Layer Freezing] Trainable params: 28,384,555 / 108,924,715 (26.1%)
[Layer Freezing] Training last 4 transformer layers (layers 8-11)
[Layer Freezing] Trainable params: 28,384,555 / 108,924,715 (26.1%)
[Layer Freezing] Training last 4 transformer layers (layers 8-11)
[Layer Freezing] Trainable params: 28,384,555 / 108,924,715 (26.1%)
[Layer Freezing] Training last 4 transformer layers (layers 8-11)
[Layer Freezing] Trainable params: 28,384,555 / 108,924,715 (26.1%)
[Layer Freezing] Training last 4 transformer layers (layers 8-11)
[Layer Freezing] Trainable params: 28,384,555 / 108,924,715 (26.1%)
[Layer Freezing] Training last 4 transformer layers (layers 8-11)
[Layer Freezing] Trainable params: 28,384,555 / 108,924,715 (26.1%)
[Layer Freezing] Training last 4 transformer layers (layers 8-11)
[Layer Freezing] Trainable params: 28,384,555 / 108,924,715 (26.1%)
[Layer Freezing] Training last 4 transformer layers (layers 8-11)
[Layer Freezing] Trainable params: 28,384,555 / 108,924,715 (26.1%)
[Round 56] T=2.00  α_ce=1.00  α_kd=1.00
 Round 56 | F1 0.4445 | P 0.6218 | R 0.3459 | Time 43.6s | Comm N/A | Local Avg F1: 0.3785

=== Round 57/100 ===
[Round 57] KD=ON | policy=ema_first
[Layer Freezing] Training last 4 transformer layers (layers 8-11)
[Layer Freezing] Trainable params: 28,384,555 / 108,924,715 (26.1%)
[Layer Freezing] Training last 4 transformer layers (layers 8-11)
[Layer Freezing] Trainable params: 28,384,555 / 108,924,715 (26.1%)
[Layer Freezing] Training last 4 transformer layers (layers 8-11)
[Layer Freezing] Trainable params: 28,384,555 / 108,924,715 (26.1%)
[Layer Freezing] Training last 4 transformer layers (layers 8-11)
[Layer Freezing] Trainable params: 28,384,555 / 108,924,715 (26.1%)
[Layer Freezing] Training last 4 transformer layers (layers 8-11)
[Layer Freezing] Trainable params: 28,384,555 / 108,924,715 (26.1%)
[Layer Freezing] Training last 4 transformer layers (layers 8-11)
[Layer Freezing] Trainable params: 28,384,555 / 108,924,715 (26.1%)
[Layer Freezing] Training last 4 transformer layers (layers 8-11)
[Layer Freezing] Trainable params: 28,384,555 / 108,924,715 (26.1%)
[Layer Freezing] Training last 4 transformer layers (layers 8-11)
[Layer Freezing] Trainable params: 28,384,555 / 108,924,715 (26.1%)
[Layer Freezing] Training last 4 transformer layers (layers 8-11)
[Layer Freezing] Trainable params: 28,384,555 / 108,924,715 (26.1%)
[Layer Freezing] Training last 4 transformer layers (layers 8-11)
[Layer Freezing] Trainable params: 28,384,555 / 108,924,715 (26.1%)
[Round 57] T=2.00  α_ce=1.00  α_kd=1.00
 Round 57 | F1 0.4533 | P 0.6307 | R 0.3538 | Time 41.3s | Comm N/A | Local Avg F1: 0.3646

=== Round 58/100 ===
[Round 58] KD=ON | policy=ema_first
[Layer Freezing] Training last 4 transformer layers (layers 8-11)
[Layer Freezing] Trainable params: 28,384,555 / 108,924,715 (26.1%)
[Layer Freezing] Training last 4 transformer layers (layers 8-11)
[Layer Freezing] Trainable params: 28,384,555 / 108,924,715 (26.1%)
[Layer Freezing] Training last 4 transformer layers (layers 8-11)
[Layer Freezing] Trainable params: 28,384,555 / 108,924,715 (26.1%)
[Layer Freezing] Training last 4 transformer layers (layers 8-11)
[Layer Freezing] Trainable params: 28,384,555 / 108,924,715 (26.1%)
[Layer Freezing] Training last 4 transformer layers (layers 8-11)
[Layer Freezing] Trainable params: 28,384,555 / 108,924,715 (26.1%)
[Layer Freezing] Training last 4 transformer layers (layers 8-11)
[Layer Freezing] Trainable params: 28,384,555 / 108,924,715 (26.1%)
[Layer Freezing] Training last 4 transformer layers (layers 8-11)
[Layer Freezing] Trainable params: 28,384,555 / 108,924,715 (26.1%)
[Layer Freezing] Training last 4 transformer layers (layers 8-11)
[Layer Freezing] Trainable params: 28,384,555 / 108,924,715 (26.1%)
[Layer Freezing] Training last 4 transformer layers (layers 8-11)
[Layer Freezing] Trainable params: 28,384,555 / 108,924,715 (26.1%)
[Layer Freezing] Training last 4 transformer layers (layers 8-11)
[Layer Freezing] Trainable params: 28,384,555 / 108,924,715 (26.1%)
[Round 58] T=2.00  α_ce=1.00  α_kd=1.00
 Round 58 | F1 0.4529 | P 0.6245 | R 0.3553 | Time 43.5s | Comm N/A | Local Avg F1: 0.3823

=== Round 59/100 ===
[Round 59] KD=ON | policy=ema_first
[Layer Freezing] Training last 4 transformer layers (layers 8-11)
[Layer Freezing] Trainable params: 28,384,555 / 108,924,715 (26.1%)
[Layer Freezing] Training last 4 transformer layers (layers 8-11)
[Layer Freezing] Trainable params: 28,384,555 / 108,924,715 (26.1%)
[Layer Freezing] Training last 4 transformer layers (layers 8-11)
[Layer Freezing] Trainable params: 28,384,555 / 108,924,715 (26.1%)
[Layer Freezing] Training last 4 transformer layers (layers 8-11)
[Layer Freezing] Trainable params: 28,384,555 / 108,924,715 (26.1%)
[Layer Freezing] Training last 4 transformer layers (layers 8-11)
[Layer Freezing] Trainable params: 28,384,555 / 108,924,715 (26.1%)
[Layer Freezing] Training last 4 transformer layers (layers 8-11)
[Layer Freezing] Trainable params: 28,384,555 / 108,924,715 (26.1%)
[Layer Freezing] Training last 4 transformer layers (layers 8-11)
[Layer Freezing] Trainable params: 28,384,555 / 108,924,715 (26.1%)
[Layer Freezing] Training last 4 transformer layers (layers 8-11)
[Layer Freezing] Trainable params: 28,384,555 / 108,924,715 (26.1%)
[Layer Freezing] Training last 4 transformer layers (layers 8-11)
[Layer Freezing] Trainable params: 28,384,555 / 108,924,715 (26.1%)
[Layer Freezing] Training last 4 transformer layers (layers 8-11)
[Layer Freezing] Trainable params: 28,384,555 / 108,924,715 (26.1%)
[Round 59] T=2.00  α_ce=1.00  α_kd=1.00
 Round 59 | F1 0.4513 | P 0.6299 | R 0.3516 | Time 43.4s | Comm N/A | Local Avg F1: 0.3858

=== Round 60/100 ===
[Round 60] KD=ON | policy=ema_first
[Layer Freezing] Training last 4 transformer layers (layers 8-11)
[Layer Freezing] Trainable params: 28,384,555 / 108,924,715 (26.1%)
[Layer Freezing] Training last 4 transformer layers (layers 8-11)
[Layer Freezing] Trainable params: 28,384,555 / 108,924,715 (26.1%)
[Layer Freezing] Training last 4 transformer layers (layers 8-11)
[Layer Freezing] Trainable params: 28,384,555 / 108,924,715 (26.1%)
[Layer Freezing] Training last 4 transformer layers (layers 8-11)
[Layer Freezing] Trainable params: 28,384,555 / 108,924,715 (26.1%)
[Layer Freezing] Training last 4 transformer layers (layers 8-11)
[Layer Freezing] Trainable params: 28,384,555 / 108,924,715 (26.1%)
[Layer Freezing] Training last 4 transformer layers (layers 8-11)
[Layer Freezing] Trainable params: 28,384,555 / 108,924,715 (26.1%)
[Layer Freezing] Training last 4 transformer layers (layers 8-11)
[Layer Freezing] Trainable params: 28,384,555 / 108,924,715 (26.1%)
[Layer Freezing] Training last 4 transformer layers (layers 8-11)
[Layer Freezing] Trainable params: 28,384,555 / 108,924,715 (26.1%)
[Layer Freezing] Training last 4 transformer layers (layers 8-11)
[Layer Freezing] Trainable params: 28,384,555 / 108,924,715 (26.1%)
[Layer Freezing] Training last 4 transformer layers (layers 8-11)
[Layer Freezing] Trainable params: 28,384,555 / 108,924,715 (26.1%)
[Round 60] T=2.00  α_ce=1.00  α_kd=1.00
 Round 60 | F1 0.4674 | P 0.6193 | R 0.3753 | Time 42.6s | Comm N/A | Local Avg F1: 0.3948

=== Round 61/100 ===
[Round 61] KD=ON | policy=ema_first
[Layer Freezing] Training last 4 transformer layers (layers 8-11)
[Layer Freezing] Trainable params: 28,384,555 / 108,924,715 (26.1%)
[Layer Freezing] Training last 4 transformer layers (layers 8-11)
[Layer Freezing] Trainable params: 28,384,555 / 108,924,715 (26.1%)
[Layer Freezing] Training last 4 transformer layers (layers 8-11)
[Layer Freezing] Trainable params: 28,384,555 / 108,924,715 (26.1%)
[Layer Freezing] Training last 4 transformer layers (layers 8-11)
[Layer Freezing] Trainable params: 28,384,555 / 108,924,715 (26.1%)
[Layer Freezing] Training last 4 transformer layers (layers 8-11)
[Layer Freezing] Trainable params: 28,384,555 / 108,924,715 (26.1%)
[Layer Freezing] Training last 4 transformer layers (layers 8-11)
[Layer Freezing] Trainable params: 28,384,555 / 108,924,715 (26.1%)
[Layer Freezing] Training last 4 transformer layers (layers 8-11)
[Layer Freezing] Trainable params: 28,384,555 / 108,924,715 (26.1%)
[Layer Freezing] Training last 4 transformer layers (layers 8-11)
[Layer Freezing] Trainable params: 28,384,555 / 108,924,715 (26.1%)
[Layer Freezing] Training last 4 transformer layers (layers 8-11)
[Layer Freezing] Trainable params: 28,384,555 / 108,924,715 (26.1%)
[Layer Freezing] Training last 4 transformer layers (layers 8-11)
[Layer Freezing] Trainable params: 28,384,555 / 108,924,715 (26.1%)
[Round 61] T=2.00  α_ce=1.00  α_kd=1.00
 Round 61 | F1 0.4539 | P 0.6337 | R 0.3536 | Time 43.7s | Comm N/A | Local Avg F1: 0.3881

=== Round 62/100 ===
[Round 62] KD=ON | policy=ema_first
[Layer Freezing] Training last 4 transformer layers (layers 8-11)
[Layer Freezing] Trainable params: 28,384,555 / 108,924,715 (26.1%)
[Layer Freezing] Training last 4 transformer layers (layers 8-11)
[Layer Freezing] Trainable params: 28,384,555 / 108,924,715 (26.1%)
[Layer Freezing] Training last 4 transformer layers (layers 8-11)
[Layer Freezing] Trainable params: 28,384,555 / 108,924,715 (26.1%)
[Layer Freezing] Training last 4 transformer layers (layers 8-11)
[Layer Freezing] Trainable params: 28,384,555 / 108,924,715 (26.1%)
[Layer Freezing] Training last 4 transformer layers (layers 8-11)
[Layer Freezing] Trainable params: 28,384,555 / 108,924,715 (26.1%)
[Layer Freezing] Training last 4 transformer layers (layers 8-11)
[Layer Freezing] Trainable params: 28,384,555 / 108,924,715 (26.1%)
[Layer Freezing] Training last 4 transformer layers (layers 8-11)
[Layer Freezing] Trainable params: 28,384,555 / 108,924,715 (26.1%)
[Layer Freezing] Training last 4 transformer layers (layers 8-11)
[Layer Freezing] Trainable params: 28,384,555 / 108,924,715 (26.1%)
[Layer Freezing] Training last 4 transformer layers (layers 8-11)
[Layer Freezing] Trainable params: 28,384,555 / 108,924,715 (26.1%)
[Layer Freezing] Training last 4 transformer layers (layers 8-11)
[Layer Freezing] Trainable params: 28,384,555 / 108,924,715 (26.1%)
[Round 62] T=2.00  α_ce=1.00  α_kd=1.00
 Round 62 | F1 0.4528 | P 0.6252 | R 0.3549 | Time 43.5s | Comm N/A | Local Avg F1: 0.3860

=== Round 63/100 ===
[Round 63] KD=ON | policy=ema_first
[Layer Freezing] Training last 4 transformer layers (layers 8-11)
[Layer Freezing] Trainable params: 28,384,555 / 108,924,715 (26.1%)
[Layer Freezing] Training last 4 transformer layers (layers 8-11)
[Layer Freezing] Trainable params: 28,384,555 / 108,924,715 (26.1%)
[Layer Freezing] Training last 4 transformer layers (layers 8-11)
[Layer Freezing] Trainable params: 28,384,555 / 108,924,715 (26.1%)
[Layer Freezing] Training last 4 transformer layers (layers 8-11)
[Layer Freezing] Trainable params: 28,384,555 / 108,924,715 (26.1%)
[Layer Freezing] Training last 4 transformer layers (layers 8-11)
[Layer Freezing] Trainable params: 28,384,555 / 108,924,715 (26.1%)
[Layer Freezing] Training last 4 transformer layers (layers 8-11)
[Layer Freezing] Trainable params: 28,384,555 / 108,924,715 (26.1%)
[Layer Freezing] Training last 4 transformer layers (layers 8-11)
[Layer Freezing] Trainable params: 28,384,555 / 108,924,715 (26.1%)
[Layer Freezing] Training last 4 transformer layers (layers 8-11)
[Layer Freezing] Trainable params: 28,384,555 / 108,924,715 (26.1%)
[Layer Freezing] Training last 4 transformer layers (layers 8-11)
[Layer Freezing] Trainable params: 28,384,555 / 108,924,715 (26.1%)
[Layer Freezing] Training last 4 transformer layers (layers 8-11)
[Layer Freezing] Trainable params: 28,384,555 / 108,924,715 (26.1%)
[Round 63] T=2.00  α_ce=1.00  α_kd=1.00
 Round 63 | F1 0.4682 | P 0.6182 | R 0.3768 | Time 42.6s | Comm N/A | Local Avg F1: 0.4019

=== Round 64/100 ===
[Round 64] KD=ON | policy=ema_first
[Layer Freezing] Training last 4 transformer layers (layers 8-11)
[Layer Freezing] Trainable params: 28,384,555 / 108,924,715 (26.1%)
[Layer Freezing] Training last 4 transformer layers (layers 8-11)
[Layer Freezing] Trainable params: 28,384,555 / 108,924,715 (26.1%)
[Layer Freezing] Training last 4 transformer layers (layers 8-11)
[Layer Freezing] Trainable params: 28,384,555 / 108,924,715 (26.1%)
[Layer Freezing] Training last 4 transformer layers (layers 8-11)
[Layer Freezing] Trainable params: 28,384,555 / 108,924,715 (26.1%)
[Layer Freezing] Training last 4 transformer layers (layers 8-11)
[Layer Freezing] Trainable params: 28,384,555 / 108,924,715 (26.1%)
[Layer Freezing] Training last 4 transformer layers (layers 8-11)
[Layer Freezing] Trainable params: 28,384,555 / 108,924,715 (26.1%)
[Layer Freezing] Training last 4 transformer layers (layers 8-11)
[Layer Freezing] Trainable params: 28,384,555 / 108,924,715 (26.1%)
[Layer Freezing] Training last 4 transformer layers (layers 8-11)
[Layer Freezing] Trainable params: 28,384,555 / 108,924,715 (26.1%)
[Layer Freezing] Training last 4 transformer layers (layers 8-11)
[Layer Freezing] Trainable params: 28,384,555 / 108,924,715 (26.1%)
[Layer Freezing] Training last 4 transformer layers (layers 8-11)
[Layer Freezing] Trainable params: 28,384,555 / 108,924,715 (26.1%)
[Round 64] T=2.00  α_ce=1.00  α_kd=1.00
 Round 64 | F1 0.4634 | P 0.6215 | R 0.3694 | Time 43.2s | Comm N/A | Local Avg F1: 0.3958

=== Round 65/100 ===
[Round 65] KD=ON | policy=ema_first
[Layer Freezing] Training last 4 transformer layers (layers 8-11)
[Layer Freezing] Trainable params: 28,384,555 / 108,924,715 (26.1%)
[Layer Freezing] Training last 4 transformer layers (layers 8-11)
[Layer Freezing] Trainable params: 28,384,555 / 108,924,715 (26.1%)
[Layer Freezing] Training last 4 transformer layers (layers 8-11)
[Layer Freezing] Trainable params: 28,384,555 / 108,924,715 (26.1%)
[Layer Freezing] Training last 4 transformer layers (layers 8-11)
[Layer Freezing] Trainable params: 28,384,555 / 108,924,715 (26.1%)
[Layer Freezing] Training last 4 transformer layers (layers 8-11)
[Layer Freezing] Trainable params: 28,384,555 / 108,924,715 (26.1%)
[Layer Freezing] Training last 4 transformer layers (layers 8-11)
[Layer Freezing] Trainable params: 28,384,555 / 108,924,715 (26.1%)
[Layer Freezing] Training last 4 transformer layers (layers 8-11)
[Layer Freezing] Trainable params: 28,384,555 / 108,924,715 (26.1%)
[Layer Freezing] Training last 4 transformer layers (layers 8-11)
[Layer Freezing] Trainable params: 28,384,555 / 108,924,715 (26.1%)
[Layer Freezing] Training last 4 transformer layers (layers 8-11)
[Layer Freezing] Trainable params: 28,384,555 / 108,924,715 (26.1%)
[Layer Freezing] Training last 4 transformer layers (layers 8-11)
[Layer Freezing] Trainable params: 28,384,555 / 108,924,715 (26.1%)
[Round 65] T=2.00  α_ce=1.00  α_kd=1.00
 Round 65 | F1 0.4690 | P 0.6283 | R 0.3741 | Time 43.2s | Comm N/A | Local Avg F1: 0.4005

=== Round 66/100 ===
[Round 66] KD=ON | policy=ema_first
[Layer Freezing] Training last 4 transformer layers (layers 8-11)
[Layer Freezing] Trainable params: 28,384,555 / 108,924,715 (26.1%)
[Layer Freezing] Training last 4 transformer layers (layers 8-11)
[Layer Freezing] Trainable params: 28,384,555 / 108,924,715 (26.1%)
[Layer Freezing] Training last 4 transformer layers (layers 8-11)
[Layer Freezing] Trainable params: 28,384,555 / 108,924,715 (26.1%)
[Layer Freezing] Training last 4 transformer layers (layers 8-11)
[Layer Freezing] Trainable params: 28,384,555 / 108,924,715 (26.1%)
[Layer Freezing] Training last 4 transformer layers (layers 8-11)
[Layer Freezing] Trainable params: 28,384,555 / 108,924,715 (26.1%)
[Layer Freezing] Training last 4 transformer layers (layers 8-11)
[Layer Freezing] Trainable params: 28,384,555 / 108,924,715 (26.1%)
[Layer Freezing] Training last 4 transformer layers (layers 8-11)
[Layer Freezing] Trainable params: 28,384,555 / 108,924,715 (26.1%)
[Layer Freezing] Training last 4 transformer layers (layers 8-11)
[Layer Freezing] Trainable params: 28,384,555 / 108,924,715 (26.1%)
[Layer Freezing] Training last 4 transformer layers (layers 8-11)
[Layer Freezing] Trainable params: 28,384,555 / 108,924,715 (26.1%)
[Layer Freezing] Training last 4 transformer layers (layers 8-11)
[Layer Freezing] Trainable params: 28,384,555 / 108,924,715 (26.1%)
[Round 66] T=2.00  α_ce=1.00  α_kd=1.00
 Round 66 | F1 0.4740 | P 0.6301 | R 0.3799 | Time 42.6s | Comm N/A | Local Avg F1: 0.4048

=== Round 67/100 ===
[Round 67] KD=ON | policy=ema_first
[Layer Freezing] Training last 4 transformer layers (layers 8-11)
[Layer Freezing] Trainable params: 28,384,555 / 108,924,715 (26.1%)
[Layer Freezing] Training last 4 transformer layers (layers 8-11)
[Layer Freezing] Trainable params: 28,384,555 / 108,924,715 (26.1%)
[Layer Freezing] Training last 4 transformer layers (layers 8-11)
[Layer Freezing] Trainable params: 28,384,555 / 108,924,715 (26.1%)
[Layer Freezing] Training last 4 transformer layers (layers 8-11)
[Layer Freezing] Trainable params: 28,384,555 / 108,924,715 (26.1%)
[Layer Freezing] Training last 4 transformer layers (layers 8-11)
[Layer Freezing] Trainable params: 28,384,555 / 108,924,715 (26.1%)
[Layer Freezing] Training last 4 transformer layers (layers 8-11)
[Layer Freezing] Trainable params: 28,384,555 / 108,924,715 (26.1%)
[Layer Freezing] Training last 4 transformer layers (layers 8-11)
[Layer Freezing] Trainable params: 28,384,555 / 108,924,715 (26.1%)
[Layer Freezing] Training last 4 transformer layers (layers 8-11)
[Layer Freezing] Trainable params: 28,384,555 / 108,924,715 (26.1%)
[Layer Freezing] Training last 4 transformer layers (layers 8-11)
[Layer Freezing] Trainable params: 28,384,555 / 108,924,715 (26.1%)
[Layer Freezing] Training last 4 transformer layers (layers 8-11)
[Layer Freezing] Trainable params: 28,384,555 / 108,924,715 (26.1%)
[Round 67] T=2.00  α_ce=1.00  α_kd=1.00
 Round 67 | F1 0.4580 | P 0.6341 | R 0.3584 | Time 42.3s | Comm N/A | Local Avg F1: 0.3956

=== Round 68/100 ===
[Round 68] KD=ON | policy=ema_first
[Layer Freezing] Training last 4 transformer layers (layers 8-11)
[Layer Freezing] Trainable params: 28,384,555 / 108,924,715 (26.1%)
[Layer Freezing] Training last 4 transformer layers (layers 8-11)
[Layer Freezing] Trainable params: 28,384,555 / 108,924,715 (26.1%)
[Layer Freezing] Training last 4 transformer layers (layers 8-11)
[Layer Freezing] Trainable params: 28,384,555 / 108,924,715 (26.1%)
[Layer Freezing] Training last 4 transformer layers (layers 8-11)
[Layer Freezing] Trainable params: 28,384,555 / 108,924,715 (26.1%)
[Layer Freezing] Training last 4 transformer layers (layers 8-11)
[Layer Freezing] Trainable params: 28,384,555 / 108,924,715 (26.1%)
[Layer Freezing] Training last 4 transformer layers (layers 8-11)
[Layer Freezing] Trainable params: 28,384,555 / 108,924,715 (26.1%)
[Layer Freezing] Training last 4 transformer layers (layers 8-11)
[Layer Freezing] Trainable params: 28,384,555 / 108,924,715 (26.1%)
[Layer Freezing] Training last 4 transformer layers (layers 8-11)
[Layer Freezing] Trainable params: 28,384,555 / 108,924,715 (26.1%)
[Layer Freezing] Training last 4 transformer layers (layers 8-11)
[Layer Freezing] Trainable params: 28,384,555 / 108,924,715 (26.1%)
[Layer Freezing] Training last 4 transformer layers (layers 8-11)
[Layer Freezing] Trainable params: 28,384,555 / 108,924,715 (26.1%)
[Round 68] T=2.00  α_ce=1.00  α_kd=1.00
 Round 68 | F1 0.4634 | P 0.6326 | R 0.3656 | Time 42.1s | Comm N/A | Local Avg F1: 0.4047

=== Round 69/100 ===
[Round 69] KD=ON | policy=ema_first
[Layer Freezing] Training last 4 transformer layers (layers 8-11)
[Layer Freezing] Trainable params: 28,384,555 / 108,924,715 (26.1%)
[Layer Freezing] Training last 4 transformer layers (layers 8-11)
[Layer Freezing] Trainable params: 28,384,555 / 108,924,715 (26.1%)
[Layer Freezing] Training last 4 transformer layers (layers 8-11)
[Layer Freezing] Trainable params: 28,384,555 / 108,924,715 (26.1%)
[Layer Freezing] Training last 4 transformer layers (layers 8-11)
[Layer Freezing] Trainable params: 28,384,555 / 108,924,715 (26.1%)
[Layer Freezing] Training last 4 transformer layers (layers 8-11)
[Layer Freezing] Trainable params: 28,384,555 / 108,924,715 (26.1%)
[Layer Freezing] Training last 4 transformer layers (layers 8-11)
[Layer Freezing] Trainable params: 28,384,555 / 108,924,715 (26.1%)
[Layer Freezing] Training last 4 transformer layers (layers 8-11)
[Layer Freezing] Trainable params: 28,384,555 / 108,924,715 (26.1%)
[Layer Freezing] Training last 4 transformer layers (layers 8-11)
[Layer Freezing] Trainable params: 28,384,555 / 108,924,715 (26.1%)
[Layer Freezing] Training last 4 transformer layers (layers 8-11)
[Layer Freezing] Trainable params: 28,384,555 / 108,924,715 (26.1%)
[Layer Freezing] Training last 4 transformer layers (layers 8-11)
[Layer Freezing] Trainable params: 28,384,555 / 108,924,715 (26.1%)
[Round 69] T=2.00  α_ce=1.00  α_kd=1.00
 Round 69 | F1 0.4747 | P 0.6259 | R 0.3824 | Time 43.7s | Comm N/A | Local Avg F1: 0.4106

=== Round 70/100 ===
[Round 70] KD=ON | policy=ema_first
[Layer Freezing] Training last 4 transformer layers (layers 8-11)
[Layer Freezing] Trainable params: 28,384,555 / 108,924,715 (26.1%)
[Layer Freezing] Training last 4 transformer layers (layers 8-11)
[Layer Freezing] Trainable params: 28,384,555 / 108,924,715 (26.1%)
[Layer Freezing] Training last 4 transformer layers (layers 8-11)
[Layer Freezing] Trainable params: 28,384,555 / 108,924,715 (26.1%)
[Layer Freezing] Training last 4 transformer layers (layers 8-11)
[Layer Freezing] Trainable params: 28,384,555 / 108,924,715 (26.1%)
[Layer Freezing] Training last 4 transformer layers (layers 8-11)
[Layer Freezing] Trainable params: 28,384,555 / 108,924,715 (26.1%)
[Layer Freezing] Training last 4 transformer layers (layers 8-11)
[Layer Freezing] Trainable params: 28,384,555 / 108,924,715 (26.1%)
[Layer Freezing] Training last 4 transformer layers (layers 8-11)
[Layer Freezing] Trainable params: 28,384,555 / 108,924,715 (26.1%)
[Layer Freezing] Training last 4 transformer layers (layers 8-11)
[Layer Freezing] Trainable params: 28,384,555 / 108,924,715 (26.1%)
[Layer Freezing] Training last 4 transformer layers (layers 8-11)
[Layer Freezing] Trainable params: 28,384,555 / 108,924,715 (26.1%)
[Layer Freezing] Training last 4 transformer layers (layers 8-11)
[Layer Freezing] Trainable params: 28,384,555 / 108,924,715 (26.1%)
[Round 70] T=2.00  α_ce=1.00  α_kd=1.00
 Round 70 | F1 0.4540 | P 0.6414 | R 0.3514 | Time 42.7s | Comm N/A | Local Avg F1: 0.4044

=== Round 71/100 ===
[Round 71] KD=ON | policy=ema_first
[Layer Freezing] Training last 4 transformer layers (layers 8-11)
[Layer Freezing] Trainable params: 28,384,555 / 108,924,715 (26.1%)
[Layer Freezing] Training last 4 transformer layers (layers 8-11)
[Layer Freezing] Trainable params: 28,384,555 / 108,924,715 (26.1%)
[Layer Freezing] Training last 4 transformer layers (layers 8-11)
[Layer Freezing] Trainable params: 28,384,555 / 108,924,715 (26.1%)
[Layer Freezing] Training last 4 transformer layers (layers 8-11)
[Layer Freezing] Trainable params: 28,384,555 / 108,924,715 (26.1%)
[Layer Freezing] Training last 4 transformer layers (layers 8-11)
[Layer Freezing] Trainable params: 28,384,555 / 108,924,715 (26.1%)
[Layer Freezing] Training last 4 transformer layers (layers 8-11)
[Layer Freezing] Trainable params: 28,384,555 / 108,924,715 (26.1%)
[Layer Freezing] Training last 4 transformer layers (layers 8-11)
[Layer Freezing] Trainable params: 28,384,555 / 108,924,715 (26.1%)
[Layer Freezing] Training last 4 transformer layers (layers 8-11)
[Layer Freezing] Trainable params: 28,384,555 / 108,924,715 (26.1%)
[Layer Freezing] Training last 4 transformer layers (layers 8-11)
[Layer Freezing] Trainable params: 28,384,555 / 108,924,715 (26.1%)
[Layer Freezing] Training last 4 transformer layers (layers 8-11)
[Layer Freezing] Trainable params: 28,384,555 / 108,924,715 (26.1%)
[Round 71] T=2.00  α_ce=1.00  α_kd=1.00
 Round 71 | F1 0.4810 | P 0.6259 | R 0.3905 | Time 43.6s | Comm N/A | Local Avg F1: 0.4154

=== Round 72/100 ===
[Round 72] KD=ON | policy=ema_first
[Layer Freezing] Training last 4 transformer layers (layers 8-11)
[Layer Freezing] Trainable params: 28,384,555 / 108,924,715 (26.1%)
[Layer Freezing] Training last 4 transformer layers (layers 8-11)
[Layer Freezing] Trainable params: 28,384,555 / 108,924,715 (26.1%)
[Layer Freezing] Training last 4 transformer layers (layers 8-11)
[Layer Freezing] Trainable params: 28,384,555 / 108,924,715 (26.1%)
[Layer Freezing] Training last 4 transformer layers (layers 8-11)
[Layer Freezing] Trainable params: 28,384,555 / 108,924,715 (26.1%)
[Layer Freezing] Training last 4 transformer layers (layers 8-11)
[Layer Freezing] Trainable params: 28,384,555 / 108,924,715 (26.1%)
[Layer Freezing] Training last 4 transformer layers (layers 8-11)
[Layer Freezing] Trainable params: 28,384,555 / 108,924,715 (26.1%)
[Layer Freezing] Training last 4 transformer layers (layers 8-11)
[Layer Freezing] Trainable params: 28,384,555 / 108,924,715 (26.1%)
[Layer Freezing] Training last 4 transformer layers (layers 8-11)
[Layer Freezing] Trainable params: 28,384,555 / 108,924,715 (26.1%)
[Layer Freezing] Training last 4 transformer layers (layers 8-11)
[Layer Freezing] Trainable params: 28,384,555 / 108,924,715 (26.1%)
[Layer Freezing] Training last 4 transformer layers (layers 8-11)
[Layer Freezing] Trainable params: 28,384,555 / 108,924,715 (26.1%)
[Round 72] T=2.00  α_ce=1.00  α_kd=1.00
 Round 72 | F1 0.4734 | P 0.6288 | R 0.3796 | Time 43.4s | Comm N/A | Local Avg F1: 0.4119

=== Round 73/100 ===
[Round 73] KD=ON | policy=ema_first
[Layer Freezing] Training last 4 transformer layers (layers 8-11)
[Layer Freezing] Trainable params: 28,384,555 / 108,924,715 (26.1%)
[Layer Freezing] Training last 4 transformer layers (layers 8-11)
[Layer Freezing] Trainable params: 28,384,555 / 108,924,715 (26.1%)
[Layer Freezing] Training last 4 transformer layers (layers 8-11)
[Layer Freezing] Trainable params: 28,384,555 / 108,924,715 (26.1%)
[Layer Freezing] Training last 4 transformer layers (layers 8-11)
[Layer Freezing] Trainable params: 28,384,555 / 108,924,715 (26.1%)
[Layer Freezing] Training last 4 transformer layers (layers 8-11)
[Layer Freezing] Trainable params: 28,384,555 / 108,924,715 (26.1%)
[Layer Freezing] Training last 4 transformer layers (layers 8-11)
[Layer Freezing] Trainable params: 28,384,555 / 108,924,715 (26.1%)
[Layer Freezing] Training last 4 transformer layers (layers 8-11)
[Layer Freezing] Trainable params: 28,384,555 / 108,924,715 (26.1%)
[Layer Freezing] Training last 4 transformer layers (layers 8-11)
[Layer Freezing] Trainable params: 28,384,555 / 108,924,715 (26.1%)
[Layer Freezing] Training last 4 transformer layers (layers 8-11)
[Layer Freezing] Trainable params: 28,384,555 / 108,924,715 (26.1%)
[Layer Freezing] Training last 4 transformer layers (layers 8-11)
[Layer Freezing] Trainable params: 28,384,555 / 108,924,715 (26.1%)
[Round 73] T=2.00  α_ce=1.00  α_kd=1.00
 Round 73 | F1 0.4784 | P 0.6259 | R 0.3872 | Time 42.8s | Comm N/A | Local Avg F1: 0.4111

=== Round 74/100 ===
[Round 74] KD=ON | policy=ema_first
[Layer Freezing] Training last 4 transformer layers (layers 8-11)
[Layer Freezing] Trainable params: 28,384,555 / 108,924,715 (26.1%)
[Layer Freezing] Training last 4 transformer layers (layers 8-11)
[Layer Freezing] Trainable params: 28,384,555 / 108,924,715 (26.1%)
[Layer Freezing] Training last 4 transformer layers (layers 8-11)
[Layer Freezing] Trainable params: 28,384,555 / 108,924,715 (26.1%)
[Layer Freezing] Training last 4 transformer layers (layers 8-11)
[Layer Freezing] Trainable params: 28,384,555 / 108,924,715 (26.1%)
[Layer Freezing] Training last 4 transformer layers (layers 8-11)
[Layer Freezing] Trainable params: 28,384,555 / 108,924,715 (26.1%)
[Layer Freezing] Training last 4 transformer layers (layers 8-11)
[Layer Freezing] Trainable params: 28,384,555 / 108,924,715 (26.1%)
[Layer Freezing] Training last 4 transformer layers (layers 8-11)
[Layer Freezing] Trainable params: 28,384,555 / 108,924,715 (26.1%)
[Layer Freezing] Training last 4 transformer layers (layers 8-11)
[Layer Freezing] Trainable params: 28,384,555 / 108,924,715 (26.1%)
[Layer Freezing] Training last 4 transformer layers (layers 8-11)
[Layer Freezing] Trainable params: 28,384,555 / 108,924,715 (26.1%)
[Layer Freezing] Training last 4 transformer layers (layers 8-11)
[Layer Freezing] Trainable params: 28,384,555 / 108,924,715 (26.1%)
[Round 74] T=2.00  α_ce=1.00  α_kd=1.00
 Round 74 | F1 0.4828 | P 0.6273 | R 0.3924 | Time 43.0s | Comm N/A | Local Avg F1: 0.4155

=== Round 75/100 ===
[Round 75] KD=ON | policy=ema_first
[Layer Freezing] Training last 4 transformer layers (layers 8-11)
[Layer Freezing] Trainable params: 28,384,555 / 108,924,715 (26.1%)
[Layer Freezing] Training last 4 transformer layers (layers 8-11)
[Layer Freezing] Trainable params: 28,384,555 / 108,924,715 (26.1%)
[Layer Freezing] Training last 4 transformer layers (layers 8-11)
[Layer Freezing] Trainable params: 28,384,555 / 108,924,715 (26.1%)
[Layer Freezing] Training last 4 transformer layers (layers 8-11)
[Layer Freezing] Trainable params: 28,384,555 / 108,924,715 (26.1%)
[Layer Freezing] Training last 4 transformer layers (layers 8-11)
[Layer Freezing] Trainable params: 28,384,555 / 108,924,715 (26.1%)
[Layer Freezing] Training last 4 transformer layers (layers 8-11)
[Layer Freezing] Trainable params: 28,384,555 / 108,924,715 (26.1%)
[Layer Freezing] Training last 4 transformer layers (layers 8-11)
[Layer Freezing] Trainable params: 28,384,555 / 108,924,715 (26.1%)
[Layer Freezing] Training last 4 transformer layers (layers 8-11)
[Layer Freezing] Trainable params: 28,384,555 / 108,924,715 (26.1%)
[Layer Freezing] Training last 4 transformer layers (layers 8-11)
[Layer Freezing] Trainable params: 28,384,555 / 108,924,715 (26.1%)
[Layer Freezing] Training last 4 transformer layers (layers 8-11)
[Layer Freezing] Trainable params: 28,384,555 / 108,924,715 (26.1%)
[Round 75] T=2.00  α_ce=1.00  α_kd=1.00
 Round 75 | F1 0.4811 | P 0.6303 | R 0.3890 | Time 44.1s | Comm N/A | Local Avg F1: 0.4123

=== Round 76/100 ===
[Round 76] KD=ON | policy=ema_first
[Layer Freezing] Training last 4 transformer layers (layers 8-11)
[Layer Freezing] Trainable params: 28,384,555 / 108,924,715 (26.1%)
[Layer Freezing] Training last 4 transformer layers (layers 8-11)
[Layer Freezing] Trainable params: 28,384,555 / 108,924,715 (26.1%)
[Layer Freezing] Training last 4 transformer layers (layers 8-11)
[Layer Freezing] Trainable params: 28,384,555 / 108,924,715 (26.1%)
[Layer Freezing] Training last 4 transformer layers (layers 8-11)
[Layer Freezing] Trainable params: 28,384,555 / 108,924,715 (26.1%)
[Layer Freezing] Training last 4 transformer layers (layers 8-11)
[Layer Freezing] Trainable params: 28,384,555 / 108,924,715 (26.1%)
[Layer Freezing] Training last 4 transformer layers (layers 8-11)
[Layer Freezing] Trainable params: 28,384,555 / 108,924,715 (26.1%)
[Layer Freezing] Training last 4 transformer layers (layers 8-11)
[Layer Freezing] Trainable params: 28,384,555 / 108,924,715 (26.1%)
[Layer Freezing] Training last 4 transformer layers (layers 8-11)
[Layer Freezing] Trainable params: 28,384,555 / 108,924,715 (26.1%)
[Layer Freezing] Training last 4 transformer layers (layers 8-11)
[Layer Freezing] Trainable params: 28,384,555 / 108,924,715 (26.1%)
[Layer Freezing] Training last 4 transformer layers (layers 8-11)
[Layer Freezing] Trainable params: 28,384,555 / 108,924,715 (26.1%)
[Round 76] T=2.00  α_ce=1.00  α_kd=1.00
 Round 76 | F1 0.4785 | P 0.6316 | R 0.3852 | Time 43.0s | Comm N/A | Local Avg F1: 0.4146

=== Round 77/100 ===
[Round 77] KD=ON | policy=ema_first
[Layer Freezing] Training last 4 transformer layers (layers 8-11)
[Layer Freezing] Trainable params: 28,384,555 / 108,924,715 (26.1%)
[Layer Freezing] Training last 4 transformer layers (layers 8-11)
[Layer Freezing] Trainable params: 28,384,555 / 108,924,715 (26.1%)
[Layer Freezing] Training last 4 transformer layers (layers 8-11)
[Layer Freezing] Trainable params: 28,384,555 / 108,924,715 (26.1%)
[Layer Freezing] Training last 4 transformer layers (layers 8-11)
[Layer Freezing] Trainable params: 28,384,555 / 108,924,715 (26.1%)
[Layer Freezing] Training last 4 transformer layers (layers 8-11)
[Layer Freezing] Trainable params: 28,384,555 / 108,924,715 (26.1%)
[Layer Freezing] Training last 4 transformer layers (layers 8-11)
[Layer Freezing] Trainable params: 28,384,555 / 108,924,715 (26.1%)
[Layer Freezing] Training last 4 transformer layers (layers 8-11)
[Layer Freezing] Trainable params: 28,384,555 / 108,924,715 (26.1%)
[Layer Freezing] Training last 4 transformer layers (layers 8-11)
[Layer Freezing] Trainable params: 28,384,555 / 108,924,715 (26.1%)
[Layer Freezing] Training last 4 transformer layers (layers 8-11)
[Layer Freezing] Trainable params: 28,384,555 / 108,924,715 (26.1%)
[Layer Freezing] Training last 4 transformer layers (layers 8-11)
[Layer Freezing] Trainable params: 28,384,555 / 108,924,715 (26.1%)
[Round 77] T=2.00  α_ce=1.00  α_kd=1.00
 Round 77 | F1 0.4650 | P 0.6342 | R 0.3671 | Time 42.7s | Comm N/A | Local Avg F1: 0.4036

=== Round 78/100 ===
[Round 78] KD=ON | policy=ema_first
[Layer Freezing] Training last 4 transformer layers (layers 8-11)
[Layer Freezing] Trainable params: 28,384,555 / 108,924,715 (26.1%)
[Layer Freezing] Training last 4 transformer layers (layers 8-11)
[Layer Freezing] Trainable params: 28,384,555 / 108,924,715 (26.1%)
[Layer Freezing] Training last 4 transformer layers (layers 8-11)
[Layer Freezing] Trainable params: 28,384,555 / 108,924,715 (26.1%)
[Layer Freezing] Training last 4 transformer layers (layers 8-11)
[Layer Freezing] Trainable params: 28,384,555 / 108,924,715 (26.1%)
[Layer Freezing] Training last 4 transformer layers (layers 8-11)
[Layer Freezing] Trainable params: 28,384,555 / 108,924,715 (26.1%)
[Layer Freezing] Training last 4 transformer layers (layers 8-11)
[Layer Freezing] Trainable params: 28,384,555 / 108,924,715 (26.1%)
[Layer Freezing] Training last 4 transformer layers (layers 8-11)
[Layer Freezing] Trainable params: 28,384,555 / 108,924,715 (26.1%)
[Layer Freezing] Training last 4 transformer layers (layers 8-11)
[Layer Freezing] Trainable params: 28,384,555 / 108,924,715 (26.1%)
[Layer Freezing] Training last 4 transformer layers (layers 8-11)
[Layer Freezing] Trainable params: 28,384,555 / 108,924,715 (26.1%)
[Layer Freezing] Training last 4 transformer layers (layers 8-11)
[Layer Freezing] Trainable params: 28,384,555 / 108,924,715 (26.1%)
[Round 78] T=2.00  α_ce=1.00  α_kd=1.00
 Round 78 | F1 0.4675 | P 0.6393 | R 0.3684 | Time 43.7s | Comm N/A | Local Avg F1: 0.4048

=== Round 79/100 ===
[Round 79] KD=ON | policy=ema_first
[Layer Freezing] Training last 4 transformer layers (layers 8-11)
[Layer Freezing] Trainable params: 28,384,555 / 108,924,715 (26.1%)
[Layer Freezing] Training last 4 transformer layers (layers 8-11)
[Layer Freezing] Trainable params: 28,384,555 / 108,924,715 (26.1%)
[Layer Freezing] Training last 4 transformer layers (layers 8-11)
[Layer Freezing] Trainable params: 28,384,555 / 108,924,715 (26.1%)
[Layer Freezing] Training last 4 transformer layers (layers 8-11)
[Layer Freezing] Trainable params: 28,384,555 / 108,924,715 (26.1%)
[Layer Freezing] Training last 4 transformer layers (layers 8-11)
[Layer Freezing] Trainable params: 28,384,555 / 108,924,715 (26.1%)
[Layer Freezing] Training last 4 transformer layers (layers 8-11)
[Layer Freezing] Trainable params: 28,384,555 / 108,924,715 (26.1%)
[Layer Freezing] Training last 4 transformer layers (layers 8-11)
[Layer Freezing] Trainable params: 28,384,555 / 108,924,715 (26.1%)
[Layer Freezing] Training last 4 transformer layers (layers 8-11)
[Layer Freezing] Trainable params: 28,384,555 / 108,924,715 (26.1%)
[Layer Freezing] Training last 4 transformer layers (layers 8-11)
[Layer Freezing] Trainable params: 28,384,555 / 108,924,715 (26.1%)
[Layer Freezing] Training last 4 transformer layers (layers 8-11)
[Layer Freezing] Trainable params: 28,384,555 / 108,924,715 (26.1%)
[Round 79] T=2.00  α_ce=1.00  α_kd=1.00
 Round 79 | F1 0.4828 | P 0.6329 | R 0.3903 | Time 41.8s | Comm N/A | Local Avg F1: 0.4115

=== Round 80/100 ===
[Round 80] KD=ON | policy=ema_first
[Layer Freezing] Training last 4 transformer layers (layers 8-11)
[Layer Freezing] Trainable params: 28,384,555 / 108,924,715 (26.1%)
[Layer Freezing] Training last 4 transformer layers (layers 8-11)
[Layer Freezing] Trainable params: 28,384,555 / 108,924,715 (26.1%)
[Layer Freezing] Training last 4 transformer layers (layers 8-11)
[Layer Freezing] Trainable params: 28,384,555 / 108,924,715 (26.1%)
[Layer Freezing] Training last 4 transformer layers (layers 8-11)
[Layer Freezing] Trainable params: 28,384,555 / 108,924,715 (26.1%)
[Layer Freezing] Training last 4 transformer layers (layers 8-11)
[Layer Freezing] Trainable params: 28,384,555 / 108,924,715 (26.1%)
[Layer Freezing] Training last 4 transformer layers (layers 8-11)
[Layer Freezing] Trainable params: 28,384,555 / 108,924,715 (26.1%)
[Layer Freezing] Training last 4 transformer layers (layers 8-11)
[Layer Freezing] Trainable params: 28,384,555 / 108,924,715 (26.1%)
[Layer Freezing] Training last 4 transformer layers (layers 8-11)
[Layer Freezing] Trainable params: 28,384,555 / 108,924,715 (26.1%)
[Layer Freezing] Training last 4 transformer layers (layers 8-11)
[Layer Freezing] Trainable params: 28,384,555 / 108,924,715 (26.1%)
[Layer Freezing] Training last 4 transformer layers (layers 8-11)
[Layer Freezing] Trainable params: 28,384,555 / 108,924,715 (26.1%)
[Round 80] T=2.00  α_ce=1.00  α_kd=1.00
 Round 80 | F1 0.4804 | P 0.6343 | R 0.3866 | Time 42.5s | Comm N/A | Local Avg F1: 0.4155

=== Round 81/100 ===
[Round 81] KD=ON | policy=ema_first
[Layer Freezing] Training last 4 transformer layers (layers 8-11)
[Layer Freezing] Trainable params: 28,384,555 / 108,924,715 (26.1%)
[Layer Freezing] Training last 4 transformer layers (layers 8-11)
[Layer Freezing] Trainable params: 28,384,555 / 108,924,715 (26.1%)
[Layer Freezing] Training last 4 transformer layers (layers 8-11)
[Layer Freezing] Trainable params: 28,384,555 / 108,924,715 (26.1%)
[Layer Freezing] Training last 4 transformer layers (layers 8-11)
[Layer Freezing] Trainable params: 28,384,555 / 108,924,715 (26.1%)
[Layer Freezing] Training last 4 transformer layers (layers 8-11)
[Layer Freezing] Trainable params: 28,384,555 / 108,924,715 (26.1%)
[Layer Freezing] Training last 4 transformer layers (layers 8-11)
[Layer Freezing] Trainable params: 28,384,555 / 108,924,715 (26.1%)
[Layer Freezing] Training last 4 transformer layers (layers 8-11)
[Layer Freezing] Trainable params: 28,384,555 / 108,924,715 (26.1%)
[Layer Freezing] Training last 4 transformer layers (layers 8-11)
[Layer Freezing] Trainable params: 28,384,555 / 108,924,715 (26.1%)
[Layer Freezing] Training last 4 transformer layers (layers 8-11)
[Layer Freezing] Trainable params: 28,384,555 / 108,924,715 (26.1%)
[Layer Freezing] Training last 4 transformer layers (layers 8-11)
[Layer Freezing] Trainable params: 28,384,555 / 108,924,715 (26.1%)
[Round 81] T=2.00  α_ce=1.00  α_kd=1.00
 Round 81 | F1 0.4858 | P 0.6307 | R 0.3950 | Time 44.7s | Comm N/A | Local Avg F1: 0.4162

=== Round 82/100 ===
[Round 82] KD=ON | policy=ema_first
[Layer Freezing] Training last 4 transformer layers (layers 8-11)
[Layer Freezing] Trainable params: 28,384,555 / 108,924,715 (26.1%)
[Layer Freezing] Training last 4 transformer layers (layers 8-11)
[Layer Freezing] Trainable params: 28,384,555 / 108,924,715 (26.1%)
[Layer Freezing] Training last 4 transformer layers (layers 8-11)
[Layer Freezing] Trainable params: 28,384,555 / 108,924,715 (26.1%)
[Layer Freezing] Training last 4 transformer layers (layers 8-11)
[Layer Freezing] Trainable params: 28,384,555 / 108,924,715 (26.1%)
[Layer Freezing] Training last 4 transformer layers (layers 8-11)
[Layer Freezing] Trainable params: 28,384,555 / 108,924,715 (26.1%)
[Layer Freezing] Training last 4 transformer layers (layers 8-11)
[Layer Freezing] Trainable params: 28,384,555 / 108,924,715 (26.1%)
[Layer Freezing] Training last 4 transformer layers (layers 8-11)
[Layer Freezing] Trainable params: 28,384,555 / 108,924,715 (26.1%)
[Layer Freezing] Training last 4 transformer layers (layers 8-11)
[Layer Freezing] Trainable params: 28,384,555 / 108,924,715 (26.1%)
[Layer Freezing] Training last 4 transformer layers (layers 8-11)
[Layer Freezing] Trainable params: 28,384,555 / 108,924,715 (26.1%)
[Layer Freezing] Training last 4 transformer layers (layers 8-11)
[Layer Freezing] Trainable params: 28,384,555 / 108,924,715 (26.1%)
[Round 82] T=2.00  α_ce=1.00  α_kd=1.00
 Round 82 | F1 0.4754 | P 0.6299 | R 0.3818 | Time 41.9s | Comm N/A | Local Avg F1: 0.4121

=== Round 83/100 ===
[Round 83] KD=ON | policy=ema_first
[Layer Freezing] Training last 4 transformer layers (layers 8-11)
[Layer Freezing] Trainable params: 28,384,555 / 108,924,715 (26.1%)
[Layer Freezing] Training last 4 transformer layers (layers 8-11)
[Layer Freezing] Trainable params: 28,384,555 / 108,924,715 (26.1%)
[Layer Freezing] Training last 4 transformer layers (layers 8-11)
[Layer Freezing] Trainable params: 28,384,555 / 108,924,715 (26.1%)
[Layer Freezing] Training last 4 transformer layers (layers 8-11)
[Layer Freezing] Trainable params: 28,384,555 / 108,924,715 (26.1%)
[Layer Freezing] Training last 4 transformer layers (layers 8-11)
[Layer Freezing] Trainable params: 28,384,555 / 108,924,715 (26.1%)
[Layer Freezing] Training last 4 transformer layers (layers 8-11)
[Layer Freezing] Trainable params: 28,384,555 / 108,924,715 (26.1%)
[Layer Freezing] Training last 4 transformer layers (layers 8-11)
[Layer Freezing] Trainable params: 28,384,555 / 108,924,715 (26.1%)
[Layer Freezing] Training last 4 transformer layers (layers 8-11)
[Layer Freezing] Trainable params: 28,384,555 / 108,924,715 (26.1%)
[Layer Freezing] Training last 4 transformer layers (layers 8-11)
[Layer Freezing] Trainable params: 28,384,555 / 108,924,715 (26.1%)
[Layer Freezing] Training last 4 transformer layers (layers 8-11)
[Layer Freezing] Trainable params: 28,384,555 / 108,924,715 (26.1%)
[Round 83] T=2.00  α_ce=1.00  α_kd=1.00
 Round 83 | F1 0.4854 | P 0.6321 | R 0.3940 | Time 45.0s | Comm N/A | Local Avg F1: 0.4156

=== Round 84/100 ===
[Round 84] KD=ON | policy=ema_first
[Layer Freezing] Training last 4 transformer layers (layers 8-11)
[Layer Freezing] Trainable params: 28,384,555 / 108,924,715 (26.1%)
[Layer Freezing] Training last 4 transformer layers (layers 8-11)
[Layer Freezing] Trainable params: 28,384,555 / 108,924,715 (26.1%)
[Layer Freezing] Training last 4 transformer layers (layers 8-11)
[Layer Freezing] Trainable params: 28,384,555 / 108,924,715 (26.1%)
[Layer Freezing] Training last 4 transformer layers (layers 8-11)
[Layer Freezing] Trainable params: 28,384,555 / 108,924,715 (26.1%)
[Layer Freezing] Training last 4 transformer layers (layers 8-11)
[Layer Freezing] Trainable params: 28,384,555 / 108,924,715 (26.1%)
[Layer Freezing] Training last 4 transformer layers (layers 8-11)
[Layer Freezing] Trainable params: 28,384,555 / 108,924,715 (26.1%)
[Layer Freezing] Training last 4 transformer layers (layers 8-11)
[Layer Freezing] Trainable params: 28,384,555 / 108,924,715 (26.1%)
[Layer Freezing] Training last 4 transformer layers (layers 8-11)
[Layer Freezing] Trainable params: 28,384,555 / 108,924,715 (26.1%)
[Layer Freezing] Training last 4 transformer layers (layers 8-11)
[Layer Freezing] Trainable params: 28,384,555 / 108,924,715 (26.1%)
[Layer Freezing] Training last 4 transformer layers (layers 8-11)
[Layer Freezing] Trainable params: 28,384,555 / 108,924,715 (26.1%)
[Round 84] T=2.00  α_ce=1.00  α_kd=1.00
 Round 84 | F1 0.4881 | P 0.6394 | R 0.3947 | Time 43.0s | Comm N/A | Local Avg F1: 0.4192

=== Round 85/100 ===
[Round 85] KD=ON | policy=ema_first
[Layer Freezing] Training last 4 transformer layers (layers 8-11)
[Layer Freezing] Trainable params: 28,384,555 / 108,924,715 (26.1%)
[Layer Freezing] Training last 4 transformer layers (layers 8-11)
[Layer Freezing] Trainable params: 28,384,555 / 108,924,715 (26.1%)
[Layer Freezing] Training last 4 transformer layers (layers 8-11)
[Layer Freezing] Trainable params: 28,384,555 / 108,924,715 (26.1%)
[Layer Freezing] Training last 4 transformer layers (layers 8-11)
[Layer Freezing] Trainable params: 28,384,555 / 108,924,715 (26.1%)
[Layer Freezing] Training last 4 transformer layers (layers 8-11)
[Layer Freezing] Trainable params: 28,384,555 / 108,924,715 (26.1%)
[Layer Freezing] Training last 4 transformer layers (layers 8-11)
[Layer Freezing] Trainable params: 28,384,555 / 108,924,715 (26.1%)
[Layer Freezing] Training last 4 transformer layers (layers 8-11)
[Layer Freezing] Trainable params: 28,384,555 / 108,924,715 (26.1%)
[Layer Freezing] Training last 4 transformer layers (layers 8-11)
[Layer Freezing] Trainable params: 28,384,555 / 108,924,715 (26.1%)
[Layer Freezing] Training last 4 transformer layers (layers 8-11)
[Layer Freezing] Trainable params: 28,384,555 / 108,924,715 (26.1%)
[Layer Freezing] Training last 4 transformer layers (layers 8-11)
[Layer Freezing] Trainable params: 28,384,555 / 108,924,715 (26.1%)
[Round 85] T=2.00  α_ce=1.00  α_kd=1.00
 Round 85 | F1 0.4866 | P 0.6362 | R 0.3939 | Time 43.1s | Comm N/A | Local Avg F1: 0.4206

=== Round 86/100 ===
[Round 86] KD=ON | policy=ema_first
[Layer Freezing] Training last 4 transformer layers (layers 8-11)
[Layer Freezing] Trainable params: 28,384,555 / 108,924,715 (26.1%)
[Layer Freezing] Training last 4 transformer layers (layers 8-11)
[Layer Freezing] Trainable params: 28,384,555 / 108,924,715 (26.1%)
[Layer Freezing] Training last 4 transformer layers (layers 8-11)
[Layer Freezing] Trainable params: 28,384,555 / 108,924,715 (26.1%)
[Layer Freezing] Training last 4 transformer layers (layers 8-11)
[Layer Freezing] Trainable params: 28,384,555 / 108,924,715 (26.1%)
[Layer Freezing] Training last 4 transformer layers (layers 8-11)
[Layer Freezing] Trainable params: 28,384,555 / 108,924,715 (26.1%)
[Layer Freezing] Training last 4 transformer layers (layers 8-11)
[Layer Freezing] Trainable params: 28,384,555 / 108,924,715 (26.1%)
[Layer Freezing] Training last 4 transformer layers (layers 8-11)
[Layer Freezing] Trainable params: 28,384,555 / 108,924,715 (26.1%)
[Layer Freezing] Training last 4 transformer layers (layers 8-11)
[Layer Freezing] Trainable params: 28,384,555 / 108,924,715 (26.1%)
[Layer Freezing] Training last 4 transformer layers (layers 8-11)
[Layer Freezing] Trainable params: 28,384,555 / 108,924,715 (26.1%)
[Layer Freezing] Training last 4 transformer layers (layers 8-11)
[Layer Freezing] Trainable params: 28,384,555 / 108,924,715 (26.1%)
[Round 86] T=2.00  α_ce=1.00  α_kd=1.00
 Round 86 | F1 0.4869 | P 0.6332 | R 0.3955 | Time 42.7s | Comm N/A | Local Avg F1: 0.4201

=== Round 87/100 ===
[Round 87] KD=ON | policy=ema_first
[Layer Freezing] Training last 4 transformer layers (layers 8-11)
[Layer Freezing] Trainable params: 28,384,555 / 108,924,715 (26.1%)
[Layer Freezing] Training last 4 transformer layers (layers 8-11)
[Layer Freezing] Trainable params: 28,384,555 / 108,924,715 (26.1%)
[Layer Freezing] Training last 4 transformer layers (layers 8-11)
[Layer Freezing] Trainable params: 28,384,555 / 108,924,715 (26.1%)
[Layer Freezing] Training last 4 transformer layers (layers 8-11)
[Layer Freezing] Trainable params: 28,384,555 / 108,924,715 (26.1%)
[Layer Freezing] Training last 4 transformer layers (layers 8-11)
[Layer Freezing] Trainable params: 28,384,555 / 108,924,715 (26.1%)
[Layer Freezing] Training last 4 transformer layers (layers 8-11)
[Layer Freezing] Trainable params: 28,384,555 / 108,924,715 (26.1%)
[Layer Freezing] Training last 4 transformer layers (layers 8-11)
[Layer Freezing] Trainable params: 28,384,555 / 108,924,715 (26.1%)
[Layer Freezing] Training last 4 transformer layers (layers 8-11)
[Layer Freezing] Trainable params: 28,384,555 / 108,924,715 (26.1%)
[Layer Freezing] Training last 4 transformer layers (layers 8-11)
[Layer Freezing] Trainable params: 28,384,555 / 108,924,715 (26.1%)
[Layer Freezing] Training last 4 transformer layers (layers 8-11)
[Layer Freezing] Trainable params: 28,384,555 / 108,924,715 (26.1%)
[Round 87] T=2.00  α_ce=1.00  α_kd=1.00
 Round 87 | F1 0.4891 | P 0.6309 | R 0.3994 | Time 42.5s | Comm N/A | Local Avg F1: 0.4189

=== Round 88/100 ===
[Round 88] KD=ON | policy=ema_first
[Layer Freezing] Training last 4 transformer layers (layers 8-11)
[Layer Freezing] Trainable params: 28,384,555 / 108,924,715 (26.1%)
[Layer Freezing] Training last 4 transformer layers (layers 8-11)
[Layer Freezing] Trainable params: 28,384,555 / 108,924,715 (26.1%)
[Layer Freezing] Training last 4 transformer layers (layers 8-11)
[Layer Freezing] Trainable params: 28,384,555 / 108,924,715 (26.1%)
[Layer Freezing] Training last 4 transformer layers (layers 8-11)
[Layer Freezing] Trainable params: 28,384,555 / 108,924,715 (26.1%)
[Layer Freezing] Training last 4 transformer layers (layers 8-11)
[Layer Freezing] Trainable params: 28,384,555 / 108,924,715 (26.1%)
[Layer Freezing] Training last 4 transformer layers (layers 8-11)
[Layer Freezing] Trainable params: 28,384,555 / 108,924,715 (26.1%)
[Layer Freezing] Training last 4 transformer layers (layers 8-11)
[Layer Freezing] Trainable params: 28,384,555 / 108,924,715 (26.1%)
[Layer Freezing] Training last 4 transformer layers (layers 8-11)
[Layer Freezing] Trainable params: 28,384,555 / 108,924,715 (26.1%)
[Layer Freezing] Training last 4 transformer layers (layers 8-11)
[Layer Freezing] Trainable params: 28,384,555 / 108,924,715 (26.1%)
[Layer Freezing] Training last 4 transformer layers (layers 8-11)
[Layer Freezing] Trainable params: 28,384,555 / 108,924,715 (26.1%)
[Round 88] T=2.00  α_ce=1.00  α_kd=1.00
 Round 88 | F1 0.4878 | P 0.6321 | R 0.3972 | Time 42.8s | Comm N/A | Local Avg F1: 0.4210

=== Round 89/100 ===
[Round 89] KD=ON | policy=ema_first
[Layer Freezing] Training last 4 transformer layers (layers 8-11)
[Layer Freezing] Trainable params: 28,384,555 / 108,924,715 (26.1%)
[Layer Freezing] Training last 4 transformer layers (layers 8-11)
[Layer Freezing] Trainable params: 28,384,555 / 108,924,715 (26.1%)
[Layer Freezing] Training last 4 transformer layers (layers 8-11)
[Layer Freezing] Trainable params: 28,384,555 / 108,924,715 (26.1%)
[Layer Freezing] Training last 4 transformer layers (layers 8-11)
[Layer Freezing] Trainable params: 28,384,555 / 108,924,715 (26.1%)
[Layer Freezing] Training last 4 transformer layers (layers 8-11)
[Layer Freezing] Trainable params: 28,384,555 / 108,924,715 (26.1%)
[Layer Freezing] Training last 4 transformer layers (layers 8-11)
[Layer Freezing] Trainable params: 28,384,555 / 108,924,715 (26.1%)
[Layer Freezing] Training last 4 transformer layers (layers 8-11)
[Layer Freezing] Trainable params: 28,384,555 / 108,924,715 (26.1%)
[Layer Freezing] Training last 4 transformer layers (layers 8-11)
[Layer Freezing] Trainable params: 28,384,555 / 108,924,715 (26.1%)
[Layer Freezing] Training last 4 transformer layers (layers 8-11)
[Layer Freezing] Trainable params: 28,384,555 / 108,924,715 (26.1%)
[Layer Freezing] Training last 4 transformer layers (layers 8-11)
[Layer Freezing] Trainable params: 28,384,555 / 108,924,715 (26.1%)
[Round 89] T=2.00  α_ce=1.00  α_kd=1.00
 Round 89 | F1 0.4906 | P 0.6316 | R 0.4011 | Time 43.4s | Comm N/A | Local Avg F1: 0.4227

=== Round 90/100 ===
[Round 90] KD=ON | policy=ema_first
[Layer Freezing] Training last 4 transformer layers (layers 8-11)
[Layer Freezing] Trainable params: 28,384,555 / 108,924,715 (26.1%)
[Layer Freezing] Training last 4 transformer layers (layers 8-11)
[Layer Freezing] Trainable params: 28,384,555 / 108,924,715 (26.1%)
[Layer Freezing] Training last 4 transformer layers (layers 8-11)
[Layer Freezing] Trainable params: 28,384,555 / 108,924,715 (26.1%)
[Layer Freezing] Training last 4 transformer layers (layers 8-11)
[Layer Freezing] Trainable params: 28,384,555 / 108,924,715 (26.1%)
[Layer Freezing] Training last 4 transformer layers (layers 8-11)
[Layer Freezing] Trainable params: 28,384,555 / 108,924,715 (26.1%)
[Layer Freezing] Training last 4 transformer layers (layers 8-11)
[Layer Freezing] Trainable params: 28,384,555 / 108,924,715 (26.1%)
[Layer Freezing] Training last 4 transformer layers (layers 8-11)
[Layer Freezing] Trainable params: 28,384,555 / 108,924,715 (26.1%)
[Layer Freezing] Training last 4 transformer layers (layers 8-11)
[Layer Freezing] Trainable params: 28,384,555 / 108,924,715 (26.1%)
[Layer Freezing] Training last 4 transformer layers (layers 8-11)
[Layer Freezing] Trainable params: 28,384,555 / 108,924,715 (26.1%)
[Layer Freezing] Training last 4 transformer layers (layers 8-11)
[Layer Freezing] Trainable params: 28,384,555 / 108,924,715 (26.1%)
[Round 90] T=2.00  α_ce=1.00  α_kd=1.00
 Round 90 | F1 0.4864 | P 0.6354 | R 0.3940 | Time 42.6s | Comm N/A | Local Avg F1: 0.4195

=== Round 91/100 ===
[Round 91] KD=ON | policy=ema_first
[Layer Freezing] Training last 4 transformer layers (layers 8-11)
[Layer Freezing] Trainable params: 28,384,555 / 108,924,715 (26.1%)
[Layer Freezing] Training last 4 transformer layers (layers 8-11)
[Layer Freezing] Trainable params: 28,384,555 / 108,924,715 (26.1%)
[Layer Freezing] Training last 4 transformer layers (layers 8-11)
[Layer Freezing] Trainable params: 28,384,555 / 108,924,715 (26.1%)
[Layer Freezing] Training last 4 transformer layers (layers 8-11)
[Layer Freezing] Trainable params: 28,384,555 / 108,924,715 (26.1%)
[Layer Freezing] Training last 4 transformer layers (layers 8-11)
[Layer Freezing] Trainable params: 28,384,555 / 108,924,715 (26.1%)
[Layer Freezing] Training last 4 transformer layers (layers 8-11)
[Layer Freezing] Trainable params: 28,384,555 / 108,924,715 (26.1%)
[Layer Freezing] Training last 4 transformer layers (layers 8-11)
[Layer Freezing] Trainable params: 28,384,555 / 108,924,715 (26.1%)
[Layer Freezing] Training last 4 transformer layers (layers 8-11)
[Layer Freezing] Trainable params: 28,384,555 / 108,924,715 (26.1%)
[Layer Freezing] Training last 4 transformer layers (layers 8-11)
[Layer Freezing] Trainable params: 28,384,555 / 108,924,715 (26.1%)
[Layer Freezing] Training last 4 transformer layers (layers 8-11)
[Layer Freezing] Trainable params: 28,384,555 / 108,924,715 (26.1%)
[Round 91] T=2.00  α_ce=1.00  α_kd=1.00
 Round 91 | F1 0.5015 | P 0.6285 | R 0.4173 | Time 43.2s | Comm N/A | Local Avg F1: 0.4291

=== Round 92/100 ===
[Round 92] KD=ON | policy=ema_first
[Layer Freezing] Training last 4 transformer layers (layers 8-11)
[Layer Freezing] Trainable params: 28,384,555 / 108,924,715 (26.1%)
[Layer Freezing] Training last 4 transformer layers (layers 8-11)
[Layer Freezing] Trainable params: 28,384,555 / 108,924,715 (26.1%)
[Layer Freezing] Training last 4 transformer layers (layers 8-11)
[Layer Freezing] Trainable params: 28,384,555 / 108,924,715 (26.1%)
[Layer Freezing] Training last 4 transformer layers (layers 8-11)
[Layer Freezing] Trainable params: 28,384,555 / 108,924,715 (26.1%)
[Layer Freezing] Training last 4 transformer layers (layers 8-11)
[Layer Freezing] Trainable params: 28,384,555 / 108,924,715 (26.1%)
[Layer Freezing] Training last 4 transformer layers (layers 8-11)
[Layer Freezing] Trainable params: 28,384,555 / 108,924,715 (26.1%)
[Layer Freezing] Training last 4 transformer layers (layers 8-11)
[Layer Freezing] Trainable params: 28,384,555 / 108,924,715 (26.1%)
[Layer Freezing] Training last 4 transformer layers (layers 8-11)
[Layer Freezing] Trainable params: 28,384,555 / 108,924,715 (26.1%)
[Layer Freezing] Training last 4 transformer layers (layers 8-11)
[Layer Freezing] Trainable params: 28,384,555 / 108,924,715 (26.1%)
[Layer Freezing] Training last 4 transformer layers (layers 8-11)
[Layer Freezing] Trainable params: 28,384,555 / 108,924,715 (26.1%)
[Round 92] T=2.00  α_ce=1.00  α_kd=1.00
 Round 92 | F1 0.4914 | P 0.6247 | R 0.4050 | Time 43.5s | Comm N/A | Local Avg F1: 0.4257

=== Round 93/100 ===
[Round 93] KD=ON | policy=ema_first
[Layer Freezing] Training last 4 transformer layers (layers 8-11)
[Layer Freezing] Trainable params: 28,384,555 / 108,924,715 (26.1%)
[Layer Freezing] Training last 4 transformer layers (layers 8-11)
[Layer Freezing] Trainable params: 28,384,555 / 108,924,715 (26.1%)
[Layer Freezing] Training last 4 transformer layers (layers 8-11)
[Layer Freezing] Trainable params: 28,384,555 / 108,924,715 (26.1%)
[Layer Freezing] Training last 4 transformer layers (layers 8-11)
[Layer Freezing] Trainable params: 28,384,555 / 108,924,715 (26.1%)
[Layer Freezing] Training last 4 transformer layers (layers 8-11)
[Layer Freezing] Trainable params: 28,384,555 / 108,924,715 (26.1%)
[Layer Freezing] Training last 4 transformer layers (layers 8-11)
[Layer Freezing] Trainable params: 28,384,555 / 108,924,715 (26.1%)
[Layer Freezing] Training last 4 transformer layers (layers 8-11)
[Layer Freezing] Trainable params: 28,384,555 / 108,924,715 (26.1%)
[Layer Freezing] Training last 4 transformer layers (layers 8-11)
[Layer Freezing] Trainable params: 28,384,555 / 108,924,715 (26.1%)
[Layer Freezing] Training last 4 transformer layers (layers 8-11)
[Layer Freezing] Trainable params: 28,384,555 / 108,924,715 (26.1%)
[Layer Freezing] Training last 4 transformer layers (layers 8-11)
[Layer Freezing] Trainable params: 28,384,555 / 108,924,715 (26.1%)
[Round 93] T=2.00  α_ce=1.00  α_kd=1.00
 Round 93 | F1 0.4884 | P 0.6293 | R 0.3991 | Time 42.1s | Comm N/A | Local Avg F1: 0.4253

=== Round 94/100 ===
[Round 94] KD=ON | policy=ema_first
[Layer Freezing] Training last 4 transformer layers (layers 8-11)
[Layer Freezing] Trainable params: 28,384,555 / 108,924,715 (26.1%)
[Layer Freezing] Training last 4 transformer layers (layers 8-11)
[Layer Freezing] Trainable params: 28,384,555 / 108,924,715 (26.1%)
[Layer Freezing] Training last 4 transformer layers (layers 8-11)
[Layer Freezing] Trainable params: 28,384,555 / 108,924,715 (26.1%)
[Layer Freezing] Training last 4 transformer layers (layers 8-11)
[Layer Freezing] Trainable params: 28,384,555 / 108,924,715 (26.1%)
[Layer Freezing] Training last 4 transformer layers (layers 8-11)
[Layer Freezing] Trainable params: 28,384,555 / 108,924,715 (26.1%)
[Layer Freezing] Training last 4 transformer layers (layers 8-11)
[Layer Freezing] Trainable params: 28,384,555 / 108,924,715 (26.1%)
[Layer Freezing] Training last 4 transformer layers (layers 8-11)
[Layer Freezing] Trainable params: 28,384,555 / 108,924,715 (26.1%)
[Layer Freezing] Training last 4 transformer layers (layers 8-11)
[Layer Freezing] Trainable params: 28,384,555 / 108,924,715 (26.1%)
[Layer Freezing] Training last 4 transformer layers (layers 8-11)
[Layer Freezing] Trainable params: 28,384,555 / 108,924,715 (26.1%)
[Layer Freezing] Training last 4 transformer layers (layers 8-11)
[Layer Freezing] Trainable params: 28,384,555 / 108,924,715 (26.1%)
[Round 94] T=2.00  α_ce=1.00  α_kd=1.00
 Round 94 | F1 0.4930 | P 0.6320 | R 0.4042 | Time 43.0s | Comm N/A | Local Avg F1: 0.4255

=== Round 95/100 ===
[Round 95] KD=ON | policy=ema_first
[Layer Freezing] Training last 4 transformer layers (layers 8-11)
[Layer Freezing] Trainable params: 28,384,555 / 108,924,715 (26.1%)
[Layer Freezing] Training last 4 transformer layers (layers 8-11)
[Layer Freezing] Trainable params: 28,384,555 / 108,924,715 (26.1%)
[Layer Freezing] Training last 4 transformer layers (layers 8-11)
[Layer Freezing] Trainable params: 28,384,555 / 108,924,715 (26.1%)
[Layer Freezing] Training last 4 transformer layers (layers 8-11)
[Layer Freezing] Trainable params: 28,384,555 / 108,924,715 (26.1%)
[Layer Freezing] Training last 4 transformer layers (layers 8-11)
[Layer Freezing] Trainable params: 28,384,555 / 108,924,715 (26.1%)
[Layer Freezing] Training last 4 transformer layers (layers 8-11)
[Layer Freezing] Trainable params: 28,384,555 / 108,924,715 (26.1%)
[Layer Freezing] Training last 4 transformer layers (layers 8-11)
[Layer Freezing] Trainable params: 28,384,555 / 108,924,715 (26.1%)
[Layer Freezing] Training last 4 transformer layers (layers 8-11)
[Layer Freezing] Trainable params: 28,384,555 / 108,924,715 (26.1%)
[Layer Freezing] Training last 4 transformer layers (layers 8-11)
[Layer Freezing] Trainable params: 28,384,555 / 108,924,715 (26.1%)
[Layer Freezing] Training last 4 transformer layers (layers 8-11)
[Layer Freezing] Trainable params: 28,384,555 / 108,924,715 (26.1%)
[Round 95] T=2.00  α_ce=1.00  α_kd=1.00
 Round 95 | F1 0.4889 | P 0.6323 | R 0.3985 | Time 43.1s | Comm N/A | Local Avg F1: 0.4206

=== Round 96/100 ===
[Round 96] KD=ON | policy=ema_first
[Layer Freezing] Training last 4 transformer layers (layers 8-11)
[Layer Freezing] Trainable params: 28,384,555 / 108,924,715 (26.1%)
[Layer Freezing] Training last 4 transformer layers (layers 8-11)
[Layer Freezing] Trainable params: 28,384,555 / 108,924,715 (26.1%)
[Layer Freezing] Training last 4 transformer layers (layers 8-11)
[Layer Freezing] Trainable params: 28,384,555 / 108,924,715 (26.1%)
[Layer Freezing] Training last 4 transformer layers (layers 8-11)
[Layer Freezing] Trainable params: 28,384,555 / 108,924,715 (26.1%)
[Layer Freezing] Training last 4 transformer layers (layers 8-11)
[Layer Freezing] Trainable params: 28,384,555 / 108,924,715 (26.1%)
[Layer Freezing] Training last 4 transformer layers (layers 8-11)
[Layer Freezing] Trainable params: 28,384,555 / 108,924,715 (26.1%)
[Layer Freezing] Training last 4 transformer layers (layers 8-11)
[Layer Freezing] Trainable params: 28,384,555 / 108,924,715 (26.1%)
[Layer Freezing] Training last 4 transformer layers (layers 8-11)
[Layer Freezing] Trainable params: 28,384,555 / 108,924,715 (26.1%)
[Layer Freezing] Training last 4 transformer layers (layers 8-11)
[Layer Freezing] Trainable params: 28,384,555 / 108,924,715 (26.1%)
[Layer Freezing] Training last 4 transformer layers (layers 8-11)
[Layer Freezing] Trainable params: 28,384,555 / 108,924,715 (26.1%)
[Round 96] T=2.00  α_ce=1.00  α_kd=1.00
 Round 96 | F1 0.5003 | P 0.6278 | R 0.4159 | Time 41.7s | Comm N/A | Local Avg F1: 0.4324

=== Round 97/100 ===
[Round 97] KD=ON | policy=ema_first
[Layer Freezing] Training last 4 transformer layers (layers 8-11)
[Layer Freezing] Trainable params: 28,384,555 / 108,924,715 (26.1%)
[Layer Freezing] Training last 4 transformer layers (layers 8-11)
[Layer Freezing] Trainable params: 28,384,555 / 108,924,715 (26.1%)
[Layer Freezing] Training last 4 transformer layers (layers 8-11)
[Layer Freezing] Trainable params: 28,384,555 / 108,924,715 (26.1%)
[Layer Freezing] Training last 4 transformer layers (layers 8-11)
[Layer Freezing] Trainable params: 28,384,555 / 108,924,715 (26.1%)
[Layer Freezing] Training last 4 transformer layers (layers 8-11)
[Layer Freezing] Trainable params: 28,384,555 / 108,924,715 (26.1%)
[Layer Freezing] Training last 4 transformer layers (layers 8-11)
[Layer Freezing] Trainable params: 28,384,555 / 108,924,715 (26.1%)
[Layer Freezing] Training last 4 transformer layers (layers 8-11)
[Layer Freezing] Trainable params: 28,384,555 / 108,924,715 (26.1%)
[Layer Freezing] Training last 4 transformer layers (layers 8-11)
[Layer Freezing] Trainable params: 28,384,555 / 108,924,715 (26.1%)
[Layer Freezing] Training last 4 transformer layers (layers 8-11)
[Layer Freezing] Trainable params: 28,384,555 / 108,924,715 (26.1%)
[Layer Freezing] Training last 4 transformer layers (layers 8-11)
[Layer Freezing] Trainable params: 28,384,555 / 108,924,715 (26.1%)
[Round 97] T=2.00  α_ce=1.00  α_kd=1.00
 Round 97 | F1 0.4898 | P 0.6310 | R 0.4003 | Time 43.2s | Comm N/A | Local Avg F1: 0.4253

=== Round 98/100 ===
[Round 98] KD=ON | policy=ema_first
[Layer Freezing] Training last 4 transformer layers (layers 8-11)
[Layer Freezing] Trainable params: 28,384,555 / 108,924,715 (26.1%)
[Layer Freezing] Training last 4 transformer layers (layers 8-11)
[Layer Freezing] Trainable params: 28,384,555 / 108,924,715 (26.1%)
[Layer Freezing] Training last 4 transformer layers (layers 8-11)
[Layer Freezing] Trainable params: 28,384,555 / 108,924,715 (26.1%)
[Layer Freezing] Training last 4 transformer layers (layers 8-11)
[Layer Freezing] Trainable params: 28,384,555 / 108,924,715 (26.1%)
[Layer Freezing] Training last 4 transformer layers (layers 8-11)
[Layer Freezing] Trainable params: 28,384,555 / 108,924,715 (26.1%)
[Layer Freezing] Training last 4 transformer layers (layers 8-11)
[Layer Freezing] Trainable params: 28,384,555 / 108,924,715 (26.1%)
[Layer Freezing] Training last 4 transformer layers (layers 8-11)
[Layer Freezing] Trainable params: 28,384,555 / 108,924,715 (26.1%)
[Layer Freezing] Training last 4 transformer layers (layers 8-11)
[Layer Freezing] Trainable params: 28,384,555 / 108,924,715 (26.1%)
[Layer Freezing] Training last 4 transformer layers (layers 8-11)
[Layer Freezing] Trainable params: 28,384,555 / 108,924,715 (26.1%)
[Layer Freezing] Training last 4 transformer layers (layers 8-11)
[Layer Freezing] Trainable params: 28,384,555 / 108,924,715 (26.1%)
[Round 98] T=2.00  α_ce=1.00  α_kd=1.00
 Round 98 | F1 0.4974 | P 0.6260 | R 0.4126 | Time 43.4s | Comm N/A | Local Avg F1: 0.4276

=== Round 99/100 ===
[Round 99] KD=ON | policy=ema_first
[Layer Freezing] Training last 4 transformer layers (layers 8-11)
[Layer Freezing] Trainable params: 28,384,555 / 108,924,715 (26.1%)
[Layer Freezing] Training last 4 transformer layers (layers 8-11)
[Layer Freezing] Trainable params: 28,384,555 / 108,924,715 (26.1%)
[Layer Freezing] Training last 4 transformer layers (layers 8-11)
[Layer Freezing] Trainable params: 28,384,555 / 108,924,715 (26.1%)
[Layer Freezing] Training last 4 transformer layers (layers 8-11)
[Layer Freezing] Trainable params: 28,384,555 / 108,924,715 (26.1%)
[Layer Freezing] Training last 4 transformer layers (layers 8-11)
[Layer Freezing] Trainable params: 28,384,555 / 108,924,715 (26.1%)
[Layer Freezing] Training last 4 transformer layers (layers 8-11)
[Layer Freezing] Trainable params: 28,384,555 / 108,924,715 (26.1%)
[Layer Freezing] Training last 4 transformer layers (layers 8-11)
[Layer Freezing] Trainable params: 28,384,555 / 108,924,715 (26.1%)
[Layer Freezing] Training last 4 transformer layers (layers 8-11)
[Layer Freezing] Trainable params: 28,384,555 / 108,924,715 (26.1%)
[Layer Freezing] Training last 4 transformer layers (layers 8-11)
[Layer Freezing] Trainable params: 28,384,555 / 108,924,715 (26.1%)
[Layer Freezing] Training last 4 transformer layers (layers 8-11)
[Layer Freezing] Trainable params: 28,384,555 / 108,924,715 (26.1%)
[Round 99] T=2.00  α_ce=1.00  α_kd=1.00
 Round 99 | F1 0.5043 | P 0.6279 | R 0.4214 | Time 42.9s | Comm N/A | Local Avg F1: 0.4298

=== Round 100/100 ===
[Round 100] KD=ON | policy=ema_first
[Layer Freezing] Training last 4 transformer layers (layers 8-11)
[Layer Freezing] Trainable params: 28,384,555 / 108,924,715 (26.1%)
[Layer Freezing] Training last 4 transformer layers (layers 8-11)
[Layer Freezing] Trainable params: 28,384,555 / 108,924,715 (26.1%)
[Layer Freezing] Training last 4 transformer layers (layers 8-11)
[Layer Freezing] Trainable params: 28,384,555 / 108,924,715 (26.1%)
[Layer Freezing] Training last 4 transformer layers (layers 8-11)
[Layer Freezing] Trainable params: 28,384,555 / 108,924,715 (26.1%)
[Layer Freezing] Training last 4 transformer layers (layers 8-11)
[Layer Freezing] Trainable params: 28,384,555 / 108,924,715 (26.1%)
[Layer Freezing] Training last 4 transformer layers (layers 8-11)
[Layer Freezing] Trainable params: 28,384,555 / 108,924,715 (26.1%)
[Layer Freezing] Training last 4 transformer layers (layers 8-11)
[Layer Freezing] Trainable params: 28,384,555 / 108,924,715 (26.1%)
[Layer Freezing] Training last 4 transformer layers (layers 8-11)
[Layer Freezing] Trainable params: 28,384,555 / 108,924,715 (26.1%)
[Layer Freezing] Training last 4 transformer layers (layers 8-11)
[Layer Freezing] Trainable params: 28,384,555 / 108,924,715 (26.1%)
[Layer Freezing] Training last 4 transformer layers (layers 8-11)
[Layer Freezing] Trainable params: 28,384,555 / 108,924,715 (26.1%)
[Round 100] T=2.00  α_ce=1.00  α_kd=1.00
 Round 100 | F1 0.5027 | P 0.6250 | R 0.4205 | Time 43.2s | Comm N/A | Local Avg F1: 0.4304
[save_json] Saved: results/FedSAD_20250819_092242/fed_results.json
[save_json] Backup: results/FedSAD_20250819_092242/fed_results_20250819_103411.json
== FedSAD 0.1==
📁 从本地加载模型: /root/autodl-tmp/new/fedner/models/microsoft_BiomedNLP-PubMedBERT-base-uncased-abstract
Some weights of BertForTokenClassification were not initialized from the model checkpoint at /root/autodl-tmp/new/fedner/models/microsoft_BiomedNLP-PubMedBERT-base-uncased-abstract and are newly initialized because the shapes did not match:
- classifier.bias: found shape torch.Size([2]) in the checkpoint and torch.Size([43]) in the model instantiated
- classifier.weight: found shape torch.Size([2, 768]) in the checkpoint and torch.Size([43, 768]) in the model instantiated
You should probably TRAIN this model on a down-stream task to be able to use it for predictions and inference.
Using device: cuda
📁 从本地加载模型: /root/autodl-tmp/new/fedner/models/microsoft_BiomedNLP-PubMedBERT-base-uncased-abstract
Some weights of BertForTokenClassification were not initialized from the model checkpoint at /root/autodl-tmp/new/fedner/models/microsoft_BiomedNLP-PubMedBERT-base-uncased-abstract and are newly initialized because the shapes did not match:
- classifier.bias: found shape torch.Size([2]) in the checkpoint and torch.Size([43]) in the model instantiated
- classifier.weight: found shape torch.Size([2, 768]) in the checkpoint and torch.Size([43, 768]) in the model instantiated
You should probably TRAIN this model on a down-stream task to be able to use it for predictions and inference.

============================================================
EXPERIMENT CONFIGURATION
============================================================
Algorithm: FedSAD | Clients: 10 (100% per round) | Rounds: 100, Local epochs: 2 | Training: Last 4 layers | Sampling: 200 samples per client (random) | Data: Non-IID (α=0.1)
------------------------------------------------------------
Algorithm-specific parameters for FedSAD:
  - use_distillation: True
  - kd_start_round: 2
  - teacher_policy: prev_global
  - temperature_start: 5.0, temperature_end: 1.5
  - alpha_ce_start: 1.0, alpha_ce_end: 0.7
  - alpha_kd_start: 0.0, alpha_kd_end: 0.3
  - hidden_distill: False, alpha_hidden: 0.0
  - o_downweight: 1.0
============================================================

Model initialized: 108,924,715/108,924,715 trainable params (100.0%)

=== Round 1/100 ===
[Round 1] KD=OFF | policy=prev_global
[Layer Freezing] Training last 4 transformer layers (layers 8-11)
[Layer Freezing] Trainable params: 28,384,555 / 108,924,715 (26.1%)
/root/miniconda3/lib/python3.12/site-packages/torch/nn/modules/module.py:1762: FutureWarning: `encoder_attention_mask` is deprecated and will be removed in version 4.55.0 for `BertSdpaSelfAttention.forward`.
  return forward_call(*args, **kwargs)
[Layer Freezing] Training last 4 transformer layers (layers 8-11)
[Layer Freezing] Trainable params: 28,384,555 / 108,924,715 (26.1%)
[Layer Freezing] Training last 4 transformer layers (layers 8-11)
[Layer Freezing] Trainable params: 28,384,555 / 108,924,715 (26.1%)
[Layer Freezing] Training last 4 transformer layers (layers 8-11)
[Layer Freezing] Trainable params: 28,384,555 / 108,924,715 (26.1%)
[Layer Freezing] Training last 4 transformer layers (layers 8-11)
[Layer Freezing] Trainable params: 28,384,555 / 108,924,715 (26.1%)
[Layer Freezing] Training last 4 transformer layers (layers 8-11)
[Layer Freezing] Trainable params: 28,384,555 / 108,924,715 (26.1%)
[Layer Freezing] Training last 4 transformer layers (layers 8-11)
[Layer Freezing] Trainable params: 28,384,555 / 108,924,715 (26.1%)
[Layer Freezing] Training last 4 transformer layers (layers 8-11)
[Layer Freezing] Trainable params: 28,384,555 / 108,924,715 (26.1%)
[Layer Freezing] Training last 4 transformer layers (layers 8-11)
[Layer Freezing] Trainable params: 28,384,555 / 108,924,715 (26.1%)
[Layer Freezing] Training last 4 transformer layers (layers 8-11)
[Layer Freezing] Trainable params: 28,384,555 / 108,924,715 (26.1%)
[Round 1] T=5.00  α_ce=1.00  α_kd=0.00
/root/miniconda3/lib/python3.12/site-packages/seqeval/metrics/v1.py:57: UndefinedMetricWarning: Precision is ill-defined and being set to 0.0 due to no predicted samples. Use `zero_division` parameter to control this behavior.
  _warn_prf(average, modifier, msg_start, len(result))
 Round 1 | F1 0.0000 | P 0.0000 | R 0.0000 | Time 39.9s | Comm N/A | Local Avg F1: 0.0000

=== Round 2/100 ===
[Round 2] KD=ON | policy=prev_global
[Layer Freezing] Training last 4 transformer layers (layers 8-11)
[Layer Freezing] Trainable params: 28,384,555 / 108,924,715 (26.1%)
[Layer Freezing] Training last 4 transformer layers (layers 8-11)
[Layer Freezing] Trainable params: 28,384,555 / 108,924,715 (26.1%)
[Layer Freezing] Training last 4 transformer layers (layers 8-11)
[Layer Freezing] Trainable params: 28,384,555 / 108,924,715 (26.1%)
[Layer Freezing] Training last 4 transformer layers (layers 8-11)
[Layer Freezing] Trainable params: 28,384,555 / 108,924,715 (26.1%)
[Layer Freezing] Training last 4 transformer layers (layers 8-11)
[Layer Freezing] Trainable params: 28,384,555 / 108,924,715 (26.1%)
[Layer Freezing] Training last 4 transformer layers (layers 8-11)
[Layer Freezing] Trainable params: 28,384,555 / 108,924,715 (26.1%)
[Layer Freezing] Training last 4 transformer layers (layers 8-11)
[Layer Freezing] Trainable params: 28,384,555 / 108,924,715 (26.1%)
[Layer Freezing] Training last 4 transformer layers (layers 8-11)
[Layer Freezing] Trainable params: 28,384,555 / 108,924,715 (26.1%)
[Layer Freezing] Training last 4 transformer layers (layers 8-11)
[Layer Freezing] Trainable params: 28,384,555 / 108,924,715 (26.1%)
[Layer Freezing] Training last 4 transformer layers (layers 8-11)
[Layer Freezing] Trainable params: 28,384,555 / 108,924,715 (26.1%)
[Round 2] T=5.00  α_ce=1.00  α_kd=0.00
 Round 2 | F1 0.0000 | P 0.0000 | R 0.0000 | Time 42.8s | Comm N/A | Local Avg F1: 0.0000

=== Round 3/100 ===
[Round 3] KD=ON | policy=prev_global
[Layer Freezing] Training last 4 transformer layers (layers 8-11)
[Layer Freezing] Trainable params: 28,384,555 / 108,924,715 (26.1%)
[Layer Freezing] Training last 4 transformer layers (layers 8-11)
[Layer Freezing] Trainable params: 28,384,555 / 108,924,715 (26.1%)
[Layer Freezing] Training last 4 transformer layers (layers 8-11)
[Layer Freezing] Trainable params: 28,384,555 / 108,924,715 (26.1%)
[Layer Freezing] Training last 4 transformer layers (layers 8-11)
[Layer Freezing] Trainable params: 28,384,555 / 108,924,715 (26.1%)
[Layer Freezing] Training last 4 transformer layers (layers 8-11)
[Layer Freezing] Trainable params: 28,384,555 / 108,924,715 (26.1%)
[Layer Freezing] Training last 4 transformer layers (layers 8-11)
[Layer Freezing] Trainable params: 28,384,555 / 108,924,715 (26.1%)
[Layer Freezing] Training last 4 transformer layers (layers 8-11)
[Layer Freezing] Trainable params: 28,384,555 / 108,924,715 (26.1%)
[Layer Freezing] Training last 4 transformer layers (layers 8-11)
[Layer Freezing] Trainable params: 28,384,555 / 108,924,715 (26.1%)
[Layer Freezing] Training last 4 transformer layers (layers 8-11)
[Layer Freezing] Trainable params: 28,384,555 / 108,924,715 (26.1%)
[Layer Freezing] Training last 4 transformer layers (layers 8-11)
[Layer Freezing] Trainable params: 28,384,555 / 108,924,715 (26.1%)
[Round 3] T=4.96  α_ce=1.00  α_kd=0.00
 Round 3 | F1 0.0000 | P 0.0000 | R 0.0000 | Time 43.6s | Comm N/A | Local Avg F1: 0.0000

=== Round 4/100 ===
[Round 4] KD=ON | policy=prev_global
[Layer Freezing] Training last 4 transformer layers (layers 8-11)
[Layer Freezing] Trainable params: 28,384,555 / 108,924,715 (26.1%)
[Layer Freezing] Training last 4 transformer layers (layers 8-11)
[Layer Freezing] Trainable params: 28,384,555 / 108,924,715 (26.1%)
[Layer Freezing] Training last 4 transformer layers (layers 8-11)
[Layer Freezing] Trainable params: 28,384,555 / 108,924,715 (26.1%)
[Layer Freezing] Training last 4 transformer layers (layers 8-11)
[Layer Freezing] Trainable params: 28,384,555 / 108,924,715 (26.1%)
[Layer Freezing] Training last 4 transformer layers (layers 8-11)
[Layer Freezing] Trainable params: 28,384,555 / 108,924,715 (26.1%)
[Layer Freezing] Training last 4 transformer layers (layers 8-11)
[Layer Freezing] Trainable params: 28,384,555 / 108,924,715 (26.1%)
[Layer Freezing] Training last 4 transformer layers (layers 8-11)
[Layer Freezing] Trainable params: 28,384,555 / 108,924,715 (26.1%)
[Layer Freezing] Training last 4 transformer layers (layers 8-11)
[Layer Freezing] Trainable params: 28,384,555 / 108,924,715 (26.1%)
[Layer Freezing] Training last 4 transformer layers (layers 8-11)
[Layer Freezing] Trainable params: 28,384,555 / 108,924,715 (26.1%)
[Layer Freezing] Training last 4 transformer layers (layers 8-11)
[Layer Freezing] Trainable params: 28,384,555 / 108,924,715 (26.1%)
[Round 4] T=4.93  α_ce=0.99  α_kd=0.01
 Round 4 | F1 0.0009 | P 0.6452 | R 0.0004 | Time 43.0s | Comm N/A | Local Avg F1: 0.0001

=== Round 5/100 ===
[Round 5] KD=ON | policy=prev_global
[Layer Freezing] Training last 4 transformer layers (layers 8-11)
[Layer Freezing] Trainable params: 28,384,555 / 108,924,715 (26.1%)
[Layer Freezing] Training last 4 transformer layers (layers 8-11)
[Layer Freezing] Trainable params: 28,384,555 / 108,924,715 (26.1%)
[Layer Freezing] Training last 4 transformer layers (layers 8-11)
[Layer Freezing] Trainable params: 28,384,555 / 108,924,715 (26.1%)
[Layer Freezing] Training last 4 transformer layers (layers 8-11)
[Layer Freezing] Trainable params: 28,384,555 / 108,924,715 (26.1%)
[Layer Freezing] Training last 4 transformer layers (layers 8-11)
[Layer Freezing] Trainable params: 28,384,555 / 108,924,715 (26.1%)
[Layer Freezing] Training last 4 transformer layers (layers 8-11)
[Layer Freezing] Trainable params: 28,384,555 / 108,924,715 (26.1%)
[Layer Freezing] Training last 4 transformer layers (layers 8-11)
[Layer Freezing] Trainable params: 28,384,555 / 108,924,715 (26.1%)
[Layer Freezing] Training last 4 transformer layers (layers 8-11)
[Layer Freezing] Trainable params: 28,384,555 / 108,924,715 (26.1%)
[Layer Freezing] Training last 4 transformer layers (layers 8-11)
[Layer Freezing] Trainable params: 28,384,555 / 108,924,715 (26.1%)
[Layer Freezing] Training last 4 transformer layers (layers 8-11)
[Layer Freezing] Trainable params: 28,384,555 / 108,924,715 (26.1%)
[Round 5] T=4.89  α_ce=0.99  α_kd=0.01
 Round 5 | F1 0.0047 | P 0.6199 | R 0.0023 | Time 42.3s | Comm N/A | Local Avg F1: 0.0014

=== Round 6/100 ===
[Round 6] KD=ON | policy=prev_global
[Layer Freezing] Training last 4 transformer layers (layers 8-11)
[Layer Freezing] Trainable params: 28,384,555 / 108,924,715 (26.1%)
[Layer Freezing] Training last 4 transformer layers (layers 8-11)
[Layer Freezing] Trainable params: 28,384,555 / 108,924,715 (26.1%)
[Layer Freezing] Training last 4 transformer layers (layers 8-11)
[Layer Freezing] Trainable params: 28,384,555 / 108,924,715 (26.1%)
[Layer Freezing] Training last 4 transformer layers (layers 8-11)
[Layer Freezing] Trainable params: 28,384,555 / 108,924,715 (26.1%)
[Layer Freezing] Training last 4 transformer layers (layers 8-11)
[Layer Freezing] Trainable params: 28,384,555 / 108,924,715 (26.1%)
[Layer Freezing] Training last 4 transformer layers (layers 8-11)
[Layer Freezing] Trainable params: 28,384,555 / 108,924,715 (26.1%)
[Layer Freezing] Training last 4 transformer layers (layers 8-11)
[Layer Freezing] Trainable params: 28,384,555 / 108,924,715 (26.1%)
[Layer Freezing] Training last 4 transformer layers (layers 8-11)
[Layer Freezing] Trainable params: 28,384,555 / 108,924,715 (26.1%)
[Layer Freezing] Training last 4 transformer layers (layers 8-11)
[Layer Freezing] Trainable params: 28,384,555 / 108,924,715 (26.1%)
[Layer Freezing] Training last 4 transformer layers (layers 8-11)
[Layer Freezing] Trainable params: 28,384,555 / 108,924,715 (26.1%)
[Round 6] T=4.86  α_ce=0.99  α_kd=0.01
 Round 6 | F1 0.0916 | P 0.5711 | R 0.0498 | Time 43.8s | Comm N/A | Local Avg F1: 0.0411

=== Round 7/100 ===
[Round 7] KD=ON | policy=prev_global
[Layer Freezing] Training last 4 transformer layers (layers 8-11)
[Layer Freezing] Trainable params: 28,384,555 / 108,924,715 (26.1%)
[Layer Freezing] Training last 4 transformer layers (layers 8-11)
[Layer Freezing] Trainable params: 28,384,555 / 108,924,715 (26.1%)
[Layer Freezing] Training last 4 transformer layers (layers 8-11)
[Layer Freezing] Trainable params: 28,384,555 / 108,924,715 (26.1%)
[Layer Freezing] Training last 4 transformer layers (layers 8-11)
[Layer Freezing] Trainable params: 28,384,555 / 108,924,715 (26.1%)
[Layer Freezing] Training last 4 transformer layers (layers 8-11)
[Layer Freezing] Trainable params: 28,384,555 / 108,924,715 (26.1%)
[Layer Freezing] Training last 4 transformer layers (layers 8-11)
[Layer Freezing] Trainable params: 28,384,555 / 108,924,715 (26.1%)
[Layer Freezing] Training last 4 transformer layers (layers 8-11)
[Layer Freezing] Trainable params: 28,384,555 / 108,924,715 (26.1%)
[Layer Freezing] Training last 4 transformer layers (layers 8-11)
[Layer Freezing] Trainable params: 28,384,555 / 108,924,715 (26.1%)
[Layer Freezing] Training last 4 transformer layers (layers 8-11)
[Layer Freezing] Trainable params: 28,384,555 / 108,924,715 (26.1%)
[Layer Freezing] Training last 4 transformer layers (layers 8-11)
[Layer Freezing] Trainable params: 28,384,555 / 108,924,715 (26.1%)
[Round 7] T=4.82  α_ce=0.98  α_kd=0.02
 Round 7 | F1 0.0719 | P 0.5541 | R 0.0384 | Time 42.8s | Comm N/A | Local Avg F1: 0.0274

=== Round 8/100 ===
[Round 8] KD=ON | policy=prev_global
[Layer Freezing] Training last 4 transformer layers (layers 8-11)
[Layer Freezing] Trainable params: 28,384,555 / 108,924,715 (26.1%)
[Layer Freezing] Training last 4 transformer layers (layers 8-11)
[Layer Freezing] Trainable params: 28,384,555 / 108,924,715 (26.1%)
[Layer Freezing] Training last 4 transformer layers (layers 8-11)
[Layer Freezing] Trainable params: 28,384,555 / 108,924,715 (26.1%)
[Layer Freezing] Training last 4 transformer layers (layers 8-11)
[Layer Freezing] Trainable params: 28,384,555 / 108,924,715 (26.1%)
[Layer Freezing] Training last 4 transformer layers (layers 8-11)
[Layer Freezing] Trainable params: 28,384,555 / 108,924,715 (26.1%)
[Layer Freezing] Training last 4 transformer layers (layers 8-11)
[Layer Freezing] Trainable params: 28,384,555 / 108,924,715 (26.1%)
[Layer Freezing] Training last 4 transformer layers (layers 8-11)
[Layer Freezing] Trainable params: 28,384,555 / 108,924,715 (26.1%)
[Layer Freezing] Training last 4 transformer layers (layers 8-11)
[Layer Freezing] Trainable params: 28,384,555 / 108,924,715 (26.1%)
[Layer Freezing] Training last 4 transformer layers (layers 8-11)
[Layer Freezing] Trainable params: 28,384,555 / 108,924,715 (26.1%)
[Layer Freezing] Training last 4 transformer layers (layers 8-11)
[Layer Freezing] Trainable params: 28,384,555 / 108,924,715 (26.1%)
[Round 8] T=4.79  α_ce=0.98  α_kd=0.02
 Round 8 | F1 0.1357 | P 0.5493 | R 0.0774 | Time 41.7s | Comm N/A | Local Avg F1: 0.0638

=== Round 9/100 ===
[Round 9] KD=ON | policy=prev_global
[Layer Freezing] Training last 4 transformer layers (layers 8-11)
[Layer Freezing] Trainable params: 28,384,555 / 108,924,715 (26.1%)
[Layer Freezing] Training last 4 transformer layers (layers 8-11)
[Layer Freezing] Trainable params: 28,384,555 / 108,924,715 (26.1%)
[Layer Freezing] Training last 4 transformer layers (layers 8-11)
[Layer Freezing] Trainable params: 28,384,555 / 108,924,715 (26.1%)
[Layer Freezing] Training last 4 transformer layers (layers 8-11)
[Layer Freezing] Trainable params: 28,384,555 / 108,924,715 (26.1%)
[Layer Freezing] Training last 4 transformer layers (layers 8-11)
[Layer Freezing] Trainable params: 28,384,555 / 108,924,715 (26.1%)
[Layer Freezing] Training last 4 transformer layers (layers 8-11)
[Layer Freezing] Trainable params: 28,384,555 / 108,924,715 (26.1%)
[Layer Freezing] Training last 4 transformer layers (layers 8-11)
[Layer Freezing] Trainable params: 28,384,555 / 108,924,715 (26.1%)
[Layer Freezing] Training last 4 transformer layers (layers 8-11)
[Layer Freezing] Trainable params: 28,384,555 / 108,924,715 (26.1%)
[Layer Freezing] Training last 4 transformer layers (layers 8-11)
[Layer Freezing] Trainable params: 28,384,555 / 108,924,715 (26.1%)
[Layer Freezing] Training last 4 transformer layers (layers 8-11)
[Layer Freezing] Trainable params: 28,384,555 / 108,924,715 (26.1%)
[Round 9] T=4.75  α_ce=0.98  α_kd=0.02
 Round 9 | F1 0.1903 | P 0.4964 | R 0.1177 | Time 43.7s | Comm N/A | Local Avg F1: 0.0943

=== Round 10/100 ===
[Round 10] KD=ON | policy=prev_global
[Layer Freezing] Training last 4 transformer layers (layers 8-11)
[Layer Freezing] Trainable params: 28,384,555 / 108,924,715 (26.1%)
[Layer Freezing] Training last 4 transformer layers (layers 8-11)
[Layer Freezing] Trainable params: 28,384,555 / 108,924,715 (26.1%)
[Layer Freezing] Training last 4 transformer layers (layers 8-11)
[Layer Freezing] Trainable params: 28,384,555 / 108,924,715 (26.1%)
[Layer Freezing] Training last 4 transformer layers (layers 8-11)
[Layer Freezing] Trainable params: 28,384,555 / 108,924,715 (26.1%)
[Layer Freezing] Training last 4 transformer layers (layers 8-11)
[Layer Freezing] Trainable params: 28,384,555 / 108,924,715 (26.1%)
[Layer Freezing] Training last 4 transformer layers (layers 8-11)
[Layer Freezing] Trainable params: 28,384,555 / 108,924,715 (26.1%)
[Layer Freezing] Training last 4 transformer layers (layers 8-11)
[Layer Freezing] Trainable params: 28,384,555 / 108,924,715 (26.1%)
[Layer Freezing] Training last 4 transformer layers (layers 8-11)
[Layer Freezing] Trainable params: 28,384,555 / 108,924,715 (26.1%)
[Layer Freezing] Training last 4 transformer layers (layers 8-11)
[Layer Freezing] Trainable params: 28,384,555 / 108,924,715 (26.1%)
[Layer Freezing] Training last 4 transformer layers (layers 8-11)
[Layer Freezing] Trainable params: 28,384,555 / 108,924,715 (26.1%)
[Round 10] T=4.71  α_ce=0.98  α_kd=0.02
 Round 10 | F1 0.1109 | P 0.5825 | R 0.0613 | Time 43.2s | Comm N/A | Local Avg F1: 0.0497

=== Round 11/100 ===
[Round 11] KD=ON | policy=prev_global
[Layer Freezing] Training last 4 transformer layers (layers 8-11)
[Layer Freezing] Trainable params: 28,384,555 / 108,924,715 (26.1%)
[Layer Freezing] Training last 4 transformer layers (layers 8-11)
[Layer Freezing] Trainable params: 28,384,555 / 108,924,715 (26.1%)
[Layer Freezing] Training last 4 transformer layers (layers 8-11)
[Layer Freezing] Trainable params: 28,384,555 / 108,924,715 (26.1%)
[Layer Freezing] Training last 4 transformer layers (layers 8-11)
[Layer Freezing] Trainable params: 28,384,555 / 108,924,715 (26.1%)
[Layer Freezing] Training last 4 transformer layers (layers 8-11)
[Layer Freezing] Trainable params: 28,384,555 / 108,924,715 (26.1%)
[Layer Freezing] Training last 4 transformer layers (layers 8-11)
[Layer Freezing] Trainable params: 28,384,555 / 108,924,715 (26.1%)
[Layer Freezing] Training last 4 transformer layers (layers 8-11)
[Layer Freezing] Trainable params: 28,384,555 / 108,924,715 (26.1%)
[Layer Freezing] Training last 4 transformer layers (layers 8-11)
[Layer Freezing] Trainable params: 28,384,555 / 108,924,715 (26.1%)
[Layer Freezing] Training last 4 transformer layers (layers 8-11)
[Layer Freezing] Trainable params: 28,384,555 / 108,924,715 (26.1%)
[Layer Freezing] Training last 4 transformer layers (layers 8-11)
[Layer Freezing] Trainable params: 28,384,555 / 108,924,715 (26.1%)
[Round 11] T=4.68  α_ce=0.97  α_kd=0.03
 Round 11 | F1 0.2035 | P 0.5284 | R 0.1260 | Time 42.6s | Comm N/A | Local Avg F1: 0.1153

=== Round 12/100 ===
[Round 12] KD=ON | policy=prev_global
[Layer Freezing] Training last 4 transformer layers (layers 8-11)
[Layer Freezing] Trainable params: 28,384,555 / 108,924,715 (26.1%)
[Layer Freezing] Training last 4 transformer layers (layers 8-11)
[Layer Freezing] Trainable params: 28,384,555 / 108,924,715 (26.1%)
[Layer Freezing] Training last 4 transformer layers (layers 8-11)
[Layer Freezing] Trainable params: 28,384,555 / 108,924,715 (26.1%)
[Layer Freezing] Training last 4 transformer layers (layers 8-11)
[Layer Freezing] Trainable params: 28,384,555 / 108,924,715 (26.1%)
[Layer Freezing] Training last 4 transformer layers (layers 8-11)
[Layer Freezing] Trainable params: 28,384,555 / 108,924,715 (26.1%)
[Layer Freezing] Training last 4 transformer layers (layers 8-11)
[Layer Freezing] Trainable params: 28,384,555 / 108,924,715 (26.1%)
[Layer Freezing] Training last 4 transformer layers (layers 8-11)
[Layer Freezing] Trainable params: 28,384,555 / 108,924,715 (26.1%)
[Layer Freezing] Training last 4 transformer layers (layers 8-11)
[Layer Freezing] Trainable params: 28,384,555 / 108,924,715 (26.1%)
[Layer Freezing] Training last 4 transformer layers (layers 8-11)
[Layer Freezing] Trainable params: 28,384,555 / 108,924,715 (26.1%)
[Layer Freezing] Training last 4 transformer layers (layers 8-11)
[Layer Freezing] Trainable params: 28,384,555 / 108,924,715 (26.1%)
[Round 12] T=4.64  α_ce=0.97  α_kd=0.03
 Round 12 | F1 0.1955 | P 0.5413 | R 0.1193 | Time 43.4s | Comm N/A | Local Avg F1: 0.1024

=== Round 13/100 ===
[Round 13] KD=ON | policy=prev_global
[Layer Freezing] Training last 4 transformer layers (layers 8-11)
[Layer Freezing] Trainable params: 28,384,555 / 108,924,715 (26.1%)
[Layer Freezing] Training last 4 transformer layers (layers 8-11)
[Layer Freezing] Trainable params: 28,384,555 / 108,924,715 (26.1%)
[Layer Freezing] Training last 4 transformer layers (layers 8-11)
[Layer Freezing] Trainable params: 28,384,555 / 108,924,715 (26.1%)
[Layer Freezing] Training last 4 transformer layers (layers 8-11)
[Layer Freezing] Trainable params: 28,384,555 / 108,924,715 (26.1%)
[Layer Freezing] Training last 4 transformer layers (layers 8-11)
[Layer Freezing] Trainable params: 28,384,555 / 108,924,715 (26.1%)
[Layer Freezing] Training last 4 transformer layers (layers 8-11)
[Layer Freezing] Trainable params: 28,384,555 / 108,924,715 (26.1%)
[Layer Freezing] Training last 4 transformer layers (layers 8-11)
[Layer Freezing] Trainable params: 28,384,555 / 108,924,715 (26.1%)
[Layer Freezing] Training last 4 transformer layers (layers 8-11)
[Layer Freezing] Trainable params: 28,384,555 / 108,924,715 (26.1%)
[Layer Freezing] Training last 4 transformer layers (layers 8-11)
[Layer Freezing] Trainable params: 28,384,555 / 108,924,715 (26.1%)
[Layer Freezing] Training last 4 transformer layers (layers 8-11)
[Layer Freezing] Trainable params: 28,384,555 / 108,924,715 (26.1%)
[Round 13] T=4.61  α_ce=0.97  α_kd=0.03
 Round 13 | F1 0.1877 | P 0.5530 | R 0.1130 | Time 43.2s | Comm N/A | Local Avg F1: 0.1048

=== Round 14/100 ===
[Round 14] KD=ON | policy=prev_global
[Layer Freezing] Training last 4 transformer layers (layers 8-11)
[Layer Freezing] Trainable params: 28,384,555 / 108,924,715 (26.1%)
[Layer Freezing] Training last 4 transformer layers (layers 8-11)
[Layer Freezing] Trainable params: 28,384,555 / 108,924,715 (26.1%)
[Layer Freezing] Training last 4 transformer layers (layers 8-11)
[Layer Freezing] Trainable params: 28,384,555 / 108,924,715 (26.1%)
[Layer Freezing] Training last 4 transformer layers (layers 8-11)
[Layer Freezing] Trainable params: 28,384,555 / 108,924,715 (26.1%)
[Layer Freezing] Training last 4 transformer layers (layers 8-11)
[Layer Freezing] Trainable params: 28,384,555 / 108,924,715 (26.1%)
[Layer Freezing] Training last 4 transformer layers (layers 8-11)
[Layer Freezing] Trainable params: 28,384,555 / 108,924,715 (26.1%)
[Layer Freezing] Training last 4 transformer layers (layers 8-11)
[Layer Freezing] Trainable params: 28,384,555 / 108,924,715 (26.1%)
[Layer Freezing] Training last 4 transformer layers (layers 8-11)
[Layer Freezing] Trainable params: 28,384,555 / 108,924,715 (26.1%)
[Layer Freezing] Training last 4 transformer layers (layers 8-11)
[Layer Freezing] Trainable params: 28,384,555 / 108,924,715 (26.1%)
[Layer Freezing] Training last 4 transformer layers (layers 8-11)
[Layer Freezing] Trainable params: 28,384,555 / 108,924,715 (26.1%)
[Round 14] T=4.57  α_ce=0.96  α_kd=0.04
 Round 14 | F1 0.2298 | P 0.5236 | R 0.1472 | Time 43.1s | Comm N/A | Local Avg F1: 0.1402

=== Round 15/100 ===
[Round 15] KD=ON | policy=prev_global
[Layer Freezing] Training last 4 transformer layers (layers 8-11)
[Layer Freezing] Trainable params: 28,384,555 / 108,924,715 (26.1%)
[Layer Freezing] Training last 4 transformer layers (layers 8-11)
[Layer Freezing] Trainable params: 28,384,555 / 108,924,715 (26.1%)
[Layer Freezing] Training last 4 transformer layers (layers 8-11)
[Layer Freezing] Trainable params: 28,384,555 / 108,924,715 (26.1%)
[Layer Freezing] Training last 4 transformer layers (layers 8-11)
[Layer Freezing] Trainable params: 28,384,555 / 108,924,715 (26.1%)
[Layer Freezing] Training last 4 transformer layers (layers 8-11)
[Layer Freezing] Trainable params: 28,384,555 / 108,924,715 (26.1%)
[Layer Freezing] Training last 4 transformer layers (layers 8-11)
[Layer Freezing] Trainable params: 28,384,555 / 108,924,715 (26.1%)
[Layer Freezing] Training last 4 transformer layers (layers 8-11)
[Layer Freezing] Trainable params: 28,384,555 / 108,924,715 (26.1%)
[Layer Freezing] Training last 4 transformer layers (layers 8-11)
[Layer Freezing] Trainable params: 28,384,555 / 108,924,715 (26.1%)
[Layer Freezing] Training last 4 transformer layers (layers 8-11)
[Layer Freezing] Trainable params: 28,384,555 / 108,924,715 (26.1%)
[Layer Freezing] Training last 4 transformer layers (layers 8-11)
[Layer Freezing] Trainable params: 28,384,555 / 108,924,715 (26.1%)
[Round 15] T=4.54  α_ce=0.96  α_kd=0.04
 Round 15 | F1 0.2235 | P 0.5458 | R 0.1405 | Time 43.2s | Comm N/A | Local Avg F1: 0.1416

=== Round 16/100 ===
[Round 16] KD=ON | policy=prev_global
[Layer Freezing] Training last 4 transformer layers (layers 8-11)
[Layer Freezing] Trainable params: 28,384,555 / 108,924,715 (26.1%)
[Layer Freezing] Training last 4 transformer layers (layers 8-11)
[Layer Freezing] Trainable params: 28,384,555 / 108,924,715 (26.1%)
[Layer Freezing] Training last 4 transformer layers (layers 8-11)
[Layer Freezing] Trainable params: 28,384,555 / 108,924,715 (26.1%)
[Layer Freezing] Training last 4 transformer layers (layers 8-11)
[Layer Freezing] Trainable params: 28,384,555 / 108,924,715 (26.1%)
[Layer Freezing] Training last 4 transformer layers (layers 8-11)
[Layer Freezing] Trainable params: 28,384,555 / 108,924,715 (26.1%)
[Layer Freezing] Training last 4 transformer layers (layers 8-11)
[Layer Freezing] Trainable params: 28,384,555 / 108,924,715 (26.1%)
[Layer Freezing] Training last 4 transformer layers (layers 8-11)
[Layer Freezing] Trainable params: 28,384,555 / 108,924,715 (26.1%)
[Layer Freezing] Training last 4 transformer layers (layers 8-11)
[Layer Freezing] Trainable params: 28,384,555 / 108,924,715 (26.1%)
[Layer Freezing] Training last 4 transformer layers (layers 8-11)
[Layer Freezing] Trainable params: 28,384,555 / 108,924,715 (26.1%)
[Layer Freezing] Training last 4 transformer layers (layers 8-11)
[Layer Freezing] Trainable params: 28,384,555 / 108,924,715 (26.1%)
[Round 16] T=4.50  α_ce=0.96  α_kd=0.04
 Round 16 | F1 0.2540 | P 0.5408 | R 0.1660 | Time 43.1s | Comm N/A | Local Avg F1: 0.1773

=== Round 17/100 ===
[Round 17] KD=ON | policy=prev_global
[Layer Freezing] Training last 4 transformer layers (layers 8-11)
[Layer Freezing] Trainable params: 28,384,555 / 108,924,715 (26.1%)
[Layer Freezing] Training last 4 transformer layers (layers 8-11)
[Layer Freezing] Trainable params: 28,384,555 / 108,924,715 (26.1%)
[Layer Freezing] Training last 4 transformer layers (layers 8-11)
[Layer Freezing] Trainable params: 28,384,555 / 108,924,715 (26.1%)
[Layer Freezing] Training last 4 transformer layers (layers 8-11)
[Layer Freezing] Trainable params: 28,384,555 / 108,924,715 (26.1%)
[Layer Freezing] Training last 4 transformer layers (layers 8-11)
[Layer Freezing] Trainable params: 28,384,555 / 108,924,715 (26.1%)
[Layer Freezing] Training last 4 transformer layers (layers 8-11)
[Layer Freezing] Trainable params: 28,384,555 / 108,924,715 (26.1%)
[Layer Freezing] Training last 4 transformer layers (layers 8-11)
[Layer Freezing] Trainable params: 28,384,555 / 108,924,715 (26.1%)
[Layer Freezing] Training last 4 transformer layers (layers 8-11)
[Layer Freezing] Trainable params: 28,384,555 / 108,924,715 (26.1%)
[Layer Freezing] Training last 4 transformer layers (layers 8-11)
[Layer Freezing] Trainable params: 28,384,555 / 108,924,715 (26.1%)
[Layer Freezing] Training last 4 transformer layers (layers 8-11)
[Layer Freezing] Trainable params: 28,384,555 / 108,924,715 (26.1%)
[Round 17] T=4.46  α_ce=0.95  α_kd=0.05
 Round 17 | F1 0.2739 | P 0.5451 | R 0.1829 | Time 43.2s | Comm N/A | Local Avg F1: 0.1870

=== Round 18/100 ===
[Round 18] KD=ON | policy=prev_global
[Layer Freezing] Training last 4 transformer layers (layers 8-11)
[Layer Freezing] Trainable params: 28,384,555 / 108,924,715 (26.1%)
[Layer Freezing] Training last 4 transformer layers (layers 8-11)
[Layer Freezing] Trainable params: 28,384,555 / 108,924,715 (26.1%)
[Layer Freezing] Training last 4 transformer layers (layers 8-11)
[Layer Freezing] Trainable params: 28,384,555 / 108,924,715 (26.1%)
[Layer Freezing] Training last 4 transformer layers (layers 8-11)
[Layer Freezing] Trainable params: 28,384,555 / 108,924,715 (26.1%)
[Layer Freezing] Training last 4 transformer layers (layers 8-11)
[Layer Freezing] Trainable params: 28,384,555 / 108,924,715 (26.1%)
[Layer Freezing] Training last 4 transformer layers (layers 8-11)
[Layer Freezing] Trainable params: 28,384,555 / 108,924,715 (26.1%)
[Layer Freezing] Training last 4 transformer layers (layers 8-11)
[Layer Freezing] Trainable params: 28,384,555 / 108,924,715 (26.1%)
[Layer Freezing] Training last 4 transformer layers (layers 8-11)
[Layer Freezing] Trainable params: 28,384,555 / 108,924,715 (26.1%)
[Layer Freezing] Training last 4 transformer layers (layers 8-11)
[Layer Freezing] Trainable params: 28,384,555 / 108,924,715 (26.1%)
[Layer Freezing] Training last 4 transformer layers (layers 8-11)
[Layer Freezing] Trainable params: 28,384,555 / 108,924,715 (26.1%)
[Round 18] T=4.43  α_ce=0.95  α_kd=0.05
 Round 18 | F1 0.2894 | P 0.5368 | R 0.1981 | Time 44.6s | Comm N/A | Local Avg F1: 0.2105

=== Round 19/100 ===
[Round 19] KD=ON | policy=prev_global
[Layer Freezing] Training last 4 transformer layers (layers 8-11)
[Layer Freezing] Trainable params: 28,384,555 / 108,924,715 (26.1%)
[Layer Freezing] Training last 4 transformer layers (layers 8-11)
[Layer Freezing] Trainable params: 28,384,555 / 108,924,715 (26.1%)
[Layer Freezing] Training last 4 transformer layers (layers 8-11)
[Layer Freezing] Trainable params: 28,384,555 / 108,924,715 (26.1%)
[Layer Freezing] Training last 4 transformer layers (layers 8-11)
[Layer Freezing] Trainable params: 28,384,555 / 108,924,715 (26.1%)
[Layer Freezing] Training last 4 transformer layers (layers 8-11)
[Layer Freezing] Trainable params: 28,384,555 / 108,924,715 (26.1%)
[Layer Freezing] Training last 4 transformer layers (layers 8-11)
[Layer Freezing] Trainable params: 28,384,555 / 108,924,715 (26.1%)
[Layer Freezing] Training last 4 transformer layers (layers 8-11)
[Layer Freezing] Trainable params: 28,384,555 / 108,924,715 (26.1%)
[Layer Freezing] Training last 4 transformer layers (layers 8-11)
[Layer Freezing] Trainable params: 28,384,555 / 108,924,715 (26.1%)
[Layer Freezing] Training last 4 transformer layers (layers 8-11)
[Layer Freezing] Trainable params: 28,384,555 / 108,924,715 (26.1%)
[Layer Freezing] Training last 4 transformer layers (layers 8-11)
[Layer Freezing] Trainable params: 28,384,555 / 108,924,715 (26.1%)
[Round 19] T=4.39  α_ce=0.95  α_kd=0.05
 Round 19 | F1 0.3054 | P 0.5436 | R 0.2124 | Time 43.8s | Comm N/A | Local Avg F1: 0.2149

=== Round 20/100 ===
[Round 20] KD=ON | policy=prev_global
[Layer Freezing] Training last 4 transformer layers (layers 8-11)
[Layer Freezing] Trainable params: 28,384,555 / 108,924,715 (26.1%)
[Layer Freezing] Training last 4 transformer layers (layers 8-11)
[Layer Freezing] Trainable params: 28,384,555 / 108,924,715 (26.1%)
[Layer Freezing] Training last 4 transformer layers (layers 8-11)
[Layer Freezing] Trainable params: 28,384,555 / 108,924,715 (26.1%)
[Layer Freezing] Training last 4 transformer layers (layers 8-11)
[Layer Freezing] Trainable params: 28,384,555 / 108,924,715 (26.1%)
[Layer Freezing] Training last 4 transformer layers (layers 8-11)
[Layer Freezing] Trainable params: 28,384,555 / 108,924,715 (26.1%)
[Layer Freezing] Training last 4 transformer layers (layers 8-11)
[Layer Freezing] Trainable params: 28,384,555 / 108,924,715 (26.1%)
[Layer Freezing] Training last 4 transformer layers (layers 8-11)
[Layer Freezing] Trainable params: 28,384,555 / 108,924,715 (26.1%)
[Layer Freezing] Training last 4 transformer layers (layers 8-11)
[Layer Freezing] Trainable params: 28,384,555 / 108,924,715 (26.1%)
[Layer Freezing] Training last 4 transformer layers (layers 8-11)
[Layer Freezing] Trainable params: 28,384,555 / 108,924,715 (26.1%)
[Layer Freezing] Training last 4 transformer layers (layers 8-11)
[Layer Freezing] Trainable params: 28,384,555 / 108,924,715 (26.1%)
[Round 20] T=4.36  α_ce=0.94  α_kd=0.06
 Round 20 | F1 0.3395 | P 0.5269 | R 0.2504 | Time 43.5s | Comm N/A | Local Avg F1: 0.2576

=== Round 21/100 ===
[Round 21] KD=ON | policy=prev_global
[Layer Freezing] Training last 4 transformer layers (layers 8-11)
[Layer Freezing] Trainable params: 28,384,555 / 108,924,715 (26.1%)
[Layer Freezing] Training last 4 transformer layers (layers 8-11)
[Layer Freezing] Trainable params: 28,384,555 / 108,924,715 (26.1%)
[Layer Freezing] Training last 4 transformer layers (layers 8-11)
[Layer Freezing] Trainable params: 28,384,555 / 108,924,715 (26.1%)
[Layer Freezing] Training last 4 transformer layers (layers 8-11)
[Layer Freezing] Trainable params: 28,384,555 / 108,924,715 (26.1%)
[Layer Freezing] Training last 4 transformer layers (layers 8-11)
[Layer Freezing] Trainable params: 28,384,555 / 108,924,715 (26.1%)
[Layer Freezing] Training last 4 transformer layers (layers 8-11)
[Layer Freezing] Trainable params: 28,384,555 / 108,924,715 (26.1%)
[Layer Freezing] Training last 4 transformer layers (layers 8-11)
[Layer Freezing] Trainable params: 28,384,555 / 108,924,715 (26.1%)
[Layer Freezing] Training last 4 transformer layers (layers 8-11)
[Layer Freezing] Trainable params: 28,384,555 / 108,924,715 (26.1%)
[Layer Freezing] Training last 4 transformer layers (layers 8-11)
[Layer Freezing] Trainable params: 28,384,555 / 108,924,715 (26.1%)
[Layer Freezing] Training last 4 transformer layers (layers 8-11)
[Layer Freezing] Trainable params: 28,384,555 / 108,924,715 (26.1%)
[Round 21] T=4.32  α_ce=0.94  α_kd=0.06
 Round 21 | F1 0.3323 | P 0.5448 | R 0.2391 | Time 43.7s | Comm N/A | Local Avg F1: 0.2606

=== Round 22/100 ===
[Round 22] KD=ON | policy=prev_global
[Layer Freezing] Training last 4 transformer layers (layers 8-11)
[Layer Freezing] Trainable params: 28,384,555 / 108,924,715 (26.1%)
[Layer Freezing] Training last 4 transformer layers (layers 8-11)
[Layer Freezing] Trainable params: 28,384,555 / 108,924,715 (26.1%)
[Layer Freezing] Training last 4 transformer layers (layers 8-11)
[Layer Freezing] Trainable params: 28,384,555 / 108,924,715 (26.1%)
[Layer Freezing] Training last 4 transformer layers (layers 8-11)
[Layer Freezing] Trainable params: 28,384,555 / 108,924,715 (26.1%)
[Layer Freezing] Training last 4 transformer layers (layers 8-11)
[Layer Freezing] Trainable params: 28,384,555 / 108,924,715 (26.1%)
[Layer Freezing] Training last 4 transformer layers (layers 8-11)
[Layer Freezing] Trainable params: 28,384,555 / 108,924,715 (26.1%)
[Layer Freezing] Training last 4 transformer layers (layers 8-11)
[Layer Freezing] Trainable params: 28,384,555 / 108,924,715 (26.1%)
[Layer Freezing] Training last 4 transformer layers (layers 8-11)
[Layer Freezing] Trainable params: 28,384,555 / 108,924,715 (26.1%)
[Layer Freezing] Training last 4 transformer layers (layers 8-11)
[Layer Freezing] Trainable params: 28,384,555 / 108,924,715 (26.1%)
[Layer Freezing] Training last 4 transformer layers (layers 8-11)
[Layer Freezing] Trainable params: 28,384,555 / 108,924,715 (26.1%)
[Round 22] T=4.29  α_ce=0.94  α_kd=0.06
 Round 22 | F1 0.3345 | P 0.5649 | R 0.2376 | Time 42.0s | Comm N/A | Local Avg F1: 0.2483

=== Round 23/100 ===
[Round 23] KD=ON | policy=prev_global
[Layer Freezing] Training last 4 transformer layers (layers 8-11)
[Layer Freezing] Trainable params: 28,384,555 / 108,924,715 (26.1%)
[Layer Freezing] Training last 4 transformer layers (layers 8-11)
[Layer Freezing] Trainable params: 28,384,555 / 108,924,715 (26.1%)
[Layer Freezing] Training last 4 transformer layers (layers 8-11)
[Layer Freezing] Trainable params: 28,384,555 / 108,924,715 (26.1%)
[Layer Freezing] Training last 4 transformer layers (layers 8-11)
[Layer Freezing] Trainable params: 28,384,555 / 108,924,715 (26.1%)
[Layer Freezing] Training last 4 transformer layers (layers 8-11)
[Layer Freezing] Trainable params: 28,384,555 / 108,924,715 (26.1%)
[Layer Freezing] Training last 4 transformer layers (layers 8-11)
[Layer Freezing] Trainable params: 28,384,555 / 108,924,715 (26.1%)
[Layer Freezing] Training last 4 transformer layers (layers 8-11)
[Layer Freezing] Trainable params: 28,384,555 / 108,924,715 (26.1%)
[Layer Freezing] Training last 4 transformer layers (layers 8-11)
[Layer Freezing] Trainable params: 28,384,555 / 108,924,715 (26.1%)
[Layer Freezing] Training last 4 transformer layers (layers 8-11)
[Layer Freezing] Trainable params: 28,384,555 / 108,924,715 (26.1%)
[Layer Freezing] Training last 4 transformer layers (layers 8-11)
[Layer Freezing] Trainable params: 28,384,555 / 108,924,715 (26.1%)
[Round 23] T=4.25  α_ce=0.94  α_kd=0.06
 Round 23 | F1 0.3548 | P 0.5593 | R 0.2598 | Time 42.9s | Comm N/A | Local Avg F1: 0.2677

=== Round 24/100 ===
[Round 24] KD=ON | policy=prev_global
[Layer Freezing] Training last 4 transformer layers (layers 8-11)
[Layer Freezing] Trainable params: 28,384,555 / 108,924,715 (26.1%)
[Layer Freezing] Training last 4 transformer layers (layers 8-11)
[Layer Freezing] Trainable params: 28,384,555 / 108,924,715 (26.1%)
[Layer Freezing] Training last 4 transformer layers (layers 8-11)
[Layer Freezing] Trainable params: 28,384,555 / 108,924,715 (26.1%)
[Layer Freezing] Training last 4 transformer layers (layers 8-11)
[Layer Freezing] Trainable params: 28,384,555 / 108,924,715 (26.1%)
[Layer Freezing] Training last 4 transformer layers (layers 8-11)
[Layer Freezing] Trainable params: 28,384,555 / 108,924,715 (26.1%)
[Layer Freezing] Training last 4 transformer layers (layers 8-11)
[Layer Freezing] Trainable params: 28,384,555 / 108,924,715 (26.1%)
[Layer Freezing] Training last 4 transformer layers (layers 8-11)
[Layer Freezing] Trainable params: 28,384,555 / 108,924,715 (26.1%)
[Layer Freezing] Training last 4 transformer layers (layers 8-11)
[Layer Freezing] Trainable params: 28,384,555 / 108,924,715 (26.1%)
[Layer Freezing] Training last 4 transformer layers (layers 8-11)
[Layer Freezing] Trainable params: 28,384,555 / 108,924,715 (26.1%)
[Layer Freezing] Training last 4 transformer layers (layers 8-11)
[Layer Freezing] Trainable params: 28,384,555 / 108,924,715 (26.1%)
[Round 24] T=4.21  α_ce=0.93  α_kd=0.07
 Round 24 | F1 0.3550 | P 0.5711 | R 0.2576 | Time 42.6s | Comm N/A | Local Avg F1: 0.2827

=== Round 25/100 ===
[Round 25] KD=ON | policy=prev_global
[Layer Freezing] Training last 4 transformer layers (layers 8-11)
[Layer Freezing] Trainable params: 28,384,555 / 108,924,715 (26.1%)
[Layer Freezing] Training last 4 transformer layers (layers 8-11)
[Layer Freezing] Trainable params: 28,384,555 / 108,924,715 (26.1%)
[Layer Freezing] Training last 4 transformer layers (layers 8-11)
[Layer Freezing] Trainable params: 28,384,555 / 108,924,715 (26.1%)
[Layer Freezing] Training last 4 transformer layers (layers 8-11)
[Layer Freezing] Trainable params: 28,384,555 / 108,924,715 (26.1%)
[Layer Freezing] Training last 4 transformer layers (layers 8-11)
[Layer Freezing] Trainable params: 28,384,555 / 108,924,715 (26.1%)
[Layer Freezing] Training last 4 transformer layers (layers 8-11)
[Layer Freezing] Trainable params: 28,384,555 / 108,924,715 (26.1%)
[Layer Freezing] Training last 4 transformer layers (layers 8-11)
[Layer Freezing] Trainable params: 28,384,555 / 108,924,715 (26.1%)
[Layer Freezing] Training last 4 transformer layers (layers 8-11)
[Layer Freezing] Trainable params: 28,384,555 / 108,924,715 (26.1%)
[Layer Freezing] Training last 4 transformer layers (layers 8-11)
[Layer Freezing] Trainable params: 28,384,555 / 108,924,715 (26.1%)
[Layer Freezing] Training last 4 transformer layers (layers 8-11)
[Layer Freezing] Trainable params: 28,384,555 / 108,924,715 (26.1%)
[Round 25] T=4.18  α_ce=0.93  α_kd=0.07
 Round 25 | F1 0.3541 | P 0.5674 | R 0.2574 | Time 43.2s | Comm N/A | Local Avg F1: 0.2756

=== Round 26/100 ===
[Round 26] KD=ON | policy=prev_global
[Layer Freezing] Training last 4 transformer layers (layers 8-11)
[Layer Freezing] Trainable params: 28,384,555 / 108,924,715 (26.1%)
[Layer Freezing] Training last 4 transformer layers (layers 8-11)
[Layer Freezing] Trainable params: 28,384,555 / 108,924,715 (26.1%)
[Layer Freezing] Training last 4 transformer layers (layers 8-11)
[Layer Freezing] Trainable params: 28,384,555 / 108,924,715 (26.1%)
[Layer Freezing] Training last 4 transformer layers (layers 8-11)
[Layer Freezing] Trainable params: 28,384,555 / 108,924,715 (26.1%)
[Layer Freezing] Training last 4 transformer layers (layers 8-11)
[Layer Freezing] Trainable params: 28,384,555 / 108,924,715 (26.1%)
[Layer Freezing] Training last 4 transformer layers (layers 8-11)
[Layer Freezing] Trainable params: 28,384,555 / 108,924,715 (26.1%)
[Layer Freezing] Training last 4 transformer layers (layers 8-11)
[Layer Freezing] Trainable params: 28,384,555 / 108,924,715 (26.1%)
[Layer Freezing] Training last 4 transformer layers (layers 8-11)
[Layer Freezing] Trainable params: 28,384,555 / 108,924,715 (26.1%)
[Layer Freezing] Training last 4 transformer layers (layers 8-11)
[Layer Freezing] Trainable params: 28,384,555 / 108,924,715 (26.1%)
[Layer Freezing] Training last 4 transformer layers (layers 8-11)
[Layer Freezing] Trainable params: 28,384,555 / 108,924,715 (26.1%)
[Round 26] T=4.14  α_ce=0.93  α_kd=0.07
 Round 26 | F1 0.3456 | P 0.5826 | R 0.2457 | Time 42.9s | Comm N/A | Local Avg F1: 0.2678

=== Round 27/100 ===
[Round 27] KD=ON | policy=prev_global
[Layer Freezing] Training last 4 transformer layers (layers 8-11)
[Layer Freezing] Trainable params: 28,384,555 / 108,924,715 (26.1%)
[Layer Freezing] Training last 4 transformer layers (layers 8-11)
[Layer Freezing] Trainable params: 28,384,555 / 108,924,715 (26.1%)
[Layer Freezing] Training last 4 transformer layers (layers 8-11)
[Layer Freezing] Trainable params: 28,384,555 / 108,924,715 (26.1%)
[Layer Freezing] Training last 4 transformer layers (layers 8-11)
[Layer Freezing] Trainable params: 28,384,555 / 108,924,715 (26.1%)
[Layer Freezing] Training last 4 transformer layers (layers 8-11)
[Layer Freezing] Trainable params: 28,384,555 / 108,924,715 (26.1%)
[Layer Freezing] Training last 4 transformer layers (layers 8-11)
[Layer Freezing] Trainable params: 28,384,555 / 108,924,715 (26.1%)
[Layer Freezing] Training last 4 transformer layers (layers 8-11)
[Layer Freezing] Trainable params: 28,384,555 / 108,924,715 (26.1%)
[Layer Freezing] Training last 4 transformer layers (layers 8-11)
[Layer Freezing] Trainable params: 28,384,555 / 108,924,715 (26.1%)
[Layer Freezing] Training last 4 transformer layers (layers 8-11)
[Layer Freezing] Trainable params: 28,384,555 / 108,924,715 (26.1%)
[Layer Freezing] Training last 4 transformer layers (layers 8-11)
[Layer Freezing] Trainable params: 28,384,555 / 108,924,715 (26.1%)
[Round 27] T=4.11  α_ce=0.92  α_kd=0.08
 Round 27 | F1 0.3659 | P 0.5778 | R 0.2677 | Time 42.5s | Comm N/A | Local Avg F1: 0.2848

=== Round 28/100 ===
[Round 28] KD=ON | policy=prev_global
[Layer Freezing] Training last 4 transformer layers (layers 8-11)
[Layer Freezing] Trainable params: 28,384,555 / 108,924,715 (26.1%)
[Layer Freezing] Training last 4 transformer layers (layers 8-11)
[Layer Freezing] Trainable params: 28,384,555 / 108,924,715 (26.1%)
[Layer Freezing] Training last 4 transformer layers (layers 8-11)
[Layer Freezing] Trainable params: 28,384,555 / 108,924,715 (26.1%)
[Layer Freezing] Training last 4 transformer layers (layers 8-11)
[Layer Freezing] Trainable params: 28,384,555 / 108,924,715 (26.1%)
[Layer Freezing] Training last 4 transformer layers (layers 8-11)
[Layer Freezing] Trainable params: 28,384,555 / 108,924,715 (26.1%)
[Layer Freezing] Training last 4 transformer layers (layers 8-11)
[Layer Freezing] Trainable params: 28,384,555 / 108,924,715 (26.1%)
[Layer Freezing] Training last 4 transformer layers (layers 8-11)
[Layer Freezing] Trainable params: 28,384,555 / 108,924,715 (26.1%)
[Layer Freezing] Training last 4 transformer layers (layers 8-11)
[Layer Freezing] Trainable params: 28,384,555 / 108,924,715 (26.1%)
[Layer Freezing] Training last 4 transformer layers (layers 8-11)
[Layer Freezing] Trainable params: 28,384,555 / 108,924,715 (26.1%)
[Layer Freezing] Training last 4 transformer layers (layers 8-11)
[Layer Freezing] Trainable params: 28,384,555 / 108,924,715 (26.1%)
[Round 28] T=4.07  α_ce=0.92  α_kd=0.08
 Round 28 | F1 0.3726 | P 0.5723 | R 0.2762 | Time 42.8s | Comm N/A | Local Avg F1: 0.2841

=== Round 29/100 ===
[Round 29] KD=ON | policy=prev_global
[Layer Freezing] Training last 4 transformer layers (layers 8-11)
[Layer Freezing] Trainable params: 28,384,555 / 108,924,715 (26.1%)
[Layer Freezing] Training last 4 transformer layers (layers 8-11)
[Layer Freezing] Trainable params: 28,384,555 / 108,924,715 (26.1%)
[Layer Freezing] Training last 4 transformer layers (layers 8-11)
[Layer Freezing] Trainable params: 28,384,555 / 108,924,715 (26.1%)
[Layer Freezing] Training last 4 transformer layers (layers 8-11)
[Layer Freezing] Trainable params: 28,384,555 / 108,924,715 (26.1%)
[Layer Freezing] Training last 4 transformer layers (layers 8-11)
[Layer Freezing] Trainable params: 28,384,555 / 108,924,715 (26.1%)
[Layer Freezing] Training last 4 transformer layers (layers 8-11)
[Layer Freezing] Trainable params: 28,384,555 / 108,924,715 (26.1%)
[Layer Freezing] Training last 4 transformer layers (layers 8-11)
[Layer Freezing] Trainable params: 28,384,555 / 108,924,715 (26.1%)
[Layer Freezing] Training last 4 transformer layers (layers 8-11)
[Layer Freezing] Trainable params: 28,384,555 / 108,924,715 (26.1%)
[Layer Freezing] Training last 4 transformer layers (layers 8-11)
[Layer Freezing] Trainable params: 28,384,555 / 108,924,715 (26.1%)
[Layer Freezing] Training last 4 transformer layers (layers 8-11)
[Layer Freezing] Trainable params: 28,384,555 / 108,924,715 (26.1%)
[Round 29] T=4.04  α_ce=0.92  α_kd=0.08
 Round 29 | F1 0.4194 | P 0.5590 | R 0.3356 | Time 43.3s | Comm N/A | Local Avg F1: 0.3264

=== Round 30/100 ===
[Round 30] KD=ON | policy=prev_global
[Layer Freezing] Training last 4 transformer layers (layers 8-11)
[Layer Freezing] Trainable params: 28,384,555 / 108,924,715 (26.1%)
[Layer Freezing] Training last 4 transformer layers (layers 8-11)
[Layer Freezing] Trainable params: 28,384,555 / 108,924,715 (26.1%)
[Layer Freezing] Training last 4 transformer layers (layers 8-11)
[Layer Freezing] Trainable params: 28,384,555 / 108,924,715 (26.1%)
[Layer Freezing] Training last 4 transformer layers (layers 8-11)
[Layer Freezing] Trainable params: 28,384,555 / 108,924,715 (26.1%)
[Layer Freezing] Training last 4 transformer layers (layers 8-11)
[Layer Freezing] Trainable params: 28,384,555 / 108,924,715 (26.1%)
[Layer Freezing] Training last 4 transformer layers (layers 8-11)
[Layer Freezing] Trainable params: 28,384,555 / 108,924,715 (26.1%)
[Layer Freezing] Training last 4 transformer layers (layers 8-11)
[Layer Freezing] Trainable params: 28,384,555 / 108,924,715 (26.1%)
[Layer Freezing] Training last 4 transformer layers (layers 8-11)
[Layer Freezing] Trainable params: 28,384,555 / 108,924,715 (26.1%)
[Layer Freezing] Training last 4 transformer layers (layers 8-11)
[Layer Freezing] Trainable params: 28,384,555 / 108,924,715 (26.1%)
[Layer Freezing] Training last 4 transformer layers (layers 8-11)
[Layer Freezing] Trainable params: 28,384,555 / 108,924,715 (26.1%)
[Round 30] T=4.00  α_ce=0.91  α_kd=0.09
 Round 30 | F1 0.3938 | P 0.5872 | R 0.2963 | Time 42.3s | Comm N/A | Local Avg F1: 0.3073

=== Round 31/100 ===
[Round 31] KD=ON | policy=prev_global
[Layer Freezing] Training last 4 transformer layers (layers 8-11)
[Layer Freezing] Trainable params: 28,384,555 / 108,924,715 (26.1%)
[Layer Freezing] Training last 4 transformer layers (layers 8-11)
[Layer Freezing] Trainable params: 28,384,555 / 108,924,715 (26.1%)
[Layer Freezing] Training last 4 transformer layers (layers 8-11)
[Layer Freezing] Trainable params: 28,384,555 / 108,924,715 (26.1%)
[Layer Freezing] Training last 4 transformer layers (layers 8-11)
[Layer Freezing] Trainable params: 28,384,555 / 108,924,715 (26.1%)
[Layer Freezing] Training last 4 transformer layers (layers 8-11)
[Layer Freezing] Trainable params: 28,384,555 / 108,924,715 (26.1%)
[Layer Freezing] Training last 4 transformer layers (layers 8-11)
[Layer Freezing] Trainable params: 28,384,555 / 108,924,715 (26.1%)
[Layer Freezing] Training last 4 transformer layers (layers 8-11)
[Layer Freezing] Trainable params: 28,384,555 / 108,924,715 (26.1%)
[Layer Freezing] Training last 4 transformer layers (layers 8-11)
[Layer Freezing] Trainable params: 28,384,555 / 108,924,715 (26.1%)
[Layer Freezing] Training last 4 transformer layers (layers 8-11)
[Layer Freezing] Trainable params: 28,384,555 / 108,924,715 (26.1%)
[Layer Freezing] Training last 4 transformer layers (layers 8-11)
[Layer Freezing] Trainable params: 28,384,555 / 108,924,715 (26.1%)
[Round 31] T=3.96  α_ce=0.91  α_kd=0.09
 Round 31 | F1 0.3873 | P 0.5974 | R 0.2865 | Time 43.4s | Comm N/A | Local Avg F1: 0.3009

=== Round 32/100 ===
[Round 32] KD=ON | policy=prev_global
[Layer Freezing] Training last 4 transformer layers (layers 8-11)
[Layer Freezing] Trainable params: 28,384,555 / 108,924,715 (26.1%)
[Layer Freezing] Training last 4 transformer layers (layers 8-11)
[Layer Freezing] Trainable params: 28,384,555 / 108,924,715 (26.1%)
[Layer Freezing] Training last 4 transformer layers (layers 8-11)
[Layer Freezing] Trainable params: 28,384,555 / 108,924,715 (26.1%)
[Layer Freezing] Training last 4 transformer layers (layers 8-11)
[Layer Freezing] Trainable params: 28,384,555 / 108,924,715 (26.1%)
[Layer Freezing] Training last 4 transformer layers (layers 8-11)
[Layer Freezing] Trainable params: 28,384,555 / 108,924,715 (26.1%)
[Layer Freezing] Training last 4 transformer layers (layers 8-11)
[Layer Freezing] Trainable params: 28,384,555 / 108,924,715 (26.1%)
[Layer Freezing] Training last 4 transformer layers (layers 8-11)
[Layer Freezing] Trainable params: 28,384,555 / 108,924,715 (26.1%)
[Layer Freezing] Training last 4 transformer layers (layers 8-11)
[Layer Freezing] Trainable params: 28,384,555 / 108,924,715 (26.1%)
[Layer Freezing] Training last 4 transformer layers (layers 8-11)
[Layer Freezing] Trainable params: 28,384,555 / 108,924,715 (26.1%)
[Layer Freezing] Training last 4 transformer layers (layers 8-11)
[Layer Freezing] Trainable params: 28,384,555 / 108,924,715 (26.1%)
[Round 32] T=3.93  α_ce=0.91  α_kd=0.09
 Round 32 | F1 0.3810 | P 0.5987 | R 0.2794 | Time 43.2s | Comm N/A | Local Avg F1: 0.3000

=== Round 33/100 ===
[Round 33] KD=ON | policy=prev_global
[Layer Freezing] Training last 4 transformer layers (layers 8-11)
[Layer Freezing] Trainable params: 28,384,555 / 108,924,715 (26.1%)
[Layer Freezing] Training last 4 transformer layers (layers 8-11)
[Layer Freezing] Trainable params: 28,384,555 / 108,924,715 (26.1%)
[Layer Freezing] Training last 4 transformer layers (layers 8-11)
[Layer Freezing] Trainable params: 28,384,555 / 108,924,715 (26.1%)
[Layer Freezing] Training last 4 transformer layers (layers 8-11)
[Layer Freezing] Trainable params: 28,384,555 / 108,924,715 (26.1%)
[Layer Freezing] Training last 4 transformer layers (layers 8-11)
[Layer Freezing] Trainable params: 28,384,555 / 108,924,715 (26.1%)
[Layer Freezing] Training last 4 transformer layers (layers 8-11)
[Layer Freezing] Trainable params: 28,384,555 / 108,924,715 (26.1%)
[Layer Freezing] Training last 4 transformer layers (layers 8-11)
[Layer Freezing] Trainable params: 28,384,555 / 108,924,715 (26.1%)
[Layer Freezing] Training last 4 transformer layers (layers 8-11)
[Layer Freezing] Trainable params: 28,384,555 / 108,924,715 (26.1%)
[Layer Freezing] Training last 4 transformer layers (layers 8-11)
[Layer Freezing] Trainable params: 28,384,555 / 108,924,715 (26.1%)
[Layer Freezing] Training last 4 transformer layers (layers 8-11)
[Layer Freezing] Trainable params: 28,384,555 / 108,924,715 (26.1%)
[Round 33] T=3.89  α_ce=0.91  α_kd=0.09
 Round 33 | F1 0.3867 | P 0.5917 | R 0.2872 | Time 42.2s | Comm N/A | Local Avg F1: 0.3162

=== Round 34/100 ===
[Round 34] KD=ON | policy=prev_global
[Layer Freezing] Training last 4 transformer layers (layers 8-11)
[Layer Freezing] Trainable params: 28,384,555 / 108,924,715 (26.1%)
[Layer Freezing] Training last 4 transformer layers (layers 8-11)
[Layer Freezing] Trainable params: 28,384,555 / 108,924,715 (26.1%)
[Layer Freezing] Training last 4 transformer layers (layers 8-11)
[Layer Freezing] Trainable params: 28,384,555 / 108,924,715 (26.1%)
[Layer Freezing] Training last 4 transformer layers (layers 8-11)
[Layer Freezing] Trainable params: 28,384,555 / 108,924,715 (26.1%)
[Layer Freezing] Training last 4 transformer layers (layers 8-11)
[Layer Freezing] Trainable params: 28,384,555 / 108,924,715 (26.1%)
[Layer Freezing] Training last 4 transformer layers (layers 8-11)
[Layer Freezing] Trainable params: 28,384,555 / 108,924,715 (26.1%)
[Layer Freezing] Training last 4 transformer layers (layers 8-11)
[Layer Freezing] Trainable params: 28,384,555 / 108,924,715 (26.1%)
[Layer Freezing] Training last 4 transformer layers (layers 8-11)
[Layer Freezing] Trainable params: 28,384,555 / 108,924,715 (26.1%)
[Layer Freezing] Training last 4 transformer layers (layers 8-11)
[Layer Freezing] Trainable params: 28,384,555 / 108,924,715 (26.1%)
[Layer Freezing] Training last 4 transformer layers (layers 8-11)
[Layer Freezing] Trainable params: 28,384,555 / 108,924,715 (26.1%)
[Round 34] T=3.86  α_ce=0.90  α_kd=0.10
 Round 34 | F1 0.3935 | P 0.5914 | R 0.2949 | Time 45.5s | Comm N/A | Local Avg F1: 0.3206

=== Round 35/100 ===
[Round 35] KD=ON | policy=prev_global
[Layer Freezing] Training last 4 transformer layers (layers 8-11)
[Layer Freezing] Trainable params: 28,384,555 / 108,924,715 (26.1%)
[Layer Freezing] Training last 4 transformer layers (layers 8-11)
[Layer Freezing] Trainable params: 28,384,555 / 108,924,715 (26.1%)
[Layer Freezing] Training last 4 transformer layers (layers 8-11)
[Layer Freezing] Trainable params: 28,384,555 / 108,924,715 (26.1%)
[Layer Freezing] Training last 4 transformer layers (layers 8-11)
[Layer Freezing] Trainable params: 28,384,555 / 108,924,715 (26.1%)
[Layer Freezing] Training last 4 transformer layers (layers 8-11)
[Layer Freezing] Trainable params: 28,384,555 / 108,924,715 (26.1%)
[Layer Freezing] Training last 4 transformer layers (layers 8-11)
[Layer Freezing] Trainable params: 28,384,555 / 108,924,715 (26.1%)
[Layer Freezing] Training last 4 transformer layers (layers 8-11)
[Layer Freezing] Trainable params: 28,384,555 / 108,924,715 (26.1%)
[Layer Freezing] Training last 4 transformer layers (layers 8-11)
[Layer Freezing] Trainable params: 28,384,555 / 108,924,715 (26.1%)
[Layer Freezing] Training last 4 transformer layers (layers 8-11)
[Layer Freezing] Trainable params: 28,384,555 / 108,924,715 (26.1%)
[Layer Freezing] Training last 4 transformer layers (layers 8-11)
[Layer Freezing] Trainable params: 28,384,555 / 108,924,715 (26.1%)
[Round 35] T=3.82  α_ce=0.90  α_kd=0.10
 Round 35 | F1 0.4187 | P 0.5804 | R 0.3275 | Time 43.0s | Comm N/A | Local Avg F1: 0.3316

=== Round 36/100 ===
[Round 36] KD=ON | policy=prev_global
[Layer Freezing] Training last 4 transformer layers (layers 8-11)
[Layer Freezing] Trainable params: 28,384,555 / 108,924,715 (26.1%)
[Layer Freezing] Training last 4 transformer layers (layers 8-11)
[Layer Freezing] Trainable params: 28,384,555 / 108,924,715 (26.1%)
[Layer Freezing] Training last 4 transformer layers (layers 8-11)
[Layer Freezing] Trainable params: 28,384,555 / 108,924,715 (26.1%)
[Layer Freezing] Training last 4 transformer layers (layers 8-11)
[Layer Freezing] Trainable params: 28,384,555 / 108,924,715 (26.1%)
[Layer Freezing] Training last 4 transformer layers (layers 8-11)
[Layer Freezing] Trainable params: 28,384,555 / 108,924,715 (26.1%)
[Layer Freezing] Training last 4 transformer layers (layers 8-11)
[Layer Freezing] Trainable params: 28,384,555 / 108,924,715 (26.1%)
[Layer Freezing] Training last 4 transformer layers (layers 8-11)
[Layer Freezing] Trainable params: 28,384,555 / 108,924,715 (26.1%)
[Layer Freezing] Training last 4 transformer layers (layers 8-11)
[Layer Freezing] Trainable params: 28,384,555 / 108,924,715 (26.1%)
[Layer Freezing] Training last 4 transformer layers (layers 8-11)
[Layer Freezing] Trainable params: 28,384,555 / 108,924,715 (26.1%)
[Layer Freezing] Training last 4 transformer layers (layers 8-11)
[Layer Freezing] Trainable params: 28,384,555 / 108,924,715 (26.1%)
[Round 36] T=3.79  α_ce=0.90  α_kd=0.10
 Round 36 | F1 0.4151 | P 0.5940 | R 0.3190 | Time 43.2s | Comm N/A | Local Avg F1: 0.3333

=== Round 37/100 ===
[Round 37] KD=ON | policy=prev_global
[Layer Freezing] Training last 4 transformer layers (layers 8-11)
[Layer Freezing] Trainable params: 28,384,555 / 108,924,715 (26.1%)
[Layer Freezing] Training last 4 transformer layers (layers 8-11)
[Layer Freezing] Trainable params: 28,384,555 / 108,924,715 (26.1%)
[Layer Freezing] Training last 4 transformer layers (layers 8-11)
[Layer Freezing] Trainable params: 28,384,555 / 108,924,715 (26.1%)
[Layer Freezing] Training last 4 transformer layers (layers 8-11)
[Layer Freezing] Trainable params: 28,384,555 / 108,924,715 (26.1%)
[Layer Freezing] Training last 4 transformer layers (layers 8-11)
[Layer Freezing] Trainable params: 28,384,555 / 108,924,715 (26.1%)
[Layer Freezing] Training last 4 transformer layers (layers 8-11)
[Layer Freezing] Trainable params: 28,384,555 / 108,924,715 (26.1%)
[Layer Freezing] Training last 4 transformer layers (layers 8-11)
[Layer Freezing] Trainable params: 28,384,555 / 108,924,715 (26.1%)
[Layer Freezing] Training last 4 transformer layers (layers 8-11)
[Layer Freezing] Trainable params: 28,384,555 / 108,924,715 (26.1%)
[Layer Freezing] Training last 4 transformer layers (layers 8-11)
[Layer Freezing] Trainable params: 28,384,555 / 108,924,715 (26.1%)
[Layer Freezing] Training last 4 transformer layers (layers 8-11)
[Layer Freezing] Trainable params: 28,384,555 / 108,924,715 (26.1%)
[Round 37] T=3.75  α_ce=0.89  α_kd=0.11
 Round 37 | F1 0.4284 | P 0.5872 | R 0.3372 | Time 42.7s | Comm N/A | Local Avg F1: 0.3404

=== Round 38/100 ===
[Round 38] KD=ON | policy=prev_global
[Layer Freezing] Training last 4 transformer layers (layers 8-11)
[Layer Freezing] Trainable params: 28,384,555 / 108,924,715 (26.1%)
[Layer Freezing] Training last 4 transformer layers (layers 8-11)
[Layer Freezing] Trainable params: 28,384,555 / 108,924,715 (26.1%)
[Layer Freezing] Training last 4 transformer layers (layers 8-11)
[Layer Freezing] Trainable params: 28,384,555 / 108,924,715 (26.1%)
[Layer Freezing] Training last 4 transformer layers (layers 8-11)
[Layer Freezing] Trainable params: 28,384,555 / 108,924,715 (26.1%)
[Layer Freezing] Training last 4 transformer layers (layers 8-11)
[Layer Freezing] Trainable params: 28,384,555 / 108,924,715 (26.1%)
[Layer Freezing] Training last 4 transformer layers (layers 8-11)
[Layer Freezing] Trainable params: 28,384,555 / 108,924,715 (26.1%)
[Layer Freezing] Training last 4 transformer layers (layers 8-11)
[Layer Freezing] Trainable params: 28,384,555 / 108,924,715 (26.1%)
[Layer Freezing] Training last 4 transformer layers (layers 8-11)
[Layer Freezing] Trainable params: 28,384,555 / 108,924,715 (26.1%)
[Layer Freezing] Training last 4 transformer layers (layers 8-11)
[Layer Freezing] Trainable params: 28,384,555 / 108,924,715 (26.1%)
[Layer Freezing] Training last 4 transformer layers (layers 8-11)
[Layer Freezing] Trainable params: 28,384,555 / 108,924,715 (26.1%)
[Round 38] T=3.71  α_ce=0.89  α_kd=0.11
 Round 38 | F1 0.4373 | P 0.5823 | R 0.3501 | Time 41.8s | Comm N/A | Local Avg F1: 0.3567

=== Round 39/100 ===
[Round 39] KD=ON | policy=prev_global
[Layer Freezing] Training last 4 transformer layers (layers 8-11)
[Layer Freezing] Trainable params: 28,384,555 / 108,924,715 (26.1%)
[Layer Freezing] Training last 4 transformer layers (layers 8-11)
[Layer Freezing] Trainable params: 28,384,555 / 108,924,715 (26.1%)
[Layer Freezing] Training last 4 transformer layers (layers 8-11)
[Layer Freezing] Trainable params: 28,384,555 / 108,924,715 (26.1%)
[Layer Freezing] Training last 4 transformer layers (layers 8-11)
[Layer Freezing] Trainable params: 28,384,555 / 108,924,715 (26.1%)
[Layer Freezing] Training last 4 transformer layers (layers 8-11)
[Layer Freezing] Trainable params: 28,384,555 / 108,924,715 (26.1%)
[Layer Freezing] Training last 4 transformer layers (layers 8-11)
[Layer Freezing] Trainable params: 28,384,555 / 108,924,715 (26.1%)
[Layer Freezing] Training last 4 transformer layers (layers 8-11)
[Layer Freezing] Trainable params: 28,384,555 / 108,924,715 (26.1%)
[Layer Freezing] Training last 4 transformer layers (layers 8-11)
[Layer Freezing] Trainable params: 28,384,555 / 108,924,715 (26.1%)
[Layer Freezing] Training last 4 transformer layers (layers 8-11)
[Layer Freezing] Trainable params: 28,384,555 / 108,924,715 (26.1%)
[Layer Freezing] Training last 4 transformer layers (layers 8-11)
[Layer Freezing] Trainable params: 28,384,555 / 108,924,715 (26.1%)
[Round 39] T=3.68  α_ce=0.89  α_kd=0.11
 Round 39 | F1 0.4186 | P 0.5980 | R 0.3220 | Time 43.9s | Comm N/A | Local Avg F1: 0.3391

=== Round 40/100 ===
[Round 40] KD=ON | policy=prev_global
[Layer Freezing] Training last 4 transformer layers (layers 8-11)
[Layer Freezing] Trainable params: 28,384,555 / 108,924,715 (26.1%)
[Layer Freezing] Training last 4 transformer layers (layers 8-11)
[Layer Freezing] Trainable params: 28,384,555 / 108,924,715 (26.1%)
[Layer Freezing] Training last 4 transformer layers (layers 8-11)
[Layer Freezing] Trainable params: 28,384,555 / 108,924,715 (26.1%)
[Layer Freezing] Training last 4 transformer layers (layers 8-11)
[Layer Freezing] Trainable params: 28,384,555 / 108,924,715 (26.1%)
[Layer Freezing] Training last 4 transformer layers (layers 8-11)
[Layer Freezing] Trainable params: 28,384,555 / 108,924,715 (26.1%)
[Layer Freezing] Training last 4 transformer layers (layers 8-11)
[Layer Freezing] Trainable params: 28,384,555 / 108,924,715 (26.1%)
[Layer Freezing] Training last 4 transformer layers (layers 8-11)
[Layer Freezing] Trainable params: 28,384,555 / 108,924,715 (26.1%)
[Layer Freezing] Training last 4 transformer layers (layers 8-11)
[Layer Freezing] Trainable params: 28,384,555 / 108,924,715 (26.1%)
[Layer Freezing] Training last 4 transformer layers (layers 8-11)
[Layer Freezing] Trainable params: 28,384,555 / 108,924,715 (26.1%)
[Layer Freezing] Training last 4 transformer layers (layers 8-11)
[Layer Freezing] Trainable params: 28,384,555 / 108,924,715 (26.1%)
[Round 40] T=3.64  α_ce=0.88  α_kd=0.12
 Round 40 | F1 0.4202 | P 0.5916 | R 0.3258 | Time 42.9s | Comm N/A | Local Avg F1: 0.3415

=== Round 41/100 ===
[Round 41] KD=ON | policy=prev_global
[Layer Freezing] Training last 4 transformer layers (layers 8-11)
[Layer Freezing] Trainable params: 28,384,555 / 108,924,715 (26.1%)
[Layer Freezing] Training last 4 transformer layers (layers 8-11)
[Layer Freezing] Trainable params: 28,384,555 / 108,924,715 (26.1%)
[Layer Freezing] Training last 4 transformer layers (layers 8-11)
[Layer Freezing] Trainable params: 28,384,555 / 108,924,715 (26.1%)
[Layer Freezing] Training last 4 transformer layers (layers 8-11)
[Layer Freezing] Trainable params: 28,384,555 / 108,924,715 (26.1%)
[Layer Freezing] Training last 4 transformer layers (layers 8-11)
[Layer Freezing] Trainable params: 28,384,555 / 108,924,715 (26.1%)
[Layer Freezing] Training last 4 transformer layers (layers 8-11)
[Layer Freezing] Trainable params: 28,384,555 / 108,924,715 (26.1%)
[Layer Freezing] Training last 4 transformer layers (layers 8-11)
[Layer Freezing] Trainable params: 28,384,555 / 108,924,715 (26.1%)
[Layer Freezing] Training last 4 transformer layers (layers 8-11)
[Layer Freezing] Trainable params: 28,384,555 / 108,924,715 (26.1%)
[Layer Freezing] Training last 4 transformer layers (layers 8-11)
[Layer Freezing] Trainable params: 28,384,555 / 108,924,715 (26.1%)
[Layer Freezing] Training last 4 transformer layers (layers 8-11)
[Layer Freezing] Trainable params: 28,384,555 / 108,924,715 (26.1%)
[Round 41] T=3.61  α_ce=0.88  α_kd=0.12
 Round 41 | F1 0.4192 | P 0.6070 | R 0.3201 | Time 42.5s | Comm N/A | Local Avg F1: 0.3387

=== Round 42/100 ===
[Round 42] KD=ON | policy=prev_global
[Layer Freezing] Training last 4 transformer layers (layers 8-11)
[Layer Freezing] Trainable params: 28,384,555 / 108,924,715 (26.1%)
[Layer Freezing] Training last 4 transformer layers (layers 8-11)
[Layer Freezing] Trainable params: 28,384,555 / 108,924,715 (26.1%)
[Layer Freezing] Training last 4 transformer layers (layers 8-11)
[Layer Freezing] Trainable params: 28,384,555 / 108,924,715 (26.1%)
[Layer Freezing] Training last 4 transformer layers (layers 8-11)
[Layer Freezing] Trainable params: 28,384,555 / 108,924,715 (26.1%)
[Layer Freezing] Training last 4 transformer layers (layers 8-11)
[Layer Freezing] Trainable params: 28,384,555 / 108,924,715 (26.1%)
[Layer Freezing] Training last 4 transformer layers (layers 8-11)
[Layer Freezing] Trainable params: 28,384,555 / 108,924,715 (26.1%)
[Layer Freezing] Training last 4 transformer layers (layers 8-11)
[Layer Freezing] Trainable params: 28,384,555 / 108,924,715 (26.1%)
[Layer Freezing] Training last 4 transformer layers (layers 8-11)
[Layer Freezing] Trainable params: 28,384,555 / 108,924,715 (26.1%)
[Layer Freezing] Training last 4 transformer layers (layers 8-11)
[Layer Freezing] Trainable params: 28,384,555 / 108,924,715 (26.1%)
[Layer Freezing] Training last 4 transformer layers (layers 8-11)
[Layer Freezing] Trainable params: 28,384,555 / 108,924,715 (26.1%)
[Round 42] T=3.57  α_ce=0.88  α_kd=0.12
 Round 42 | F1 0.4364 | P 0.5979 | R 0.3437 | Time 43.9s | Comm N/A | Local Avg F1: 0.3520

=== Round 43/100 ===
[Round 43] KD=ON | policy=prev_global
[Layer Freezing] Training last 4 transformer layers (layers 8-11)
[Layer Freezing] Trainable params: 28,384,555 / 108,924,715 (26.1%)
[Layer Freezing] Training last 4 transformer layers (layers 8-11)
[Layer Freezing] Trainable params: 28,384,555 / 108,924,715 (26.1%)
[Layer Freezing] Training last 4 transformer layers (layers 8-11)
[Layer Freezing] Trainable params: 28,384,555 / 108,924,715 (26.1%)
[Layer Freezing] Training last 4 transformer layers (layers 8-11)
[Layer Freezing] Trainable params: 28,384,555 / 108,924,715 (26.1%)
[Layer Freezing] Training last 4 transformer layers (layers 8-11)
[Layer Freezing] Trainable params: 28,384,555 / 108,924,715 (26.1%)
[Layer Freezing] Training last 4 transformer layers (layers 8-11)
[Layer Freezing] Trainable params: 28,384,555 / 108,924,715 (26.1%)
[Layer Freezing] Training last 4 transformer layers (layers 8-11)
[Layer Freezing] Trainable params: 28,384,555 / 108,924,715 (26.1%)
[Layer Freezing] Training last 4 transformer layers (layers 8-11)
[Layer Freezing] Trainable params: 28,384,555 / 108,924,715 (26.1%)
[Layer Freezing] Training last 4 transformer layers (layers 8-11)
[Layer Freezing] Trainable params: 28,384,555 / 108,924,715 (26.1%)
[Layer Freezing] Training last 4 transformer layers (layers 8-11)
[Layer Freezing] Trainable params: 28,384,555 / 108,924,715 (26.1%)
[Round 43] T=3.54  α_ce=0.87  α_kd=0.13
 Round 43 | F1 0.4342 | P 0.5921 | R 0.3428 | Time 43.7s | Comm N/A | Local Avg F1: 0.3518

=== Round 44/100 ===
[Round 44] KD=ON | policy=prev_global
[Layer Freezing] Training last 4 transformer layers (layers 8-11)
[Layer Freezing] Trainable params: 28,384,555 / 108,924,715 (26.1%)
[Layer Freezing] Training last 4 transformer layers (layers 8-11)
[Layer Freezing] Trainable params: 28,384,555 / 108,924,715 (26.1%)
[Layer Freezing] Training last 4 transformer layers (layers 8-11)
[Layer Freezing] Trainable params: 28,384,555 / 108,924,715 (26.1%)
[Layer Freezing] Training last 4 transformer layers (layers 8-11)
[Layer Freezing] Trainable params: 28,384,555 / 108,924,715 (26.1%)
[Layer Freezing] Training last 4 transformer layers (layers 8-11)
[Layer Freezing] Trainable params: 28,384,555 / 108,924,715 (26.1%)
[Layer Freezing] Training last 4 transformer layers (layers 8-11)
[Layer Freezing] Trainable params: 28,384,555 / 108,924,715 (26.1%)
[Layer Freezing] Training last 4 transformer layers (layers 8-11)
[Layer Freezing] Trainable params: 28,384,555 / 108,924,715 (26.1%)
[Layer Freezing] Training last 4 transformer layers (layers 8-11)
[Layer Freezing] Trainable params: 28,384,555 / 108,924,715 (26.1%)
[Layer Freezing] Training last 4 transformer layers (layers 8-11)
[Layer Freezing] Trainable params: 28,384,555 / 108,924,715 (26.1%)
[Layer Freezing] Training last 4 transformer layers (layers 8-11)
[Layer Freezing] Trainable params: 28,384,555 / 108,924,715 (26.1%)
[Round 44] T=3.50  α_ce=0.87  α_kd=0.13
 Round 44 | F1 0.4362 | P 0.5995 | R 0.3428 | Time 43.5s | Comm N/A | Local Avg F1: 0.3561

=== Round 45/100 ===
[Round 45] KD=ON | policy=prev_global
[Layer Freezing] Training last 4 transformer layers (layers 8-11)
[Layer Freezing] Trainable params: 28,384,555 / 108,924,715 (26.1%)
[Layer Freezing] Training last 4 transformer layers (layers 8-11)
[Layer Freezing] Trainable params: 28,384,555 / 108,924,715 (26.1%)
[Layer Freezing] Training last 4 transformer layers (layers 8-11)
[Layer Freezing] Trainable params: 28,384,555 / 108,924,715 (26.1%)
[Layer Freezing] Training last 4 transformer layers (layers 8-11)
[Layer Freezing] Trainable params: 28,384,555 / 108,924,715 (26.1%)
[Layer Freezing] Training last 4 transformer layers (layers 8-11)
[Layer Freezing] Trainable params: 28,384,555 / 108,924,715 (26.1%)
[Layer Freezing] Training last 4 transformer layers (layers 8-11)
[Layer Freezing] Trainable params: 28,384,555 / 108,924,715 (26.1%)
[Layer Freezing] Training last 4 transformer layers (layers 8-11)
[Layer Freezing] Trainable params: 28,384,555 / 108,924,715 (26.1%)
[Layer Freezing] Training last 4 transformer layers (layers 8-11)
[Layer Freezing] Trainable params: 28,384,555 / 108,924,715 (26.1%)
[Layer Freezing] Training last 4 transformer layers (layers 8-11)
[Layer Freezing] Trainable params: 28,384,555 / 108,924,715 (26.1%)
[Layer Freezing] Training last 4 transformer layers (layers 8-11)
[Layer Freezing] Trainable params: 28,384,555 / 108,924,715 (26.1%)
[Round 45] T=3.46  α_ce=0.87  α_kd=0.13
 Round 45 | F1 0.4534 | P 0.5904 | R 0.3680 | Time 43.4s | Comm N/A | Local Avg F1: 0.3727

=== Round 46/100 ===
[Round 46] KD=ON | policy=prev_global
[Layer Freezing] Training last 4 transformer layers (layers 8-11)
[Layer Freezing] Trainable params: 28,384,555 / 108,924,715 (26.1%)
[Layer Freezing] Training last 4 transformer layers (layers 8-11)
[Layer Freezing] Trainable params: 28,384,555 / 108,924,715 (26.1%)
[Layer Freezing] Training last 4 transformer layers (layers 8-11)
[Layer Freezing] Trainable params: 28,384,555 / 108,924,715 (26.1%)
[Layer Freezing] Training last 4 transformer layers (layers 8-11)
[Layer Freezing] Trainable params: 28,384,555 / 108,924,715 (26.1%)
[Layer Freezing] Training last 4 transformer layers (layers 8-11)
[Layer Freezing] Trainable params: 28,384,555 / 108,924,715 (26.1%)
[Layer Freezing] Training last 4 transformer layers (layers 8-11)
[Layer Freezing] Trainable params: 28,384,555 / 108,924,715 (26.1%)
[Layer Freezing] Training last 4 transformer layers (layers 8-11)
[Layer Freezing] Trainable params: 28,384,555 / 108,924,715 (26.1%)
[Layer Freezing] Training last 4 transformer layers (layers 8-11)
[Layer Freezing] Trainable params: 28,384,555 / 108,924,715 (26.1%)
[Layer Freezing] Training last 4 transformer layers (layers 8-11)
[Layer Freezing] Trainable params: 28,384,555 / 108,924,715 (26.1%)
[Layer Freezing] Training last 4 transformer layers (layers 8-11)
[Layer Freezing] Trainable params: 28,384,555 / 108,924,715 (26.1%)
[Round 46] T=3.43  α_ce=0.87  α_kd=0.13
 Round 46 | F1 0.4457 | P 0.5989 | R 0.3549 | Time 42.5s | Comm N/A | Local Avg F1: 0.3644

=== Round 47/100 ===
[Round 47] KD=ON | policy=prev_global
[Layer Freezing] Training last 4 transformer layers (layers 8-11)
[Layer Freezing] Trainable params: 28,384,555 / 108,924,715 (26.1%)
[Layer Freezing] Training last 4 transformer layers (layers 8-11)
[Layer Freezing] Trainable params: 28,384,555 / 108,924,715 (26.1%)
[Layer Freezing] Training last 4 transformer layers (layers 8-11)
[Layer Freezing] Trainable params: 28,384,555 / 108,924,715 (26.1%)
[Layer Freezing] Training last 4 transformer layers (layers 8-11)
[Layer Freezing] Trainable params: 28,384,555 / 108,924,715 (26.1%)
[Layer Freezing] Training last 4 transformer layers (layers 8-11)
[Layer Freezing] Trainable params: 28,384,555 / 108,924,715 (26.1%)
[Layer Freezing] Training last 4 transformer layers (layers 8-11)
[Layer Freezing] Trainable params: 28,384,555 / 108,924,715 (26.1%)
[Layer Freezing] Training last 4 transformer layers (layers 8-11)
[Layer Freezing] Trainable params: 28,384,555 / 108,924,715 (26.1%)
[Layer Freezing] Training last 4 transformer layers (layers 8-11)
[Layer Freezing] Trainable params: 28,384,555 / 108,924,715 (26.1%)
[Layer Freezing] Training last 4 transformer layers (layers 8-11)
[Layer Freezing] Trainable params: 28,384,555 / 108,924,715 (26.1%)
[Layer Freezing] Training last 4 transformer layers (layers 8-11)
[Layer Freezing] Trainable params: 28,384,555 / 108,924,715 (26.1%)
[Round 47] T=3.39  α_ce=0.86  α_kd=0.14
 Round 47 | F1 0.4529 | P 0.5912 | R 0.3671 | Time 42.9s | Comm N/A | Local Avg F1: 0.3669

=== Round 48/100 ===
[Round 48] KD=ON | policy=prev_global
[Layer Freezing] Training last 4 transformer layers (layers 8-11)
[Layer Freezing] Trainable params: 28,384,555 / 108,924,715 (26.1%)
[Layer Freezing] Training last 4 transformer layers (layers 8-11)
[Layer Freezing] Trainable params: 28,384,555 / 108,924,715 (26.1%)
[Layer Freezing] Training last 4 transformer layers (layers 8-11)
[Layer Freezing] Trainable params: 28,384,555 / 108,924,715 (26.1%)
[Layer Freezing] Training last 4 transformer layers (layers 8-11)
[Layer Freezing] Trainable params: 28,384,555 / 108,924,715 (26.1%)
[Layer Freezing] Training last 4 transformer layers (layers 8-11)
[Layer Freezing] Trainable params: 28,384,555 / 108,924,715 (26.1%)
[Layer Freezing] Training last 4 transformer layers (layers 8-11)
[Layer Freezing] Trainable params: 28,384,555 / 108,924,715 (26.1%)
[Layer Freezing] Training last 4 transformer layers (layers 8-11)
[Layer Freezing] Trainable params: 28,384,555 / 108,924,715 (26.1%)
[Layer Freezing] Training last 4 transformer layers (layers 8-11)
[Layer Freezing] Trainable params: 28,384,555 / 108,924,715 (26.1%)
[Layer Freezing] Training last 4 transformer layers (layers 8-11)
[Layer Freezing] Trainable params: 28,384,555 / 108,924,715 (26.1%)
[Layer Freezing] Training last 4 transformer layers (layers 8-11)
[Layer Freezing] Trainable params: 28,384,555 / 108,924,715 (26.1%)
[Round 48] T=3.36  α_ce=0.86  α_kd=0.14
 Round 48 | F1 0.4414 | P 0.6117 | R 0.3452 | Time 43.6s | Comm N/A | Local Avg F1: 0.3563

=== Round 49/100 ===
[Round 49] KD=ON | policy=prev_global
[Layer Freezing] Training last 4 transformer layers (layers 8-11)
[Layer Freezing] Trainable params: 28,384,555 / 108,924,715 (26.1%)
[Layer Freezing] Training last 4 transformer layers (layers 8-11)
[Layer Freezing] Trainable params: 28,384,555 / 108,924,715 (26.1%)
[Layer Freezing] Training last 4 transformer layers (layers 8-11)
[Layer Freezing] Trainable params: 28,384,555 / 108,924,715 (26.1%)
[Layer Freezing] Training last 4 transformer layers (layers 8-11)
[Layer Freezing] Trainable params: 28,384,555 / 108,924,715 (26.1%)
[Layer Freezing] Training last 4 transformer layers (layers 8-11)
[Layer Freezing] Trainable params: 28,384,555 / 108,924,715 (26.1%)
[Layer Freezing] Training last 4 transformer layers (layers 8-11)
[Layer Freezing] Trainable params: 28,384,555 / 108,924,715 (26.1%)
[Layer Freezing] Training last 4 transformer layers (layers 8-11)
[Layer Freezing] Trainable params: 28,384,555 / 108,924,715 (26.1%)
[Layer Freezing] Training last 4 transformer layers (layers 8-11)
[Layer Freezing] Trainable params: 28,384,555 / 108,924,715 (26.1%)
[Layer Freezing] Training last 4 transformer layers (layers 8-11)
[Layer Freezing] Trainable params: 28,384,555 / 108,924,715 (26.1%)
[Layer Freezing] Training last 4 transformer layers (layers 8-11)
[Layer Freezing] Trainable params: 28,384,555 / 108,924,715 (26.1%)
[Round 49] T=3.32  α_ce=0.86  α_kd=0.14
 Round 49 | F1 0.4568 | P 0.5978 | R 0.3696 | Time 43.0s | Comm N/A | Local Avg F1: 0.3731

=== Round 50/100 ===
[Round 50] KD=ON | policy=prev_global
[Layer Freezing] Training last 4 transformer layers (layers 8-11)
[Layer Freezing] Trainable params: 28,384,555 / 108,924,715 (26.1%)
[Layer Freezing] Training last 4 transformer layers (layers 8-11)
[Layer Freezing] Trainable params: 28,384,555 / 108,924,715 (26.1%)
[Layer Freezing] Training last 4 transformer layers (layers 8-11)
[Layer Freezing] Trainable params: 28,384,555 / 108,924,715 (26.1%)
[Layer Freezing] Training last 4 transformer layers (layers 8-11)
[Layer Freezing] Trainable params: 28,384,555 / 108,924,715 (26.1%)
[Layer Freezing] Training last 4 transformer layers (layers 8-11)
[Layer Freezing] Trainable params: 28,384,555 / 108,924,715 (26.1%)
[Layer Freezing] Training last 4 transformer layers (layers 8-11)
[Layer Freezing] Trainable params: 28,384,555 / 108,924,715 (26.1%)
[Layer Freezing] Training last 4 transformer layers (layers 8-11)
[Layer Freezing] Trainable params: 28,384,555 / 108,924,715 (26.1%)
[Layer Freezing] Training last 4 transformer layers (layers 8-11)
[Layer Freezing] Trainable params: 28,384,555 / 108,924,715 (26.1%)
[Layer Freezing] Training last 4 transformer layers (layers 8-11)
[Layer Freezing] Trainable params: 28,384,555 / 108,924,715 (26.1%)
[Layer Freezing] Training last 4 transformer layers (layers 8-11)
[Layer Freezing] Trainable params: 28,384,555 / 108,924,715 (26.1%)
[Round 50] T=3.29  α_ce=0.85  α_kd=0.15
 Round 50 | F1 0.4623 | P 0.5997 | R 0.3761 | Time 42.9s | Comm N/A | Local Avg F1: 0.3718

=== Round 51/100 ===
[Round 51] KD=ON | policy=prev_global
[Layer Freezing] Training last 4 transformer layers (layers 8-11)
[Layer Freezing] Trainable params: 28,384,555 / 108,924,715 (26.1%)
[Layer Freezing] Training last 4 transformer layers (layers 8-11)
[Layer Freezing] Trainable params: 28,384,555 / 108,924,715 (26.1%)
[Layer Freezing] Training last 4 transformer layers (layers 8-11)
[Layer Freezing] Trainable params: 28,384,555 / 108,924,715 (26.1%)
[Layer Freezing] Training last 4 transformer layers (layers 8-11)
[Layer Freezing] Trainable params: 28,384,555 / 108,924,715 (26.1%)
[Layer Freezing] Training last 4 transformer layers (layers 8-11)
[Layer Freezing] Trainable params: 28,384,555 / 108,924,715 (26.1%)
[Layer Freezing] Training last 4 transformer layers (layers 8-11)
[Layer Freezing] Trainable params: 28,384,555 / 108,924,715 (26.1%)
[Layer Freezing] Training last 4 transformer layers (layers 8-11)
[Layer Freezing] Trainable params: 28,384,555 / 108,924,715 (26.1%)
[Layer Freezing] Training last 4 transformer layers (layers 8-11)
[Layer Freezing] Trainable params: 28,384,555 / 108,924,715 (26.1%)
[Layer Freezing] Training last 4 transformer layers (layers 8-11)
[Layer Freezing] Trainable params: 28,384,555 / 108,924,715 (26.1%)
[Layer Freezing] Training last 4 transformer layers (layers 8-11)
[Layer Freezing] Trainable params: 28,384,555 / 108,924,715 (26.1%)
[Round 51] T=3.25  α_ce=0.85  α_kd=0.15
 Round 51 | F1 0.4640 | P 0.5955 | R 0.3801 | Time 43.7s | Comm N/A | Local Avg F1: 0.3771

=== Round 52/100 ===
[Round 52] KD=ON | policy=prev_global
[Layer Freezing] Training last 4 transformer layers (layers 8-11)
[Layer Freezing] Trainable params: 28,384,555 / 108,924,715 (26.1%)
[Layer Freezing] Training last 4 transformer layers (layers 8-11)
[Layer Freezing] Trainable params: 28,384,555 / 108,924,715 (26.1%)
[Layer Freezing] Training last 4 transformer layers (layers 8-11)
[Layer Freezing] Trainable params: 28,384,555 / 108,924,715 (26.1%)
[Layer Freezing] Training last 4 transformer layers (layers 8-11)
[Layer Freezing] Trainable params: 28,384,555 / 108,924,715 (26.1%)
[Layer Freezing] Training last 4 transformer layers (layers 8-11)
[Layer Freezing] Trainable params: 28,384,555 / 108,924,715 (26.1%)
[Layer Freezing] Training last 4 transformer layers (layers 8-11)
[Layer Freezing] Trainable params: 28,384,555 / 108,924,715 (26.1%)
[Layer Freezing] Training last 4 transformer layers (layers 8-11)
[Layer Freezing] Trainable params: 28,384,555 / 108,924,715 (26.1%)
[Layer Freezing] Training last 4 transformer layers (layers 8-11)
[Layer Freezing] Trainable params: 28,384,555 / 108,924,715 (26.1%)
[Layer Freezing] Training last 4 transformer layers (layers 8-11)
[Layer Freezing] Trainable params: 28,384,555 / 108,924,715 (26.1%)
[Layer Freezing] Training last 4 transformer layers (layers 8-11)
[Layer Freezing] Trainable params: 28,384,555 / 108,924,715 (26.1%)
[Round 52] T=3.21  α_ce=0.85  α_kd=0.15
 Round 52 | F1 0.4433 | P 0.6182 | R 0.3456 | Time 43.1s | Comm N/A | Local Avg F1: 0.3666

=== Round 53/100 ===
[Round 53] KD=ON | policy=prev_global
[Layer Freezing] Training last 4 transformer layers (layers 8-11)
[Layer Freezing] Trainable params: 28,384,555 / 108,924,715 (26.1%)
[Layer Freezing] Training last 4 transformer layers (layers 8-11)
[Layer Freezing] Trainable params: 28,384,555 / 108,924,715 (26.1%)
[Layer Freezing] Training last 4 transformer layers (layers 8-11)
[Layer Freezing] Trainable params: 28,384,555 / 108,924,715 (26.1%)
[Layer Freezing] Training last 4 transformer layers (layers 8-11)
[Layer Freezing] Trainable params: 28,384,555 / 108,924,715 (26.1%)
[Layer Freezing] Training last 4 transformer layers (layers 8-11)
[Layer Freezing] Trainable params: 28,384,555 / 108,924,715 (26.1%)
[Layer Freezing] Training last 4 transformer layers (layers 8-11)
[Layer Freezing] Trainable params: 28,384,555 / 108,924,715 (26.1%)
[Layer Freezing] Training last 4 transformer layers (layers 8-11)
[Layer Freezing] Trainable params: 28,384,555 / 108,924,715 (26.1%)
[Layer Freezing] Training last 4 transformer layers (layers 8-11)
[Layer Freezing] Trainable params: 28,384,555 / 108,924,715 (26.1%)
[Layer Freezing] Training last 4 transformer layers (layers 8-11)
[Layer Freezing] Trainable params: 28,384,555 / 108,924,715 (26.1%)
[Layer Freezing] Training last 4 transformer layers (layers 8-11)
[Layer Freezing] Trainable params: 28,384,555 / 108,924,715 (26.1%)
[Round 53] T=3.18  α_ce=0.84  α_kd=0.16
 Round 53 | F1 0.4488 | P 0.6136 | R 0.3538 | Time 42.3s | Comm N/A | Local Avg F1: 0.3696

=== Round 54/100 ===
[Round 54] KD=ON | policy=prev_global
[Layer Freezing] Training last 4 transformer layers (layers 8-11)
[Layer Freezing] Trainable params: 28,384,555 / 108,924,715 (26.1%)
[Layer Freezing] Training last 4 transformer layers (layers 8-11)
[Layer Freezing] Trainable params: 28,384,555 / 108,924,715 (26.1%)
[Layer Freezing] Training last 4 transformer layers (layers 8-11)
[Layer Freezing] Trainable params: 28,384,555 / 108,924,715 (26.1%)
[Layer Freezing] Training last 4 transformer layers (layers 8-11)
[Layer Freezing] Trainable params: 28,384,555 / 108,924,715 (26.1%)
[Layer Freezing] Training last 4 transformer layers (layers 8-11)
[Layer Freezing] Trainable params: 28,384,555 / 108,924,715 (26.1%)
[Layer Freezing] Training last 4 transformer layers (layers 8-11)
[Layer Freezing] Trainable params: 28,384,555 / 108,924,715 (26.1%)
[Layer Freezing] Training last 4 transformer layers (layers 8-11)
[Layer Freezing] Trainable params: 28,384,555 / 108,924,715 (26.1%)
[Layer Freezing] Training last 4 transformer layers (layers 8-11)
[Layer Freezing] Trainable params: 28,384,555 / 108,924,715 (26.1%)
[Layer Freezing] Training last 4 transformer layers (layers 8-11)
[Layer Freezing] Trainable params: 28,384,555 / 108,924,715 (26.1%)
[Layer Freezing] Training last 4 transformer layers (layers 8-11)
[Layer Freezing] Trainable params: 28,384,555 / 108,924,715 (26.1%)
[Round 54] T=3.14  α_ce=0.84  α_kd=0.16
 Round 54 | F1 0.4674 | P 0.5974 | R 0.3839 | Time 42.9s | Comm N/A | Local Avg F1: 0.3836

=== Round 55/100 ===
[Round 55] KD=ON | policy=prev_global
[Layer Freezing] Training last 4 transformer layers (layers 8-11)
[Layer Freezing] Trainable params: 28,384,555 / 108,924,715 (26.1%)
[Layer Freezing] Training last 4 transformer layers (layers 8-11)
[Layer Freezing] Trainable params: 28,384,555 / 108,924,715 (26.1%)
[Layer Freezing] Training last 4 transformer layers (layers 8-11)
[Layer Freezing] Trainable params: 28,384,555 / 108,924,715 (26.1%)
[Layer Freezing] Training last 4 transformer layers (layers 8-11)
[Layer Freezing] Trainable params: 28,384,555 / 108,924,715 (26.1%)
[Layer Freezing] Training last 4 transformer layers (layers 8-11)
[Layer Freezing] Trainable params: 28,384,555 / 108,924,715 (26.1%)
[Layer Freezing] Training last 4 transformer layers (layers 8-11)
[Layer Freezing] Trainable params: 28,384,555 / 108,924,715 (26.1%)
[Layer Freezing] Training last 4 transformer layers (layers 8-11)
[Layer Freezing] Trainable params: 28,384,555 / 108,924,715 (26.1%)
[Layer Freezing] Training last 4 transformer layers (layers 8-11)
[Layer Freezing] Trainable params: 28,384,555 / 108,924,715 (26.1%)
[Layer Freezing] Training last 4 transformer layers (layers 8-11)
[Layer Freezing] Trainable params: 28,384,555 / 108,924,715 (26.1%)
[Layer Freezing] Training last 4 transformer layers (layers 8-11)
[Layer Freezing] Trainable params: 28,384,555 / 108,924,715 (26.1%)
[Round 55] T=3.11  α_ce=0.84  α_kd=0.16
 Round 55 | F1 0.4773 | P 0.5936 | R 0.3991 | Time 44.1s | Comm N/A | Local Avg F1: 0.3940

=== Round 56/100 ===
[Round 56] KD=ON | policy=prev_global
[Layer Freezing] Training last 4 transformer layers (layers 8-11)
[Layer Freezing] Trainable params: 28,384,555 / 108,924,715 (26.1%)
[Layer Freezing] Training last 4 transformer layers (layers 8-11)
[Layer Freezing] Trainable params: 28,384,555 / 108,924,715 (26.1%)
[Layer Freezing] Training last 4 transformer layers (layers 8-11)
[Layer Freezing] Trainable params: 28,384,555 / 108,924,715 (26.1%)
[Layer Freezing] Training last 4 transformer layers (layers 8-11)
[Layer Freezing] Trainable params: 28,384,555 / 108,924,715 (26.1%)
[Layer Freezing] Training last 4 transformer layers (layers 8-11)
[Layer Freezing] Trainable params: 28,384,555 / 108,924,715 (26.1%)
[Layer Freezing] Training last 4 transformer layers (layers 8-11)
[Layer Freezing] Trainable params: 28,384,555 / 108,924,715 (26.1%)
[Layer Freezing] Training last 4 transformer layers (layers 8-11)
[Layer Freezing] Trainable params: 28,384,555 / 108,924,715 (26.1%)
[Layer Freezing] Training last 4 transformer layers (layers 8-11)
[Layer Freezing] Trainable params: 28,384,555 / 108,924,715 (26.1%)
[Layer Freezing] Training last 4 transformer layers (layers 8-11)
[Layer Freezing] Trainable params: 28,384,555 / 108,924,715 (26.1%)
[Layer Freezing] Training last 4 transformer layers (layers 8-11)
[Layer Freezing] Trainable params: 28,384,555 / 108,924,715 (26.1%)
[Round 56] T=3.07  α_ce=0.83  α_kd=0.17
 Round 56 | F1 0.4721 | P 0.5930 | R 0.3921 | Time 42.9s | Comm N/A | Local Avg F1: 0.3860

=== Round 57/100 ===
[Round 57] KD=ON | policy=prev_global
[Layer Freezing] Training last 4 transformer layers (layers 8-11)
[Layer Freezing] Trainable params: 28,384,555 / 108,924,715 (26.1%)
[Layer Freezing] Training last 4 transformer layers (layers 8-11)
[Layer Freezing] Trainable params: 28,384,555 / 108,924,715 (26.1%)
[Layer Freezing] Training last 4 transformer layers (layers 8-11)
[Layer Freezing] Trainable params: 28,384,555 / 108,924,715 (26.1%)
[Layer Freezing] Training last 4 transformer layers (layers 8-11)
[Layer Freezing] Trainable params: 28,384,555 / 108,924,715 (26.1%)
[Layer Freezing] Training last 4 transformer layers (layers 8-11)
[Layer Freezing] Trainable params: 28,384,555 / 108,924,715 (26.1%)
[Layer Freezing] Training last 4 transformer layers (layers 8-11)
[Layer Freezing] Trainable params: 28,384,555 / 108,924,715 (26.1%)
[Layer Freezing] Training last 4 transformer layers (layers 8-11)
[Layer Freezing] Trainable params: 28,384,555 / 108,924,715 (26.1%)
[Layer Freezing] Training last 4 transformer layers (layers 8-11)
[Layer Freezing] Trainable params: 28,384,555 / 108,924,715 (26.1%)
[Layer Freezing] Training last 4 transformer layers (layers 8-11)
[Layer Freezing] Trainable params: 28,384,555 / 108,924,715 (26.1%)
[Layer Freezing] Training last 4 transformer layers (layers 8-11)
[Layer Freezing] Trainable params: 28,384,555 / 108,924,715 (26.1%)
[Round 57] T=3.04  α_ce=0.83  α_kd=0.17
 Round 57 | F1 0.4729 | P 0.6078 | R 0.3870 | Time 43.1s | Comm N/A | Local Avg F1: 0.3859

=== Round 58/100 ===
[Round 58] KD=ON | policy=prev_global
[Layer Freezing] Training last 4 transformer layers (layers 8-11)
[Layer Freezing] Trainable params: 28,384,555 / 108,924,715 (26.1%)
[Layer Freezing] Training last 4 transformer layers (layers 8-11)
[Layer Freezing] Trainable params: 28,384,555 / 108,924,715 (26.1%)
[Layer Freezing] Training last 4 transformer layers (layers 8-11)
[Layer Freezing] Trainable params: 28,384,555 / 108,924,715 (26.1%)
[Layer Freezing] Training last 4 transformer layers (layers 8-11)
[Layer Freezing] Trainable params: 28,384,555 / 108,924,715 (26.1%)
[Layer Freezing] Training last 4 transformer layers (layers 8-11)
[Layer Freezing] Trainable params: 28,384,555 / 108,924,715 (26.1%)
[Layer Freezing] Training last 4 transformer layers (layers 8-11)
[Layer Freezing] Trainable params: 28,384,555 / 108,924,715 (26.1%)
[Layer Freezing] Training last 4 transformer layers (layers 8-11)
[Layer Freezing] Trainable params: 28,384,555 / 108,924,715 (26.1%)
[Layer Freezing] Training last 4 transformer layers (layers 8-11)
[Layer Freezing] Trainable params: 28,384,555 / 108,924,715 (26.1%)
[Layer Freezing] Training last 4 transformer layers (layers 8-11)
[Layer Freezing] Trainable params: 28,384,555 / 108,924,715 (26.1%)
[Layer Freezing] Training last 4 transformer layers (layers 8-11)
[Layer Freezing] Trainable params: 28,384,555 / 108,924,715 (26.1%)
[Round 58] T=3.00  α_ce=0.83  α_kd=0.17
 Round 58 | F1 0.4751 | P 0.6026 | R 0.3921 | Time 43.5s | Comm N/A | Local Avg F1: 0.3888

=== Round 59/100 ===
[Round 59] KD=ON | policy=prev_global
[Layer Freezing] Training last 4 transformer layers (layers 8-11)
[Layer Freezing] Trainable params: 28,384,555 / 108,924,715 (26.1%)
[Layer Freezing] Training last 4 transformer layers (layers 8-11)
[Layer Freezing] Trainable params: 28,384,555 / 108,924,715 (26.1%)
[Layer Freezing] Training last 4 transformer layers (layers 8-11)
[Layer Freezing] Trainable params: 28,384,555 / 108,924,715 (26.1%)
[Layer Freezing] Training last 4 transformer layers (layers 8-11)
[Layer Freezing] Trainable params: 28,384,555 / 108,924,715 (26.1%)
[Layer Freezing] Training last 4 transformer layers (layers 8-11)
[Layer Freezing] Trainable params: 28,384,555 / 108,924,715 (26.1%)
[Layer Freezing] Training last 4 transformer layers (layers 8-11)
[Layer Freezing] Trainable params: 28,384,555 / 108,924,715 (26.1%)
[Layer Freezing] Training last 4 transformer layers (layers 8-11)
[Layer Freezing] Trainable params: 28,384,555 / 108,924,715 (26.1%)
[Layer Freezing] Training last 4 transformer layers (layers 8-11)
[Layer Freezing] Trainable params: 28,384,555 / 108,924,715 (26.1%)
[Layer Freezing] Training last 4 transformer layers (layers 8-11)
[Layer Freezing] Trainable params: 28,384,555 / 108,924,715 (26.1%)
[Layer Freezing] Training last 4 transformer layers (layers 8-11)
[Layer Freezing] Trainable params: 28,384,555 / 108,924,715 (26.1%)
[Round 59] T=2.96  α_ce=0.83  α_kd=0.17
 Round 59 | F1 0.4705 | P 0.6052 | R 0.3848 | Time 43.2s | Comm N/A | Local Avg F1: 0.3854

=== Round 60/100 ===
[Round 60] KD=ON | policy=prev_global
[Layer Freezing] Training last 4 transformer layers (layers 8-11)
[Layer Freezing] Trainable params: 28,384,555 / 108,924,715 (26.1%)
[Layer Freezing] Training last 4 transformer layers (layers 8-11)
[Layer Freezing] Trainable params: 28,384,555 / 108,924,715 (26.1%)
[Layer Freezing] Training last 4 transformer layers (layers 8-11)
[Layer Freezing] Trainable params: 28,384,555 / 108,924,715 (26.1%)
[Layer Freezing] Training last 4 transformer layers (layers 8-11)
[Layer Freezing] Trainable params: 28,384,555 / 108,924,715 (26.1%)
[Layer Freezing] Training last 4 transformer layers (layers 8-11)
[Layer Freezing] Trainable params: 28,384,555 / 108,924,715 (26.1%)
[Layer Freezing] Training last 4 transformer layers (layers 8-11)
[Layer Freezing] Trainable params: 28,384,555 / 108,924,715 (26.1%)
[Layer Freezing] Training last 4 transformer layers (layers 8-11)
[Layer Freezing] Trainable params: 28,384,555 / 108,924,715 (26.1%)
[Layer Freezing] Training last 4 transformer layers (layers 8-11)
[Layer Freezing] Trainable params: 28,384,555 / 108,924,715 (26.1%)
[Layer Freezing] Training last 4 transformer layers (layers 8-11)
[Layer Freezing] Trainable params: 28,384,555 / 108,924,715 (26.1%)
[Layer Freezing] Training last 4 transformer layers (layers 8-11)
[Layer Freezing] Trainable params: 28,384,555 / 108,924,715 (26.1%)
[Round 60] T=2.93  α_ce=0.82  α_kd=0.18
 Round 60 | F1 0.4926 | P 0.5886 | R 0.4234 | Time 42.5s | Comm N/A | Local Avg F1: 0.4015

=== Round 61/100 ===
[Round 61] KD=ON | policy=prev_global
[Layer Freezing] Training last 4 transformer layers (layers 8-11)
[Layer Freezing] Trainable params: 28,384,555 / 108,924,715 (26.1%)
[Layer Freezing] Training last 4 transformer layers (layers 8-11)
[Layer Freezing] Trainable params: 28,384,555 / 108,924,715 (26.1%)
[Layer Freezing] Training last 4 transformer layers (layers 8-11)
[Layer Freezing] Trainable params: 28,384,555 / 108,924,715 (26.1%)
[Layer Freezing] Training last 4 transformer layers (layers 8-11)
[Layer Freezing] Trainable params: 28,384,555 / 108,924,715 (26.1%)
[Layer Freezing] Training last 4 transformer layers (layers 8-11)
[Layer Freezing] Trainable params: 28,384,555 / 108,924,715 (26.1%)
[Layer Freezing] Training last 4 transformer layers (layers 8-11)
[Layer Freezing] Trainable params: 28,384,555 / 108,924,715 (26.1%)
[Layer Freezing] Training last 4 transformer layers (layers 8-11)
[Layer Freezing] Trainable params: 28,384,555 / 108,924,715 (26.1%)
[Layer Freezing] Training last 4 transformer layers (layers 8-11)
[Layer Freezing] Trainable params: 28,384,555 / 108,924,715 (26.1%)
[Layer Freezing] Training last 4 transformer layers (layers 8-11)
[Layer Freezing] Trainable params: 28,384,555 / 108,924,715 (26.1%)
[Layer Freezing] Training last 4 transformer layers (layers 8-11)
[Layer Freezing] Trainable params: 28,384,555 / 108,924,715 (26.1%)
[Round 61] T=2.89  α_ce=0.82  α_kd=0.18
 Round 61 | F1 0.4911 | P 0.5985 | R 0.4164 | Time 43.8s | Comm N/A | Local Avg F1: 0.3977

=== Round 62/100 ===
[Round 62] KD=ON | policy=prev_global
[Layer Freezing] Training last 4 transformer layers (layers 8-11)
[Layer Freezing] Trainable params: 28,384,555 / 108,924,715 (26.1%)
[Layer Freezing] Training last 4 transformer layers (layers 8-11)
[Layer Freezing] Trainable params: 28,384,555 / 108,924,715 (26.1%)
[Layer Freezing] Training last 4 transformer layers (layers 8-11)
[Layer Freezing] Trainable params: 28,384,555 / 108,924,715 (26.1%)
[Layer Freezing] Training last 4 transformer layers (layers 8-11)
[Layer Freezing] Trainable params: 28,384,555 / 108,924,715 (26.1%)
[Layer Freezing] Training last 4 transformer layers (layers 8-11)
[Layer Freezing] Trainable params: 28,384,555 / 108,924,715 (26.1%)
[Layer Freezing] Training last 4 transformer layers (layers 8-11)
[Layer Freezing] Trainable params: 28,384,555 / 108,924,715 (26.1%)
[Layer Freezing] Training last 4 transformer layers (layers 8-11)
[Layer Freezing] Trainable params: 28,384,555 / 108,924,715 (26.1%)
[Layer Freezing] Training last 4 transformer layers (layers 8-11)
[Layer Freezing] Trainable params: 28,384,555 / 108,924,715 (26.1%)
[Layer Freezing] Training last 4 transformer layers (layers 8-11)
[Layer Freezing] Trainable params: 28,384,555 / 108,924,715 (26.1%)
[Layer Freezing] Training last 4 transformer layers (layers 8-11)
[Layer Freezing] Trainable params: 28,384,555 / 108,924,715 (26.1%)
[Round 62] T=2.86  α_ce=0.82  α_kd=0.18
 Round 62 | F1 0.4791 | P 0.6008 | R 0.3984 | Time 43.2s | Comm N/A | Local Avg F1: 0.3940

=== Round 63/100 ===
[Round 63] KD=ON | policy=prev_global
[Layer Freezing] Training last 4 transformer layers (layers 8-11)
[Layer Freezing] Trainable params: 28,384,555 / 108,924,715 (26.1%)
[Layer Freezing] Training last 4 transformer layers (layers 8-11)
[Layer Freezing] Trainable params: 28,384,555 / 108,924,715 (26.1%)
[Layer Freezing] Training last 4 transformer layers (layers 8-11)
[Layer Freezing] Trainable params: 28,384,555 / 108,924,715 (26.1%)
[Layer Freezing] Training last 4 transformer layers (layers 8-11)
[Layer Freezing] Trainable params: 28,384,555 / 108,924,715 (26.1%)
[Layer Freezing] Training last 4 transformer layers (layers 8-11)
[Layer Freezing] Trainable params: 28,384,555 / 108,924,715 (26.1%)
[Layer Freezing] Training last 4 transformer layers (layers 8-11)
[Layer Freezing] Trainable params: 28,384,555 / 108,924,715 (26.1%)
[Layer Freezing] Training last 4 transformer layers (layers 8-11)
[Layer Freezing] Trainable params: 28,384,555 / 108,924,715 (26.1%)
[Layer Freezing] Training last 4 transformer layers (layers 8-11)
[Layer Freezing] Trainable params: 28,384,555 / 108,924,715 (26.1%)
[Layer Freezing] Training last 4 transformer layers (layers 8-11)
[Layer Freezing] Trainable params: 28,384,555 / 108,924,715 (26.1%)
[Layer Freezing] Training last 4 transformer layers (layers 8-11)
[Layer Freezing] Trainable params: 28,384,555 / 108,924,715 (26.1%)
[Round 63] T=2.82  α_ce=0.81  α_kd=0.19
 Round 63 | F1 0.4642 | P 0.6113 | R 0.3742 | Time 42.3s | Comm N/A | Local Avg F1: 0.3829

=== Round 64/100 ===
[Round 64] KD=ON | policy=prev_global
[Layer Freezing] Training last 4 transformer layers (layers 8-11)
[Layer Freezing] Trainable params: 28,384,555 / 108,924,715 (26.1%)
[Layer Freezing] Training last 4 transformer layers (layers 8-11)
[Layer Freezing] Trainable params: 28,384,555 / 108,924,715 (26.1%)
[Layer Freezing] Training last 4 transformer layers (layers 8-11)
[Layer Freezing] Trainable params: 28,384,555 / 108,924,715 (26.1%)
[Layer Freezing] Training last 4 transformer layers (layers 8-11)
[Layer Freezing] Trainable params: 28,384,555 / 108,924,715 (26.1%)
[Layer Freezing] Training last 4 transformer layers (layers 8-11)
[Layer Freezing] Trainable params: 28,384,555 / 108,924,715 (26.1%)
[Layer Freezing] Training last 4 transformer layers (layers 8-11)
[Layer Freezing] Trainable params: 28,384,555 / 108,924,715 (26.1%)
[Layer Freezing] Training last 4 transformer layers (layers 8-11)
[Layer Freezing] Trainable params: 28,384,555 / 108,924,715 (26.1%)
[Layer Freezing] Training last 4 transformer layers (layers 8-11)
[Layer Freezing] Trainable params: 28,384,555 / 108,924,715 (26.1%)
[Layer Freezing] Training last 4 transformer layers (layers 8-11)
[Layer Freezing] Trainable params: 28,384,555 / 108,924,715 (26.1%)
[Layer Freezing] Training last 4 transformer layers (layers 8-11)
[Layer Freezing] Trainable params: 28,384,555 / 108,924,715 (26.1%)
[Round 64] T=2.79  α_ce=0.81  α_kd=0.19
 Round 64 | F1 0.4758 | P 0.5995 | R 0.3945 | Time 43.3s | Comm N/A | Local Avg F1: 0.3920

=== Round 65/100 ===
[Round 65] KD=ON | policy=prev_global
[Layer Freezing] Training last 4 transformer layers (layers 8-11)
[Layer Freezing] Trainable params: 28,384,555 / 108,924,715 (26.1%)
[Layer Freezing] Training last 4 transformer layers (layers 8-11)
[Layer Freezing] Trainable params: 28,384,555 / 108,924,715 (26.1%)
[Layer Freezing] Training last 4 transformer layers (layers 8-11)
[Layer Freezing] Trainable params: 28,384,555 / 108,924,715 (26.1%)
[Layer Freezing] Training last 4 transformer layers (layers 8-11)
[Layer Freezing] Trainable params: 28,384,555 / 108,924,715 (26.1%)
[Layer Freezing] Training last 4 transformer layers (layers 8-11)
[Layer Freezing] Trainable params: 28,384,555 / 108,924,715 (26.1%)
[Layer Freezing] Training last 4 transformer layers (layers 8-11)
[Layer Freezing] Trainable params: 28,384,555 / 108,924,715 (26.1%)
[Layer Freezing] Training last 4 transformer layers (layers 8-11)
[Layer Freezing] Trainable params: 28,384,555 / 108,924,715 (26.1%)
[Layer Freezing] Training last 4 transformer layers (layers 8-11)
[Layer Freezing] Trainable params: 28,384,555 / 108,924,715 (26.1%)
[Layer Freezing] Training last 4 transformer layers (layers 8-11)
[Layer Freezing] Trainable params: 28,384,555 / 108,924,715 (26.1%)
[Layer Freezing] Training last 4 transformer layers (layers 8-11)
[Layer Freezing] Trainable params: 28,384,555 / 108,924,715 (26.1%)
[Round 65] T=2.75  α_ce=0.81  α_kd=0.19
 Round 65 | F1 0.4852 | P 0.6030 | R 0.4059 | Time 43.7s | Comm N/A | Local Avg F1: 0.4032

=== Round 66/100 ===
[Round 66] KD=ON | policy=prev_global
[Layer Freezing] Training last 4 transformer layers (layers 8-11)
[Layer Freezing] Trainable params: 28,384,555 / 108,924,715 (26.1%)
[Layer Freezing] Training last 4 transformer layers (layers 8-11)
[Layer Freezing] Trainable params: 28,384,555 / 108,924,715 (26.1%)
[Layer Freezing] Training last 4 transformer layers (layers 8-11)
[Layer Freezing] Trainable params: 28,384,555 / 108,924,715 (26.1%)
[Layer Freezing] Training last 4 transformer layers (layers 8-11)
[Layer Freezing] Trainable params: 28,384,555 / 108,924,715 (26.1%)
[Layer Freezing] Training last 4 transformer layers (layers 8-11)
[Layer Freezing] Trainable params: 28,384,555 / 108,924,715 (26.1%)
[Layer Freezing] Training last 4 transformer layers (layers 8-11)
[Layer Freezing] Trainable params: 28,384,555 / 108,924,715 (26.1%)
[Layer Freezing] Training last 4 transformer layers (layers 8-11)
[Layer Freezing] Trainable params: 28,384,555 / 108,924,715 (26.1%)
[Layer Freezing] Training last 4 transformer layers (layers 8-11)
[Layer Freezing] Trainable params: 28,384,555 / 108,924,715 (26.1%)
[Layer Freezing] Training last 4 transformer layers (layers 8-11)
[Layer Freezing] Trainable params: 28,384,555 / 108,924,715 (26.1%)
[Layer Freezing] Training last 4 transformer layers (layers 8-11)
[Layer Freezing] Trainable params: 28,384,555 / 108,924,715 (26.1%)
[Round 66] T=2.71  α_ce=0.80  α_kd=0.20
 Round 66 | F1 0.4895 | P 0.6113 | R 0.4083 | Time 43.0s | Comm N/A | Local Avg F1: 0.4124

=== Round 67/100 ===
[Round 67] KD=ON | policy=prev_global
[Layer Freezing] Training last 4 transformer layers (layers 8-11)
[Layer Freezing] Trainable params: 28,384,555 / 108,924,715 (26.1%)
[Layer Freezing] Training last 4 transformer layers (layers 8-11)
[Layer Freezing] Trainable params: 28,384,555 / 108,924,715 (26.1%)
[Layer Freezing] Training last 4 transformer layers (layers 8-11)
[Layer Freezing] Trainable params: 28,384,555 / 108,924,715 (26.1%)
[Layer Freezing] Training last 4 transformer layers (layers 8-11)
[Layer Freezing] Trainable params: 28,384,555 / 108,924,715 (26.1%)
[Layer Freezing] Training last 4 transformer layers (layers 8-11)
[Layer Freezing] Trainable params: 28,384,555 / 108,924,715 (26.1%)
[Layer Freezing] Training last 4 transformer layers (layers 8-11)
[Layer Freezing] Trainable params: 28,384,555 / 108,924,715 (26.1%)
[Layer Freezing] Training last 4 transformer layers (layers 8-11)
[Layer Freezing] Trainable params: 28,384,555 / 108,924,715 (26.1%)
[Layer Freezing] Training last 4 transformer layers (layers 8-11)
[Layer Freezing] Trainable params: 28,384,555 / 108,924,715 (26.1%)
[Layer Freezing] Training last 4 transformer layers (layers 8-11)
[Layer Freezing] Trainable params: 28,384,555 / 108,924,715 (26.1%)
[Layer Freezing] Training last 4 transformer layers (layers 8-11)
[Layer Freezing] Trainable params: 28,384,555 / 108,924,715 (26.1%)
[Round 67] T=2.68  α_ce=0.80  α_kd=0.20
 Round 67 | F1 0.4948 | P 0.6010 | R 0.4205 | Time 42.5s | Comm N/A | Local Avg F1: 0.4147

=== Round 68/100 ===
[Round 68] KD=ON | policy=prev_global
[Layer Freezing] Training last 4 transformer layers (layers 8-11)
[Layer Freezing] Trainable params: 28,384,555 / 108,924,715 (26.1%)
[Layer Freezing] Training last 4 transformer layers (layers 8-11)
[Layer Freezing] Trainable params: 28,384,555 / 108,924,715 (26.1%)
[Layer Freezing] Training last 4 transformer layers (layers 8-11)
[Layer Freezing] Trainable params: 28,384,555 / 108,924,715 (26.1%)
[Layer Freezing] Training last 4 transformer layers (layers 8-11)
[Layer Freezing] Trainable params: 28,384,555 / 108,924,715 (26.1%)
[Layer Freezing] Training last 4 transformer layers (layers 8-11)
[Layer Freezing] Trainable params: 28,384,555 / 108,924,715 (26.1%)
[Layer Freezing] Training last 4 transformer layers (layers 8-11)
[Layer Freezing] Trainable params: 28,384,555 / 108,924,715 (26.1%)
[Layer Freezing] Training last 4 transformer layers (layers 8-11)
[Layer Freezing] Trainable params: 28,384,555 / 108,924,715 (26.1%)
[Layer Freezing] Training last 4 transformer layers (layers 8-11)
[Layer Freezing] Trainable params: 28,384,555 / 108,924,715 (26.1%)
[Layer Freezing] Training last 4 transformer layers (layers 8-11)
[Layer Freezing] Trainable params: 28,384,555 / 108,924,715 (26.1%)
[Layer Freezing] Training last 4 transformer layers (layers 8-11)
[Layer Freezing] Trainable params: 28,384,555 / 108,924,715 (26.1%)
[Round 68] T=2.64  α_ce=0.80  α_kd=0.20
 Round 68 | F1 0.4814 | P 0.6129 | R 0.3963 | Time 43.5s | Comm N/A | Local Avg F1: 0.4039

=== Round 69/100 ===
[Round 69] KD=ON | policy=prev_global
[Layer Freezing] Training last 4 transformer layers (layers 8-11)
[Layer Freezing] Trainable params: 28,384,555 / 108,924,715 (26.1%)
[Layer Freezing] Training last 4 transformer layers (layers 8-11)
[Layer Freezing] Trainable params: 28,384,555 / 108,924,715 (26.1%)
[Layer Freezing] Training last 4 transformer layers (layers 8-11)
[Layer Freezing] Trainable params: 28,384,555 / 108,924,715 (26.1%)
[Layer Freezing] Training last 4 transformer layers (layers 8-11)
[Layer Freezing] Trainable params: 28,384,555 / 108,924,715 (26.1%)
[Layer Freezing] Training last 4 transformer layers (layers 8-11)
[Layer Freezing] Trainable params: 28,384,555 / 108,924,715 (26.1%)
[Layer Freezing] Training last 4 transformer layers (layers 8-11)
[Layer Freezing] Trainable params: 28,384,555 / 108,924,715 (26.1%)
[Layer Freezing] Training last 4 transformer layers (layers 8-11)
[Layer Freezing] Trainable params: 28,384,555 / 108,924,715 (26.1%)
[Layer Freezing] Training last 4 transformer layers (layers 8-11)
[Layer Freezing] Trainable params: 28,384,555 / 108,924,715 (26.1%)
[Layer Freezing] Training last 4 transformer layers (layers 8-11)
[Layer Freezing] Trainable params: 28,384,555 / 108,924,715 (26.1%)
[Layer Freezing] Training last 4 transformer layers (layers 8-11)
[Layer Freezing] Trainable params: 28,384,555 / 108,924,715 (26.1%)
[Round 69] T=2.61  α_ce=0.79  α_kd=0.21
 Round 69 | F1 0.4884 | P 0.6099 | R 0.4073 | Time 43.1s | Comm N/A | Local Avg F1: 0.4105

=== Round 70/100 ===
[Round 70] KD=ON | policy=prev_global
[Layer Freezing] Training last 4 transformer layers (layers 8-11)
[Layer Freezing] Trainable params: 28,384,555 / 108,924,715 (26.1%)
[Layer Freezing] Training last 4 transformer layers (layers 8-11)
[Layer Freezing] Trainable params: 28,384,555 / 108,924,715 (26.1%)
[Layer Freezing] Training last 4 transformer layers (layers 8-11)
[Layer Freezing] Trainable params: 28,384,555 / 108,924,715 (26.1%)
[Layer Freezing] Training last 4 transformer layers (layers 8-11)
[Layer Freezing] Trainable params: 28,384,555 / 108,924,715 (26.1%)
[Layer Freezing] Training last 4 transformer layers (layers 8-11)
[Layer Freezing] Trainable params: 28,384,555 / 108,924,715 (26.1%)
[Layer Freezing] Training last 4 transformer layers (layers 8-11)
[Layer Freezing] Trainable params: 28,384,555 / 108,924,715 (26.1%)
[Layer Freezing] Training last 4 transformer layers (layers 8-11)
[Layer Freezing] Trainable params: 28,384,555 / 108,924,715 (26.1%)
[Layer Freezing] Training last 4 transformer layers (layers 8-11)
[Layer Freezing] Trainable params: 28,384,555 / 108,924,715 (26.1%)
[Layer Freezing] Training last 4 transformer layers (layers 8-11)
[Layer Freezing] Trainable params: 28,384,555 / 108,924,715 (26.1%)
[Layer Freezing] Training last 4 transformer layers (layers 8-11)
[Layer Freezing] Trainable params: 28,384,555 / 108,924,715 (26.1%)
[Round 70] T=2.57  α_ce=0.79  α_kd=0.21
 Round 70 | F1 0.4782 | P 0.6219 | R 0.3885 | Time 42.0s | Comm N/A | Local Avg F1: 0.4066

=== Round 71/100 ===
[Round 71] KD=ON | policy=prev_global
[Layer Freezing] Training last 4 transformer layers (layers 8-11)
[Layer Freezing] Trainable params: 28,384,555 / 108,924,715 (26.1%)
[Layer Freezing] Training last 4 transformer layers (layers 8-11)
[Layer Freezing] Trainable params: 28,384,555 / 108,924,715 (26.1%)
[Layer Freezing] Training last 4 transformer layers (layers 8-11)
[Layer Freezing] Trainable params: 28,384,555 / 108,924,715 (26.1%)
[Layer Freezing] Training last 4 transformer layers (layers 8-11)
[Layer Freezing] Trainable params: 28,384,555 / 108,924,715 (26.1%)
[Layer Freezing] Training last 4 transformer layers (layers 8-11)
[Layer Freezing] Trainable params: 28,384,555 / 108,924,715 (26.1%)
[Layer Freezing] Training last 4 transformer layers (layers 8-11)
[Layer Freezing] Trainable params: 28,384,555 / 108,924,715 (26.1%)
[Layer Freezing] Training last 4 transformer layers (layers 8-11)
[Layer Freezing] Trainable params: 28,384,555 / 108,924,715 (26.1%)
[Layer Freezing] Training last 4 transformer layers (layers 8-11)
[Layer Freezing] Trainable params: 28,384,555 / 108,924,715 (26.1%)
[Layer Freezing] Training last 4 transformer layers (layers 8-11)
[Layer Freezing] Trainable params: 28,384,555 / 108,924,715 (26.1%)
[Layer Freezing] Training last 4 transformer layers (layers 8-11)
[Layer Freezing] Trainable params: 28,384,555 / 108,924,715 (26.1%)
[Round 71] T=2.54  α_ce=0.79  α_kd=0.21
 Round 71 | F1 0.4913 | P 0.6093 | R 0.4116 | Time 43.4s | Comm N/A | Local Avg F1: 0.4175

=== Round 72/100 ===
[Round 72] KD=ON | policy=prev_global
[Layer Freezing] Training last 4 transformer layers (layers 8-11)
[Layer Freezing] Trainable params: 28,384,555 / 108,924,715 (26.1%)
[Layer Freezing] Training last 4 transformer layers (layers 8-11)
[Layer Freezing] Trainable params: 28,384,555 / 108,924,715 (26.1%)
[Layer Freezing] Training last 4 transformer layers (layers 8-11)
[Layer Freezing] Trainable params: 28,384,555 / 108,924,715 (26.1%)
[Layer Freezing] Training last 4 transformer layers (layers 8-11)
[Layer Freezing] Trainable params: 28,384,555 / 108,924,715 (26.1%)
[Layer Freezing] Training last 4 transformer layers (layers 8-11)
[Layer Freezing] Trainable params: 28,384,555 / 108,924,715 (26.1%)
[Layer Freezing] Training last 4 transformer layers (layers 8-11)
[Layer Freezing] Trainable params: 28,384,555 / 108,924,715 (26.1%)
[Layer Freezing] Training last 4 transformer layers (layers 8-11)
[Layer Freezing] Trainable params: 28,384,555 / 108,924,715 (26.1%)
[Layer Freezing] Training last 4 transformer layers (layers 8-11)
[Layer Freezing] Trainable params: 28,384,555 / 108,924,715 (26.1%)
[Layer Freezing] Training last 4 transformer layers (layers 8-11)
[Layer Freezing] Trainable params: 28,384,555 / 108,924,715 (26.1%)
[Layer Freezing] Training last 4 transformer layers (layers 8-11)
[Layer Freezing] Trainable params: 28,384,555 / 108,924,715 (26.1%)
[Round 72] T=2.50  α_ce=0.79  α_kd=0.21
 Round 72 | F1 0.4878 | P 0.6108 | R 0.4061 | Time 43.8s | Comm N/A | Local Avg F1: 0.4160

=== Round 73/100 ===
[Round 73] KD=ON | policy=prev_global
[Layer Freezing] Training last 4 transformer layers (layers 8-11)
[Layer Freezing] Trainable params: 28,384,555 / 108,924,715 (26.1%)
[Layer Freezing] Training last 4 transformer layers (layers 8-11)
[Layer Freezing] Trainable params: 28,384,555 / 108,924,715 (26.1%)
[Layer Freezing] Training last 4 transformer layers (layers 8-11)
[Layer Freezing] Trainable params: 28,384,555 / 108,924,715 (26.1%)
[Layer Freezing] Training last 4 transformer layers (layers 8-11)
[Layer Freezing] Trainable params: 28,384,555 / 108,924,715 (26.1%)
[Layer Freezing] Training last 4 transformer layers (layers 8-11)
[Layer Freezing] Trainable params: 28,384,555 / 108,924,715 (26.1%)
[Layer Freezing] Training last 4 transformer layers (layers 8-11)
[Layer Freezing] Trainable params: 28,384,555 / 108,924,715 (26.1%)
[Layer Freezing] Training last 4 transformer layers (layers 8-11)
[Layer Freezing] Trainable params: 28,384,555 / 108,924,715 (26.1%)
[Layer Freezing] Training last 4 transformer layers (layers 8-11)
[Layer Freezing] Trainable params: 28,384,555 / 108,924,715 (26.1%)
[Layer Freezing] Training last 4 transformer layers (layers 8-11)
[Layer Freezing] Trainable params: 28,384,555 / 108,924,715 (26.1%)
[Layer Freezing] Training last 4 transformer layers (layers 8-11)
[Layer Freezing] Trainable params: 28,384,555 / 108,924,715 (26.1%)
[Round 73] T=2.46  α_ce=0.78  α_kd=0.22
 Round 73 | F1 0.4885 | P 0.6023 | R 0.4109 | Time 42.9s | Comm N/A | Local Avg F1: 0.4145

=== Round 74/100 ===
[Round 74] KD=ON | policy=prev_global
[Layer Freezing] Training last 4 transformer layers (layers 8-11)
[Layer Freezing] Trainable params: 28,384,555 / 108,924,715 (26.1%)
[Layer Freezing] Training last 4 transformer layers (layers 8-11)
[Layer Freezing] Trainable params: 28,384,555 / 108,924,715 (26.1%)
[Layer Freezing] Training last 4 transformer layers (layers 8-11)
[Layer Freezing] Trainable params: 28,384,555 / 108,924,715 (26.1%)
[Layer Freezing] Training last 4 transformer layers (layers 8-11)
[Layer Freezing] Trainable params: 28,384,555 / 108,924,715 (26.1%)
[Layer Freezing] Training last 4 transformer layers (layers 8-11)
[Layer Freezing] Trainable params: 28,384,555 / 108,924,715 (26.1%)
[Layer Freezing] Training last 4 transformer layers (layers 8-11)
[Layer Freezing] Trainable params: 28,384,555 / 108,924,715 (26.1%)
[Layer Freezing] Training last 4 transformer layers (layers 8-11)
[Layer Freezing] Trainable params: 28,384,555 / 108,924,715 (26.1%)
[Layer Freezing] Training last 4 transformer layers (layers 8-11)
[Layer Freezing] Trainable params: 28,384,555 / 108,924,715 (26.1%)
[Layer Freezing] Training last 4 transformer layers (layers 8-11)
[Layer Freezing] Trainable params: 28,384,555 / 108,924,715 (26.1%)
[Layer Freezing] Training last 4 transformer layers (layers 8-11)
[Layer Freezing] Trainable params: 28,384,555 / 108,924,715 (26.1%)
[Round 74] T=2.43  α_ce=0.78  α_kd=0.22
 Round 74 | F1 0.4988 | P 0.6049 | R 0.4244 | Time 42.4s | Comm N/A | Local Avg F1: 0.4152

=== Round 75/100 ===
[Round 75] KD=ON | policy=prev_global
[Layer Freezing] Training last 4 transformer layers (layers 8-11)
[Layer Freezing] Trainable params: 28,384,555 / 108,924,715 (26.1%)
[Layer Freezing] Training last 4 transformer layers (layers 8-11)
[Layer Freezing] Trainable params: 28,384,555 / 108,924,715 (26.1%)
[Layer Freezing] Training last 4 transformer layers (layers 8-11)
[Layer Freezing] Trainable params: 28,384,555 / 108,924,715 (26.1%)
[Layer Freezing] Training last 4 transformer layers (layers 8-11)
[Layer Freezing] Trainable params: 28,384,555 / 108,924,715 (26.1%)
[Layer Freezing] Training last 4 transformer layers (layers 8-11)
[Layer Freezing] Trainable params: 28,384,555 / 108,924,715 (26.1%)
[Layer Freezing] Training last 4 transformer layers (layers 8-11)
[Layer Freezing] Trainable params: 28,384,555 / 108,924,715 (26.1%)
[Layer Freezing] Training last 4 transformer layers (layers 8-11)
[Layer Freezing] Trainable params: 28,384,555 / 108,924,715 (26.1%)
[Layer Freezing] Training last 4 transformer layers (layers 8-11)
[Layer Freezing] Trainable params: 28,384,555 / 108,924,715 (26.1%)
[Layer Freezing] Training last 4 transformer layers (layers 8-11)
[Layer Freezing] Trainable params: 28,384,555 / 108,924,715 (26.1%)
[Layer Freezing] Training last 4 transformer layers (layers 8-11)
[Layer Freezing] Trainable params: 28,384,555 / 108,924,715 (26.1%)
[Round 75] T=2.39  α_ce=0.78  α_kd=0.22
 Round 75 | F1 0.4907 | P 0.6117 | R 0.4097 | Time 43.2s | Comm N/A | Local Avg F1: 0.4122

=== Round 76/100 ===
[Round 76] KD=ON | policy=prev_global
[Layer Freezing] Training last 4 transformer layers (layers 8-11)
[Layer Freezing] Trainable params: 28,384,555 / 108,924,715 (26.1%)
[Layer Freezing] Training last 4 transformer layers (layers 8-11)
[Layer Freezing] Trainable params: 28,384,555 / 108,924,715 (26.1%)
[Layer Freezing] Training last 4 transformer layers (layers 8-11)
[Layer Freezing] Trainable params: 28,384,555 / 108,924,715 (26.1%)
[Layer Freezing] Training last 4 transformer layers (layers 8-11)
[Layer Freezing] Trainable params: 28,384,555 / 108,924,715 (26.1%)
[Layer Freezing] Training last 4 transformer layers (layers 8-11)
[Layer Freezing] Trainable params: 28,384,555 / 108,924,715 (26.1%)
[Layer Freezing] Training last 4 transformer layers (layers 8-11)
[Layer Freezing] Trainable params: 28,384,555 / 108,924,715 (26.1%)
[Layer Freezing] Training last 4 transformer layers (layers 8-11)
[Layer Freezing] Trainable params: 28,384,555 / 108,924,715 (26.1%)
[Layer Freezing] Training last 4 transformer layers (layers 8-11)
[Layer Freezing] Trainable params: 28,384,555 / 108,924,715 (26.1%)
[Layer Freezing] Training last 4 transformer layers (layers 8-11)
[Layer Freezing] Trainable params: 28,384,555 / 108,924,715 (26.1%)
[Layer Freezing] Training last 4 transformer layers (layers 8-11)
[Layer Freezing] Trainable params: 28,384,555 / 108,924,715 (26.1%)
[Round 76] T=2.36  α_ce=0.77  α_kd=0.23
 Round 76 | F1 0.4989 | P 0.6029 | R 0.4255 | Time 43.1s | Comm N/A | Local Avg F1: 0.4161

=== Round 77/100 ===
[Round 77] KD=ON | policy=prev_global
[Layer Freezing] Training last 4 transformer layers (layers 8-11)
[Layer Freezing] Trainable params: 28,384,555 / 108,924,715 (26.1%)
[Layer Freezing] Training last 4 transformer layers (layers 8-11)
[Layer Freezing] Trainable params: 28,384,555 / 108,924,715 (26.1%)
[Layer Freezing] Training last 4 transformer layers (layers 8-11)
[Layer Freezing] Trainable params: 28,384,555 / 108,924,715 (26.1%)
[Layer Freezing] Training last 4 transformer layers (layers 8-11)
[Layer Freezing] Trainable params: 28,384,555 / 108,924,715 (26.1%)
[Layer Freezing] Training last 4 transformer layers (layers 8-11)
[Layer Freezing] Trainable params: 28,384,555 / 108,924,715 (26.1%)
[Layer Freezing] Training last 4 transformer layers (layers 8-11)
[Layer Freezing] Trainable params: 28,384,555 / 108,924,715 (26.1%)
[Layer Freezing] Training last 4 transformer layers (layers 8-11)
[Layer Freezing] Trainable params: 28,384,555 / 108,924,715 (26.1%)
[Layer Freezing] Training last 4 transformer layers (layers 8-11)
[Layer Freezing] Trainable params: 28,384,555 / 108,924,715 (26.1%)
[Layer Freezing] Training last 4 transformer layers (layers 8-11)
[Layer Freezing] Trainable params: 28,384,555 / 108,924,715 (26.1%)
[Layer Freezing] Training last 4 transformer layers (layers 8-11)
[Layer Freezing] Trainable params: 28,384,555 / 108,924,715 (26.1%)
[Round 77] T=2.32  α_ce=0.77  α_kd=0.23
 Round 77 | F1 0.4801 | P 0.6222 | R 0.3908 | Time 43.5s | Comm N/A | Local Avg F1: 0.4023

=== Round 78/100 ===
[Round 78] KD=ON | policy=prev_global
[Layer Freezing] Training last 4 transformer layers (layers 8-11)
[Layer Freezing] Trainable params: 28,384,555 / 108,924,715 (26.1%)
[Layer Freezing] Training last 4 transformer layers (layers 8-11)
[Layer Freezing] Trainable params: 28,384,555 / 108,924,715 (26.1%)
[Layer Freezing] Training last 4 transformer layers (layers 8-11)
[Layer Freezing] Trainable params: 28,384,555 / 108,924,715 (26.1%)
[Layer Freezing] Training last 4 transformer layers (layers 8-11)
[Layer Freezing] Trainable params: 28,384,555 / 108,924,715 (26.1%)
[Layer Freezing] Training last 4 transformer layers (layers 8-11)
[Layer Freezing] Trainable params: 28,384,555 / 108,924,715 (26.1%)
[Layer Freezing] Training last 4 transformer layers (layers 8-11)
[Layer Freezing] Trainable params: 28,384,555 / 108,924,715 (26.1%)
[Layer Freezing] Training last 4 transformer layers (layers 8-11)
[Layer Freezing] Trainable params: 28,384,555 / 108,924,715 (26.1%)
[Layer Freezing] Training last 4 transformer layers (layers 8-11)
[Layer Freezing] Trainable params: 28,384,555 / 108,924,715 (26.1%)
[Layer Freezing] Training last 4 transformer layers (layers 8-11)
[Layer Freezing] Trainable params: 28,384,555 / 108,924,715 (26.1%)
[Layer Freezing] Training last 4 transformer layers (layers 8-11)
[Layer Freezing] Trainable params: 28,384,555 / 108,924,715 (26.1%)
[Round 78] T=2.29  α_ce=0.77  α_kd=0.23
 Round 78 | F1 0.4879 | P 0.6184 | R 0.4029 | Time 43.0s | Comm N/A | Local Avg F1: 0.4091

=== Round 79/100 ===
[Round 79] KD=ON | policy=prev_global
[Layer Freezing] Training last 4 transformer layers (layers 8-11)
[Layer Freezing] Trainable params: 28,384,555 / 108,924,715 (26.1%)
[Layer Freezing] Training last 4 transformer layers (layers 8-11)
[Layer Freezing] Trainable params: 28,384,555 / 108,924,715 (26.1%)
[Layer Freezing] Training last 4 transformer layers (layers 8-11)
[Layer Freezing] Trainable params: 28,384,555 / 108,924,715 (26.1%)
[Layer Freezing] Training last 4 transformer layers (layers 8-11)
[Layer Freezing] Trainable params: 28,384,555 / 108,924,715 (26.1%)
[Layer Freezing] Training last 4 transformer layers (layers 8-11)
[Layer Freezing] Trainable params: 28,384,555 / 108,924,715 (26.1%)
[Layer Freezing] Training last 4 transformer layers (layers 8-11)
[Layer Freezing] Trainable params: 28,384,555 / 108,924,715 (26.1%)
[Layer Freezing] Training last 4 transformer layers (layers 8-11)
[Layer Freezing] Trainable params: 28,384,555 / 108,924,715 (26.1%)
[Layer Freezing] Training last 4 transformer layers (layers 8-11)
[Layer Freezing] Trainable params: 28,384,555 / 108,924,715 (26.1%)
[Layer Freezing] Training last 4 transformer layers (layers 8-11)
[Layer Freezing] Trainable params: 28,384,555 / 108,924,715 (26.1%)
[Layer Freezing] Training last 4 transformer layers (layers 8-11)
[Layer Freezing] Trainable params: 28,384,555 / 108,924,715 (26.1%)
[Round 79] T=2.25  α_ce=0.76  α_kd=0.24
 Round 79 | F1 0.4999 | P 0.6141 | R 0.4216 | Time 43.3s | Comm N/A | Local Avg F1: 0.4223

=== Round 80/100 ===
[Round 80] KD=ON | policy=prev_global
[Layer Freezing] Training last 4 transformer layers (layers 8-11)
[Layer Freezing] Trainable params: 28,384,555 / 108,924,715 (26.1%)
[Layer Freezing] Training last 4 transformer layers (layers 8-11)
[Layer Freezing] Trainable params: 28,384,555 / 108,924,715 (26.1%)
[Layer Freezing] Training last 4 transformer layers (layers 8-11)
[Layer Freezing] Trainable params: 28,384,555 / 108,924,715 (26.1%)
[Layer Freezing] Training last 4 transformer layers (layers 8-11)
[Layer Freezing] Trainable params: 28,384,555 / 108,924,715 (26.1%)
[Layer Freezing] Training last 4 transformer layers (layers 8-11)
[Layer Freezing] Trainable params: 28,384,555 / 108,924,715 (26.1%)
[Layer Freezing] Training last 4 transformer layers (layers 8-11)
[Layer Freezing] Trainable params: 28,384,555 / 108,924,715 (26.1%)
[Layer Freezing] Training last 4 transformer layers (layers 8-11)
[Layer Freezing] Trainable params: 28,384,555 / 108,924,715 (26.1%)
[Layer Freezing] Training last 4 transformer layers (layers 8-11)
[Layer Freezing] Trainable params: 28,384,555 / 108,924,715 (26.1%)
[Layer Freezing] Training last 4 transformer layers (layers 8-11)
[Layer Freezing] Trainable params: 28,384,555 / 108,924,715 (26.1%)
[Layer Freezing] Training last 4 transformer layers (layers 8-11)
[Layer Freezing] Trainable params: 28,384,555 / 108,924,715 (26.1%)
[Round 80] T=2.21  α_ce=0.76  α_kd=0.24
 Round 80 | F1 0.5081 | P 0.6091 | R 0.4358 | Time 42.6s | Comm N/A | Local Avg F1: 0.4268

=== Round 81/100 ===
[Round 81] KD=ON | policy=prev_global
[Layer Freezing] Training last 4 transformer layers (layers 8-11)
[Layer Freezing] Trainable params: 28,384,555 / 108,924,715 (26.1%)
[Layer Freezing] Training last 4 transformer layers (layers 8-11)
[Layer Freezing] Trainable params: 28,384,555 / 108,924,715 (26.1%)
[Layer Freezing] Training last 4 transformer layers (layers 8-11)
[Layer Freezing] Trainable params: 28,384,555 / 108,924,715 (26.1%)
[Layer Freezing] Training last 4 transformer layers (layers 8-11)
[Layer Freezing] Trainable params: 28,384,555 / 108,924,715 (26.1%)
[Layer Freezing] Training last 4 transformer layers (layers 8-11)
[Layer Freezing] Trainable params: 28,384,555 / 108,924,715 (26.1%)
[Layer Freezing] Training last 4 transformer layers (layers 8-11)
[Layer Freezing] Trainable params: 28,384,555 / 108,924,715 (26.1%)
[Layer Freezing] Training last 4 transformer layers (layers 8-11)
[Layer Freezing] Trainable params: 28,384,555 / 108,924,715 (26.1%)
[Layer Freezing] Training last 4 transformer layers (layers 8-11)
[Layer Freezing] Trainable params: 28,384,555 / 108,924,715 (26.1%)
[Layer Freezing] Training last 4 transformer layers (layers 8-11)
[Layer Freezing] Trainable params: 28,384,555 / 108,924,715 (26.1%)
[Layer Freezing] Training last 4 transformer layers (layers 8-11)
[Layer Freezing] Trainable params: 28,384,555 / 108,924,715 (26.1%)
[Round 81] T=2.18  α_ce=0.76  α_kd=0.24
 Round 81 | F1 0.5061 | P 0.6099 | R 0.4325 | Time 43.6s | Comm N/A | Local Avg F1: 0.4199

=== Round 82/100 ===
[Round 82] KD=ON | policy=prev_global
[Layer Freezing] Training last 4 transformer layers (layers 8-11)
[Layer Freezing] Trainable params: 28,384,555 / 108,924,715 (26.1%)
[Layer Freezing] Training last 4 transformer layers (layers 8-11)
[Layer Freezing] Trainable params: 28,384,555 / 108,924,715 (26.1%)
[Layer Freezing] Training last 4 transformer layers (layers 8-11)
[Layer Freezing] Trainable params: 28,384,555 / 108,924,715 (26.1%)
[Layer Freezing] Training last 4 transformer layers (layers 8-11)
[Layer Freezing] Trainable params: 28,384,555 / 108,924,715 (26.1%)
[Layer Freezing] Training last 4 transformer layers (layers 8-11)
[Layer Freezing] Trainable params: 28,384,555 / 108,924,715 (26.1%)
[Layer Freezing] Training last 4 transformer layers (layers 8-11)
[Layer Freezing] Trainable params: 28,384,555 / 108,924,715 (26.1%)
[Layer Freezing] Training last 4 transformer layers (layers 8-11)
[Layer Freezing] Trainable params: 28,384,555 / 108,924,715 (26.1%)
[Layer Freezing] Training last 4 transformer layers (layers 8-11)
[Layer Freezing] Trainable params: 28,384,555 / 108,924,715 (26.1%)
[Layer Freezing] Training last 4 transformer layers (layers 8-11)
[Layer Freezing] Trainable params: 28,384,555 / 108,924,715 (26.1%)
[Layer Freezing] Training last 4 transformer layers (layers 8-11)
[Layer Freezing] Trainable params: 28,384,555 / 108,924,715 (26.1%)
[Round 82] T=2.14  α_ce=0.76  α_kd=0.24
 Round 82 | F1 0.4998 | P 0.6161 | R 0.4205 | Time 43.7s | Comm N/A | Local Avg F1: 0.4215

=== Round 83/100 ===
[Round 83] KD=ON | policy=prev_global
[Layer Freezing] Training last 4 transformer layers (layers 8-11)
[Layer Freezing] Trainable params: 28,384,555 / 108,924,715 (26.1%)
[Layer Freezing] Training last 4 transformer layers (layers 8-11)
[Layer Freezing] Trainable params: 28,384,555 / 108,924,715 (26.1%)
[Layer Freezing] Training last 4 transformer layers (layers 8-11)
[Layer Freezing] Trainable params: 28,384,555 / 108,924,715 (26.1%)
[Layer Freezing] Training last 4 transformer layers (layers 8-11)
[Layer Freezing] Trainable params: 28,384,555 / 108,924,715 (26.1%)
[Layer Freezing] Training last 4 transformer layers (layers 8-11)
[Layer Freezing] Trainable params: 28,384,555 / 108,924,715 (26.1%)
[Layer Freezing] Training last 4 transformer layers (layers 8-11)
[Layer Freezing] Trainable params: 28,384,555 / 108,924,715 (26.1%)
[Layer Freezing] Training last 4 transformer layers (layers 8-11)
[Layer Freezing] Trainable params: 28,384,555 / 108,924,715 (26.1%)
[Layer Freezing] Training last 4 transformer layers (layers 8-11)
[Layer Freezing] Trainable params: 28,384,555 / 108,924,715 (26.1%)
[Layer Freezing] Training last 4 transformer layers (layers 8-11)
[Layer Freezing] Trainable params: 28,384,555 / 108,924,715 (26.1%)
[Layer Freezing] Training last 4 transformer layers (layers 8-11)
[Layer Freezing] Trainable params: 28,384,555 / 108,924,715 (26.1%)
[Round 83] T=2.11  α_ce=0.75  α_kd=0.25
 Round 83 | F1 0.5076 | P 0.6101 | R 0.4346 | Time 42.8s | Comm N/A | Local Avg F1: 0.4290

=== Round 84/100 ===
[Round 84] KD=ON | policy=prev_global
[Layer Freezing] Training last 4 transformer layers (layers 8-11)
[Layer Freezing] Trainable params: 28,384,555 / 108,924,715 (26.1%)
[Layer Freezing] Training last 4 transformer layers (layers 8-11)
[Layer Freezing] Trainable params: 28,384,555 / 108,924,715 (26.1%)
[Layer Freezing] Training last 4 transformer layers (layers 8-11)
[Layer Freezing] Trainable params: 28,384,555 / 108,924,715 (26.1%)
[Layer Freezing] Training last 4 transformer layers (layers 8-11)
[Layer Freezing] Trainable params: 28,384,555 / 108,924,715 (26.1%)
[Layer Freezing] Training last 4 transformer layers (layers 8-11)
[Layer Freezing] Trainable params: 28,384,555 / 108,924,715 (26.1%)
[Layer Freezing] Training last 4 transformer layers (layers 8-11)
[Layer Freezing] Trainable params: 28,384,555 / 108,924,715 (26.1%)
[Layer Freezing] Training last 4 transformer layers (layers 8-11)
[Layer Freezing] Trainable params: 28,384,555 / 108,924,715 (26.1%)
[Layer Freezing] Training last 4 transformer layers (layers 8-11)
[Layer Freezing] Trainable params: 28,384,555 / 108,924,715 (26.1%)
[Layer Freezing] Training last 4 transformer layers (layers 8-11)
[Layer Freezing] Trainable params: 28,384,555 / 108,924,715 (26.1%)
[Layer Freezing] Training last 4 transformer layers (layers 8-11)
[Layer Freezing] Trainable params: 28,384,555 / 108,924,715 (26.1%)
[Round 84] T=2.07  α_ce=0.75  α_kd=0.25
 Round 84 | F1 0.5090 | P 0.6167 | R 0.4334 | Time 43.0s | Comm N/A | Local Avg F1: 0.4348

=== Round 85/100 ===
[Round 85] KD=ON | policy=prev_global
[Layer Freezing] Training last 4 transformer layers (layers 8-11)
[Layer Freezing] Trainable params: 28,384,555 / 108,924,715 (26.1%)
[Layer Freezing] Training last 4 transformer layers (layers 8-11)
[Layer Freezing] Trainable params: 28,384,555 / 108,924,715 (26.1%)
[Layer Freezing] Training last 4 transformer layers (layers 8-11)
[Layer Freezing] Trainable params: 28,384,555 / 108,924,715 (26.1%)
[Layer Freezing] Training last 4 transformer layers (layers 8-11)
[Layer Freezing] Trainable params: 28,384,555 / 108,924,715 (26.1%)
[Layer Freezing] Training last 4 transformer layers (layers 8-11)
[Layer Freezing] Trainable params: 28,384,555 / 108,924,715 (26.1%)
[Layer Freezing] Training last 4 transformer layers (layers 8-11)
[Layer Freezing] Trainable params: 28,384,555 / 108,924,715 (26.1%)
[Layer Freezing] Training last 4 transformer layers (layers 8-11)
[Layer Freezing] Trainable params: 28,384,555 / 108,924,715 (26.1%)
[Layer Freezing] Training last 4 transformer layers (layers 8-11)
[Layer Freezing] Trainable params: 28,384,555 / 108,924,715 (26.1%)
[Layer Freezing] Training last 4 transformer layers (layers 8-11)
[Layer Freezing] Trainable params: 28,384,555 / 108,924,715 (26.1%)
[Layer Freezing] Training last 4 transformer layers (layers 8-11)
[Layer Freezing] Trainable params: 28,384,555 / 108,924,715 (26.1%)
[Round 85] T=2.04  α_ce=0.75  α_kd=0.25
 Round 85 | F1 0.5152 | P 0.6067 | R 0.4477 | Time 42.5s | Comm N/A | Local Avg F1: 0.4377

=== Round 86/100 ===
[Round 86] KD=ON | policy=prev_global
[Layer Freezing] Training last 4 transformer layers (layers 8-11)
[Layer Freezing] Trainable params: 28,384,555 / 108,924,715 (26.1%)
[Layer Freezing] Training last 4 transformer layers (layers 8-11)
[Layer Freezing] Trainable params: 28,384,555 / 108,924,715 (26.1%)
[Layer Freezing] Training last 4 transformer layers (layers 8-11)
[Layer Freezing] Trainable params: 28,384,555 / 108,924,715 (26.1%)
[Layer Freezing] Training last 4 transformer layers (layers 8-11)
[Layer Freezing] Trainable params: 28,384,555 / 108,924,715 (26.1%)
[Layer Freezing] Training last 4 transformer layers (layers 8-11)
[Layer Freezing] Trainable params: 28,384,555 / 108,924,715 (26.1%)
[Layer Freezing] Training last 4 transformer layers (layers 8-11)
[Layer Freezing] Trainable params: 28,384,555 / 108,924,715 (26.1%)
[Layer Freezing] Training last 4 transformer layers (layers 8-11)
[Layer Freezing] Trainable params: 28,384,555 / 108,924,715 (26.1%)
[Layer Freezing] Training last 4 transformer layers (layers 8-11)
[Layer Freezing] Trainable params: 28,384,555 / 108,924,715 (26.1%)
[Layer Freezing] Training last 4 transformer layers (layers 8-11)
[Layer Freezing] Trainable params: 28,384,555 / 108,924,715 (26.1%)
[Layer Freezing] Training last 4 transformer layers (layers 8-11)
[Layer Freezing] Trainable params: 28,384,555 / 108,924,715 (26.1%)
[Round 86] T=2.00  α_ce=0.74  α_kd=0.26
 Round 86 | F1 0.5073 | P 0.6073 | R 0.4355 | Time 42.5s | Comm N/A | Local Avg F1: 0.4331

=== Round 87/100 ===
[Round 87] KD=ON | policy=prev_global
[Layer Freezing] Training last 4 transformer layers (layers 8-11)
[Layer Freezing] Trainable params: 28,384,555 / 108,924,715 (26.1%)
[Layer Freezing] Training last 4 transformer layers (layers 8-11)
[Layer Freezing] Trainable params: 28,384,555 / 108,924,715 (26.1%)
[Layer Freezing] Training last 4 transformer layers (layers 8-11)
[Layer Freezing] Trainable params: 28,384,555 / 108,924,715 (26.1%)
[Layer Freezing] Training last 4 transformer layers (layers 8-11)
[Layer Freezing] Trainable params: 28,384,555 / 108,924,715 (26.1%)
[Layer Freezing] Training last 4 transformer layers (layers 8-11)
[Layer Freezing] Trainable params: 28,384,555 / 108,924,715 (26.1%)
[Layer Freezing] Training last 4 transformer layers (layers 8-11)
[Layer Freezing] Trainable params: 28,384,555 / 108,924,715 (26.1%)
[Layer Freezing] Training last 4 transformer layers (layers 8-11)
[Layer Freezing] Trainable params: 28,384,555 / 108,924,715 (26.1%)
[Layer Freezing] Training last 4 transformer layers (layers 8-11)
[Layer Freezing] Trainable params: 28,384,555 / 108,924,715 (26.1%)
[Layer Freezing] Training last 4 transformer layers (layers 8-11)
[Layer Freezing] Trainable params: 28,384,555 / 108,924,715 (26.1%)
[Layer Freezing] Training last 4 transformer layers (layers 8-11)
[Layer Freezing] Trainable params: 28,384,555 / 108,924,715 (26.1%)
[Round 87] T=1.96  α_ce=0.74  α_kd=0.26
 Round 87 | F1 0.5076 | P 0.6117 | R 0.4338 | Time 43.4s | Comm N/A | Local Avg F1: 0.4317

=== Round 88/100 ===
[Round 88] KD=ON | policy=prev_global
[Layer Freezing] Training last 4 transformer layers (layers 8-11)
[Layer Freezing] Trainable params: 28,384,555 / 108,924,715 (26.1%)
[Layer Freezing] Training last 4 transformer layers (layers 8-11)
[Layer Freezing] Trainable params: 28,384,555 / 108,924,715 (26.1%)
[Layer Freezing] Training last 4 transformer layers (layers 8-11)
[Layer Freezing] Trainable params: 28,384,555 / 108,924,715 (26.1%)
[Layer Freezing] Training last 4 transformer layers (layers 8-11)
[Layer Freezing] Trainable params: 28,384,555 / 108,924,715 (26.1%)
[Layer Freezing] Training last 4 transformer layers (layers 8-11)
[Layer Freezing] Trainable params: 28,384,555 / 108,924,715 (26.1%)
[Layer Freezing] Training last 4 transformer layers (layers 8-11)
[Layer Freezing] Trainable params: 28,384,555 / 108,924,715 (26.1%)
[Layer Freezing] Training last 4 transformer layers (layers 8-11)
[Layer Freezing] Trainable params: 28,384,555 / 108,924,715 (26.1%)
[Layer Freezing] Training last 4 transformer layers (layers 8-11)
[Layer Freezing] Trainable params: 28,384,555 / 108,924,715 (26.1%)
[Layer Freezing] Training last 4 transformer layers (layers 8-11)
[Layer Freezing] Trainable params: 28,384,555 / 108,924,715 (26.1%)
[Layer Freezing] Training last 4 transformer layers (layers 8-11)
[Layer Freezing] Trainable params: 28,384,555 / 108,924,715 (26.1%)
[Round 88] T=1.93  α_ce=0.74  α_kd=0.26
 Round 88 | F1 0.5097 | P 0.6131 | R 0.4361 | Time 45.5s | Comm N/A | Local Avg F1: 0.4300

=== Round 89/100 ===
[Round 89] KD=ON | policy=prev_global
[Layer Freezing] Training last 4 transformer layers (layers 8-11)
[Layer Freezing] Trainable params: 28,384,555 / 108,924,715 (26.1%)
[Layer Freezing] Training last 4 transformer layers (layers 8-11)
[Layer Freezing] Trainable params: 28,384,555 / 108,924,715 (26.1%)
[Layer Freezing] Training last 4 transformer layers (layers 8-11)
[Layer Freezing] Trainable params: 28,384,555 / 108,924,715 (26.1%)
[Layer Freezing] Training last 4 transformer layers (layers 8-11)
[Layer Freezing] Trainable params: 28,384,555 / 108,924,715 (26.1%)
[Layer Freezing] Training last 4 transformer layers (layers 8-11)
[Layer Freezing] Trainable params: 28,384,555 / 108,924,715 (26.1%)
[Layer Freezing] Training last 4 transformer layers (layers 8-11)
[Layer Freezing] Trainable params: 28,384,555 / 108,924,715 (26.1%)
[Layer Freezing] Training last 4 transformer layers (layers 8-11)
[Layer Freezing] Trainable params: 28,384,555 / 108,924,715 (26.1%)
[Layer Freezing] Training last 4 transformer layers (layers 8-11)
[Layer Freezing] Trainable params: 28,384,555 / 108,924,715 (26.1%)
[Layer Freezing] Training last 4 transformer layers (layers 8-11)
[Layer Freezing] Trainable params: 28,384,555 / 108,924,715 (26.1%)
[Layer Freezing] Training last 4 transformer layers (layers 8-11)
[Layer Freezing] Trainable params: 28,384,555 / 108,924,715 (26.1%)
[Round 89] T=1.89  α_ce=0.73  α_kd=0.27
 Round 89 | F1 0.5100 | P 0.6157 | R 0.4353 | Time 44.8s | Comm N/A | Local Avg F1: 0.4323

=== Round 90/100 ===
[Round 90] KD=ON | policy=prev_global
[Layer Freezing] Training last 4 transformer layers (layers 8-11)
[Layer Freezing] Trainable params: 28,384,555 / 108,924,715 (26.1%)
[Layer Freezing] Training last 4 transformer layers (layers 8-11)
[Layer Freezing] Trainable params: 28,384,555 / 108,924,715 (26.1%)
[Layer Freezing] Training last 4 transformer layers (layers 8-11)
[Layer Freezing] Trainable params: 28,384,555 / 108,924,715 (26.1%)
[Layer Freezing] Training last 4 transformer layers (layers 8-11)
[Layer Freezing] Trainable params: 28,384,555 / 108,924,715 (26.1%)
[Layer Freezing] Training last 4 transformer layers (layers 8-11)
[Layer Freezing] Trainable params: 28,384,555 / 108,924,715 (26.1%)
[Layer Freezing] Training last 4 transformer layers (layers 8-11)
[Layer Freezing] Trainable params: 28,384,555 / 108,924,715 (26.1%)
[Layer Freezing] Training last 4 transformer layers (layers 8-11)
[Layer Freezing] Trainable params: 28,384,555 / 108,924,715 (26.1%)
[Layer Freezing] Training last 4 transformer layers (layers 8-11)
[Layer Freezing] Trainable params: 28,384,555 / 108,924,715 (26.1%)
[Layer Freezing] Training last 4 transformer layers (layers 8-11)
[Layer Freezing] Trainable params: 28,384,555 / 108,924,715 (26.1%)
[Layer Freezing] Training last 4 transformer layers (layers 8-11)
[Layer Freezing] Trainable params: 28,384,555 / 108,924,715 (26.1%)
[Round 90] T=1.86  α_ce=0.73  α_kd=0.27
 Round 90 | F1 0.5142 | P 0.6077 | R 0.4456 | Time 45.1s | Comm N/A | Local Avg F1: 0.4378

=== Round 91/100 ===
[Round 91] KD=ON | policy=prev_global
[Layer Freezing] Training last 4 transformer layers (layers 8-11)
[Layer Freezing] Trainable params: 28,384,555 / 108,924,715 (26.1%)
[Layer Freezing] Training last 4 transformer layers (layers 8-11)
[Layer Freezing] Trainable params: 28,384,555 / 108,924,715 (26.1%)
[Layer Freezing] Training last 4 transformer layers (layers 8-11)
[Layer Freezing] Trainable params: 28,384,555 / 108,924,715 (26.1%)
[Layer Freezing] Training last 4 transformer layers (layers 8-11)
[Layer Freezing] Trainable params: 28,384,555 / 108,924,715 (26.1%)
[Layer Freezing] Training last 4 transformer layers (layers 8-11)
[Layer Freezing] Trainable params: 28,384,555 / 108,924,715 (26.1%)
[Layer Freezing] Training last 4 transformer layers (layers 8-11)
[Layer Freezing] Trainable params: 28,384,555 / 108,924,715 (26.1%)
[Layer Freezing] Training last 4 transformer layers (layers 8-11)
[Layer Freezing] Trainable params: 28,384,555 / 108,924,715 (26.1%)
[Layer Freezing] Training last 4 transformer layers (layers 8-11)
[Layer Freezing] Trainable params: 28,384,555 / 108,924,715 (26.1%)
[Layer Freezing] Training last 4 transformer layers (layers 8-11)
[Layer Freezing] Trainable params: 28,384,555 / 108,924,715 (26.1%)
[Layer Freezing] Training last 4 transformer layers (layers 8-11)
[Layer Freezing] Trainable params: 28,384,555 / 108,924,715 (26.1%)
[Round 91] T=1.82  α_ce=0.73  α_kd=0.27
 Round 91 | F1 0.5219 | P 0.6027 | R 0.4603 | Time 45.5s | Comm N/A | Local Avg F1: 0.4434

=== Round 92/100 ===
[Round 92] KD=ON | policy=prev_global
[Layer Freezing] Training last 4 transformer layers (layers 8-11)
[Layer Freezing] Trainable params: 28,384,555 / 108,924,715 (26.1%)
[Layer Freezing] Training last 4 transformer layers (layers 8-11)
[Layer Freezing] Trainable params: 28,384,555 / 108,924,715 (26.1%)
[Layer Freezing] Training last 4 transformer layers (layers 8-11)
[Layer Freezing] Trainable params: 28,384,555 / 108,924,715 (26.1%)
[Layer Freezing] Training last 4 transformer layers (layers 8-11)
[Layer Freezing] Trainable params: 28,384,555 / 108,924,715 (26.1%)
[Layer Freezing] Training last 4 transformer layers (layers 8-11)
[Layer Freezing] Trainable params: 28,384,555 / 108,924,715 (26.1%)
[Layer Freezing] Training last 4 transformer layers (layers 8-11)
[Layer Freezing] Trainable params: 28,384,555 / 108,924,715 (26.1%)
[Layer Freezing] Training last 4 transformer layers (layers 8-11)
[Layer Freezing] Trainable params: 28,384,555 / 108,924,715 (26.1%)
[Layer Freezing] Training last 4 transformer layers (layers 8-11)
[Layer Freezing] Trainable params: 28,384,555 / 108,924,715 (26.1%)
[Layer Freezing] Training last 4 transformer layers (layers 8-11)
[Layer Freezing] Trainable params: 28,384,555 / 108,924,715 (26.1%)
[Layer Freezing] Training last 4 transformer layers (layers 8-11)
[Layer Freezing] Trainable params: 28,384,555 / 108,924,715 (26.1%)
[Round 92] T=1.79  α_ce=0.72  α_kd=0.28
 Round 92 | F1 0.5135 | P 0.6060 | R 0.4454 | Time 46.3s | Comm N/A | Local Avg F1: 0.4420

=== Round 93/100 ===
[Round 93] KD=ON | policy=prev_global
[Layer Freezing] Training last 4 transformer layers (layers 8-11)
[Layer Freezing] Trainable params: 28,384,555 / 108,924,715 (26.1%)
[Layer Freezing] Training last 4 transformer layers (layers 8-11)
[Layer Freezing] Trainable params: 28,384,555 / 108,924,715 (26.1%)
[Layer Freezing] Training last 4 transformer layers (layers 8-11)
[Layer Freezing] Trainable params: 28,384,555 / 108,924,715 (26.1%)
[Layer Freezing] Training last 4 transformer layers (layers 8-11)
[Layer Freezing] Trainable params: 28,384,555 / 108,924,715 (26.1%)
[Layer Freezing] Training last 4 transformer layers (layers 8-11)
[Layer Freezing] Trainable params: 28,384,555 / 108,924,715 (26.1%)
[Layer Freezing] Training last 4 transformer layers (layers 8-11)
[Layer Freezing] Trainable params: 28,384,555 / 108,924,715 (26.1%)
[Layer Freezing] Training last 4 transformer layers (layers 8-11)
[Layer Freezing] Trainable params: 28,384,555 / 108,924,715 (26.1%)
[Layer Freezing] Training last 4 transformer layers (layers 8-11)
[Layer Freezing] Trainable params: 28,384,555 / 108,924,715 (26.1%)
[Layer Freezing] Training last 4 transformer layers (layers 8-11)
[Layer Freezing] Trainable params: 28,384,555 / 108,924,715 (26.1%)
[Layer Freezing] Training last 4 transformer layers (layers 8-11)
[Layer Freezing] Trainable params: 28,384,555 / 108,924,715 (26.1%)
[Round 93] T=1.75  α_ce=0.72  α_kd=0.28
 Round 93 | F1 0.5108 | P 0.6064 | R 0.4412 | Time 44.7s | Comm N/A | Local Avg F1: 0.4386

=== Round 94/100 ===
[Round 94] KD=ON | policy=prev_global
[Layer Freezing] Training last 4 transformer layers (layers 8-11)
[Layer Freezing] Trainable params: 28,384,555 / 108,924,715 (26.1%)
[Layer Freezing] Training last 4 transformer layers (layers 8-11)
[Layer Freezing] Trainable params: 28,384,555 / 108,924,715 (26.1%)
[Layer Freezing] Training last 4 transformer layers (layers 8-11)
[Layer Freezing] Trainable params: 28,384,555 / 108,924,715 (26.1%)
[Layer Freezing] Training last 4 transformer layers (layers 8-11)
[Layer Freezing] Trainable params: 28,384,555 / 108,924,715 (26.1%)
[Layer Freezing] Training last 4 transformer layers (layers 8-11)
[Layer Freezing] Trainable params: 28,384,555 / 108,924,715 (26.1%)
[Layer Freezing] Training last 4 transformer layers (layers 8-11)
[Layer Freezing] Trainable params: 28,384,555 / 108,924,715 (26.1%)
[Layer Freezing] Training last 4 transformer layers (layers 8-11)
[Layer Freezing] Trainable params: 28,384,555 / 108,924,715 (26.1%)
[Layer Freezing] Training last 4 transformer layers (layers 8-11)
[Layer Freezing] Trainable params: 28,384,555 / 108,924,715 (26.1%)
[Layer Freezing] Training last 4 transformer layers (layers 8-11)
[Layer Freezing] Trainable params: 28,384,555 / 108,924,715 (26.1%)
[Layer Freezing] Training last 4 transformer layers (layers 8-11)
[Layer Freezing] Trainable params: 28,384,555 / 108,924,715 (26.1%)
[Round 94] T=1.71  α_ce=0.72  α_kd=0.28
 Round 94 | F1 0.5155 | P 0.6055 | R 0.4488 | Time 45.0s | Comm N/A | Local Avg F1: 0.4427

=== Round 95/100 ===
[Round 95] KD=ON | policy=prev_global
[Layer Freezing] Training last 4 transformer layers (layers 8-11)
[Layer Freezing] Trainable params: 28,384,555 / 108,924,715 (26.1%)
[Layer Freezing] Training last 4 transformer layers (layers 8-11)
[Layer Freezing] Trainable params: 28,384,555 / 108,924,715 (26.1%)
[Layer Freezing] Training last 4 transformer layers (layers 8-11)
[Layer Freezing] Trainable params: 28,384,555 / 108,924,715 (26.1%)
[Layer Freezing] Training last 4 transformer layers (layers 8-11)
[Layer Freezing] Trainable params: 28,384,555 / 108,924,715 (26.1%)
[Layer Freezing] Training last 4 transformer layers (layers 8-11)
[Layer Freezing] Trainable params: 28,384,555 / 108,924,715 (26.1%)
[Layer Freezing] Training last 4 transformer layers (layers 8-11)
[Layer Freezing] Trainable params: 28,384,555 / 108,924,715 (26.1%)
[Layer Freezing] Training last 4 transformer layers (layers 8-11)
[Layer Freezing] Trainable params: 28,384,555 / 108,924,715 (26.1%)
[Layer Freezing] Training last 4 transformer layers (layers 8-11)
[Layer Freezing] Trainable params: 28,384,555 / 108,924,715 (26.1%)
[Layer Freezing] Training last 4 transformer layers (layers 8-11)
[Layer Freezing] Trainable params: 28,384,555 / 108,924,715 (26.1%)
[Layer Freezing] Training last 4 transformer layers (layers 8-11)
[Layer Freezing] Trainable params: 28,384,555 / 108,924,715 (26.1%)
[Round 95] T=1.68  α_ce=0.72  α_kd=0.28
 Round 95 | F1 0.5154 | P 0.6066 | R 0.4481 | Time 45.8s | Comm N/A | Local Avg F1: 0.4375

=== Round 96/100 ===
[Round 96] KD=ON | policy=prev_global
[Layer Freezing] Training last 4 transformer layers (layers 8-11)
[Layer Freezing] Trainable params: 28,384,555 / 108,924,715 (26.1%)
[Layer Freezing] Training last 4 transformer layers (layers 8-11)
[Layer Freezing] Trainable params: 28,384,555 / 108,924,715 (26.1%)
[Layer Freezing] Training last 4 transformer layers (layers 8-11)
[Layer Freezing] Trainable params: 28,384,555 / 108,924,715 (26.1%)
[Layer Freezing] Training last 4 transformer layers (layers 8-11)
[Layer Freezing] Trainable params: 28,384,555 / 108,924,715 (26.1%)
[Layer Freezing] Training last 4 transformer layers (layers 8-11)
[Layer Freezing] Trainable params: 28,384,555 / 108,924,715 (26.1%)
[Layer Freezing] Training last 4 transformer layers (layers 8-11)
[Layer Freezing] Trainable params: 28,384,555 / 108,924,715 (26.1%)
[Layer Freezing] Training last 4 transformer layers (layers 8-11)
[Layer Freezing] Trainable params: 28,384,555 / 108,924,715 (26.1%)
[Layer Freezing] Training last 4 transformer layers (layers 8-11)
[Layer Freezing] Trainable params: 28,384,555 / 108,924,715 (26.1%)
[Layer Freezing] Training last 4 transformer layers (layers 8-11)
[Layer Freezing] Trainable params: 28,384,555 / 108,924,715 (26.1%)
[Layer Freezing] Training last 4 transformer layers (layers 8-11)
[Layer Freezing] Trainable params: 28,384,555 / 108,924,715 (26.1%)
[Round 96] T=1.64  α_ce=0.71  α_kd=0.29
 Round 96 | F1 0.5149 | P 0.6100 | R 0.4454 | Time 45.1s | Comm N/A | Local Avg F1: 0.4399

=== Round 97/100 ===
[Round 97] KD=ON | policy=prev_global
[Layer Freezing] Training last 4 transformer layers (layers 8-11)
[Layer Freezing] Trainable params: 28,384,555 / 108,924,715 (26.1%)
[Layer Freezing] Training last 4 transformer layers (layers 8-11)
[Layer Freezing] Trainable params: 28,384,555 / 108,924,715 (26.1%)
[Layer Freezing] Training last 4 transformer layers (layers 8-11)
[Layer Freezing] Trainable params: 28,384,555 / 108,924,715 (26.1%)
[Layer Freezing] Training last 4 transformer layers (layers 8-11)
[Layer Freezing] Trainable params: 28,384,555 / 108,924,715 (26.1%)
[Layer Freezing] Training last 4 transformer layers (layers 8-11)
[Layer Freezing] Trainable params: 28,384,555 / 108,924,715 (26.1%)
[Layer Freezing] Training last 4 transformer layers (layers 8-11)
[Layer Freezing] Trainable params: 28,384,555 / 108,924,715 (26.1%)
[Layer Freezing] Training last 4 transformer layers (layers 8-11)
[Layer Freezing] Trainable params: 28,384,555 / 108,924,715 (26.1%)
[Layer Freezing] Training last 4 transformer layers (layers 8-11)
[Layer Freezing] Trainable params: 28,384,555 / 108,924,715 (26.1%)
[Layer Freezing] Training last 4 transformer layers (layers 8-11)
[Layer Freezing] Trainable params: 28,384,555 / 108,924,715 (26.1%)
[Layer Freezing] Training last 4 transformer layers (layers 8-11)
[Layer Freezing] Trainable params: 28,384,555 / 108,924,715 (26.1%)
[Round 97] T=1.61  α_ce=0.71  α_kd=0.29
 Round 97 | F1 0.5026 | P 0.6249 | R 0.4203 | Time 45.4s | Comm N/A | Local Avg F1: 0.4284

=== Round 98/100 ===
[Round 98] KD=ON | policy=prev_global
[Layer Freezing] Training last 4 transformer layers (layers 8-11)
[Layer Freezing] Trainable params: 28,384,555 / 108,924,715 (26.1%)
[Layer Freezing] Training last 4 transformer layers (layers 8-11)
[Layer Freezing] Trainable params: 28,384,555 / 108,924,715 (26.1%)
[Layer Freezing] Training last 4 transformer layers (layers 8-11)
[Layer Freezing] Trainable params: 28,384,555 / 108,924,715 (26.1%)
[Layer Freezing] Training last 4 transformer layers (layers 8-11)
[Layer Freezing] Trainable params: 28,384,555 / 108,924,715 (26.1%)
[Layer Freezing] Training last 4 transformer layers (layers 8-11)
[Layer Freezing] Trainable params: 28,384,555 / 108,924,715 (26.1%)
[Layer Freezing] Training last 4 transformer layers (layers 8-11)
[Layer Freezing] Trainable params: 28,384,555 / 108,924,715 (26.1%)
[Layer Freezing] Training last 4 transformer layers (layers 8-11)
[Layer Freezing] Trainable params: 28,384,555 / 108,924,715 (26.1%)
[Layer Freezing] Training last 4 transformer layers (layers 8-11)
[Layer Freezing] Trainable params: 28,384,555 / 108,924,715 (26.1%)
[Layer Freezing] Training last 4 transformer layers (layers 8-11)
[Layer Freezing] Trainable params: 28,384,555 / 108,924,715 (26.1%)
[Layer Freezing] Training last 4 transformer layers (layers 8-11)
[Layer Freezing] Trainable params: 28,384,555 / 108,924,715 (26.1%)
[Round 98] T=1.57  α_ce=0.71  α_kd=0.29
 Round 98 | F1 0.5103 | P 0.6155 | R 0.4358 | Time 45.0s | Comm N/A | Local Avg F1: 0.4356

=== Round 99/100 ===
[Round 99] KD=ON | policy=prev_global
[Layer Freezing] Training last 4 transformer layers (layers 8-11)
[Layer Freezing] Trainable params: 28,384,555 / 108,924,715 (26.1%)
[Layer Freezing] Training last 4 transformer layers (layers 8-11)
[Layer Freezing] Trainable params: 28,384,555 / 108,924,715 (26.1%)
[Layer Freezing] Training last 4 transformer layers (layers 8-11)
[Layer Freezing] Trainable params: 28,384,555 / 108,924,715 (26.1%)
[Layer Freezing] Training last 4 transformer layers (layers 8-11)
[Layer Freezing] Trainable params: 28,384,555 / 108,924,715 (26.1%)
[Layer Freezing] Training last 4 transformer layers (layers 8-11)
[Layer Freezing] Trainable params: 28,384,555 / 108,924,715 (26.1%)
[Layer Freezing] Training last 4 transformer layers (layers 8-11)
[Layer Freezing] Trainable params: 28,384,555 / 108,924,715 (26.1%)
[Layer Freezing] Training last 4 transformer layers (layers 8-11)
[Layer Freezing] Trainable params: 28,384,555 / 108,924,715 (26.1%)
[Layer Freezing] Training last 4 transformer layers (layers 8-11)
[Layer Freezing] Trainable params: 28,384,555 / 108,924,715 (26.1%)
[Layer Freezing] Training last 4 transformer layers (layers 8-11)
[Layer Freezing] Trainable params: 28,384,555 / 108,924,715 (26.1%)
[Layer Freezing] Training last 4 transformer layers (layers 8-11)
[Layer Freezing] Trainable params: 28,384,555 / 108,924,715 (26.1%)
[Round 99] T=1.54  α_ce=0.70  α_kd=0.30
 Round 99 | F1 0.5167 | P 0.6103 | R 0.4480 | Time 46.5s | Comm N/A | Local Avg F1: 0.4403

=== Round 100/100 ===
[Round 100] KD=ON | policy=prev_global
[Layer Freezing] Training last 4 transformer layers (layers 8-11)
[Layer Freezing] Trainable params: 28,384,555 / 108,924,715 (26.1%)
[Layer Freezing] Training last 4 transformer layers (layers 8-11)
[Layer Freezing] Trainable params: 28,384,555 / 108,924,715 (26.1%)
[Layer Freezing] Training last 4 transformer layers (layers 8-11)
[Layer Freezing] Trainable params: 28,384,555 / 108,924,715 (26.1%)
[Layer Freezing] Training last 4 transformer layers (layers 8-11)
[Layer Freezing] Trainable params: 28,384,555 / 108,924,715 (26.1%)
[Layer Freezing] Training last 4 transformer layers (layers 8-11)
[Layer Freezing] Trainable params: 28,384,555 / 108,924,715 (26.1%)
[Layer Freezing] Training last 4 transformer layers (layers 8-11)
[Layer Freezing] Trainable params: 28,384,555 / 108,924,715 (26.1%)
[Layer Freezing] Training last 4 transformer layers (layers 8-11)
[Layer Freezing] Trainable params: 28,384,555 / 108,924,715 (26.1%)
[Layer Freezing] Training last 4 transformer layers (layers 8-11)
[Layer Freezing] Trainable params: 28,384,555 / 108,924,715 (26.1%)
[Layer Freezing] Training last 4 transformer layers (layers 8-11)
[Layer Freezing] Trainable params: 28,384,555 / 108,924,715 (26.1%)
[Layer Freezing] Training last 4 transformer layers (layers 8-11)
[Layer Freezing] Trainable params: 28,384,555 / 108,924,715 (26.1%)
[Round 100] T=1.50  α_ce=0.70  α_kd=0.30
 Round 100 | F1 0.5174 | P 0.6101 | R 0.4491 | Time 45.2s | Comm N/A | Local Avg F1: 0.4421
[save_json] Saved: results/FedSAD_20250819_103429/fed_results.json
[save_json] Backup: results/FedSAD_20250819_103429/fed_results_20250819_114646.json
== FedSAD 0.1==
📁 从本地加载模型: /root/autodl-tmp/new/fedner/models/microsoft_BiomedNLP-PubMedBERT-base-uncased-abstract
Some weights of BertForTokenClassification were not initialized from the model checkpoint at /root/autodl-tmp/new/fedner/models/microsoft_BiomedNLP-PubMedBERT-base-uncased-abstract and are newly initialized because the shapes did not match:
- classifier.bias: found shape torch.Size([2]) in the checkpoint and torch.Size([43]) in the model instantiated
- classifier.weight: found shape torch.Size([2, 768]) in the checkpoint and torch.Size([43, 768]) in the model instantiated
You should probably TRAIN this model on a down-stream task to be able to use it for predictions and inference.
Using device: cuda
📁 从本地加载模型: /root/autodl-tmp/new/fedner/models/microsoft_BiomedNLP-PubMedBERT-base-uncased-abstract
Some weights of BertForTokenClassification were not initialized from the model checkpoint at /root/autodl-tmp/new/fedner/models/microsoft_BiomedNLP-PubMedBERT-base-uncased-abstract and are newly initialized because the shapes did not match:
- classifier.bias: found shape torch.Size([2]) in the checkpoint and torch.Size([43]) in the model instantiated
- classifier.weight: found shape torch.Size([2, 768]) in the checkpoint and torch.Size([43, 768]) in the model instantiated
You should probably TRAIN this model on a down-stream task to be able to use it for predictions and inference.

============================================================
EXPERIMENT CONFIGURATION
============================================================
Algorithm: FedSAD | Clients: 10 (100% per round) | Rounds: 100, Local epochs: 2 | Training: Last 4 layers | Sampling: 200 samples per client (random) | Data: Non-IID (α=0.1)
------------------------------------------------------------
Algorithm-specific parameters for FedSAD:
  - use_distillation: True
  - kd_start_round: 2
  - teacher_policy: prev_global
  - temperature_start: 2.0, temperature_end: 2.0
  - alpha_ce_start: 1.0, alpha_ce_end: 1.0
  - alpha_kd_start: 1.0, alpha_kd_end: 1.0
  - hidden_distill: False, alpha_hidden: 0.0
  - o_downweight: 1.0
============================================================

Model initialized: 108,924,715/108,924,715 trainable params (100.0%)

=== Round 1/100 ===
[Round 1] KD=OFF | policy=prev_global
[Layer Freezing] Training last 4 transformer layers (layers 8-11)
[Layer Freezing] Trainable params: 28,384,555 / 108,924,715 (26.1%)
/root/miniconda3/lib/python3.12/site-packages/torch/nn/modules/module.py:1762: FutureWarning: `encoder_attention_mask` is deprecated and will be removed in version 4.55.0 for `BertSdpaSelfAttention.forward`.
  return forward_call(*args, **kwargs)
[Layer Freezing] Training last 4 transformer layers (layers 8-11)
[Layer Freezing] Trainable params: 28,384,555 / 108,924,715 (26.1%)
[Layer Freezing] Training last 4 transformer layers (layers 8-11)
[Layer Freezing] Trainable params: 28,384,555 / 108,924,715 (26.1%)
[Layer Freezing] Training last 4 transformer layers (layers 8-11)
[Layer Freezing] Trainable params: 28,384,555 / 108,924,715 (26.1%)
[Layer Freezing] Training last 4 transformer layers (layers 8-11)
[Layer Freezing] Trainable params: 28,384,555 / 108,924,715 (26.1%)
[Layer Freezing] Training last 4 transformer layers (layers 8-11)
[Layer Freezing] Trainable params: 28,384,555 / 108,924,715 (26.1%)
[Layer Freezing] Training last 4 transformer layers (layers 8-11)
[Layer Freezing] Trainable params: 28,384,555 / 108,924,715 (26.1%)
[Layer Freezing] Training last 4 transformer layers (layers 8-11)
[Layer Freezing] Trainable params: 28,384,555 / 108,924,715 (26.1%)
[Layer Freezing] Training last 4 transformer layers (layers 8-11)
[Layer Freezing] Trainable params: 28,384,555 / 108,924,715 (26.1%)
[Layer Freezing] Training last 4 transformer layers (layers 8-11)
[Layer Freezing] Trainable params: 28,384,555 / 108,924,715 (26.1%)
[Round 1] T=2.00  α_ce=1.00  α_kd=0.00
/root/miniconda3/lib/python3.12/site-packages/seqeval/metrics/v1.py:57: UndefinedMetricWarning: Precision is ill-defined and being set to 0.0 due to no predicted samples. Use `zero_division` parameter to control this behavior.
  _warn_prf(average, modifier, msg_start, len(result))
 Round 1 | F1 0.0000 | P 0.0000 | R 0.0000 | Time 42.0s | Comm N/A | Local Avg F1: 0.0000

=== Round 2/100 ===
[Round 2] KD=ON | policy=prev_global
[Layer Freezing] Training last 4 transformer layers (layers 8-11)
[Layer Freezing] Trainable params: 28,384,555 / 108,924,715 (26.1%)
[Layer Freezing] Training last 4 transformer layers (layers 8-11)
[Layer Freezing] Trainable params: 28,384,555 / 108,924,715 (26.1%)
[Layer Freezing] Training last 4 transformer layers (layers 8-11)
[Layer Freezing] Trainable params: 28,384,555 / 108,924,715 (26.1%)
[Layer Freezing] Training last 4 transformer layers (layers 8-11)
[Layer Freezing] Trainable params: 28,384,555 / 108,924,715 (26.1%)
[Layer Freezing] Training last 4 transformer layers (layers 8-11)
[Layer Freezing] Trainable params: 28,384,555 / 108,924,715 (26.1%)
[Layer Freezing] Training last 4 transformer layers (layers 8-11)
[Layer Freezing] Trainable params: 28,384,555 / 108,924,715 (26.1%)
[Layer Freezing] Training last 4 transformer layers (layers 8-11)
[Layer Freezing] Trainable params: 28,384,555 / 108,924,715 (26.1%)
[Layer Freezing] Training last 4 transformer layers (layers 8-11)
[Layer Freezing] Trainable params: 28,384,555 / 108,924,715 (26.1%)
[Layer Freezing] Training last 4 transformer layers (layers 8-11)
[Layer Freezing] Trainable params: 28,384,555 / 108,924,715 (26.1%)
[Layer Freezing] Training last 4 transformer layers (layers 8-11)
[Layer Freezing] Trainable params: 28,384,555 / 108,924,715 (26.1%)
[Round 2] T=2.00  α_ce=1.00  α_kd=1.00
 Round 2 | F1 0.0000 | P 0.0000 | R 0.0000 | Time 44.0s | Comm N/A | Local Avg F1: 0.0000

=== Round 3/100 ===
[Round 3] KD=ON | policy=prev_global
[Layer Freezing] Training last 4 transformer layers (layers 8-11)
[Layer Freezing] Trainable params: 28,384,555 / 108,924,715 (26.1%)
[Layer Freezing] Training last 4 transformer layers (layers 8-11)
[Layer Freezing] Trainable params: 28,384,555 / 108,924,715 (26.1%)
[Layer Freezing] Training last 4 transformer layers (layers 8-11)
[Layer Freezing] Trainable params: 28,384,555 / 108,924,715 (26.1%)
[Layer Freezing] Training last 4 transformer layers (layers 8-11)
[Layer Freezing] Trainable params: 28,384,555 / 108,924,715 (26.1%)
[Layer Freezing] Training last 4 transformer layers (layers 8-11)
[Layer Freezing] Trainable params: 28,384,555 / 108,924,715 (26.1%)
[Layer Freezing] Training last 4 transformer layers (layers 8-11)
[Layer Freezing] Trainable params: 28,384,555 / 108,924,715 (26.1%)
[Layer Freezing] Training last 4 transformer layers (layers 8-11)
[Layer Freezing] Trainable params: 28,384,555 / 108,924,715 (26.1%)
[Layer Freezing] Training last 4 transformer layers (layers 8-11)
[Layer Freezing] Trainable params: 28,384,555 / 108,924,715 (26.1%)
[Layer Freezing] Training last 4 transformer layers (layers 8-11)
[Layer Freezing] Trainable params: 28,384,555 / 108,924,715 (26.1%)
[Layer Freezing] Training last 4 transformer layers (layers 8-11)
[Layer Freezing] Trainable params: 28,384,555 / 108,924,715 (26.1%)
[Round 3] T=2.00  α_ce=1.00  α_kd=1.00
 Round 3 | F1 0.0000 | P 0.0000 | R 0.0000 | Time 44.6s | Comm N/A | Local Avg F1: 0.0000

=== Round 4/100 ===
[Round 4] KD=ON | policy=prev_global
[Layer Freezing] Training last 4 transformer layers (layers 8-11)
[Layer Freezing] Trainable params: 28,384,555 / 108,924,715 (26.1%)
[Layer Freezing] Training last 4 transformer layers (layers 8-11)
[Layer Freezing] Trainable params: 28,384,555 / 108,924,715 (26.1%)
[Layer Freezing] Training last 4 transformer layers (layers 8-11)
[Layer Freezing] Trainable params: 28,384,555 / 108,924,715 (26.1%)
[Layer Freezing] Training last 4 transformer layers (layers 8-11)
[Layer Freezing] Trainable params: 28,384,555 / 108,924,715 (26.1%)
[Layer Freezing] Training last 4 transformer layers (layers 8-11)
[Layer Freezing] Trainable params: 28,384,555 / 108,924,715 (26.1%)
[Layer Freezing] Training last 4 transformer layers (layers 8-11)
[Layer Freezing] Trainable params: 28,384,555 / 108,924,715 (26.1%)
[Layer Freezing] Training last 4 transformer layers (layers 8-11)
[Layer Freezing] Trainable params: 28,384,555 / 108,924,715 (26.1%)
[Layer Freezing] Training last 4 transformer layers (layers 8-11)
[Layer Freezing] Trainable params: 28,384,555 / 108,924,715 (26.1%)
[Layer Freezing] Training last 4 transformer layers (layers 8-11)
[Layer Freezing] Trainable params: 28,384,555 / 108,924,715 (26.1%)
[Layer Freezing] Training last 4 transformer layers (layers 8-11)
[Layer Freezing] Trainable params: 28,384,555 / 108,924,715 (26.1%)
[Round 4] T=2.00  α_ce=1.00  α_kd=1.00
 Round 4 | F1 0.0001 | P 0.6667 | R 0.0000 | Time 45.0s | Comm N/A | Local Avg F1: 0.0000

=== Round 5/100 ===
[Round 5] KD=ON | policy=prev_global
[Layer Freezing] Training last 4 transformer layers (layers 8-11)
[Layer Freezing] Trainable params: 28,384,555 / 108,924,715 (26.1%)
[Layer Freezing] Training last 4 transformer layers (layers 8-11)
[Layer Freezing] Trainable params: 28,384,555 / 108,924,715 (26.1%)
[Layer Freezing] Training last 4 transformer layers (layers 8-11)
[Layer Freezing] Trainable params: 28,384,555 / 108,924,715 (26.1%)
[Layer Freezing] Training last 4 transformer layers (layers 8-11)
[Layer Freezing] Trainable params: 28,384,555 / 108,924,715 (26.1%)
[Layer Freezing] Training last 4 transformer layers (layers 8-11)
[Layer Freezing] Trainable params: 28,384,555 / 108,924,715 (26.1%)
[Layer Freezing] Training last 4 transformer layers (layers 8-11)
[Layer Freezing] Trainable params: 28,384,555 / 108,924,715 (26.1%)
[Layer Freezing] Training last 4 transformer layers (layers 8-11)
[Layer Freezing] Trainable params: 28,384,555 / 108,924,715 (26.1%)
[Layer Freezing] Training last 4 transformer layers (layers 8-11)
[Layer Freezing] Trainable params: 28,384,555 / 108,924,715 (26.1%)
[Layer Freezing] Training last 4 transformer layers (layers 8-11)
[Layer Freezing] Trainable params: 28,384,555 / 108,924,715 (26.1%)
[Layer Freezing] Training last 4 transformer layers (layers 8-11)
[Layer Freezing] Trainable params: 28,384,555 / 108,924,715 (26.1%)
[Round 5] T=2.00  α_ce=1.00  α_kd=1.00
 Round 5 | F1 0.0021 | P 0.8246 | R 0.0010 | Time 44.0s | Comm N/A | Local Avg F1: 0.0003

=== Round 6/100 ===
[Round 6] KD=ON | policy=prev_global
[Layer Freezing] Training last 4 transformer layers (layers 8-11)
[Layer Freezing] Trainable params: 28,384,555 / 108,924,715 (26.1%)
[Layer Freezing] Training last 4 transformer layers (layers 8-11)
[Layer Freezing] Trainable params: 28,384,555 / 108,924,715 (26.1%)
[Layer Freezing] Training last 4 transformer layers (layers 8-11)
[Layer Freezing] Trainable params: 28,384,555 / 108,924,715 (26.1%)
[Layer Freezing] Training last 4 transformer layers (layers 8-11)
[Layer Freezing] Trainable params: 28,384,555 / 108,924,715 (26.1%)
[Layer Freezing] Training last 4 transformer layers (layers 8-11)
[Layer Freezing] Trainable params: 28,384,555 / 108,924,715 (26.1%)
[Layer Freezing] Training last 4 transformer layers (layers 8-11)
[Layer Freezing] Trainable params: 28,384,555 / 108,924,715 (26.1%)
[Layer Freezing] Training last 4 transformer layers (layers 8-11)
[Layer Freezing] Trainable params: 28,384,555 / 108,924,715 (26.1%)
[Layer Freezing] Training last 4 transformer layers (layers 8-11)
[Layer Freezing] Trainable params: 28,384,555 / 108,924,715 (26.1%)
[Layer Freezing] Training last 4 transformer layers (layers 8-11)
[Layer Freezing] Trainable params: 28,384,555 / 108,924,715 (26.1%)
[Layer Freezing] Training last 4 transformer layers (layers 8-11)
[Layer Freezing] Trainable params: 28,384,555 / 108,924,715 (26.1%)
[Round 6] T=2.00  α_ce=1.00  α_kd=1.00
 Round 6 | F1 0.0291 | P 0.6358 | R 0.0149 | Time 43.6s | Comm N/A | Local Avg F1: 0.0104

=== Round 7/100 ===
[Round 7] KD=ON | policy=prev_global
[Layer Freezing] Training last 4 transformer layers (layers 8-11)
[Layer Freezing] Trainable params: 28,384,555 / 108,924,715 (26.1%)
[Layer Freezing] Training last 4 transformer layers (layers 8-11)
[Layer Freezing] Trainable params: 28,384,555 / 108,924,715 (26.1%)
[Layer Freezing] Training last 4 transformer layers (layers 8-11)
[Layer Freezing] Trainable params: 28,384,555 / 108,924,715 (26.1%)
[Layer Freezing] Training last 4 transformer layers (layers 8-11)
[Layer Freezing] Trainable params: 28,384,555 / 108,924,715 (26.1%)
[Layer Freezing] Training last 4 transformer layers (layers 8-11)
[Layer Freezing] Trainable params: 28,384,555 / 108,924,715 (26.1%)
[Layer Freezing] Training last 4 transformer layers (layers 8-11)
[Layer Freezing] Trainable params: 28,384,555 / 108,924,715 (26.1%)
[Layer Freezing] Training last 4 transformer layers (layers 8-11)
[Layer Freezing] Trainable params: 28,384,555 / 108,924,715 (26.1%)
[Layer Freezing] Training last 4 transformer layers (layers 8-11)
[Layer Freezing] Trainable params: 28,384,555 / 108,924,715 (26.1%)
[Layer Freezing] Training last 4 transformer layers (layers 8-11)
[Layer Freezing] Trainable params: 28,384,555 / 108,924,715 (26.1%)
[Layer Freezing] Training last 4 transformer layers (layers 8-11)
[Layer Freezing] Trainable params: 28,384,555 / 108,924,715 (26.1%)
[Round 7] T=2.00  α_ce=1.00  α_kd=1.00
 Round 7 | F1 0.0563 | P 0.5939 | R 0.0295 | Time 44.5s | Comm N/A | Local Avg F1: 0.0189

=== Round 8/100 ===
[Round 8] KD=ON | policy=prev_global
[Layer Freezing] Training last 4 transformer layers (layers 8-11)
[Layer Freezing] Trainable params: 28,384,555 / 108,924,715 (26.1%)
[Layer Freezing] Training last 4 transformer layers (layers 8-11)
[Layer Freezing] Trainable params: 28,384,555 / 108,924,715 (26.1%)
[Layer Freezing] Training last 4 transformer layers (layers 8-11)
[Layer Freezing] Trainable params: 28,384,555 / 108,924,715 (26.1%)
[Layer Freezing] Training last 4 transformer layers (layers 8-11)
[Layer Freezing] Trainable params: 28,384,555 / 108,924,715 (26.1%)
[Layer Freezing] Training last 4 transformer layers (layers 8-11)
[Layer Freezing] Trainable params: 28,384,555 / 108,924,715 (26.1%)
[Layer Freezing] Training last 4 transformer layers (layers 8-11)
[Layer Freezing] Trainable params: 28,384,555 / 108,924,715 (26.1%)
[Layer Freezing] Training last 4 transformer layers (layers 8-11)
[Layer Freezing] Trainable params: 28,384,555 / 108,924,715 (26.1%)
[Layer Freezing] Training last 4 transformer layers (layers 8-11)
[Layer Freezing] Trainable params: 28,384,555 / 108,924,715 (26.1%)
[Layer Freezing] Training last 4 transformer layers (layers 8-11)
[Layer Freezing] Trainable params: 28,384,555 / 108,924,715 (26.1%)
[Layer Freezing] Training last 4 transformer layers (layers 8-11)
[Layer Freezing] Trainable params: 28,384,555 / 108,924,715 (26.1%)
[Round 8] T=2.00  α_ce=1.00  α_kd=1.00
 Round 8 | F1 0.0985 | P 0.5724 | R 0.0539 | Time 44.3s | Comm N/A | Local Avg F1: 0.0421

=== Round 9/100 ===
[Round 9] KD=ON | policy=prev_global
[Layer Freezing] Training last 4 transformer layers (layers 8-11)
[Layer Freezing] Trainable params: 28,384,555 / 108,924,715 (26.1%)
[Layer Freezing] Training last 4 transformer layers (layers 8-11)
[Layer Freezing] Trainable params: 28,384,555 / 108,924,715 (26.1%)
[Layer Freezing] Training last 4 transformer layers (layers 8-11)
[Layer Freezing] Trainable params: 28,384,555 / 108,924,715 (26.1%)
[Layer Freezing] Training last 4 transformer layers (layers 8-11)
[Layer Freezing] Trainable params: 28,384,555 / 108,924,715 (26.1%)
[Layer Freezing] Training last 4 transformer layers (layers 8-11)
[Layer Freezing] Trainable params: 28,384,555 / 108,924,715 (26.1%)
[Layer Freezing] Training last 4 transformer layers (layers 8-11)
[Layer Freezing] Trainable params: 28,384,555 / 108,924,715 (26.1%)
[Layer Freezing] Training last 4 transformer layers (layers 8-11)
[Layer Freezing] Trainable params: 28,384,555 / 108,924,715 (26.1%)
[Layer Freezing] Training last 4 transformer layers (layers 8-11)
[Layer Freezing] Trainable params: 28,384,555 / 108,924,715 (26.1%)
[Layer Freezing] Training last 4 transformer layers (layers 8-11)
[Layer Freezing] Trainable params: 28,384,555 / 108,924,715 (26.1%)
[Layer Freezing] Training last 4 transformer layers (layers 8-11)
[Layer Freezing] Trainable params: 28,384,555 / 108,924,715 (26.1%)
[Round 9] T=2.00  α_ce=1.00  α_kd=1.00
 Round 9 | F1 0.1399 | P 0.5466 | R 0.0802 | Time 44.1s | Comm N/A | Local Avg F1: 0.0612

=== Round 10/100 ===
[Round 10] KD=ON | policy=prev_global
[Layer Freezing] Training last 4 transformer layers (layers 8-11)
[Layer Freezing] Trainable params: 28,384,555 / 108,924,715 (26.1%)
[Layer Freezing] Training last 4 transformer layers (layers 8-11)
[Layer Freezing] Trainable params: 28,384,555 / 108,924,715 (26.1%)
[Layer Freezing] Training last 4 transformer layers (layers 8-11)
[Layer Freezing] Trainable params: 28,384,555 / 108,924,715 (26.1%)
[Layer Freezing] Training last 4 transformer layers (layers 8-11)
[Layer Freezing] Trainable params: 28,384,555 / 108,924,715 (26.1%)
[Layer Freezing] Training last 4 transformer layers (layers 8-11)
[Layer Freezing] Trainable params: 28,384,555 / 108,924,715 (26.1%)
[Layer Freezing] Training last 4 transformer layers (layers 8-11)
[Layer Freezing] Trainable params: 28,384,555 / 108,924,715 (26.1%)
[Layer Freezing] Training last 4 transformer layers (layers 8-11)
[Layer Freezing] Trainable params: 28,384,555 / 108,924,715 (26.1%)
[Layer Freezing] Training last 4 transformer layers (layers 8-11)
[Layer Freezing] Trainable params: 28,384,555 / 108,924,715 (26.1%)
[Layer Freezing] Training last 4 transformer layers (layers 8-11)
[Layer Freezing] Trainable params: 28,384,555 / 108,924,715 (26.1%)
[Layer Freezing] Training last 4 transformer layers (layers 8-11)
[Layer Freezing] Trainable params: 28,384,555 / 108,924,715 (26.1%)
[Round 10] T=2.00  α_ce=1.00  α_kd=1.00
 Round 10 | F1 0.1358 | P 0.5630 | R 0.0772 | Time 43.8s | Comm N/A | Local Avg F1: 0.0633

=== Round 11/100 ===
[Round 11] KD=ON | policy=prev_global
[Layer Freezing] Training last 4 transformer layers (layers 8-11)
[Layer Freezing] Trainable params: 28,384,555 / 108,924,715 (26.1%)
[Layer Freezing] Training last 4 transformer layers (layers 8-11)
[Layer Freezing] Trainable params: 28,384,555 / 108,924,715 (26.1%)
[Layer Freezing] Training last 4 transformer layers (layers 8-11)
[Layer Freezing] Trainable params: 28,384,555 / 108,924,715 (26.1%)
[Layer Freezing] Training last 4 transformer layers (layers 8-11)
[Layer Freezing] Trainable params: 28,384,555 / 108,924,715 (26.1%)
[Layer Freezing] Training last 4 transformer layers (layers 8-11)
[Layer Freezing] Trainable params: 28,384,555 / 108,924,715 (26.1%)
[Layer Freezing] Training last 4 transformer layers (layers 8-11)
[Layer Freezing] Trainable params: 28,384,555 / 108,924,715 (26.1%)
[Layer Freezing] Training last 4 transformer layers (layers 8-11)
[Layer Freezing] Trainable params: 28,384,555 / 108,924,715 (26.1%)
[Layer Freezing] Training last 4 transformer layers (layers 8-11)
[Layer Freezing] Trainable params: 28,384,555 / 108,924,715 (26.1%)
[Layer Freezing] Training last 4 transformer layers (layers 8-11)
[Layer Freezing] Trainable params: 28,384,555 / 108,924,715 (26.1%)
[Layer Freezing] Training last 4 transformer layers (layers 8-11)
[Layer Freezing] Trainable params: 28,384,555 / 108,924,715 (26.1%)
[Round 11] T=2.00  α_ce=1.00  α_kd=1.00
 Round 11 | F1 0.1590 | P 0.5658 | R 0.0925 | Time 44.7s | Comm N/A | Local Avg F1: 0.0815

=== Round 12/100 ===
[Round 12] KD=ON | policy=prev_global
[Layer Freezing] Training last 4 transformer layers (layers 8-11)
[Layer Freezing] Trainable params: 28,384,555 / 108,924,715 (26.1%)
[Layer Freezing] Training last 4 transformer layers (layers 8-11)
[Layer Freezing] Trainable params: 28,384,555 / 108,924,715 (26.1%)
[Layer Freezing] Training last 4 transformer layers (layers 8-11)
[Layer Freezing] Trainable params: 28,384,555 / 108,924,715 (26.1%)
[Layer Freezing] Training last 4 transformer layers (layers 8-11)
[Layer Freezing] Trainable params: 28,384,555 / 108,924,715 (26.1%)
[Layer Freezing] Training last 4 transformer layers (layers 8-11)
[Layer Freezing] Trainable params: 28,384,555 / 108,924,715 (26.1%)
[Layer Freezing] Training last 4 transformer layers (layers 8-11)
[Layer Freezing] Trainable params: 28,384,555 / 108,924,715 (26.1%)
[Layer Freezing] Training last 4 transformer layers (layers 8-11)
[Layer Freezing] Trainable params: 28,384,555 / 108,924,715 (26.1%)
[Layer Freezing] Training last 4 transformer layers (layers 8-11)
[Layer Freezing] Trainable params: 28,384,555 / 108,924,715 (26.1%)
[Layer Freezing] Training last 4 transformer layers (layers 8-11)
[Layer Freezing] Trainable params: 28,384,555 / 108,924,715 (26.1%)
[Layer Freezing] Training last 4 transformer layers (layers 8-11)
[Layer Freezing] Trainable params: 28,384,555 / 108,924,715 (26.1%)
[Round 12] T=2.00  α_ce=1.00  α_kd=1.00
 Round 12 | F1 0.1646 | P 0.5667 | R 0.0963 | Time 44.6s | Comm N/A | Local Avg F1: 0.0833

=== Round 13/100 ===
[Round 13] KD=ON | policy=prev_global
[Layer Freezing] Training last 4 transformer layers (layers 8-11)
[Layer Freezing] Trainable params: 28,384,555 / 108,924,715 (26.1%)
[Layer Freezing] Training last 4 transformer layers (layers 8-11)
[Layer Freezing] Trainable params: 28,384,555 / 108,924,715 (26.1%)
[Layer Freezing] Training last 4 transformer layers (layers 8-11)
[Layer Freezing] Trainable params: 28,384,555 / 108,924,715 (26.1%)
[Layer Freezing] Training last 4 transformer layers (layers 8-11)
[Layer Freezing] Trainable params: 28,384,555 / 108,924,715 (26.1%)
[Layer Freezing] Training last 4 transformer layers (layers 8-11)
[Layer Freezing] Trainable params: 28,384,555 / 108,924,715 (26.1%)
[Layer Freezing] Training last 4 transformer layers (layers 8-11)
[Layer Freezing] Trainable params: 28,384,555 / 108,924,715 (26.1%)
[Layer Freezing] Training last 4 transformer layers (layers 8-11)
[Layer Freezing] Trainable params: 28,384,555 / 108,924,715 (26.1%)
[Layer Freezing] Training last 4 transformer layers (layers 8-11)
[Layer Freezing] Trainable params: 28,384,555 / 108,924,715 (26.1%)
[Layer Freezing] Training last 4 transformer layers (layers 8-11)
[Layer Freezing] Trainable params: 28,384,555 / 108,924,715 (26.1%)
[Layer Freezing] Training last 4 transformer layers (layers 8-11)
[Layer Freezing] Trainable params: 28,384,555 / 108,924,715 (26.1%)
[Round 13] T=2.00  α_ce=1.00  α_kd=1.00
 Round 13 | F1 0.1955 | P 0.5489 | R 0.1190 | Time 44.2s | Comm N/A | Local Avg F1: 0.1022

=== Round 14/100 ===
[Round 14] KD=ON | policy=prev_global
[Layer Freezing] Training last 4 transformer layers (layers 8-11)
[Layer Freezing] Trainable params: 28,384,555 / 108,924,715 (26.1%)
[Layer Freezing] Training last 4 transformer layers (layers 8-11)
[Layer Freezing] Trainable params: 28,384,555 / 108,924,715 (26.1%)
[Layer Freezing] Training last 4 transformer layers (layers 8-11)
[Layer Freezing] Trainable params: 28,384,555 / 108,924,715 (26.1%)
[Layer Freezing] Training last 4 transformer layers (layers 8-11)
[Layer Freezing] Trainable params: 28,384,555 / 108,924,715 (26.1%)
[Layer Freezing] Training last 4 transformer layers (layers 8-11)
[Layer Freezing] Trainable params: 28,384,555 / 108,924,715 (26.1%)
[Layer Freezing] Training last 4 transformer layers (layers 8-11)
[Layer Freezing] Trainable params: 28,384,555 / 108,924,715 (26.1%)
[Layer Freezing] Training last 4 transformer layers (layers 8-11)
[Layer Freezing] Trainable params: 28,384,555 / 108,924,715 (26.1%)
[Layer Freezing] Training last 4 transformer layers (layers 8-11)
[Layer Freezing] Trainable params: 28,384,555 / 108,924,715 (26.1%)
[Layer Freezing] Training last 4 transformer layers (layers 8-11)
[Layer Freezing] Trainable params: 28,384,555 / 108,924,715 (26.1%)
[Layer Freezing] Training last 4 transformer layers (layers 8-11)
[Layer Freezing] Trainable params: 28,384,555 / 108,924,715 (26.1%)
[Round 14] T=2.00  α_ce=1.00  α_kd=1.00
 Round 14 | F1 0.1726 | P 0.5697 | R 0.1017 | Time 44.1s | Comm N/A | Local Avg F1: 0.0866

=== Round 15/100 ===
[Round 15] KD=ON | policy=prev_global
[Layer Freezing] Training last 4 transformer layers (layers 8-11)
[Layer Freezing] Trainable params: 28,384,555 / 108,924,715 (26.1%)
[Layer Freezing] Training last 4 transformer layers (layers 8-11)
[Layer Freezing] Trainable params: 28,384,555 / 108,924,715 (26.1%)
[Layer Freezing] Training last 4 transformer layers (layers 8-11)
[Layer Freezing] Trainable params: 28,384,555 / 108,924,715 (26.1%)
[Layer Freezing] Training last 4 transformer layers (layers 8-11)
[Layer Freezing] Trainable params: 28,384,555 / 108,924,715 (26.1%)
[Layer Freezing] Training last 4 transformer layers (layers 8-11)
[Layer Freezing] Trainable params: 28,384,555 / 108,924,715 (26.1%)
[Layer Freezing] Training last 4 transformer layers (layers 8-11)
[Layer Freezing] Trainable params: 28,384,555 / 108,924,715 (26.1%)
[Layer Freezing] Training last 4 transformer layers (layers 8-11)
[Layer Freezing] Trainable params: 28,384,555 / 108,924,715 (26.1%)
[Layer Freezing] Training last 4 transformer layers (layers 8-11)
[Layer Freezing] Trainable params: 28,384,555 / 108,924,715 (26.1%)
[Layer Freezing] Training last 4 transformer layers (layers 8-11)
[Layer Freezing] Trainable params: 28,384,555 / 108,924,715 (26.1%)
[Layer Freezing] Training last 4 transformer layers (layers 8-11)
[Layer Freezing] Trainable params: 28,384,555 / 108,924,715 (26.1%)
[Round 15] T=2.00  α_ce=1.00  α_kd=1.00
 Round 15 | F1 0.1917 | P 0.5520 | R 0.1160 | Time 44.5s | Comm N/A | Local Avg F1: 0.1097

=== Round 16/100 ===
[Round 16] KD=ON | policy=prev_global
[Layer Freezing] Training last 4 transformer layers (layers 8-11)
[Layer Freezing] Trainable params: 28,384,555 / 108,924,715 (26.1%)
[Layer Freezing] Training last 4 transformer layers (layers 8-11)
[Layer Freezing] Trainable params: 28,384,555 / 108,924,715 (26.1%)
[Layer Freezing] Training last 4 transformer layers (layers 8-11)
[Layer Freezing] Trainable params: 28,384,555 / 108,924,715 (26.1%)
[Layer Freezing] Training last 4 transformer layers (layers 8-11)
[Layer Freezing] Trainable params: 28,384,555 / 108,924,715 (26.1%)
[Layer Freezing] Training last 4 transformer layers (layers 8-11)
[Layer Freezing] Trainable params: 28,384,555 / 108,924,715 (26.1%)
[Layer Freezing] Training last 4 transformer layers (layers 8-11)
[Layer Freezing] Trainable params: 28,384,555 / 108,924,715 (26.1%)
[Layer Freezing] Training last 4 transformer layers (layers 8-11)
[Layer Freezing] Trainable params: 28,384,555 / 108,924,715 (26.1%)
[Layer Freezing] Training last 4 transformer layers (layers 8-11)
[Layer Freezing] Trainable params: 28,384,555 / 108,924,715 (26.1%)
[Layer Freezing] Training last 4 transformer layers (layers 8-11)
[Layer Freezing] Trainable params: 28,384,555 / 108,924,715 (26.1%)
[Layer Freezing] Training last 4 transformer layers (layers 8-11)
[Layer Freezing] Trainable params: 28,384,555 / 108,924,715 (26.1%)
[Round 16] T=2.00  α_ce=1.00  α_kd=1.00
 Round 16 | F1 0.2176 | P 0.5353 | R 0.1365 | Time 45.3s | Comm N/A | Local Avg F1: 0.1308

=== Round 17/100 ===
[Round 17] KD=ON | policy=prev_global
[Layer Freezing] Training last 4 transformer layers (layers 8-11)
[Layer Freezing] Trainable params: 28,384,555 / 108,924,715 (26.1%)
[Layer Freezing] Training last 4 transformer layers (layers 8-11)
[Layer Freezing] Trainable params: 28,384,555 / 108,924,715 (26.1%)
[Layer Freezing] Training last 4 transformer layers (layers 8-11)
[Layer Freezing] Trainable params: 28,384,555 / 108,924,715 (26.1%)
[Layer Freezing] Training last 4 transformer layers (layers 8-11)
[Layer Freezing] Trainable params: 28,384,555 / 108,924,715 (26.1%)
[Layer Freezing] Training last 4 transformer layers (layers 8-11)
[Layer Freezing] Trainable params: 28,384,555 / 108,924,715 (26.1%)
[Layer Freezing] Training last 4 transformer layers (layers 8-11)
[Layer Freezing] Trainable params: 28,384,555 / 108,924,715 (26.1%)
[Layer Freezing] Training last 4 transformer layers (layers 8-11)
[Layer Freezing] Trainable params: 28,384,555 / 108,924,715 (26.1%)
[Layer Freezing] Training last 4 transformer layers (layers 8-11)
[Layer Freezing] Trainable params: 28,384,555 / 108,924,715 (26.1%)
[Layer Freezing] Training last 4 transformer layers (layers 8-11)
[Layer Freezing] Trainable params: 28,384,555 / 108,924,715 (26.1%)
[Layer Freezing] Training last 4 transformer layers (layers 8-11)
[Layer Freezing] Trainable params: 28,384,555 / 108,924,715 (26.1%)
[Round 17] T=2.00  α_ce=1.00  α_kd=1.00
 Round 17 | F1 0.2279 | P 0.5401 | R 0.1444 | Time 44.5s | Comm N/A | Local Avg F1: 0.1358

=== Round 18/100 ===
[Round 18] KD=ON | policy=prev_global
[Layer Freezing] Training last 4 transformer layers (layers 8-11)
[Layer Freezing] Trainable params: 28,384,555 / 108,924,715 (26.1%)
[Layer Freezing] Training last 4 transformer layers (layers 8-11)
[Layer Freezing] Trainable params: 28,384,555 / 108,924,715 (26.1%)
[Layer Freezing] Training last 4 transformer layers (layers 8-11)
[Layer Freezing] Trainable params: 28,384,555 / 108,924,715 (26.1%)
[Layer Freezing] Training last 4 transformer layers (layers 8-11)
[Layer Freezing] Trainable params: 28,384,555 / 108,924,715 (26.1%)
[Layer Freezing] Training last 4 transformer layers (layers 8-11)
[Layer Freezing] Trainable params: 28,384,555 / 108,924,715 (26.1%)
[Layer Freezing] Training last 4 transformer layers (layers 8-11)
[Layer Freezing] Trainable params: 28,384,555 / 108,924,715 (26.1%)
[Layer Freezing] Training last 4 transformer layers (layers 8-11)
[Layer Freezing] Trainable params: 28,384,555 / 108,924,715 (26.1%)
[Layer Freezing] Training last 4 transformer layers (layers 8-11)
[Layer Freezing] Trainable params: 28,384,555 / 108,924,715 (26.1%)
[Layer Freezing] Training last 4 transformer layers (layers 8-11)
[Layer Freezing] Trainable params: 28,384,555 / 108,924,715 (26.1%)
[Layer Freezing] Training last 4 transformer layers (layers 8-11)
[Layer Freezing] Trainable params: 28,384,555 / 108,924,715 (26.1%)
[Round 18] T=2.00  α_ce=1.00  α_kd=1.00
 Round 18 | F1 0.2235 | P 0.5427 | R 0.1407 | Time 44.4s | Comm N/A | Local Avg F1: 0.1378

=== Round 19/100 ===
[Round 19] KD=ON | policy=prev_global
[Layer Freezing] Training last 4 transformer layers (layers 8-11)
[Layer Freezing] Trainable params: 28,384,555 / 108,924,715 (26.1%)
[Layer Freezing] Training last 4 transformer layers (layers 8-11)
[Layer Freezing] Trainable params: 28,384,555 / 108,924,715 (26.1%)
[Layer Freezing] Training last 4 transformer layers (layers 8-11)
[Layer Freezing] Trainable params: 28,384,555 / 108,924,715 (26.1%)
[Layer Freezing] Training last 4 transformer layers (layers 8-11)
[Layer Freezing] Trainable params: 28,384,555 / 108,924,715 (26.1%)
[Layer Freezing] Training last 4 transformer layers (layers 8-11)
[Layer Freezing] Trainable params: 28,384,555 / 108,924,715 (26.1%)
[Layer Freezing] Training last 4 transformer layers (layers 8-11)
[Layer Freezing] Trainable params: 28,384,555 / 108,924,715 (26.1%)
[Layer Freezing] Training last 4 transformer layers (layers 8-11)
[Layer Freezing] Trainable params: 28,384,555 / 108,924,715 (26.1%)
[Layer Freezing] Training last 4 transformer layers (layers 8-11)
[Layer Freezing] Trainable params: 28,384,555 / 108,924,715 (26.1%)
[Layer Freezing] Training last 4 transformer layers (layers 8-11)
[Layer Freezing] Trainable params: 28,384,555 / 108,924,715 (26.1%)
[Layer Freezing] Training last 4 transformer layers (layers 8-11)
[Layer Freezing] Trainable params: 28,384,555 / 108,924,715 (26.1%)
[Round 19] T=2.00  α_ce=1.00  α_kd=1.00
 Round 19 | F1 0.2431 | P 0.5422 | R 0.1567 | Time 44.6s | Comm N/A | Local Avg F1: 0.1472

=== Round 20/100 ===
[Round 20] KD=ON | policy=prev_global
[Layer Freezing] Training last 4 transformer layers (layers 8-11)
[Layer Freezing] Trainable params: 28,384,555 / 108,924,715 (26.1%)
[Layer Freezing] Training last 4 transformer layers (layers 8-11)
[Layer Freezing] Trainable params: 28,384,555 / 108,924,715 (26.1%)
[Layer Freezing] Training last 4 transformer layers (layers 8-11)
[Layer Freezing] Trainable params: 28,384,555 / 108,924,715 (26.1%)
[Layer Freezing] Training last 4 transformer layers (layers 8-11)
[Layer Freezing] Trainable params: 28,384,555 / 108,924,715 (26.1%)
[Layer Freezing] Training last 4 transformer layers (layers 8-11)
[Layer Freezing] Trainable params: 28,384,555 / 108,924,715 (26.1%)
[Layer Freezing] Training last 4 transformer layers (layers 8-11)
[Layer Freezing] Trainable params: 28,384,555 / 108,924,715 (26.1%)
[Layer Freezing] Training last 4 transformer layers (layers 8-11)
[Layer Freezing] Trainable params: 28,384,555 / 108,924,715 (26.1%)
[Layer Freezing] Training last 4 transformer layers (layers 8-11)
[Layer Freezing] Trainable params: 28,384,555 / 108,924,715 (26.1%)
[Layer Freezing] Training last 4 transformer layers (layers 8-11)
[Layer Freezing] Trainable params: 28,384,555 / 108,924,715 (26.1%)
[Layer Freezing] Training last 4 transformer layers (layers 8-11)
[Layer Freezing] Trainable params: 28,384,555 / 108,924,715 (26.1%)
[Round 20] T=2.00  α_ce=1.00  α_kd=1.00
 Round 20 | F1 0.2661 | P 0.5395 | R 0.1766 | Time 43.7s | Comm N/A | Local Avg F1: 0.1651

=== Round 21/100 ===
[Round 21] KD=ON | policy=prev_global
[Layer Freezing] Training last 4 transformer layers (layers 8-11)
[Layer Freezing] Trainable params: 28,384,555 / 108,924,715 (26.1%)
[Layer Freezing] Training last 4 transformer layers (layers 8-11)
[Layer Freezing] Trainable params: 28,384,555 / 108,924,715 (26.1%)
[Layer Freezing] Training last 4 transformer layers (layers 8-11)
[Layer Freezing] Trainable params: 28,384,555 / 108,924,715 (26.1%)
[Layer Freezing] Training last 4 transformer layers (layers 8-11)
[Layer Freezing] Trainable params: 28,384,555 / 108,924,715 (26.1%)
[Layer Freezing] Training last 4 transformer layers (layers 8-11)
[Layer Freezing] Trainable params: 28,384,555 / 108,924,715 (26.1%)
[Layer Freezing] Training last 4 transformer layers (layers 8-11)
[Layer Freezing] Trainable params: 28,384,555 / 108,924,715 (26.1%)
[Layer Freezing] Training last 4 transformer layers (layers 8-11)
[Layer Freezing] Trainable params: 28,384,555 / 108,924,715 (26.1%)
[Layer Freezing] Training last 4 transformer layers (layers 8-11)
[Layer Freezing] Trainable params: 28,384,555 / 108,924,715 (26.1%)
[Layer Freezing] Training last 4 transformer layers (layers 8-11)
[Layer Freezing] Trainable params: 28,384,555 / 108,924,715 (26.1%)
[Layer Freezing] Training last 4 transformer layers (layers 8-11)
[Layer Freezing] Trainable params: 28,384,555 / 108,924,715 (26.1%)
[Round 21] T=2.00  α_ce=1.00  α_kd=1.00
 Round 21 | F1 0.2869 | P 0.5400 | R 0.1954 | Time 44.5s | Comm N/A | Local Avg F1: 0.1922

=== Round 22/100 ===
[Round 22] KD=ON | policy=prev_global
[Layer Freezing] Training last 4 transformer layers (layers 8-11)
[Layer Freezing] Trainable params: 28,384,555 / 108,924,715 (26.1%)
[Layer Freezing] Training last 4 transformer layers (layers 8-11)
[Layer Freezing] Trainable params: 28,384,555 / 108,924,715 (26.1%)
[Layer Freezing] Training last 4 transformer layers (layers 8-11)
[Layer Freezing] Trainable params: 28,384,555 / 108,924,715 (26.1%)
[Layer Freezing] Training last 4 transformer layers (layers 8-11)
[Layer Freezing] Trainable params: 28,384,555 / 108,924,715 (26.1%)
[Layer Freezing] Training last 4 transformer layers (layers 8-11)
[Layer Freezing] Trainable params: 28,384,555 / 108,924,715 (26.1%)
[Layer Freezing] Training last 4 transformer layers (layers 8-11)
[Layer Freezing] Trainable params: 28,384,555 / 108,924,715 (26.1%)
[Layer Freezing] Training last 4 transformer layers (layers 8-11)
[Layer Freezing] Trainable params: 28,384,555 / 108,924,715 (26.1%)
[Layer Freezing] Training last 4 transformer layers (layers 8-11)
[Layer Freezing] Trainable params: 28,384,555 / 108,924,715 (26.1%)
[Layer Freezing] Training last 4 transformer layers (layers 8-11)
[Layer Freezing] Trainable params: 28,384,555 / 108,924,715 (26.1%)
[Layer Freezing] Training last 4 transformer layers (layers 8-11)
[Layer Freezing] Trainable params: 28,384,555 / 108,924,715 (26.1%)
[Round 22] T=2.00  α_ce=1.00  α_kd=1.00
 Round 22 | F1 0.3016 | P 0.5387 | R 0.2094 | Time 45.0s | Comm N/A | Local Avg F1: 0.2113

=== Round 23/100 ===
[Round 23] KD=ON | policy=prev_global
[Layer Freezing] Training last 4 transformer layers (layers 8-11)
[Layer Freezing] Trainable params: 28,384,555 / 108,924,715 (26.1%)
[Layer Freezing] Training last 4 transformer layers (layers 8-11)
[Layer Freezing] Trainable params: 28,384,555 / 108,924,715 (26.1%)
[Layer Freezing] Training last 4 transformer layers (layers 8-11)
[Layer Freezing] Trainable params: 28,384,555 / 108,924,715 (26.1%)
[Layer Freezing] Training last 4 transformer layers (layers 8-11)
[Layer Freezing] Trainable params: 28,384,555 / 108,924,715 (26.1%)
[Layer Freezing] Training last 4 transformer layers (layers 8-11)
[Layer Freezing] Trainable params: 28,384,555 / 108,924,715 (26.1%)
[Layer Freezing] Training last 4 transformer layers (layers 8-11)
[Layer Freezing] Trainable params: 28,384,555 / 108,924,715 (26.1%)
[Layer Freezing] Training last 4 transformer layers (layers 8-11)
[Layer Freezing] Trainable params: 28,384,555 / 108,924,715 (26.1%)
[Layer Freezing] Training last 4 transformer layers (layers 8-11)
[Layer Freezing] Trainable params: 28,384,555 / 108,924,715 (26.1%)
[Layer Freezing] Training last 4 transformer layers (layers 8-11)
[Layer Freezing] Trainable params: 28,384,555 / 108,924,715 (26.1%)
[Layer Freezing] Training last 4 transformer layers (layers 8-11)
[Layer Freezing] Trainable params: 28,384,555 / 108,924,715 (26.1%)
[Round 23] T=2.00  α_ce=1.00  α_kd=1.00
 Round 23 | F1 0.2854 | P 0.5558 | R 0.1920 | Time 45.0s | Comm N/A | Local Avg F1: 0.1948

=== Round 24/100 ===
[Round 24] KD=ON | policy=prev_global
[Layer Freezing] Training last 4 transformer layers (layers 8-11)
[Layer Freezing] Trainable params: 28,384,555 / 108,924,715 (26.1%)
[Layer Freezing] Training last 4 transformer layers (layers 8-11)
[Layer Freezing] Trainable params: 28,384,555 / 108,924,715 (26.1%)
[Layer Freezing] Training last 4 transformer layers (layers 8-11)
[Layer Freezing] Trainable params: 28,384,555 / 108,924,715 (26.1%)
[Layer Freezing] Training last 4 transformer layers (layers 8-11)
[Layer Freezing] Trainable params: 28,384,555 / 108,924,715 (26.1%)
[Layer Freezing] Training last 4 transformer layers (layers 8-11)
[Layer Freezing] Trainable params: 28,384,555 / 108,924,715 (26.1%)
[Layer Freezing] Training last 4 transformer layers (layers 8-11)
[Layer Freezing] Trainable params: 28,384,555 / 108,924,715 (26.1%)
[Layer Freezing] Training last 4 transformer layers (layers 8-11)
[Layer Freezing] Trainable params: 28,384,555 / 108,924,715 (26.1%)
[Layer Freezing] Training last 4 transformer layers (layers 8-11)
[Layer Freezing] Trainable params: 28,384,555 / 108,924,715 (26.1%)
[Layer Freezing] Training last 4 transformer layers (layers 8-11)
[Layer Freezing] Trainable params: 28,384,555 / 108,924,715 (26.1%)
[Layer Freezing] Training last 4 transformer layers (layers 8-11)
[Layer Freezing] Trainable params: 28,384,555 / 108,924,715 (26.1%)
[Round 24] T=2.00  α_ce=1.00  α_kd=1.00
 Round 24 | F1 0.2825 | P 0.5627 | R 0.1885 | Time 44.3s | Comm N/A | Local Avg F1: 0.1984

=== Round 25/100 ===
[Round 25] KD=ON | policy=prev_global
[Layer Freezing] Training last 4 transformer layers (layers 8-11)
[Layer Freezing] Trainable params: 28,384,555 / 108,924,715 (26.1%)
[Layer Freezing] Training last 4 transformer layers (layers 8-11)
[Layer Freezing] Trainable params: 28,384,555 / 108,924,715 (26.1%)
[Layer Freezing] Training last 4 transformer layers (layers 8-11)
[Layer Freezing] Trainable params: 28,384,555 / 108,924,715 (26.1%)
[Layer Freezing] Training last 4 transformer layers (layers 8-11)
[Layer Freezing] Trainable params: 28,384,555 / 108,924,715 (26.1%)
[Layer Freezing] Training last 4 transformer layers (layers 8-11)
[Layer Freezing] Trainable params: 28,384,555 / 108,924,715 (26.1%)
[Layer Freezing] Training last 4 transformer layers (layers 8-11)
[Layer Freezing] Trainable params: 28,384,555 / 108,924,715 (26.1%)
[Layer Freezing] Training last 4 transformer layers (layers 8-11)
[Layer Freezing] Trainable params: 28,384,555 / 108,924,715 (26.1%)
[Layer Freezing] Training last 4 transformer layers (layers 8-11)
[Layer Freezing] Trainable params: 28,384,555 / 108,924,715 (26.1%)
[Layer Freezing] Training last 4 transformer layers (layers 8-11)
[Layer Freezing] Trainable params: 28,384,555 / 108,924,715 (26.1%)
[Layer Freezing] Training last 4 transformer layers (layers 8-11)
[Layer Freezing] Trainable params: 28,384,555 / 108,924,715 (26.1%)
[Round 25] T=2.00  α_ce=1.00  α_kd=1.00
 Round 25 | F1 0.3023 | P 0.5514 | R 0.2082 | Time 43.5s | Comm N/A | Local Avg F1: 0.2052

=== Round 26/100 ===
[Round 26] KD=ON | policy=prev_global
[Layer Freezing] Training last 4 transformer layers (layers 8-11)
[Layer Freezing] Trainable params: 28,384,555 / 108,924,715 (26.1%)
[Layer Freezing] Training last 4 transformer layers (layers 8-11)
[Layer Freezing] Trainable params: 28,384,555 / 108,924,715 (26.1%)
[Layer Freezing] Training last 4 transformer layers (layers 8-11)
[Layer Freezing] Trainable params: 28,384,555 / 108,924,715 (26.1%)
[Layer Freezing] Training last 4 transformer layers (layers 8-11)
[Layer Freezing] Trainable params: 28,384,555 / 108,924,715 (26.1%)
[Layer Freezing] Training last 4 transformer layers (layers 8-11)
[Layer Freezing] Trainable params: 28,384,555 / 108,924,715 (26.1%)
[Layer Freezing] Training last 4 transformer layers (layers 8-11)
[Layer Freezing] Trainable params: 28,384,555 / 108,924,715 (26.1%)
[Layer Freezing] Training last 4 transformer layers (layers 8-11)
[Layer Freezing] Trainable params: 28,384,555 / 108,924,715 (26.1%)
[Layer Freezing] Training last 4 transformer layers (layers 8-11)
[Layer Freezing] Trainable params: 28,384,555 / 108,924,715 (26.1%)
[Layer Freezing] Training last 4 transformer layers (layers 8-11)
[Layer Freezing] Trainable params: 28,384,555 / 108,924,715 (26.1%)
[Layer Freezing] Training last 4 transformer layers (layers 8-11)
[Layer Freezing] Trainable params: 28,384,555 / 108,924,715 (26.1%)
[Round 26] T=2.00  α_ce=1.00  α_kd=1.00
 Round 26 | F1 0.2771 | P 0.5757 | R 0.1824 | Time 45.0s | Comm N/A | Local Avg F1: 0.1779

=== Round 27/100 ===
[Round 27] KD=ON | policy=prev_global
[Layer Freezing] Training last 4 transformer layers (layers 8-11)
[Layer Freezing] Trainable params: 28,384,555 / 108,924,715 (26.1%)
[Layer Freezing] Training last 4 transformer layers (layers 8-11)
[Layer Freezing] Trainable params: 28,384,555 / 108,924,715 (26.1%)
[Layer Freezing] Training last 4 transformer layers (layers 8-11)
[Layer Freezing] Trainable params: 28,384,555 / 108,924,715 (26.1%)
[Layer Freezing] Training last 4 transformer layers (layers 8-11)
[Layer Freezing] Trainable params: 28,384,555 / 108,924,715 (26.1%)
[Layer Freezing] Training last 4 transformer layers (layers 8-11)
[Layer Freezing] Trainable params: 28,384,555 / 108,924,715 (26.1%)
[Layer Freezing] Training last 4 transformer layers (layers 8-11)
[Layer Freezing] Trainable params: 28,384,555 / 108,924,715 (26.1%)
[Layer Freezing] Training last 4 transformer layers (layers 8-11)
[Layer Freezing] Trainable params: 28,384,555 / 108,924,715 (26.1%)
[Layer Freezing] Training last 4 transformer layers (layers 8-11)
[Layer Freezing] Trainable params: 28,384,555 / 108,924,715 (26.1%)
[Layer Freezing] Training last 4 transformer layers (layers 8-11)
[Layer Freezing] Trainable params: 28,384,555 / 108,924,715 (26.1%)
[Layer Freezing] Training last 4 transformer layers (layers 8-11)
[Layer Freezing] Trainable params: 28,384,555 / 108,924,715 (26.1%)
[Round 27] T=2.00  α_ce=1.00  α_kd=1.00
 Round 27 | F1 0.2957 | P 0.5738 | R 0.1992 | Time 44.6s | Comm N/A | Local Avg F1: 0.2002

=== Round 28/100 ===
[Round 28] KD=ON | policy=prev_global
[Layer Freezing] Training last 4 transformer layers (layers 8-11)
[Layer Freezing] Trainable params: 28,384,555 / 108,924,715 (26.1%)
[Layer Freezing] Training last 4 transformer layers (layers 8-11)
[Layer Freezing] Trainable params: 28,384,555 / 108,924,715 (26.1%)
[Layer Freezing] Training last 4 transformer layers (layers 8-11)
[Layer Freezing] Trainable params: 28,384,555 / 108,924,715 (26.1%)
[Layer Freezing] Training last 4 transformer layers (layers 8-11)
[Layer Freezing] Trainable params: 28,384,555 / 108,924,715 (26.1%)
[Layer Freezing] Training last 4 transformer layers (layers 8-11)
[Layer Freezing] Trainable params: 28,384,555 / 108,924,715 (26.1%)
[Layer Freezing] Training last 4 transformer layers (layers 8-11)
[Layer Freezing] Trainable params: 28,384,555 / 108,924,715 (26.1%)
[Layer Freezing] Training last 4 transformer layers (layers 8-11)
[Layer Freezing] Trainable params: 28,384,555 / 108,924,715 (26.1%)
[Layer Freezing] Training last 4 transformer layers (layers 8-11)
[Layer Freezing] Trainable params: 28,384,555 / 108,924,715 (26.1%)
[Layer Freezing] Training last 4 transformer layers (layers 8-11)
[Layer Freezing] Trainable params: 28,384,555 / 108,924,715 (26.1%)
[Layer Freezing] Training last 4 transformer layers (layers 8-11)
[Layer Freezing] Trainable params: 28,384,555 / 108,924,715 (26.1%)
[Round 28] T=2.00  α_ce=1.00  α_kd=1.00
 Round 28 | F1 0.3088 | P 0.5644 | R 0.2126 | Time 44.3s | Comm N/A | Local Avg F1: 0.2079

=== Round 29/100 ===
[Round 29] KD=ON | policy=prev_global
[Layer Freezing] Training last 4 transformer layers (layers 8-11)
[Layer Freezing] Trainable params: 28,384,555 / 108,924,715 (26.1%)
[Layer Freezing] Training last 4 transformer layers (layers 8-11)
[Layer Freezing] Trainable params: 28,384,555 / 108,924,715 (26.1%)
[Layer Freezing] Training last 4 transformer layers (layers 8-11)
[Layer Freezing] Trainable params: 28,384,555 / 108,924,715 (26.1%)
[Layer Freezing] Training last 4 transformer layers (layers 8-11)
[Layer Freezing] Trainable params: 28,384,555 / 108,924,715 (26.1%)
[Layer Freezing] Training last 4 transformer layers (layers 8-11)
[Layer Freezing] Trainable params: 28,384,555 / 108,924,715 (26.1%)
[Layer Freezing] Training last 4 transformer layers (layers 8-11)
[Layer Freezing] Trainable params: 28,384,555 / 108,924,715 (26.1%)
[Layer Freezing] Training last 4 transformer layers (layers 8-11)
[Layer Freezing] Trainable params: 28,384,555 / 108,924,715 (26.1%)
[Layer Freezing] Training last 4 transformer layers (layers 8-11)
[Layer Freezing] Trainable params: 28,384,555 / 108,924,715 (26.1%)
[Layer Freezing] Training last 4 transformer layers (layers 8-11)
[Layer Freezing] Trainable params: 28,384,555 / 108,924,715 (26.1%)
[Layer Freezing] Training last 4 transformer layers (layers 8-11)
[Layer Freezing] Trainable params: 28,384,555 / 108,924,715 (26.1%)
[Round 29] T=2.00  α_ce=1.00  α_kd=1.00
 Round 29 | F1 0.3166 | P 0.5696 | R 0.2192 | Time 44.0s | Comm N/A | Local Avg F1: 0.2107

=== Round 30/100 ===
[Round 30] KD=ON | policy=prev_global
[Layer Freezing] Training last 4 transformer layers (layers 8-11)
[Layer Freezing] Trainable params: 28,384,555 / 108,924,715 (26.1%)
[Layer Freezing] Training last 4 transformer layers (layers 8-11)
[Layer Freezing] Trainable params: 28,384,555 / 108,924,715 (26.1%)
[Layer Freezing] Training last 4 transformer layers (layers 8-11)
[Layer Freezing] Trainable params: 28,384,555 / 108,924,715 (26.1%)
[Layer Freezing] Training last 4 transformer layers (layers 8-11)
[Layer Freezing] Trainable params: 28,384,555 / 108,924,715 (26.1%)
[Layer Freezing] Training last 4 transformer layers (layers 8-11)
[Layer Freezing] Trainable params: 28,384,555 / 108,924,715 (26.1%)
[Layer Freezing] Training last 4 transformer layers (layers 8-11)
[Layer Freezing] Trainable params: 28,384,555 / 108,924,715 (26.1%)
[Layer Freezing] Training last 4 transformer layers (layers 8-11)
[Layer Freezing] Trainable params: 28,384,555 / 108,924,715 (26.1%)
[Layer Freezing] Training last 4 transformer layers (layers 8-11)
[Layer Freezing] Trainable params: 28,384,555 / 108,924,715 (26.1%)
[Layer Freezing] Training last 4 transformer layers (layers 8-11)
[Layer Freezing] Trainable params: 28,384,555 / 108,924,715 (26.1%)
[Layer Freezing] Training last 4 transformer layers (layers 8-11)
[Layer Freezing] Trainable params: 28,384,555 / 108,924,715 (26.1%)
[Round 30] T=2.00  α_ce=1.00  α_kd=1.00
 Round 30 | F1 0.3188 | P 0.5814 | R 0.2196 | Time 45.5s | Comm N/A | Local Avg F1: 0.2133

=== Round 31/100 ===
[Round 31] KD=ON | policy=prev_global
[Layer Freezing] Training last 4 transformer layers (layers 8-11)
[Layer Freezing] Trainable params: 28,384,555 / 108,924,715 (26.1%)
[Layer Freezing] Training last 4 transformer layers (layers 8-11)
[Layer Freezing] Trainable params: 28,384,555 / 108,924,715 (26.1%)
[Layer Freezing] Training last 4 transformer layers (layers 8-11)
[Layer Freezing] Trainable params: 28,384,555 / 108,924,715 (26.1%)
[Layer Freezing] Training last 4 transformer layers (layers 8-11)
[Layer Freezing] Trainable params: 28,384,555 / 108,924,715 (26.1%)
[Layer Freezing] Training last 4 transformer layers (layers 8-11)
[Layer Freezing] Trainable params: 28,384,555 / 108,924,715 (26.1%)
[Layer Freezing] Training last 4 transformer layers (layers 8-11)
[Layer Freezing] Trainable params: 28,384,555 / 108,924,715 (26.1%)
[Layer Freezing] Training last 4 transformer layers (layers 8-11)
[Layer Freezing] Trainable params: 28,384,555 / 108,924,715 (26.1%)
[Layer Freezing] Training last 4 transformer layers (layers 8-11)
[Layer Freezing] Trainable params: 28,384,555 / 108,924,715 (26.1%)
[Layer Freezing] Training last 4 transformer layers (layers 8-11)
[Layer Freezing] Trainable params: 28,384,555 / 108,924,715 (26.1%)
[Layer Freezing] Training last 4 transformer layers (layers 8-11)
[Layer Freezing] Trainable params: 28,384,555 / 108,924,715 (26.1%)
[Round 31] T=2.00  α_ce=1.00  α_kd=1.00
 Round 31 | F1 0.3285 | P 0.5834 | R 0.2286 | Time 44.3s | Comm N/A | Local Avg F1: 0.2299

=== Round 32/100 ===
[Round 32] KD=ON | policy=prev_global
[Layer Freezing] Training last 4 transformer layers (layers 8-11)
[Layer Freezing] Trainable params: 28,384,555 / 108,924,715 (26.1%)
[Layer Freezing] Training last 4 transformer layers (layers 8-11)
[Layer Freezing] Trainable params: 28,384,555 / 108,924,715 (26.1%)
[Layer Freezing] Training last 4 transformer layers (layers 8-11)
[Layer Freezing] Trainable params: 28,384,555 / 108,924,715 (26.1%)
[Layer Freezing] Training last 4 transformer layers (layers 8-11)
[Layer Freezing] Trainable params: 28,384,555 / 108,924,715 (26.1%)
[Layer Freezing] Training last 4 transformer layers (layers 8-11)
[Layer Freezing] Trainable params: 28,384,555 / 108,924,715 (26.1%)
[Layer Freezing] Training last 4 transformer layers (layers 8-11)
[Layer Freezing] Trainable params: 28,384,555 / 108,924,715 (26.1%)
[Layer Freezing] Training last 4 transformer layers (layers 8-11)
[Layer Freezing] Trainable params: 28,384,555 / 108,924,715 (26.1%)
[Layer Freezing] Training last 4 transformer layers (layers 8-11)
[Layer Freezing] Trainable params: 28,384,555 / 108,924,715 (26.1%)
[Layer Freezing] Training last 4 transformer layers (layers 8-11)
[Layer Freezing] Trainable params: 28,384,555 / 108,924,715 (26.1%)
[Layer Freezing] Training last 4 transformer layers (layers 8-11)
[Layer Freezing] Trainable params: 28,384,555 / 108,924,715 (26.1%)
[Round 32] T=2.00  α_ce=1.00  α_kd=1.00
 Round 32 | F1 0.3126 | P 0.5954 | R 0.2120 | Time 43.9s | Comm N/A | Local Avg F1: 0.2177

=== Round 33/100 ===
[Round 33] KD=ON | policy=prev_global
[Layer Freezing] Training last 4 transformer layers (layers 8-11)
[Layer Freezing] Trainable params: 28,384,555 / 108,924,715 (26.1%)
[Layer Freezing] Training last 4 transformer layers (layers 8-11)
[Layer Freezing] Trainable params: 28,384,555 / 108,924,715 (26.1%)
[Layer Freezing] Training last 4 transformer layers (layers 8-11)
[Layer Freezing] Trainable params: 28,384,555 / 108,924,715 (26.1%)
[Layer Freezing] Training last 4 transformer layers (layers 8-11)
[Layer Freezing] Trainable params: 28,384,555 / 108,924,715 (26.1%)
[Layer Freezing] Training last 4 transformer layers (layers 8-11)
[Layer Freezing] Trainable params: 28,384,555 / 108,924,715 (26.1%)
[Layer Freezing] Training last 4 transformer layers (layers 8-11)
[Layer Freezing] Trainable params: 28,384,555 / 108,924,715 (26.1%)
[Layer Freezing] Training last 4 transformer layers (layers 8-11)
[Layer Freezing] Trainable params: 28,384,555 / 108,924,715 (26.1%)
[Layer Freezing] Training last 4 transformer layers (layers 8-11)
[Layer Freezing] Trainable params: 28,384,555 / 108,924,715 (26.1%)
[Layer Freezing] Training last 4 transformer layers (layers 8-11)
[Layer Freezing] Trainable params: 28,384,555 / 108,924,715 (26.1%)
[Layer Freezing] Training last 4 transformer layers (layers 8-11)
[Layer Freezing] Trainable params: 28,384,555 / 108,924,715 (26.1%)
[Round 33] T=2.00  α_ce=1.00  α_kd=1.00
 Round 33 | F1 0.3161 | P 0.5960 | R 0.2151 | Time 44.0s | Comm N/A | Local Avg F1: 0.2276

=== Round 34/100 ===
[Round 34] KD=ON | policy=prev_global
[Layer Freezing] Training last 4 transformer layers (layers 8-11)
[Layer Freezing] Trainable params: 28,384,555 / 108,924,715 (26.1%)
[Layer Freezing] Training last 4 transformer layers (layers 8-11)
[Layer Freezing] Trainable params: 28,384,555 / 108,924,715 (26.1%)
[Layer Freezing] Training last 4 transformer layers (layers 8-11)
[Layer Freezing] Trainable params: 28,384,555 / 108,924,715 (26.1%)
[Layer Freezing] Training last 4 transformer layers (layers 8-11)
[Layer Freezing] Trainable params: 28,384,555 / 108,924,715 (26.1%)
[Layer Freezing] Training last 4 transformer layers (layers 8-11)
[Layer Freezing] Trainable params: 28,384,555 / 108,924,715 (26.1%)
[Layer Freezing] Training last 4 transformer layers (layers 8-11)
[Layer Freezing] Trainable params: 28,384,555 / 108,924,715 (26.1%)
[Layer Freezing] Training last 4 transformer layers (layers 8-11)
[Layer Freezing] Trainable params: 28,384,555 / 108,924,715 (26.1%)
[Layer Freezing] Training last 4 transformer layers (layers 8-11)
[Layer Freezing] Trainable params: 28,384,555 / 108,924,715 (26.1%)
[Layer Freezing] Training last 4 transformer layers (layers 8-11)
[Layer Freezing] Trainable params: 28,384,555 / 108,924,715 (26.1%)
[Layer Freezing] Training last 4 transformer layers (layers 8-11)
[Layer Freezing] Trainable params: 28,384,555 / 108,924,715 (26.1%)
[Round 34] T=2.00  α_ce=1.00  α_kd=1.00
 Round 34 | F1 0.3186 | P 0.5982 | R 0.2172 | Time 45.6s | Comm N/A | Local Avg F1: 0.2317

=== Round 35/100 ===
[Round 35] KD=ON | policy=prev_global
[Layer Freezing] Training last 4 transformer layers (layers 8-11)
[Layer Freezing] Trainable params: 28,384,555 / 108,924,715 (26.1%)
[Layer Freezing] Training last 4 transformer layers (layers 8-11)
[Layer Freezing] Trainable params: 28,384,555 / 108,924,715 (26.1%)
[Layer Freezing] Training last 4 transformer layers (layers 8-11)
[Layer Freezing] Trainable params: 28,384,555 / 108,924,715 (26.1%)
[Layer Freezing] Training last 4 transformer layers (layers 8-11)
[Layer Freezing] Trainable params: 28,384,555 / 108,924,715 (26.1%)
[Layer Freezing] Training last 4 transformer layers (layers 8-11)
[Layer Freezing] Trainable params: 28,384,555 / 108,924,715 (26.1%)
[Layer Freezing] Training last 4 transformer layers (layers 8-11)
[Layer Freezing] Trainable params: 28,384,555 / 108,924,715 (26.1%)
[Layer Freezing] Training last 4 transformer layers (layers 8-11)
[Layer Freezing] Trainable params: 28,384,555 / 108,924,715 (26.1%)
[Layer Freezing] Training last 4 transformer layers (layers 8-11)
[Layer Freezing] Trainable params: 28,384,555 / 108,924,715 (26.1%)
[Layer Freezing] Training last 4 transformer layers (layers 8-11)
[Layer Freezing] Trainable params: 28,384,555 / 108,924,715 (26.1%)
[Layer Freezing] Training last 4 transformer layers (layers 8-11)
[Layer Freezing] Trainable params: 28,384,555 / 108,924,715 (26.1%)
[Round 35] T=2.00  α_ce=1.00  α_kd=1.00
 Round 35 | F1 0.3496 | P 0.5871 | R 0.2489 | Time 44.7s | Comm N/A | Local Avg F1: 0.2580

=== Round 36/100 ===
[Round 36] KD=ON | policy=prev_global
[Layer Freezing] Training last 4 transformer layers (layers 8-11)
[Layer Freezing] Trainable params: 28,384,555 / 108,924,715 (26.1%)
[Layer Freezing] Training last 4 transformer layers (layers 8-11)
[Layer Freezing] Trainable params: 28,384,555 / 108,924,715 (26.1%)
[Layer Freezing] Training last 4 transformer layers (layers 8-11)
[Layer Freezing] Trainable params: 28,384,555 / 108,924,715 (26.1%)
[Layer Freezing] Training last 4 transformer layers (layers 8-11)
[Layer Freezing] Trainable params: 28,384,555 / 108,924,715 (26.1%)
[Layer Freezing] Training last 4 transformer layers (layers 8-11)
[Layer Freezing] Trainable params: 28,384,555 / 108,924,715 (26.1%)
[Layer Freezing] Training last 4 transformer layers (layers 8-11)
[Layer Freezing] Trainable params: 28,384,555 / 108,924,715 (26.1%)
[Layer Freezing] Training last 4 transformer layers (layers 8-11)
[Layer Freezing] Trainable params: 28,384,555 / 108,924,715 (26.1%)
[Layer Freezing] Training last 4 transformer layers (layers 8-11)
[Layer Freezing] Trainable params: 28,384,555 / 108,924,715 (26.1%)
[Layer Freezing] Training last 4 transformer layers (layers 8-11)
[Layer Freezing] Trainable params: 28,384,555 / 108,924,715 (26.1%)
[Layer Freezing] Training last 4 transformer layers (layers 8-11)
[Layer Freezing] Trainable params: 28,384,555 / 108,924,715 (26.1%)
[Round 36] T=2.00  α_ce=1.00  α_kd=1.00
 Round 36 | F1 0.3185 | P 0.6015 | R 0.2166 | Time 43.5s | Comm N/A | Local Avg F1: 0.2361

=== Round 37/100 ===
[Round 37] KD=ON | policy=prev_global
[Layer Freezing] Training last 4 transformer layers (layers 8-11)
[Layer Freezing] Trainable params: 28,384,555 / 108,924,715 (26.1%)
[Layer Freezing] Training last 4 transformer layers (layers 8-11)
[Layer Freezing] Trainable params: 28,384,555 / 108,924,715 (26.1%)
[Layer Freezing] Training last 4 transformer layers (layers 8-11)
[Layer Freezing] Trainable params: 28,384,555 / 108,924,715 (26.1%)
[Layer Freezing] Training last 4 transformer layers (layers 8-11)
[Layer Freezing] Trainable params: 28,384,555 / 108,924,715 (26.1%)
[Layer Freezing] Training last 4 transformer layers (layers 8-11)
[Layer Freezing] Trainable params: 28,384,555 / 108,924,715 (26.1%)
[Layer Freezing] Training last 4 transformer layers (layers 8-11)
[Layer Freezing] Trainable params: 28,384,555 / 108,924,715 (26.1%)
[Layer Freezing] Training last 4 transformer layers (layers 8-11)
[Layer Freezing] Trainable params: 28,384,555 / 108,924,715 (26.1%)
[Layer Freezing] Training last 4 transformer layers (layers 8-11)
[Layer Freezing] Trainable params: 28,384,555 / 108,924,715 (26.1%)
[Layer Freezing] Training last 4 transformer layers (layers 8-11)
[Layer Freezing] Trainable params: 28,384,555 / 108,924,715 (26.1%)
[Layer Freezing] Training last 4 transformer layers (layers 8-11)
[Layer Freezing] Trainable params: 28,384,555 / 108,924,715 (26.1%)
[Round 37] T=2.00  α_ce=1.00  α_kd=1.00
 Round 37 | F1 0.3351 | P 0.5981 | R 0.2328 | Time 45.3s | Comm N/A | Local Avg F1: 0.2455

=== Round 38/100 ===
[Round 38] KD=ON | policy=prev_global
[Layer Freezing] Training last 4 transformer layers (layers 8-11)
[Layer Freezing] Trainable params: 28,384,555 / 108,924,715 (26.1%)
[Layer Freezing] Training last 4 transformer layers (layers 8-11)
[Layer Freezing] Trainable params: 28,384,555 / 108,924,715 (26.1%)
[Layer Freezing] Training last 4 transformer layers (layers 8-11)
[Layer Freezing] Trainable params: 28,384,555 / 108,924,715 (26.1%)
[Layer Freezing] Training last 4 transformer layers (layers 8-11)
[Layer Freezing] Trainable params: 28,384,555 / 108,924,715 (26.1%)
[Layer Freezing] Training last 4 transformer layers (layers 8-11)
[Layer Freezing] Trainable params: 28,384,555 / 108,924,715 (26.1%)
[Layer Freezing] Training last 4 transformer layers (layers 8-11)
[Layer Freezing] Trainable params: 28,384,555 / 108,924,715 (26.1%)
[Layer Freezing] Training last 4 transformer layers (layers 8-11)
[Layer Freezing] Trainable params: 28,384,555 / 108,924,715 (26.1%)
[Layer Freezing] Training last 4 transformer layers (layers 8-11)
[Layer Freezing] Trainable params: 28,384,555 / 108,924,715 (26.1%)
[Layer Freezing] Training last 4 transformer layers (layers 8-11)
[Layer Freezing] Trainable params: 28,384,555 / 108,924,715 (26.1%)
[Layer Freezing] Training last 4 transformer layers (layers 8-11)
[Layer Freezing] Trainable params: 28,384,555 / 108,924,715 (26.1%)
[Round 38] T=2.00  α_ce=1.00  α_kd=1.00
 Round 38 | F1 0.3459 | P 0.6060 | R 0.2420 | Time 44.4s | Comm N/A | Local Avg F1: 0.2564

=== Round 39/100 ===
[Round 39] KD=ON | policy=prev_global
[Layer Freezing] Training last 4 transformer layers (layers 8-11)
[Layer Freezing] Trainable params: 28,384,555 / 108,924,715 (26.1%)
[Layer Freezing] Training last 4 transformer layers (layers 8-11)
[Layer Freezing] Trainable params: 28,384,555 / 108,924,715 (26.1%)
[Layer Freezing] Training last 4 transformer layers (layers 8-11)
[Layer Freezing] Trainable params: 28,384,555 / 108,924,715 (26.1%)
[Layer Freezing] Training last 4 transformer layers (layers 8-11)
[Layer Freezing] Trainable params: 28,384,555 / 108,924,715 (26.1%)
[Layer Freezing] Training last 4 transformer layers (layers 8-11)
[Layer Freezing] Trainable params: 28,384,555 / 108,924,715 (26.1%)
[Layer Freezing] Training last 4 transformer layers (layers 8-11)
[Layer Freezing] Trainable params: 28,384,555 / 108,924,715 (26.1%)
[Layer Freezing] Training last 4 transformer layers (layers 8-11)
[Layer Freezing] Trainable params: 28,384,555 / 108,924,715 (26.1%)
[Layer Freezing] Training last 4 transformer layers (layers 8-11)
[Layer Freezing] Trainable params: 28,384,555 / 108,924,715 (26.1%)
[Layer Freezing] Training last 4 transformer layers (layers 8-11)
[Layer Freezing] Trainable params: 28,384,555 / 108,924,715 (26.1%)
[Layer Freezing] Training last 4 transformer layers (layers 8-11)
[Layer Freezing] Trainable params: 28,384,555 / 108,924,715 (26.1%)
[Round 39] T=2.00  α_ce=1.00  α_kd=1.00
 Round 39 | F1 0.3227 | P 0.6132 | R 0.2190 | Time 44.4s | Comm N/A | Local Avg F1: 0.2424

=== Round 40/100 ===
[Round 40] KD=ON | policy=prev_global
[Layer Freezing] Training last 4 transformer layers (layers 8-11)
[Layer Freezing] Trainable params: 28,384,555 / 108,924,715 (26.1%)
[Layer Freezing] Training last 4 transformer layers (layers 8-11)
[Layer Freezing] Trainable params: 28,384,555 / 108,924,715 (26.1%)
[Layer Freezing] Training last 4 transformer layers (layers 8-11)
[Layer Freezing] Trainable params: 28,384,555 / 108,924,715 (26.1%)
[Layer Freezing] Training last 4 transformer layers (layers 8-11)
[Layer Freezing] Trainable params: 28,384,555 / 108,924,715 (26.1%)
[Layer Freezing] Training last 4 transformer layers (layers 8-11)
[Layer Freezing] Trainable params: 28,384,555 / 108,924,715 (26.1%)
[Layer Freezing] Training last 4 transformer layers (layers 8-11)
[Layer Freezing] Trainable params: 28,384,555 / 108,924,715 (26.1%)
[Layer Freezing] Training last 4 transformer layers (layers 8-11)
[Layer Freezing] Trainable params: 28,384,555 / 108,924,715 (26.1%)
[Layer Freezing] Training last 4 transformer layers (layers 8-11)
[Layer Freezing] Trainable params: 28,384,555 / 108,924,715 (26.1%)
[Layer Freezing] Training last 4 transformer layers (layers 8-11)
[Layer Freezing] Trainable params: 28,384,555 / 108,924,715 (26.1%)
[Layer Freezing] Training last 4 transformer layers (layers 8-11)
[Layer Freezing] Trainable params: 28,384,555 / 108,924,715 (26.1%)
[Round 40] T=2.00  α_ce=1.00  α_kd=1.00
 Round 40 | F1 0.3547 | P 0.6044 | R 0.2510 | Time 44.2s | Comm N/A | Local Avg F1: 0.2654

=== Round 41/100 ===
[Round 41] KD=ON | policy=prev_global
[Layer Freezing] Training last 4 transformer layers (layers 8-11)
[Layer Freezing] Trainable params: 28,384,555 / 108,924,715 (26.1%)
[Layer Freezing] Training last 4 transformer layers (layers 8-11)
[Layer Freezing] Trainable params: 28,384,555 / 108,924,715 (26.1%)
[Layer Freezing] Training last 4 transformer layers (layers 8-11)
[Layer Freezing] Trainable params: 28,384,555 / 108,924,715 (26.1%)
[Layer Freezing] Training last 4 transformer layers (layers 8-11)
[Layer Freezing] Trainable params: 28,384,555 / 108,924,715 (26.1%)
[Layer Freezing] Training last 4 transformer layers (layers 8-11)
[Layer Freezing] Trainable params: 28,384,555 / 108,924,715 (26.1%)
[Layer Freezing] Training last 4 transformer layers (layers 8-11)
[Layer Freezing] Trainable params: 28,384,555 / 108,924,715 (26.1%)
[Layer Freezing] Training last 4 transformer layers (layers 8-11)
[Layer Freezing] Trainable params: 28,384,555 / 108,924,715 (26.1%)
[Layer Freezing] Training last 4 transformer layers (layers 8-11)
[Layer Freezing] Trainable params: 28,384,555 / 108,924,715 (26.1%)
[Layer Freezing] Training last 4 transformer layers (layers 8-11)
[Layer Freezing] Trainable params: 28,384,555 / 108,924,715 (26.1%)
[Layer Freezing] Training last 4 transformer layers (layers 8-11)
[Layer Freezing] Trainable params: 28,384,555 / 108,924,715 (26.1%)
[Round 41] T=2.00  α_ce=1.00  α_kd=1.00
 Round 41 | F1 0.3377 | P 0.6248 | R 0.2314 | Time 44.4s | Comm N/A | Local Avg F1: 0.2483

=== Round 42/100 ===
[Round 42] KD=ON | policy=prev_global
[Layer Freezing] Training last 4 transformer layers (layers 8-11)
[Layer Freezing] Trainable params: 28,384,555 / 108,924,715 (26.1%)
[Layer Freezing] Training last 4 transformer layers (layers 8-11)
[Layer Freezing] Trainable params: 28,384,555 / 108,924,715 (26.1%)
[Layer Freezing] Training last 4 transformer layers (layers 8-11)
[Layer Freezing] Trainable params: 28,384,555 / 108,924,715 (26.1%)
[Layer Freezing] Training last 4 transformer layers (layers 8-11)
[Layer Freezing] Trainable params: 28,384,555 / 108,924,715 (26.1%)
[Layer Freezing] Training last 4 transformer layers (layers 8-11)
[Layer Freezing] Trainable params: 28,384,555 / 108,924,715 (26.1%)
[Layer Freezing] Training last 4 transformer layers (layers 8-11)
[Layer Freezing] Trainable params: 28,384,555 / 108,924,715 (26.1%)
[Layer Freezing] Training last 4 transformer layers (layers 8-11)
[Layer Freezing] Trainable params: 28,384,555 / 108,924,715 (26.1%)
[Layer Freezing] Training last 4 transformer layers (layers 8-11)
[Layer Freezing] Trainable params: 28,384,555 / 108,924,715 (26.1%)
[Layer Freezing] Training last 4 transformer layers (layers 8-11)
[Layer Freezing] Trainable params: 28,384,555 / 108,924,715 (26.1%)
[Layer Freezing] Training last 4 transformer layers (layers 8-11)
[Layer Freezing] Trainable params: 28,384,555 / 108,924,715 (26.1%)
[Round 42] T=2.00  α_ce=1.00  α_kd=1.00
 Round 42 | F1 0.3591 | P 0.6203 | R 0.2527 | Time 44.9s | Comm N/A | Local Avg F1: 0.2634

=== Round 43/100 ===
[Round 43] KD=ON | policy=prev_global
[Layer Freezing] Training last 4 transformer layers (layers 8-11)
[Layer Freezing] Trainable params: 28,384,555 / 108,924,715 (26.1%)
[Layer Freezing] Training last 4 transformer layers (layers 8-11)
[Layer Freezing] Trainable params: 28,384,555 / 108,924,715 (26.1%)
[Layer Freezing] Training last 4 transformer layers (layers 8-11)
[Layer Freezing] Trainable params: 28,384,555 / 108,924,715 (26.1%)
[Layer Freezing] Training last 4 transformer layers (layers 8-11)
[Layer Freezing] Trainable params: 28,384,555 / 108,924,715 (26.1%)
[Layer Freezing] Training last 4 transformer layers (layers 8-11)
[Layer Freezing] Trainable params: 28,384,555 / 108,924,715 (26.1%)
[Layer Freezing] Training last 4 transformer layers (layers 8-11)
[Layer Freezing] Trainable params: 28,384,555 / 108,924,715 (26.1%)
[Layer Freezing] Training last 4 transformer layers (layers 8-11)
[Layer Freezing] Trainable params: 28,384,555 / 108,924,715 (26.1%)
[Layer Freezing] Training last 4 transformer layers (layers 8-11)
[Layer Freezing] Trainable params: 28,384,555 / 108,924,715 (26.1%)
[Layer Freezing] Training last 4 transformer layers (layers 8-11)
[Layer Freezing] Trainable params: 28,384,555 / 108,924,715 (26.1%)
[Layer Freezing] Training last 4 transformer layers (layers 8-11)
[Layer Freezing] Trainable params: 28,384,555 / 108,924,715 (26.1%)
[Round 43] T=2.00  α_ce=1.00  α_kd=1.00
 Round 43 | F1 0.3552 | P 0.6118 | R 0.2502 | Time 44.2s | Comm N/A | Local Avg F1: 0.2629

=== Round 44/100 ===
[Round 44] KD=ON | policy=prev_global
[Layer Freezing] Training last 4 transformer layers (layers 8-11)
[Layer Freezing] Trainable params: 28,384,555 / 108,924,715 (26.1%)
[Layer Freezing] Training last 4 transformer layers (layers 8-11)
[Layer Freezing] Trainable params: 28,384,555 / 108,924,715 (26.1%)
[Layer Freezing] Training last 4 transformer layers (layers 8-11)
[Layer Freezing] Trainable params: 28,384,555 / 108,924,715 (26.1%)
[Layer Freezing] Training last 4 transformer layers (layers 8-11)
[Layer Freezing] Trainable params: 28,384,555 / 108,924,715 (26.1%)
[Layer Freezing] Training last 4 transformer layers (layers 8-11)
[Layer Freezing] Trainable params: 28,384,555 / 108,924,715 (26.1%)
[Layer Freezing] Training last 4 transformer layers (layers 8-11)
[Layer Freezing] Trainable params: 28,384,555 / 108,924,715 (26.1%)
[Layer Freezing] Training last 4 transformer layers (layers 8-11)
[Layer Freezing] Trainable params: 28,384,555 / 108,924,715 (26.1%)
[Layer Freezing] Training last 4 transformer layers (layers 8-11)
[Layer Freezing] Trainable params: 28,384,555 / 108,924,715 (26.1%)
[Layer Freezing] Training last 4 transformer layers (layers 8-11)
[Layer Freezing] Trainable params: 28,384,555 / 108,924,715 (26.1%)
[Layer Freezing] Training last 4 transformer layers (layers 8-11)
[Layer Freezing] Trainable params: 28,384,555 / 108,924,715 (26.1%)
[Round 44] T=2.00  α_ce=1.00  α_kd=1.00
 Round 44 | F1 0.3546 | P 0.6172 | R 0.2487 | Time 45.0s | Comm N/A | Local Avg F1: 0.2608

=== Round 45/100 ===
[Round 45] KD=ON | policy=prev_global
[Layer Freezing] Training last 4 transformer layers (layers 8-11)
[Layer Freezing] Trainable params: 28,384,555 / 108,924,715 (26.1%)
[Layer Freezing] Training last 4 transformer layers (layers 8-11)
[Layer Freezing] Trainable params: 28,384,555 / 108,924,715 (26.1%)
[Layer Freezing] Training last 4 transformer layers (layers 8-11)
[Layer Freezing] Trainable params: 28,384,555 / 108,924,715 (26.1%)
[Layer Freezing] Training last 4 transformer layers (layers 8-11)
[Layer Freezing] Trainable params: 28,384,555 / 108,924,715 (26.1%)
[Layer Freezing] Training last 4 transformer layers (layers 8-11)
[Layer Freezing] Trainable params: 28,384,555 / 108,924,715 (26.1%)
[Layer Freezing] Training last 4 transformer layers (layers 8-11)
[Layer Freezing] Trainable params: 28,384,555 / 108,924,715 (26.1%)
[Layer Freezing] Training last 4 transformer layers (layers 8-11)
[Layer Freezing] Trainable params: 28,384,555 / 108,924,715 (26.1%)
[Layer Freezing] Training last 4 transformer layers (layers 8-11)
[Layer Freezing] Trainable params: 28,384,555 / 108,924,715 (26.1%)
[Layer Freezing] Training last 4 transformer layers (layers 8-11)
[Layer Freezing] Trainable params: 28,384,555 / 108,924,715 (26.1%)
[Layer Freezing] Training last 4 transformer layers (layers 8-11)
[Layer Freezing] Trainable params: 28,384,555 / 108,924,715 (26.1%)
[Round 45] T=2.00  α_ce=1.00  α_kd=1.00
 Round 45 | F1 0.3774 | P 0.6084 | R 0.2735 | Time 44.9s | Comm N/A | Local Avg F1: 0.2870

=== Round 46/100 ===
[Round 46] KD=ON | policy=prev_global
[Layer Freezing] Training last 4 transformer layers (layers 8-11)
[Layer Freezing] Trainable params: 28,384,555 / 108,924,715 (26.1%)
[Layer Freezing] Training last 4 transformer layers (layers 8-11)
[Layer Freezing] Trainable params: 28,384,555 / 108,924,715 (26.1%)
[Layer Freezing] Training last 4 transformer layers (layers 8-11)
[Layer Freezing] Trainable params: 28,384,555 / 108,924,715 (26.1%)
[Layer Freezing] Training last 4 transformer layers (layers 8-11)
[Layer Freezing] Trainable params: 28,384,555 / 108,924,715 (26.1%)
[Layer Freezing] Training last 4 transformer layers (layers 8-11)
[Layer Freezing] Trainable params: 28,384,555 / 108,924,715 (26.1%)
[Layer Freezing] Training last 4 transformer layers (layers 8-11)
[Layer Freezing] Trainable params: 28,384,555 / 108,924,715 (26.1%)
[Layer Freezing] Training last 4 transformer layers (layers 8-11)
[Layer Freezing] Trainable params: 28,384,555 / 108,924,715 (26.1%)
[Layer Freezing] Training last 4 transformer layers (layers 8-11)
[Layer Freezing] Trainable params: 28,384,555 / 108,924,715 (26.1%)
[Layer Freezing] Training last 4 transformer layers (layers 8-11)
[Layer Freezing] Trainable params: 28,384,555 / 108,924,715 (26.1%)
[Layer Freezing] Training last 4 transformer layers (layers 8-11)
[Layer Freezing] Trainable params: 28,384,555 / 108,924,715 (26.1%)
[Round 46] T=2.00  α_ce=1.00  α_kd=1.00
 Round 46 | F1 0.3851 | P 0.6088 | R 0.2816 | Time 44.0s | Comm N/A | Local Avg F1: 0.2921

=== Round 47/100 ===
[Round 47] KD=ON | policy=prev_global
[Layer Freezing] Training last 4 transformer layers (layers 8-11)
[Layer Freezing] Trainable params: 28,384,555 / 108,924,715 (26.1%)
[Layer Freezing] Training last 4 transformer layers (layers 8-11)
[Layer Freezing] Trainable params: 28,384,555 / 108,924,715 (26.1%)
[Layer Freezing] Training last 4 transformer layers (layers 8-11)
[Layer Freezing] Trainable params: 28,384,555 / 108,924,715 (26.1%)
[Layer Freezing] Training last 4 transformer layers (layers 8-11)
[Layer Freezing] Trainable params: 28,384,555 / 108,924,715 (26.1%)
[Layer Freezing] Training last 4 transformer layers (layers 8-11)
[Layer Freezing] Trainable params: 28,384,555 / 108,924,715 (26.1%)
[Layer Freezing] Training last 4 transformer layers (layers 8-11)
[Layer Freezing] Trainable params: 28,384,555 / 108,924,715 (26.1%)
[Layer Freezing] Training last 4 transformer layers (layers 8-11)
[Layer Freezing] Trainable params: 28,384,555 / 108,924,715 (26.1%)
[Layer Freezing] Training last 4 transformer layers (layers 8-11)
[Layer Freezing] Trainable params: 28,384,555 / 108,924,715 (26.1%)
[Layer Freezing] Training last 4 transformer layers (layers 8-11)
[Layer Freezing] Trainable params: 28,384,555 / 108,924,715 (26.1%)
[Layer Freezing] Training last 4 transformer layers (layers 8-11)
[Layer Freezing] Trainable params: 28,384,555 / 108,924,715 (26.1%)
[Round 47] T=2.00  α_ce=1.00  α_kd=1.00
 Round 47 | F1 0.4073 | P 0.6031 | R 0.3074 | Time 43.8s | Comm N/A | Local Avg F1: 0.3110

=== Round 48/100 ===
[Round 48] KD=ON | policy=prev_global
[Layer Freezing] Training last 4 transformer layers (layers 8-11)
[Layer Freezing] Trainable params: 28,384,555 / 108,924,715 (26.1%)
[Layer Freezing] Training last 4 transformer layers (layers 8-11)
[Layer Freezing] Trainable params: 28,384,555 / 108,924,715 (26.1%)
[Layer Freezing] Training last 4 transformer layers (layers 8-11)
[Layer Freezing] Trainable params: 28,384,555 / 108,924,715 (26.1%)
[Layer Freezing] Training last 4 transformer layers (layers 8-11)
[Layer Freezing] Trainable params: 28,384,555 / 108,924,715 (26.1%)
[Layer Freezing] Training last 4 transformer layers (layers 8-11)
[Layer Freezing] Trainable params: 28,384,555 / 108,924,715 (26.1%)
[Layer Freezing] Training last 4 transformer layers (layers 8-11)
[Layer Freezing] Trainable params: 28,384,555 / 108,924,715 (26.1%)
[Layer Freezing] Training last 4 transformer layers (layers 8-11)
[Layer Freezing] Trainable params: 28,384,555 / 108,924,715 (26.1%)
[Layer Freezing] Training last 4 transformer layers (layers 8-11)
[Layer Freezing] Trainable params: 28,384,555 / 108,924,715 (26.1%)
[Layer Freezing] Training last 4 transformer layers (layers 8-11)
[Layer Freezing] Trainable params: 28,384,555 / 108,924,715 (26.1%)
[Layer Freezing] Training last 4 transformer layers (layers 8-11)
[Layer Freezing] Trainable params: 28,384,555 / 108,924,715 (26.1%)
[Round 48] T=2.00  α_ce=1.00  α_kd=1.00
 Round 48 | F1 0.4005 | P 0.6103 | R 0.2980 | Time 45.7s | Comm N/A | Local Avg F1: 0.3053

=== Round 49/100 ===
[Round 49] KD=ON | policy=prev_global
[Layer Freezing] Training last 4 transformer layers (layers 8-11)
[Layer Freezing] Trainable params: 28,384,555 / 108,924,715 (26.1%)
[Layer Freezing] Training last 4 transformer layers (layers 8-11)
[Layer Freezing] Trainable params: 28,384,555 / 108,924,715 (26.1%)
[Layer Freezing] Training last 4 transformer layers (layers 8-11)
[Layer Freezing] Trainable params: 28,384,555 / 108,924,715 (26.1%)
[Layer Freezing] Training last 4 transformer layers (layers 8-11)
[Layer Freezing] Trainable params: 28,384,555 / 108,924,715 (26.1%)
[Layer Freezing] Training last 4 transformer layers (layers 8-11)
[Layer Freezing] Trainable params: 28,384,555 / 108,924,715 (26.1%)
[Layer Freezing] Training last 4 transformer layers (layers 8-11)
[Layer Freezing] Trainable params: 28,384,555 / 108,924,715 (26.1%)
[Layer Freezing] Training last 4 transformer layers (layers 8-11)
[Layer Freezing] Trainable params: 28,384,555 / 108,924,715 (26.1%)
[Layer Freezing] Training last 4 transformer layers (layers 8-11)
[Layer Freezing] Trainable params: 28,384,555 / 108,924,715 (26.1%)
[Layer Freezing] Training last 4 transformer layers (layers 8-11)
[Layer Freezing] Trainable params: 28,384,555 / 108,924,715 (26.1%)
[Layer Freezing] Training last 4 transformer layers (layers 8-11)
[Layer Freezing] Trainable params: 28,384,555 / 108,924,715 (26.1%)
[Round 49] T=2.00  α_ce=1.00  α_kd=1.00
 Round 49 | F1 0.3952 | P 0.6149 | R 0.2912 | Time 45.3s | Comm N/A | Local Avg F1: 0.3034

=== Round 50/100 ===
[Round 50] KD=ON | policy=prev_global
[Layer Freezing] Training last 4 transformer layers (layers 8-11)
[Layer Freezing] Trainable params: 28,384,555 / 108,924,715 (26.1%)
[Layer Freezing] Training last 4 transformer layers (layers 8-11)
[Layer Freezing] Trainable params: 28,384,555 / 108,924,715 (26.1%)
[Layer Freezing] Training last 4 transformer layers (layers 8-11)
[Layer Freezing] Trainable params: 28,384,555 / 108,924,715 (26.1%)
[Layer Freezing] Training last 4 transformer layers (layers 8-11)
[Layer Freezing] Trainable params: 28,384,555 / 108,924,715 (26.1%)
[Layer Freezing] Training last 4 transformer layers (layers 8-11)
[Layer Freezing] Trainable params: 28,384,555 / 108,924,715 (26.1%)
[Layer Freezing] Training last 4 transformer layers (layers 8-11)
[Layer Freezing] Trainable params: 28,384,555 / 108,924,715 (26.1%)
[Layer Freezing] Training last 4 transformer layers (layers 8-11)
[Layer Freezing] Trainable params: 28,384,555 / 108,924,715 (26.1%)
[Layer Freezing] Training last 4 transformer layers (layers 8-11)
[Layer Freezing] Trainable params: 28,384,555 / 108,924,715 (26.1%)
[Layer Freezing] Training last 4 transformer layers (layers 8-11)
[Layer Freezing] Trainable params: 28,384,555 / 108,924,715 (26.1%)
[Layer Freezing] Training last 4 transformer layers (layers 8-11)
[Layer Freezing] Trainable params: 28,384,555 / 108,924,715 (26.1%)
[Round 50] T=2.00  α_ce=1.00  α_kd=1.00
 Round 50 | F1 0.4091 | P 0.6111 | R 0.3075 | Time 44.2s | Comm N/A | Local Avg F1: 0.3148

=== Round 51/100 ===
[Round 51] KD=ON | policy=prev_global
[Layer Freezing] Training last 4 transformer layers (layers 8-11)
[Layer Freezing] Trainable params: 28,384,555 / 108,924,715 (26.1%)
[Layer Freezing] Training last 4 transformer layers (layers 8-11)
[Layer Freezing] Trainable params: 28,384,555 / 108,924,715 (26.1%)
[Layer Freezing] Training last 4 transformer layers (layers 8-11)
[Layer Freezing] Trainable params: 28,384,555 / 108,924,715 (26.1%)
[Layer Freezing] Training last 4 transformer layers (layers 8-11)
[Layer Freezing] Trainable params: 28,384,555 / 108,924,715 (26.1%)
[Layer Freezing] Training last 4 transformer layers (layers 8-11)
[Layer Freezing] Trainable params: 28,384,555 / 108,924,715 (26.1%)
[Layer Freezing] Training last 4 transformer layers (layers 8-11)
[Layer Freezing] Trainable params: 28,384,555 / 108,924,715 (26.1%)
[Layer Freezing] Training last 4 transformer layers (layers 8-11)
[Layer Freezing] Trainable params: 28,384,555 / 108,924,715 (26.1%)
[Layer Freezing] Training last 4 transformer layers (layers 8-11)
[Layer Freezing] Trainable params: 28,384,555 / 108,924,715 (26.1%)
[Layer Freezing] Training last 4 transformer layers (layers 8-11)
[Layer Freezing] Trainable params: 28,384,555 / 108,924,715 (26.1%)
[Layer Freezing] Training last 4 transformer layers (layers 8-11)
[Layer Freezing] Trainable params: 28,384,555 / 108,924,715 (26.1%)
[Round 51] T=2.00  α_ce=1.00  α_kd=1.00
 Round 51 | F1 0.4184 | P 0.6026 | R 0.3205 | Time 44.4s | Comm N/A | Local Avg F1: 0.3248

=== Round 52/100 ===
[Round 52] KD=ON | policy=prev_global
[Layer Freezing] Training last 4 transformer layers (layers 8-11)
[Layer Freezing] Trainable params: 28,384,555 / 108,924,715 (26.1%)
[Layer Freezing] Training last 4 transformer layers (layers 8-11)
[Layer Freezing] Trainable params: 28,384,555 / 108,924,715 (26.1%)
[Layer Freezing] Training last 4 transformer layers (layers 8-11)
[Layer Freezing] Trainable params: 28,384,555 / 108,924,715 (26.1%)
[Layer Freezing] Training last 4 transformer layers (layers 8-11)
[Layer Freezing] Trainable params: 28,384,555 / 108,924,715 (26.1%)
[Layer Freezing] Training last 4 transformer layers (layers 8-11)
[Layer Freezing] Trainable params: 28,384,555 / 108,924,715 (26.1%)
[Layer Freezing] Training last 4 transformer layers (layers 8-11)
[Layer Freezing] Trainable params: 28,384,555 / 108,924,715 (26.1%)
[Layer Freezing] Training last 4 transformer layers (layers 8-11)
[Layer Freezing] Trainable params: 28,384,555 / 108,924,715 (26.1%)
[Layer Freezing] Training last 4 transformer layers (layers 8-11)
[Layer Freezing] Trainable params: 28,384,555 / 108,924,715 (26.1%)
[Layer Freezing] Training last 4 transformer layers (layers 8-11)
[Layer Freezing] Trainable params: 28,384,555 / 108,924,715 (26.1%)
[Layer Freezing] Training last 4 transformer layers (layers 8-11)
[Layer Freezing] Trainable params: 28,384,555 / 108,924,715 (26.1%)
[Round 52] T=2.00  α_ce=1.00  α_kd=1.00
 Round 52 | F1 0.4036 | P 0.6186 | R 0.2995 | Time 45.8s | Comm N/A | Local Avg F1: 0.3160

=== Round 53/100 ===
[Round 53] KD=ON | policy=prev_global
[Layer Freezing] Training last 4 transformer layers (layers 8-11)
[Layer Freezing] Trainable params: 28,384,555 / 108,924,715 (26.1%)
[Layer Freezing] Training last 4 transformer layers (layers 8-11)
[Layer Freezing] Trainable params: 28,384,555 / 108,924,715 (26.1%)
[Layer Freezing] Training last 4 transformer layers (layers 8-11)
[Layer Freezing] Trainable params: 28,384,555 / 108,924,715 (26.1%)
[Layer Freezing] Training last 4 transformer layers (layers 8-11)
[Layer Freezing] Trainable params: 28,384,555 / 108,924,715 (26.1%)
[Layer Freezing] Training last 4 transformer layers (layers 8-11)
[Layer Freezing] Trainable params: 28,384,555 / 108,924,715 (26.1%)
[Layer Freezing] Training last 4 transformer layers (layers 8-11)
[Layer Freezing] Trainable params: 28,384,555 / 108,924,715 (26.1%)
[Layer Freezing] Training last 4 transformer layers (layers 8-11)
[Layer Freezing] Trainable params: 28,384,555 / 108,924,715 (26.1%)
[Layer Freezing] Training last 4 transformer layers (layers 8-11)
[Layer Freezing] Trainable params: 28,384,555 / 108,924,715 (26.1%)
[Layer Freezing] Training last 4 transformer layers (layers 8-11)
[Layer Freezing] Trainable params: 28,384,555 / 108,924,715 (26.1%)
[Layer Freezing] Training last 4 transformer layers (layers 8-11)
[Layer Freezing] Trainable params: 28,384,555 / 108,924,715 (26.1%)
[Round 53] T=2.00  α_ce=1.00  α_kd=1.00
 Round 53 | F1 0.4010 | P 0.6263 | R 0.2949 | Time 45.1s | Comm N/A | Local Avg F1: 0.3169

=== Round 54/100 ===
[Round 54] KD=ON | policy=prev_global
[Layer Freezing] Training last 4 transformer layers (layers 8-11)
[Layer Freezing] Trainable params: 28,384,555 / 108,924,715 (26.1%)
[Layer Freezing] Training last 4 transformer layers (layers 8-11)
[Layer Freezing] Trainable params: 28,384,555 / 108,924,715 (26.1%)
[Layer Freezing] Training last 4 transformer layers (layers 8-11)
[Layer Freezing] Trainable params: 28,384,555 / 108,924,715 (26.1%)
[Layer Freezing] Training last 4 transformer layers (layers 8-11)
[Layer Freezing] Trainable params: 28,384,555 / 108,924,715 (26.1%)
[Layer Freezing] Training last 4 transformer layers (layers 8-11)
[Layer Freezing] Trainable params: 28,384,555 / 108,924,715 (26.1%)
[Layer Freezing] Training last 4 transformer layers (layers 8-11)
[Layer Freezing] Trainable params: 28,384,555 / 108,924,715 (26.1%)
[Layer Freezing] Training last 4 transformer layers (layers 8-11)
[Layer Freezing] Trainable params: 28,384,555 / 108,924,715 (26.1%)
[Layer Freezing] Training last 4 transformer layers (layers 8-11)
[Layer Freezing] Trainable params: 28,384,555 / 108,924,715 (26.1%)
[Layer Freezing] Training last 4 transformer layers (layers 8-11)
[Layer Freezing] Trainable params: 28,384,555 / 108,924,715 (26.1%)
[Layer Freezing] Training last 4 transformer layers (layers 8-11)
[Layer Freezing] Trainable params: 28,384,555 / 108,924,715 (26.1%)
[Round 54] T=2.00  α_ce=1.00  α_kd=1.00
 Round 54 | F1 0.4134 | P 0.6203 | R 0.3100 | Time 43.8s | Comm N/A | Local Avg F1: 0.3292

=== Round 55/100 ===
[Round 55] KD=ON | policy=prev_global
[Layer Freezing] Training last 4 transformer layers (layers 8-11)
[Layer Freezing] Trainable params: 28,384,555 / 108,924,715 (26.1%)
[Layer Freezing] Training last 4 transformer layers (layers 8-11)
[Layer Freezing] Trainable params: 28,384,555 / 108,924,715 (26.1%)
[Layer Freezing] Training last 4 transformer layers (layers 8-11)
[Layer Freezing] Trainable params: 28,384,555 / 108,924,715 (26.1%)
[Layer Freezing] Training last 4 transformer layers (layers 8-11)
[Layer Freezing] Trainable params: 28,384,555 / 108,924,715 (26.1%)
[Layer Freezing] Training last 4 transformer layers (layers 8-11)
[Layer Freezing] Trainable params: 28,384,555 / 108,924,715 (26.1%)
[Layer Freezing] Training last 4 transformer layers (layers 8-11)
[Layer Freezing] Trainable params: 28,384,555 / 108,924,715 (26.1%)
[Layer Freezing] Training last 4 transformer layers (layers 8-11)
[Layer Freezing] Trainable params: 28,384,555 / 108,924,715 (26.1%)
[Layer Freezing] Training last 4 transformer layers (layers 8-11)
[Layer Freezing] Trainable params: 28,384,555 / 108,924,715 (26.1%)
[Layer Freezing] Training last 4 transformer layers (layers 8-11)
[Layer Freezing] Trainable params: 28,384,555 / 108,924,715 (26.1%)
[Layer Freezing] Training last 4 transformer layers (layers 8-11)
[Layer Freezing] Trainable params: 28,384,555 / 108,924,715 (26.1%)
[Round 55] T=2.00  α_ce=1.00  α_kd=1.00
 Round 55 | F1 0.4017 | P 0.6271 | R 0.2955 | Time 44.2s | Comm N/A | Local Avg F1: 0.3215

=== Round 56/100 ===
[Round 56] KD=ON | policy=prev_global
[Layer Freezing] Training last 4 transformer layers (layers 8-11)
[Layer Freezing] Trainable params: 28,384,555 / 108,924,715 (26.1%)
[Layer Freezing] Training last 4 transformer layers (layers 8-11)
[Layer Freezing] Trainable params: 28,384,555 / 108,924,715 (26.1%)
[Layer Freezing] Training last 4 transformer layers (layers 8-11)
[Layer Freezing] Trainable params: 28,384,555 / 108,924,715 (26.1%)
[Layer Freezing] Training last 4 transformer layers (layers 8-11)
[Layer Freezing] Trainable params: 28,384,555 / 108,924,715 (26.1%)
[Layer Freezing] Training last 4 transformer layers (layers 8-11)
[Layer Freezing] Trainable params: 28,384,555 / 108,924,715 (26.1%)
[Layer Freezing] Training last 4 transformer layers (layers 8-11)
[Layer Freezing] Trainable params: 28,384,555 / 108,924,715 (26.1%)
[Layer Freezing] Training last 4 transformer layers (layers 8-11)
[Layer Freezing] Trainable params: 28,384,555 / 108,924,715 (26.1%)
[Layer Freezing] Training last 4 transformer layers (layers 8-11)
[Layer Freezing] Trainable params: 28,384,555 / 108,924,715 (26.1%)
[Layer Freezing] Training last 4 transformer layers (layers 8-11)
[Layer Freezing] Trainable params: 28,384,555 / 108,924,715 (26.1%)
[Layer Freezing] Training last 4 transformer layers (layers 8-11)
[Layer Freezing] Trainable params: 28,384,555 / 108,924,715 (26.1%)
[Round 56] T=2.00  α_ce=1.00  α_kd=1.00
 Round 56 | F1 0.4144 | P 0.6172 | R 0.3119 | Time 45.0s | Comm N/A | Local Avg F1: 0.3295

=== Round 57/100 ===
[Round 57] KD=ON | policy=prev_global
[Layer Freezing] Training last 4 transformer layers (layers 8-11)
[Layer Freezing] Trainable params: 28,384,555 / 108,924,715 (26.1%)
[Layer Freezing] Training last 4 transformer layers (layers 8-11)
[Layer Freezing] Trainable params: 28,384,555 / 108,924,715 (26.1%)
[Layer Freezing] Training last 4 transformer layers (layers 8-11)
[Layer Freezing] Trainable params: 28,384,555 / 108,924,715 (26.1%)
[Layer Freezing] Training last 4 transformer layers (layers 8-11)
[Layer Freezing] Trainable params: 28,384,555 / 108,924,715 (26.1%)
[Layer Freezing] Training last 4 transformer layers (layers 8-11)
[Layer Freezing] Trainable params: 28,384,555 / 108,924,715 (26.1%)
[Layer Freezing] Training last 4 transformer layers (layers 8-11)
[Layer Freezing] Trainable params: 28,384,555 / 108,924,715 (26.1%)
[Layer Freezing] Training last 4 transformer layers (layers 8-11)
[Layer Freezing] Trainable params: 28,384,555 / 108,924,715 (26.1%)
[Layer Freezing] Training last 4 transformer layers (layers 8-11)
[Layer Freezing] Trainable params: 28,384,555 / 108,924,715 (26.1%)
[Layer Freezing] Training last 4 transformer layers (layers 8-11)
[Layer Freezing] Trainable params: 28,384,555 / 108,924,715 (26.1%)
[Layer Freezing] Training last 4 transformer layers (layers 8-11)
[Layer Freezing] Trainable params: 28,384,555 / 108,924,715 (26.1%)
[Round 57] T=2.00  α_ce=1.00  α_kd=1.00
 Round 57 | F1 0.4230 | P 0.6201 | R 0.3209 | Time 45.1s | Comm N/A | Local Avg F1: 0.3315

=== Round 58/100 ===
[Round 58] KD=ON | policy=prev_global
[Layer Freezing] Training last 4 transformer layers (layers 8-11)
[Layer Freezing] Trainable params: 28,384,555 / 108,924,715 (26.1%)
[Layer Freezing] Training last 4 transformer layers (layers 8-11)
[Layer Freezing] Trainable params: 28,384,555 / 108,924,715 (26.1%)
[Layer Freezing] Training last 4 transformer layers (layers 8-11)
[Layer Freezing] Trainable params: 28,384,555 / 108,924,715 (26.1%)
[Layer Freezing] Training last 4 transformer layers (layers 8-11)
[Layer Freezing] Trainable params: 28,384,555 / 108,924,715 (26.1%)
[Layer Freezing] Training last 4 transformer layers (layers 8-11)
[Layer Freezing] Trainable params: 28,384,555 / 108,924,715 (26.1%)
[Layer Freezing] Training last 4 transformer layers (layers 8-11)
[Layer Freezing] Trainable params: 28,384,555 / 108,924,715 (26.1%)
[Layer Freezing] Training last 4 transformer layers (layers 8-11)
[Layer Freezing] Trainable params: 28,384,555 / 108,924,715 (26.1%)
[Layer Freezing] Training last 4 transformer layers (layers 8-11)
[Layer Freezing] Trainable params: 28,384,555 / 108,924,715 (26.1%)
[Layer Freezing] Training last 4 transformer layers (layers 8-11)
[Layer Freezing] Trainable params: 28,384,555 / 108,924,715 (26.1%)
[Layer Freezing] Training last 4 transformer layers (layers 8-11)
[Layer Freezing] Trainable params: 28,384,555 / 108,924,715 (26.1%)
[Round 58] T=2.00  α_ce=1.00  α_kd=1.00
 Round 58 | F1 0.4402 | P 0.6081 | R 0.3449 | Time 44.4s | Comm N/A | Local Avg F1: 0.3463

=== Round 59/100 ===
[Round 59] KD=ON | policy=prev_global
[Layer Freezing] Training last 4 transformer layers (layers 8-11)
[Layer Freezing] Trainable params: 28,384,555 / 108,924,715 (26.1%)
[Layer Freezing] Training last 4 transformer layers (layers 8-11)
[Layer Freezing] Trainable params: 28,384,555 / 108,924,715 (26.1%)
[Layer Freezing] Training last 4 transformer layers (layers 8-11)
[Layer Freezing] Trainable params: 28,384,555 / 108,924,715 (26.1%)
[Layer Freezing] Training last 4 transformer layers (layers 8-11)
[Layer Freezing] Trainable params: 28,384,555 / 108,924,715 (26.1%)
[Layer Freezing] Training last 4 transformer layers (layers 8-11)
[Layer Freezing] Trainable params: 28,384,555 / 108,924,715 (26.1%)
[Layer Freezing] Training last 4 transformer layers (layers 8-11)
[Layer Freezing] Trainable params: 28,384,555 / 108,924,715 (26.1%)
[Layer Freezing] Training last 4 transformer layers (layers 8-11)
[Layer Freezing] Trainable params: 28,384,555 / 108,924,715 (26.1%)
[Layer Freezing] Training last 4 transformer layers (layers 8-11)
[Layer Freezing] Trainable params: 28,384,555 / 108,924,715 (26.1%)
[Layer Freezing] Training last 4 transformer layers (layers 8-11)
[Layer Freezing] Trainable params: 28,384,555 / 108,924,715 (26.1%)
[Layer Freezing] Training last 4 transformer layers (layers 8-11)
[Layer Freezing] Trainable params: 28,384,555 / 108,924,715 (26.1%)
[Round 59] T=2.00  α_ce=1.00  α_kd=1.00
 Round 59 | F1 0.4356 | P 0.6169 | R 0.3366 | Time 45.2s | Comm N/A | Local Avg F1: 0.3426

=== Round 60/100 ===
[Round 60] KD=ON | policy=prev_global
[Layer Freezing] Training last 4 transformer layers (layers 8-11)
[Layer Freezing] Trainable params: 28,384,555 / 108,924,715 (26.1%)
[Layer Freezing] Training last 4 transformer layers (layers 8-11)
[Layer Freezing] Trainable params: 28,384,555 / 108,924,715 (26.1%)
[Layer Freezing] Training last 4 transformer layers (layers 8-11)
[Layer Freezing] Trainable params: 28,384,555 / 108,924,715 (26.1%)
[Layer Freezing] Training last 4 transformer layers (layers 8-11)
[Layer Freezing] Trainable params: 28,384,555 / 108,924,715 (26.1%)
[Layer Freezing] Training last 4 transformer layers (layers 8-11)
[Layer Freezing] Trainable params: 28,384,555 / 108,924,715 (26.1%)
[Layer Freezing] Training last 4 transformer layers (layers 8-11)
[Layer Freezing] Trainable params: 28,384,555 / 108,924,715 (26.1%)
[Layer Freezing] Training last 4 transformer layers (layers 8-11)
[Layer Freezing] Trainable params: 28,384,555 / 108,924,715 (26.1%)
[Layer Freezing] Training last 4 transformer layers (layers 8-11)
[Layer Freezing] Trainable params: 28,384,555 / 108,924,715 (26.1%)
[Layer Freezing] Training last 4 transformer layers (layers 8-11)
[Layer Freezing] Trainable params: 28,384,555 / 108,924,715 (26.1%)
[Layer Freezing] Training last 4 transformer layers (layers 8-11)
[Layer Freezing] Trainable params: 28,384,555 / 108,924,715 (26.1%)
[Round 60] T=2.00  α_ce=1.00  α_kd=1.00
 Round 60 | F1 0.4470 | P 0.6116 | R 0.3522 | Time 45.5s | Comm N/A | Local Avg F1: 0.3532

=== Round 61/100 ===
[Round 61] KD=ON | policy=prev_global
[Layer Freezing] Training last 4 transformer layers (layers 8-11)
[Layer Freezing] Trainable params: 28,384,555 / 108,924,715 (26.1%)
[Layer Freezing] Training last 4 transformer layers (layers 8-11)
[Layer Freezing] Trainable params: 28,384,555 / 108,924,715 (26.1%)
[Layer Freezing] Training last 4 transformer layers (layers 8-11)
[Layer Freezing] Trainable params: 28,384,555 / 108,924,715 (26.1%)
[Layer Freezing] Training last 4 transformer layers (layers 8-11)
[Layer Freezing] Trainable params: 28,384,555 / 108,924,715 (26.1%)
[Layer Freezing] Training last 4 transformer layers (layers 8-11)
[Layer Freezing] Trainable params: 28,384,555 / 108,924,715 (26.1%)
[Layer Freezing] Training last 4 transformer layers (layers 8-11)
[Layer Freezing] Trainable params: 28,384,555 / 108,924,715 (26.1%)
[Layer Freezing] Training last 4 transformer layers (layers 8-11)
[Layer Freezing] Trainable params: 28,384,555 / 108,924,715 (26.1%)
[Layer Freezing] Training last 4 transformer layers (layers 8-11)
[Layer Freezing] Trainable params: 28,384,555 / 108,924,715 (26.1%)
[Layer Freezing] Training last 4 transformer layers (layers 8-11)
[Layer Freezing] Trainable params: 28,384,555 / 108,924,715 (26.1%)
[Layer Freezing] Training last 4 transformer layers (layers 8-11)
[Layer Freezing] Trainable params: 28,384,555 / 108,924,715 (26.1%)
[Round 61] T=2.00  α_ce=1.00  α_kd=1.00
 Round 61 | F1 0.4562 | P 0.6079 | R 0.3651 | Time 44.2s | Comm N/A | Local Avg F1: 0.3619

=== Round 62/100 ===
[Round 62] KD=ON | policy=prev_global
[Layer Freezing] Training last 4 transformer layers (layers 8-11)
[Layer Freezing] Trainable params: 28,384,555 / 108,924,715 (26.1%)
[Layer Freezing] Training last 4 transformer layers (layers 8-11)
[Layer Freezing] Trainable params: 28,384,555 / 108,924,715 (26.1%)
[Layer Freezing] Training last 4 transformer layers (layers 8-11)
[Layer Freezing] Trainable params: 28,384,555 / 108,924,715 (26.1%)
[Layer Freezing] Training last 4 transformer layers (layers 8-11)
[Layer Freezing] Trainable params: 28,384,555 / 108,924,715 (26.1%)
[Layer Freezing] Training last 4 transformer layers (layers 8-11)
[Layer Freezing] Trainable params: 28,384,555 / 108,924,715 (26.1%)
[Layer Freezing] Training last 4 transformer layers (layers 8-11)
[Layer Freezing] Trainable params: 28,384,555 / 108,924,715 (26.1%)
[Layer Freezing] Training last 4 transformer layers (layers 8-11)
[Layer Freezing] Trainable params: 28,384,555 / 108,924,715 (26.1%)
[Layer Freezing] Training last 4 transformer layers (layers 8-11)
[Layer Freezing] Trainable params: 28,384,555 / 108,924,715 (26.1%)
[Layer Freezing] Training last 4 transformer layers (layers 8-11)
[Layer Freezing] Trainable params: 28,384,555 / 108,924,715 (26.1%)
[Layer Freezing] Training last 4 transformer layers (layers 8-11)
[Layer Freezing] Trainable params: 28,384,555 / 108,924,715 (26.1%)
[Round 62] T=2.00  α_ce=1.00  α_kd=1.00
 Round 62 | F1 0.4569 | P 0.6075 | R 0.3662 | Time 44.2s | Comm N/A | Local Avg F1: 0.3647

=== Round 63/100 ===
[Round 63] KD=ON | policy=prev_global
[Layer Freezing] Training last 4 transformer layers (layers 8-11)
[Layer Freezing] Trainable params: 28,384,555 / 108,924,715 (26.1%)
[Layer Freezing] Training last 4 transformer layers (layers 8-11)
[Layer Freezing] Trainable params: 28,384,555 / 108,924,715 (26.1%)
[Layer Freezing] Training last 4 transformer layers (layers 8-11)
[Layer Freezing] Trainable params: 28,384,555 / 108,924,715 (26.1%)
[Layer Freezing] Training last 4 transformer layers (layers 8-11)
[Layer Freezing] Trainable params: 28,384,555 / 108,924,715 (26.1%)
[Layer Freezing] Training last 4 transformer layers (layers 8-11)
[Layer Freezing] Trainable params: 28,384,555 / 108,924,715 (26.1%)
[Layer Freezing] Training last 4 transformer layers (layers 8-11)
[Layer Freezing] Trainable params: 28,384,555 / 108,924,715 (26.1%)
[Layer Freezing] Training last 4 transformer layers (layers 8-11)
[Layer Freezing] Trainable params: 28,384,555 / 108,924,715 (26.1%)
[Layer Freezing] Training last 4 transformer layers (layers 8-11)
[Layer Freezing] Trainable params: 28,384,555 / 108,924,715 (26.1%)
[Layer Freezing] Training last 4 transformer layers (layers 8-11)
[Layer Freezing] Trainable params: 28,384,555 / 108,924,715 (26.1%)
[Layer Freezing] Training last 4 transformer layers (layers 8-11)
[Layer Freezing] Trainable params: 28,384,555 / 108,924,715 (26.1%)
[Round 63] T=2.00  α_ce=1.00  α_kd=1.00
 Round 63 | F1 0.4315 | P 0.6228 | R 0.3302 | Time 45.9s | Comm N/A | Local Avg F1: 0.3466

=== Round 64/100 ===
[Round 64] KD=ON | policy=prev_global
[Layer Freezing] Training last 4 transformer layers (layers 8-11)
[Layer Freezing] Trainable params: 28,384,555 / 108,924,715 (26.1%)
[Layer Freezing] Training last 4 transformer layers (layers 8-11)
[Layer Freezing] Trainable params: 28,384,555 / 108,924,715 (26.1%)
[Layer Freezing] Training last 4 transformer layers (layers 8-11)
[Layer Freezing] Trainable params: 28,384,555 / 108,924,715 (26.1%)
[Layer Freezing] Training last 4 transformer layers (layers 8-11)
[Layer Freezing] Trainable params: 28,384,555 / 108,924,715 (26.1%)
[Layer Freezing] Training last 4 transformer layers (layers 8-11)
[Layer Freezing] Trainable params: 28,384,555 / 108,924,715 (26.1%)
[Layer Freezing] Training last 4 transformer layers (layers 8-11)
[Layer Freezing] Trainable params: 28,384,555 / 108,924,715 (26.1%)
[Layer Freezing] Training last 4 transformer layers (layers 8-11)
[Layer Freezing] Trainable params: 28,384,555 / 108,924,715 (26.1%)
[Layer Freezing] Training last 4 transformer layers (layers 8-11)
[Layer Freezing] Trainable params: 28,384,555 / 108,924,715 (26.1%)
[Layer Freezing] Training last 4 transformer layers (layers 8-11)
[Layer Freezing] Trainable params: 28,384,555 / 108,924,715 (26.1%)
[Layer Freezing] Training last 4 transformer layers (layers 8-11)
[Layer Freezing] Trainable params: 28,384,555 / 108,924,715 (26.1%)
[Round 64] T=2.00  α_ce=1.00  α_kd=1.00
 Round 64 | F1 0.4365 | P 0.6239 | R 0.3357 | Time 45.1s | Comm N/A | Local Avg F1: 0.3489

=== Round 65/100 ===
[Round 65] KD=ON | policy=prev_global
[Layer Freezing] Training last 4 transformer layers (layers 8-11)
[Layer Freezing] Trainable params: 28,384,555 / 108,924,715 (26.1%)
[Layer Freezing] Training last 4 transformer layers (layers 8-11)
[Layer Freezing] Trainable params: 28,384,555 / 108,924,715 (26.1%)
[Layer Freezing] Training last 4 transformer layers (layers 8-11)
[Layer Freezing] Trainable params: 28,384,555 / 108,924,715 (26.1%)
[Layer Freezing] Training last 4 transformer layers (layers 8-11)
[Layer Freezing] Trainable params: 28,384,555 / 108,924,715 (26.1%)
[Layer Freezing] Training last 4 transformer layers (layers 8-11)
[Layer Freezing] Trainable params: 28,384,555 / 108,924,715 (26.1%)
[Layer Freezing] Training last 4 transformer layers (layers 8-11)
[Layer Freezing] Trainable params: 28,384,555 / 108,924,715 (26.1%)
[Layer Freezing] Training last 4 transformer layers (layers 8-11)
[Layer Freezing] Trainable params: 28,384,555 / 108,924,715 (26.1%)
[Layer Freezing] Training last 4 transformer layers (layers 8-11)
[Layer Freezing] Trainable params: 28,384,555 / 108,924,715 (26.1%)
[Layer Freezing] Training last 4 transformer layers (layers 8-11)
[Layer Freezing] Trainable params: 28,384,555 / 108,924,715 (26.1%)
[Layer Freezing] Training last 4 transformer layers (layers 8-11)
[Layer Freezing] Trainable params: 28,384,555 / 108,924,715 (26.1%)
[Round 65] T=2.00  α_ce=1.00  α_kd=1.00
 Round 65 | F1 0.4505 | P 0.6210 | R 0.3535 | Time 43.9s | Comm N/A | Local Avg F1: 0.3582

=== Round 66/100 ===
[Round 66] KD=ON | policy=prev_global
[Layer Freezing] Training last 4 transformer layers (layers 8-11)
[Layer Freezing] Trainable params: 28,384,555 / 108,924,715 (26.1%)
[Layer Freezing] Training last 4 transformer layers (layers 8-11)
[Layer Freezing] Trainable params: 28,384,555 / 108,924,715 (26.1%)
[Layer Freezing] Training last 4 transformer layers (layers 8-11)
[Layer Freezing] Trainable params: 28,384,555 / 108,924,715 (26.1%)
[Layer Freezing] Training last 4 transformer layers (layers 8-11)
[Layer Freezing] Trainable params: 28,384,555 / 108,924,715 (26.1%)
[Layer Freezing] Training last 4 transformer layers (layers 8-11)
[Layer Freezing] Trainable params: 28,384,555 / 108,924,715 (26.1%)
[Layer Freezing] Training last 4 transformer layers (layers 8-11)
[Layer Freezing] Trainable params: 28,384,555 / 108,924,715 (26.1%)
[Layer Freezing] Training last 4 transformer layers (layers 8-11)
[Layer Freezing] Trainable params: 28,384,555 / 108,924,715 (26.1%)
[Layer Freezing] Training last 4 transformer layers (layers 8-11)
[Layer Freezing] Trainable params: 28,384,555 / 108,924,715 (26.1%)
[Layer Freezing] Training last 4 transformer layers (layers 8-11)
[Layer Freezing] Trainable params: 28,384,555 / 108,924,715 (26.1%)
[Layer Freezing] Training last 4 transformer layers (layers 8-11)
[Layer Freezing] Trainable params: 28,384,555 / 108,924,715 (26.1%)
[Round 66] T=2.00  α_ce=1.00  α_kd=1.00
 Round 66 | F1 0.4493 | P 0.6298 | R 0.3491 | Time 44.5s | Comm N/A | Local Avg F1: 0.3586

=== Round 67/100 ===
[Round 67] KD=ON | policy=prev_global
[Layer Freezing] Training last 4 transformer layers (layers 8-11)
[Layer Freezing] Trainable params: 28,384,555 / 108,924,715 (26.1%)
[Layer Freezing] Training last 4 transformer layers (layers 8-11)
[Layer Freezing] Trainable params: 28,384,555 / 108,924,715 (26.1%)
[Layer Freezing] Training last 4 transformer layers (layers 8-11)
[Layer Freezing] Trainable params: 28,384,555 / 108,924,715 (26.1%)
[Layer Freezing] Training last 4 transformer layers (layers 8-11)
[Layer Freezing] Trainable params: 28,384,555 / 108,924,715 (26.1%)
[Layer Freezing] Training last 4 transformer layers (layers 8-11)
[Layer Freezing] Trainable params: 28,384,555 / 108,924,715 (26.1%)
[Layer Freezing] Training last 4 transformer layers (layers 8-11)
[Layer Freezing] Trainable params: 28,384,555 / 108,924,715 (26.1%)
[Layer Freezing] Training last 4 transformer layers (layers 8-11)
[Layer Freezing] Trainable params: 28,384,555 / 108,924,715 (26.1%)
[Layer Freezing] Training last 4 transformer layers (layers 8-11)
[Layer Freezing] Trainable params: 28,384,555 / 108,924,715 (26.1%)
[Layer Freezing] Training last 4 transformer layers (layers 8-11)
[Layer Freezing] Trainable params: 28,384,555 / 108,924,715 (26.1%)
[Layer Freezing] Training last 4 transformer layers (layers 8-11)
[Layer Freezing] Trainable params: 28,384,555 / 108,924,715 (26.1%)
[Round 67] T=2.00  α_ce=1.00  α_kd=1.00
 Round 67 | F1 0.4591 | P 0.6193 | R 0.3647 | Time 45.6s | Comm N/A | Local Avg F1: 0.3707

=== Round 68/100 ===
[Round 68] KD=ON | policy=prev_global
[Layer Freezing] Training last 4 transformer layers (layers 8-11)
[Layer Freezing] Trainable params: 28,384,555 / 108,924,715 (26.1%)
[Layer Freezing] Training last 4 transformer layers (layers 8-11)
[Layer Freezing] Trainable params: 28,384,555 / 108,924,715 (26.1%)
[Layer Freezing] Training last 4 transformer layers (layers 8-11)
[Layer Freezing] Trainable params: 28,384,555 / 108,924,715 (26.1%)
[Layer Freezing] Training last 4 transformer layers (layers 8-11)
[Layer Freezing] Trainable params: 28,384,555 / 108,924,715 (26.1%)
[Layer Freezing] Training last 4 transformer layers (layers 8-11)
[Layer Freezing] Trainable params: 28,384,555 / 108,924,715 (26.1%)
[Layer Freezing] Training last 4 transformer layers (layers 8-11)
[Layer Freezing] Trainable params: 28,384,555 / 108,924,715 (26.1%)
[Layer Freezing] Training last 4 transformer layers (layers 8-11)
[Layer Freezing] Trainable params: 28,384,555 / 108,924,715 (26.1%)
[Layer Freezing] Training last 4 transformer layers (layers 8-11)
[Layer Freezing] Trainable params: 28,384,555 / 108,924,715 (26.1%)
[Layer Freezing] Training last 4 transformer layers (layers 8-11)
[Layer Freezing] Trainable params: 28,384,555 / 108,924,715 (26.1%)
[Layer Freezing] Training last 4 transformer layers (layers 8-11)
[Layer Freezing] Trainable params: 28,384,555 / 108,924,715 (26.1%)
[Round 68] T=2.00  α_ce=1.00  α_kd=1.00
 Round 68 | F1 0.4555 | P 0.6250 | R 0.3584 | Time 44.3s | Comm N/A | Local Avg F1: 0.3661

=== Round 69/100 ===
[Round 69] KD=ON | policy=prev_global
[Layer Freezing] Training last 4 transformer layers (layers 8-11)
[Layer Freezing] Trainable params: 28,384,555 / 108,924,715 (26.1%)
[Layer Freezing] Training last 4 transformer layers (layers 8-11)
[Layer Freezing] Trainable params: 28,384,555 / 108,924,715 (26.1%)
[Layer Freezing] Training last 4 transformer layers (layers 8-11)
[Layer Freezing] Trainable params: 28,384,555 / 108,924,715 (26.1%)
[Layer Freezing] Training last 4 transformer layers (layers 8-11)
[Layer Freezing] Trainable params: 28,384,555 / 108,924,715 (26.1%)
[Layer Freezing] Training last 4 transformer layers (layers 8-11)
[Layer Freezing] Trainable params: 28,384,555 / 108,924,715 (26.1%)
[Layer Freezing] Training last 4 transformer layers (layers 8-11)
[Layer Freezing] Trainable params: 28,384,555 / 108,924,715 (26.1%)
[Layer Freezing] Training last 4 transformer layers (layers 8-11)
[Layer Freezing] Trainable params: 28,384,555 / 108,924,715 (26.1%)
[Layer Freezing] Training last 4 transformer layers (layers 8-11)
[Layer Freezing] Trainable params: 28,384,555 / 108,924,715 (26.1%)
[Layer Freezing] Training last 4 transformer layers (layers 8-11)
[Layer Freezing] Trainable params: 28,384,555 / 108,924,715 (26.1%)
[Layer Freezing] Training last 4 transformer layers (layers 8-11)
[Layer Freezing] Trainable params: 28,384,555 / 108,924,715 (26.1%)
[Round 69] T=2.00  α_ce=1.00  α_kd=1.00
 Round 69 | F1 0.4577 | P 0.6271 | R 0.3603 | Time 43.7s | Comm N/A | Local Avg F1: 0.3671

=== Round 70/100 ===
[Round 70] KD=ON | policy=prev_global
[Layer Freezing] Training last 4 transformer layers (layers 8-11)
[Layer Freezing] Trainable params: 28,384,555 / 108,924,715 (26.1%)
[Layer Freezing] Training last 4 transformer layers (layers 8-11)
[Layer Freezing] Trainable params: 28,384,555 / 108,924,715 (26.1%)
[Layer Freezing] Training last 4 transformer layers (layers 8-11)
[Layer Freezing] Trainable params: 28,384,555 / 108,924,715 (26.1%)
[Layer Freezing] Training last 4 transformer layers (layers 8-11)
[Layer Freezing] Trainable params: 28,384,555 / 108,924,715 (26.1%)
[Layer Freezing] Training last 4 transformer layers (layers 8-11)
[Layer Freezing] Trainable params: 28,384,555 / 108,924,715 (26.1%)
[Layer Freezing] Training last 4 transformer layers (layers 8-11)
[Layer Freezing] Trainable params: 28,384,555 / 108,924,715 (26.1%)
[Layer Freezing] Training last 4 transformer layers (layers 8-11)
[Layer Freezing] Trainable params: 28,384,555 / 108,924,715 (26.1%)
[Layer Freezing] Training last 4 transformer layers (layers 8-11)
[Layer Freezing] Trainable params: 28,384,555 / 108,924,715 (26.1%)
[Layer Freezing] Training last 4 transformer layers (layers 8-11)
[Layer Freezing] Trainable params: 28,384,555 / 108,924,715 (26.1%)
[Layer Freezing] Training last 4 transformer layers (layers 8-11)
[Layer Freezing] Trainable params: 28,384,555 / 108,924,715 (26.1%)
[Round 70] T=2.00  α_ce=1.00  α_kd=1.00
 Round 70 | F1 0.4518 | P 0.6319 | R 0.3516 | Time 45.5s | Comm N/A | Local Avg F1: 0.3615

=== Round 71/100 ===
[Round 71] KD=ON | policy=prev_global
[Layer Freezing] Training last 4 transformer layers (layers 8-11)
[Layer Freezing] Trainable params: 28,384,555 / 108,924,715 (26.1%)
[Layer Freezing] Training last 4 transformer layers (layers 8-11)
[Layer Freezing] Trainable params: 28,384,555 / 108,924,715 (26.1%)
[Layer Freezing] Training last 4 transformer layers (layers 8-11)
[Layer Freezing] Trainable params: 28,384,555 / 108,924,715 (26.1%)
[Layer Freezing] Training last 4 transformer layers (layers 8-11)
[Layer Freezing] Trainable params: 28,384,555 / 108,924,715 (26.1%)
[Layer Freezing] Training last 4 transformer layers (layers 8-11)
[Layer Freezing] Trainable params: 28,384,555 / 108,924,715 (26.1%)
[Layer Freezing] Training last 4 transformer layers (layers 8-11)
[Layer Freezing] Trainable params: 28,384,555 / 108,924,715 (26.1%)
[Layer Freezing] Training last 4 transformer layers (layers 8-11)
[Layer Freezing] Trainable params: 28,384,555 / 108,924,715 (26.1%)
[Layer Freezing] Training last 4 transformer layers (layers 8-11)
[Layer Freezing] Trainable params: 28,384,555 / 108,924,715 (26.1%)
[Layer Freezing] Training last 4 transformer layers (layers 8-11)
[Layer Freezing] Trainable params: 28,384,555 / 108,924,715 (26.1%)
[Layer Freezing] Training last 4 transformer layers (layers 8-11)
[Layer Freezing] Trainable params: 28,384,555 / 108,924,715 (26.1%)
[Round 71] T=2.00  α_ce=1.00  α_kd=1.00
 Round 71 | F1 0.4596 | P 0.6249 | R 0.3634 | Time 45.2s | Comm N/A | Local Avg F1: 0.3688

=== Round 72/100 ===
[Round 72] KD=ON | policy=prev_global
[Layer Freezing] Training last 4 transformer layers (layers 8-11)
[Layer Freezing] Trainable params: 28,384,555 / 108,924,715 (26.1%)
[Layer Freezing] Training last 4 transformer layers (layers 8-11)
[Layer Freezing] Trainable params: 28,384,555 / 108,924,715 (26.1%)
[Layer Freezing] Training last 4 transformer layers (layers 8-11)
[Layer Freezing] Trainable params: 28,384,555 / 108,924,715 (26.1%)
[Layer Freezing] Training last 4 transformer layers (layers 8-11)
[Layer Freezing] Trainable params: 28,384,555 / 108,924,715 (26.1%)
[Layer Freezing] Training last 4 transformer layers (layers 8-11)
[Layer Freezing] Trainable params: 28,384,555 / 108,924,715 (26.1%)
[Layer Freezing] Training last 4 transformer layers (layers 8-11)
[Layer Freezing] Trainable params: 28,384,555 / 108,924,715 (26.1%)
[Layer Freezing] Training last 4 transformer layers (layers 8-11)
[Layer Freezing] Trainable params: 28,384,555 / 108,924,715 (26.1%)
[Layer Freezing] Training last 4 transformer layers (layers 8-11)
[Layer Freezing] Trainable params: 28,384,555 / 108,924,715 (26.1%)
[Layer Freezing] Training last 4 transformer layers (layers 8-11)
[Layer Freezing] Trainable params: 28,384,555 / 108,924,715 (26.1%)
[Layer Freezing] Training last 4 transformer layers (layers 8-11)
[Layer Freezing] Trainable params: 28,384,555 / 108,924,715 (26.1%)
[Round 72] T=2.00  α_ce=1.00  α_kd=1.00
 Round 72 | F1 0.4556 | P 0.6252 | R 0.3583 | Time 44.5s | Comm N/A | Local Avg F1: 0.3718

=== Round 73/100 ===
[Round 73] KD=ON | policy=prev_global
[Layer Freezing] Training last 4 transformer layers (layers 8-11)
[Layer Freezing] Trainable params: 28,384,555 / 108,924,715 (26.1%)
[Layer Freezing] Training last 4 transformer layers (layers 8-11)
[Layer Freezing] Trainable params: 28,384,555 / 108,924,715 (26.1%)
[Layer Freezing] Training last 4 transformer layers (layers 8-11)
[Layer Freezing] Trainable params: 28,384,555 / 108,924,715 (26.1%)
[Layer Freezing] Training last 4 transformer layers (layers 8-11)
[Layer Freezing] Trainable params: 28,384,555 / 108,924,715 (26.1%)
[Layer Freezing] Training last 4 transformer layers (layers 8-11)
[Layer Freezing] Trainable params: 28,384,555 / 108,924,715 (26.1%)
[Layer Freezing] Training last 4 transformer layers (layers 8-11)
[Layer Freezing] Trainable params: 28,384,555 / 108,924,715 (26.1%)
[Layer Freezing] Training last 4 transformer layers (layers 8-11)
[Layer Freezing] Trainable params: 28,384,555 / 108,924,715 (26.1%)
[Layer Freezing] Training last 4 transformer layers (layers 8-11)
[Layer Freezing] Trainable params: 28,384,555 / 108,924,715 (26.1%)
[Layer Freezing] Training last 4 transformer layers (layers 8-11)
[Layer Freezing] Trainable params: 28,384,555 / 108,924,715 (26.1%)
[Layer Freezing] Training last 4 transformer layers (layers 8-11)
[Layer Freezing] Trainable params: 28,384,555 / 108,924,715 (26.1%)
[Round 73] T=2.00  α_ce=1.00  α_kd=1.00
 Round 73 | F1 0.4570 | P 0.6186 | R 0.3624 | Time 44.7s | Comm N/A | Local Avg F1: 0.3728

=== Round 74/100 ===
[Round 74] KD=ON | policy=prev_global
[Layer Freezing] Training last 4 transformer layers (layers 8-11)
[Layer Freezing] Trainable params: 28,384,555 / 108,924,715 (26.1%)
[Layer Freezing] Training last 4 transformer layers (layers 8-11)
[Layer Freezing] Trainable params: 28,384,555 / 108,924,715 (26.1%)
[Layer Freezing] Training last 4 transformer layers (layers 8-11)
[Layer Freezing] Trainable params: 28,384,555 / 108,924,715 (26.1%)
[Layer Freezing] Training last 4 transformer layers (layers 8-11)
[Layer Freezing] Trainable params: 28,384,555 / 108,924,715 (26.1%)
[Layer Freezing] Training last 4 transformer layers (layers 8-11)
[Layer Freezing] Trainable params: 28,384,555 / 108,924,715 (26.1%)
[Layer Freezing] Training last 4 transformer layers (layers 8-11)
[Layer Freezing] Trainable params: 28,384,555 / 108,924,715 (26.1%)
[Layer Freezing] Training last 4 transformer layers (layers 8-11)
[Layer Freezing] Trainable params: 28,384,555 / 108,924,715 (26.1%)
[Layer Freezing] Training last 4 transformer layers (layers 8-11)
[Layer Freezing] Trainable params: 28,384,555 / 108,924,715 (26.1%)
[Layer Freezing] Training last 4 transformer layers (layers 8-11)
[Layer Freezing] Trainable params: 28,384,555 / 108,924,715 (26.1%)
[Layer Freezing] Training last 4 transformer layers (layers 8-11)
[Layer Freezing] Trainable params: 28,384,555 / 108,924,715 (26.1%)
[Round 74] T=2.00  α_ce=1.00  α_kd=1.00
 Round 74 | F1 0.4592 | P 0.6240 | R 0.3632 | Time 45.5s | Comm N/A | Local Avg F1: 0.3711

=== Round 75/100 ===
[Round 75] KD=ON | policy=prev_global
[Layer Freezing] Training last 4 transformer layers (layers 8-11)
[Layer Freezing] Trainable params: 28,384,555 / 108,924,715 (26.1%)
[Layer Freezing] Training last 4 transformer layers (layers 8-11)
[Layer Freezing] Trainable params: 28,384,555 / 108,924,715 (26.1%)
[Layer Freezing] Training last 4 transformer layers (layers 8-11)
[Layer Freezing] Trainable params: 28,384,555 / 108,924,715 (26.1%)
[Layer Freezing] Training last 4 transformer layers (layers 8-11)
[Layer Freezing] Trainable params: 28,384,555 / 108,924,715 (26.1%)
[Layer Freezing] Training last 4 transformer layers (layers 8-11)
[Layer Freezing] Trainable params: 28,384,555 / 108,924,715 (26.1%)
[Layer Freezing] Training last 4 transformer layers (layers 8-11)
[Layer Freezing] Trainable params: 28,384,555 / 108,924,715 (26.1%)
[Layer Freezing] Training last 4 transformer layers (layers 8-11)
[Layer Freezing] Trainable params: 28,384,555 / 108,924,715 (26.1%)
[Layer Freezing] Training last 4 transformer layers (layers 8-11)
[Layer Freezing] Trainable params: 28,384,555 / 108,924,715 (26.1%)
[Layer Freezing] Training last 4 transformer layers (layers 8-11)
[Layer Freezing] Trainable params: 28,384,555 / 108,924,715 (26.1%)
[Layer Freezing] Training last 4 transformer layers (layers 8-11)
[Layer Freezing] Trainable params: 28,384,555 / 108,924,715 (26.1%)
[Round 75] T=2.00  α_ce=1.00  α_kd=1.00
 Round 75 | F1 0.4561 | P 0.6239 | R 0.3595 | Time 44.8s | Comm N/A | Local Avg F1: 0.3721

=== Round 76/100 ===
[Round 76] KD=ON | policy=prev_global
[Layer Freezing] Training last 4 transformer layers (layers 8-11)
[Layer Freezing] Trainable params: 28,384,555 / 108,924,715 (26.1%)
[Layer Freezing] Training last 4 transformer layers (layers 8-11)
[Layer Freezing] Trainable params: 28,384,555 / 108,924,715 (26.1%)
[Layer Freezing] Training last 4 transformer layers (layers 8-11)
[Layer Freezing] Trainable params: 28,384,555 / 108,924,715 (26.1%)
[Layer Freezing] Training last 4 transformer layers (layers 8-11)
[Layer Freezing] Trainable params: 28,384,555 / 108,924,715 (26.1%)
[Layer Freezing] Training last 4 transformer layers (layers 8-11)
[Layer Freezing] Trainable params: 28,384,555 / 108,924,715 (26.1%)
[Layer Freezing] Training last 4 transformer layers (layers 8-11)
[Layer Freezing] Trainable params: 28,384,555 / 108,924,715 (26.1%)
[Layer Freezing] Training last 4 transformer layers (layers 8-11)
[Layer Freezing] Trainable params: 28,384,555 / 108,924,715 (26.1%)
[Layer Freezing] Training last 4 transformer layers (layers 8-11)
[Layer Freezing] Trainable params: 28,384,555 / 108,924,715 (26.1%)
[Layer Freezing] Training last 4 transformer layers (layers 8-11)
[Layer Freezing] Trainable params: 28,384,555 / 108,924,715 (26.1%)
[Layer Freezing] Training last 4 transformer layers (layers 8-11)
[Layer Freezing] Trainable params: 28,384,555 / 108,924,715 (26.1%)
[Round 76] T=2.00  α_ce=1.00  α_kd=1.00
 Round 76 | F1 0.4633 | P 0.6214 | R 0.3694 | Time 44.1s | Comm N/A | Local Avg F1: 0.3761

=== Round 77/100 ===
[Round 77] KD=ON | policy=prev_global
[Layer Freezing] Training last 4 transformer layers (layers 8-11)
[Layer Freezing] Trainable params: 28,384,555 / 108,924,715 (26.1%)
[Layer Freezing] Training last 4 transformer layers (layers 8-11)
[Layer Freezing] Trainable params: 28,384,555 / 108,924,715 (26.1%)
[Layer Freezing] Training last 4 transformer layers (layers 8-11)
[Layer Freezing] Trainable params: 28,384,555 / 108,924,715 (26.1%)
[Layer Freezing] Training last 4 transformer layers (layers 8-11)
[Layer Freezing] Trainable params: 28,384,555 / 108,924,715 (26.1%)
[Layer Freezing] Training last 4 transformer layers (layers 8-11)
[Layer Freezing] Trainable params: 28,384,555 / 108,924,715 (26.1%)
[Layer Freezing] Training last 4 transformer layers (layers 8-11)
[Layer Freezing] Trainable params: 28,384,555 / 108,924,715 (26.1%)
[Layer Freezing] Training last 4 transformer layers (layers 8-11)
[Layer Freezing] Trainable params: 28,384,555 / 108,924,715 (26.1%)
[Layer Freezing] Training last 4 transformer layers (layers 8-11)
[Layer Freezing] Trainable params: 28,384,555 / 108,924,715 (26.1%)
[Layer Freezing] Training last 4 transformer layers (layers 8-11)
[Layer Freezing] Trainable params: 28,384,555 / 108,924,715 (26.1%)
[Layer Freezing] Training last 4 transformer layers (layers 8-11)
[Layer Freezing] Trainable params: 28,384,555 / 108,924,715 (26.1%)
[Round 77] T=2.00  α_ce=1.00  α_kd=1.00
 Round 77 | F1 0.4571 | P 0.6272 | R 0.3596 | Time 45.8s | Comm N/A | Local Avg F1: 0.3700

=== Round 78/100 ===
[Round 78] KD=ON | policy=prev_global
[Layer Freezing] Training last 4 transformer layers (layers 8-11)
[Layer Freezing] Trainable params: 28,384,555 / 108,924,715 (26.1%)
[Layer Freezing] Training last 4 transformer layers (layers 8-11)
[Layer Freezing] Trainable params: 28,384,555 / 108,924,715 (26.1%)
[Layer Freezing] Training last 4 transformer layers (layers 8-11)
[Layer Freezing] Trainable params: 28,384,555 / 108,924,715 (26.1%)
[Layer Freezing] Training last 4 transformer layers (layers 8-11)
[Layer Freezing] Trainable params: 28,384,555 / 108,924,715 (26.1%)
[Layer Freezing] Training last 4 transformer layers (layers 8-11)
[Layer Freezing] Trainable params: 28,384,555 / 108,924,715 (26.1%)
[Layer Freezing] Training last 4 transformer layers (layers 8-11)
[Layer Freezing] Trainable params: 28,384,555 / 108,924,715 (26.1%)
[Layer Freezing] Training last 4 transformer layers (layers 8-11)
[Layer Freezing] Trainable params: 28,384,555 / 108,924,715 (26.1%)
[Layer Freezing] Training last 4 transformer layers (layers 8-11)
[Layer Freezing] Trainable params: 28,384,555 / 108,924,715 (26.1%)
[Layer Freezing] Training last 4 transformer layers (layers 8-11)
[Layer Freezing] Trainable params: 28,384,555 / 108,924,715 (26.1%)
[Layer Freezing] Training last 4 transformer layers (layers 8-11)
[Layer Freezing] Trainable params: 28,384,555 / 108,924,715 (26.1%)
[Round 78] T=2.00  α_ce=1.00  α_kd=1.00
 Round 78 | F1 0.4576 | P 0.6247 | R 0.3611 | Time 45.5s | Comm N/A | Local Avg F1: 0.3727

=== Round 79/100 ===
[Round 79] KD=ON | policy=prev_global
[Layer Freezing] Training last 4 transformer layers (layers 8-11)
[Layer Freezing] Trainable params: 28,384,555 / 108,924,715 (26.1%)
[Layer Freezing] Training last 4 transformer layers (layers 8-11)
[Layer Freezing] Trainable params: 28,384,555 / 108,924,715 (26.1%)
[Layer Freezing] Training last 4 transformer layers (layers 8-11)
[Layer Freezing] Trainable params: 28,384,555 / 108,924,715 (26.1%)
[Layer Freezing] Training last 4 transformer layers (layers 8-11)
[Layer Freezing] Trainable params: 28,384,555 / 108,924,715 (26.1%)
[Layer Freezing] Training last 4 transformer layers (layers 8-11)
[Layer Freezing] Trainable params: 28,384,555 / 108,924,715 (26.1%)
[Layer Freezing] Training last 4 transformer layers (layers 8-11)
[Layer Freezing] Trainable params: 28,384,555 / 108,924,715 (26.1%)
[Layer Freezing] Training last 4 transformer layers (layers 8-11)
[Layer Freezing] Trainable params: 28,384,555 / 108,924,715 (26.1%)
[Layer Freezing] Training last 4 transformer layers (layers 8-11)
[Layer Freezing] Trainable params: 28,384,555 / 108,924,715 (26.1%)
[Layer Freezing] Training last 4 transformer layers (layers 8-11)
[Layer Freezing] Trainable params: 28,384,555 / 108,924,715 (26.1%)
[Layer Freezing] Training last 4 transformer layers (layers 8-11)
[Layer Freezing] Trainable params: 28,384,555 / 108,924,715 (26.1%)
[Round 79] T=2.00  α_ce=1.00  α_kd=1.00
 Round 79 | F1 0.4639 | P 0.6279 | R 0.3678 | Time 44.8s | Comm N/A | Local Avg F1: 0.3796

=== Round 80/100 ===
[Round 80] KD=ON | policy=prev_global
[Layer Freezing] Training last 4 transformer layers (layers 8-11)
[Layer Freezing] Trainable params: 28,384,555 / 108,924,715 (26.1%)
[Layer Freezing] Training last 4 transformer layers (layers 8-11)
[Layer Freezing] Trainable params: 28,384,555 / 108,924,715 (26.1%)
[Layer Freezing] Training last 4 transformer layers (layers 8-11)
[Layer Freezing] Trainable params: 28,384,555 / 108,924,715 (26.1%)
[Layer Freezing] Training last 4 transformer layers (layers 8-11)
[Layer Freezing] Trainable params: 28,384,555 / 108,924,715 (26.1%)
[Layer Freezing] Training last 4 transformer layers (layers 8-11)
[Layer Freezing] Trainable params: 28,384,555 / 108,924,715 (26.1%)
[Layer Freezing] Training last 4 transformer layers (layers 8-11)
[Layer Freezing] Trainable params: 28,384,555 / 108,924,715 (26.1%)
[Layer Freezing] Training last 4 transformer layers (layers 8-11)
[Layer Freezing] Trainable params: 28,384,555 / 108,924,715 (26.1%)
[Layer Freezing] Training last 4 transformer layers (layers 8-11)
[Layer Freezing] Trainable params: 28,384,555 / 108,924,715 (26.1%)
[Layer Freezing] Training last 4 transformer layers (layers 8-11)
[Layer Freezing] Trainable params: 28,384,555 / 108,924,715 (26.1%)
[Layer Freezing] Training last 4 transformer layers (layers 8-11)
[Layer Freezing] Trainable params: 28,384,555 / 108,924,715 (26.1%)
[Round 80] T=2.00  α_ce=1.00  α_kd=1.00
 Round 80 | F1 0.4724 | P 0.6229 | R 0.3804 | Time 43.9s | Comm N/A | Local Avg F1: 0.3835

=== Round 81/100 ===
[Round 81] KD=ON | policy=prev_global
[Layer Freezing] Training last 4 transformer layers (layers 8-11)
[Layer Freezing] Trainable params: 28,384,555 / 108,924,715 (26.1%)
[Layer Freezing] Training last 4 transformer layers (layers 8-11)
[Layer Freezing] Trainable params: 28,384,555 / 108,924,715 (26.1%)
[Layer Freezing] Training last 4 transformer layers (layers 8-11)
[Layer Freezing] Trainable params: 28,384,555 / 108,924,715 (26.1%)
[Layer Freezing] Training last 4 transformer layers (layers 8-11)
[Layer Freezing] Trainable params: 28,384,555 / 108,924,715 (26.1%)
[Layer Freezing] Training last 4 transformer layers (layers 8-11)
[Layer Freezing] Trainable params: 28,384,555 / 108,924,715 (26.1%)
[Layer Freezing] Training last 4 transformer layers (layers 8-11)
[Layer Freezing] Trainable params: 28,384,555 / 108,924,715 (26.1%)
[Layer Freezing] Training last 4 transformer layers (layers 8-11)
[Layer Freezing] Trainable params: 28,384,555 / 108,924,715 (26.1%)
[Layer Freezing] Training last 4 transformer layers (layers 8-11)
[Layer Freezing] Trainable params: 28,384,555 / 108,924,715 (26.1%)
[Layer Freezing] Training last 4 transformer layers (layers 8-11)
[Layer Freezing] Trainable params: 28,384,555 / 108,924,715 (26.1%)
[Layer Freezing] Training last 4 transformer layers (layers 8-11)
[Layer Freezing] Trainable params: 28,384,555 / 108,924,715 (26.1%)
[Round 81] T=2.00  α_ce=1.00  α_kd=1.00
 Round 81 | F1 0.4650 | P 0.6307 | R 0.3683 | Time 45.2s | Comm N/A | Local Avg F1: 0.3744

=== Round 82/100 ===
[Round 82] KD=ON | policy=prev_global
[Layer Freezing] Training last 4 transformer layers (layers 8-11)
[Layer Freezing] Trainable params: 28,384,555 / 108,924,715 (26.1%)
[Layer Freezing] Training last 4 transformer layers (layers 8-11)
[Layer Freezing] Trainable params: 28,384,555 / 108,924,715 (26.1%)
[Layer Freezing] Training last 4 transformer layers (layers 8-11)
[Layer Freezing] Trainable params: 28,384,555 / 108,924,715 (26.1%)
[Layer Freezing] Training last 4 transformer layers (layers 8-11)
[Layer Freezing] Trainable params: 28,384,555 / 108,924,715 (26.1%)
[Layer Freezing] Training last 4 transformer layers (layers 8-11)
[Layer Freezing] Trainable params: 28,384,555 / 108,924,715 (26.1%)
[Layer Freezing] Training last 4 transformer layers (layers 8-11)
[Layer Freezing] Trainable params: 28,384,555 / 108,924,715 (26.1%)
[Layer Freezing] Training last 4 transformer layers (layers 8-11)
[Layer Freezing] Trainable params: 28,384,555 / 108,924,715 (26.1%)
[Layer Freezing] Training last 4 transformer layers (layers 8-11)
[Layer Freezing] Trainable params: 28,384,555 / 108,924,715 (26.1%)
[Layer Freezing] Training last 4 transformer layers (layers 8-11)
[Layer Freezing] Trainable params: 28,384,555 / 108,924,715 (26.1%)
[Layer Freezing] Training last 4 transformer layers (layers 8-11)
[Layer Freezing] Trainable params: 28,384,555 / 108,924,715 (26.1%)
[Round 82] T=2.00  α_ce=1.00  α_kd=1.00
 Round 82 | F1 0.4638 | P 0.6286 | R 0.3674 | Time 44.5s | Comm N/A | Local Avg F1: 0.3843

=== Round 83/100 ===
[Round 83] KD=ON | policy=prev_global
[Layer Freezing] Training last 4 transformer layers (layers 8-11)
[Layer Freezing] Trainable params: 28,384,555 / 108,924,715 (26.1%)
[Layer Freezing] Training last 4 transformer layers (layers 8-11)
[Layer Freezing] Trainable params: 28,384,555 / 108,924,715 (26.1%)
[Layer Freezing] Training last 4 transformer layers (layers 8-11)
[Layer Freezing] Trainable params: 28,384,555 / 108,924,715 (26.1%)
[Layer Freezing] Training last 4 transformer layers (layers 8-11)
[Layer Freezing] Trainable params: 28,384,555 / 108,924,715 (26.1%)
[Layer Freezing] Training last 4 transformer layers (layers 8-11)
[Layer Freezing] Trainable params: 28,384,555 / 108,924,715 (26.1%)
[Layer Freezing] Training last 4 transformer layers (layers 8-11)
[Layer Freezing] Trainable params: 28,384,555 / 108,924,715 (26.1%)
[Layer Freezing] Training last 4 transformer layers (layers 8-11)
[Layer Freezing] Trainable params: 28,384,555 / 108,924,715 (26.1%)
[Layer Freezing] Training last 4 transformer layers (layers 8-11)
[Layer Freezing] Trainable params: 28,384,555 / 108,924,715 (26.1%)
[Layer Freezing] Training last 4 transformer layers (layers 8-11)
[Layer Freezing] Trainable params: 28,384,555 / 108,924,715 (26.1%)
[Layer Freezing] Training last 4 transformer layers (layers 8-11)
[Layer Freezing] Trainable params: 28,384,555 / 108,924,715 (26.1%)
[Round 83] T=2.00  α_ce=1.00  α_kd=1.00
 Round 83 | F1 0.4745 | P 0.6231 | R 0.3831 | Time 44.2s | Comm N/A | Local Avg F1: 0.3909

=== Round 84/100 ===
[Round 84] KD=ON | policy=prev_global
[Layer Freezing] Training last 4 transformer layers (layers 8-11)
[Layer Freezing] Trainable params: 28,384,555 / 108,924,715 (26.1%)
[Layer Freezing] Training last 4 transformer layers (layers 8-11)
[Layer Freezing] Trainable params: 28,384,555 / 108,924,715 (26.1%)
[Layer Freezing] Training last 4 transformer layers (layers 8-11)
[Layer Freezing] Trainable params: 28,384,555 / 108,924,715 (26.1%)
[Layer Freezing] Training last 4 transformer layers (layers 8-11)
[Layer Freezing] Trainable params: 28,384,555 / 108,924,715 (26.1%)
[Layer Freezing] Training last 4 transformer layers (layers 8-11)
[Layer Freezing] Trainable params: 28,384,555 / 108,924,715 (26.1%)
[Layer Freezing] Training last 4 transformer layers (layers 8-11)
[Layer Freezing] Trainable params: 28,384,555 / 108,924,715 (26.1%)
[Layer Freezing] Training last 4 transformer layers (layers 8-11)
[Layer Freezing] Trainable params: 28,384,555 / 108,924,715 (26.1%)
[Layer Freezing] Training last 4 transformer layers (layers 8-11)
[Layer Freezing] Trainable params: 28,384,555 / 108,924,715 (26.1%)
[Layer Freezing] Training last 4 transformer layers (layers 8-11)
[Layer Freezing] Trainable params: 28,384,555 / 108,924,715 (26.1%)
[Layer Freezing] Training last 4 transformer layers (layers 8-11)
[Layer Freezing] Trainable params: 28,384,555 / 108,924,715 (26.1%)
[Round 84] T=2.00  α_ce=1.00  α_kd=1.00
 Round 84 | F1 0.4786 | P 0.6264 | R 0.3872 | Time 45.3s | Comm N/A | Local Avg F1: 0.4007

=== Round 85/100 ===
[Round 85] KD=ON | policy=prev_global
[Layer Freezing] Training last 4 transformer layers (layers 8-11)
[Layer Freezing] Trainable params: 28,384,555 / 108,924,715 (26.1%)
[Layer Freezing] Training last 4 transformer layers (layers 8-11)
[Layer Freezing] Trainable params: 28,384,555 / 108,924,715 (26.1%)
[Layer Freezing] Training last 4 transformer layers (layers 8-11)
[Layer Freezing] Trainable params: 28,384,555 / 108,924,715 (26.1%)
[Layer Freezing] Training last 4 transformer layers (layers 8-11)
[Layer Freezing] Trainable params: 28,384,555 / 108,924,715 (26.1%)
[Layer Freezing] Training last 4 transformer layers (layers 8-11)
[Layer Freezing] Trainable params: 28,384,555 / 108,924,715 (26.1%)
[Layer Freezing] Training last 4 transformer layers (layers 8-11)
[Layer Freezing] Trainable params: 28,384,555 / 108,924,715 (26.1%)
[Layer Freezing] Training last 4 transformer layers (layers 8-11)
[Layer Freezing] Trainable params: 28,384,555 / 108,924,715 (26.1%)
[Layer Freezing] Training last 4 transformer layers (layers 8-11)
[Layer Freezing] Trainable params: 28,384,555 / 108,924,715 (26.1%)
[Layer Freezing] Training last 4 transformer layers (layers 8-11)
[Layer Freezing] Trainable params: 28,384,555 / 108,924,715 (26.1%)
[Layer Freezing] Training last 4 transformer layers (layers 8-11)
[Layer Freezing] Trainable params: 28,384,555 / 108,924,715 (26.1%)
[Round 85] T=2.00  α_ce=1.00  α_kd=1.00
 Round 85 | F1 0.4892 | P 0.6204 | R 0.4038 | Time 44.9s | Comm N/A | Local Avg F1: 0.4152

=== Round 86/100 ===
[Round 86] KD=ON | policy=prev_global
[Layer Freezing] Training last 4 transformer layers (layers 8-11)
[Layer Freezing] Trainable params: 28,384,555 / 108,924,715 (26.1%)
[Layer Freezing] Training last 4 transformer layers (layers 8-11)
[Layer Freezing] Trainable params: 28,384,555 / 108,924,715 (26.1%)
[Layer Freezing] Training last 4 transformer layers (layers 8-11)
[Layer Freezing] Trainable params: 28,384,555 / 108,924,715 (26.1%)
[Layer Freezing] Training last 4 transformer layers (layers 8-11)
[Layer Freezing] Trainable params: 28,384,555 / 108,924,715 (26.1%)
[Layer Freezing] Training last 4 transformer layers (layers 8-11)
[Layer Freezing] Trainable params: 28,384,555 / 108,924,715 (26.1%)
[Layer Freezing] Training last 4 transformer layers (layers 8-11)
[Layer Freezing] Trainable params: 28,384,555 / 108,924,715 (26.1%)
[Layer Freezing] Training last 4 transformer layers (layers 8-11)
[Layer Freezing] Trainable params: 28,384,555 / 108,924,715 (26.1%)
[Layer Freezing] Training last 4 transformer layers (layers 8-11)
[Layer Freezing] Trainable params: 28,384,555 / 108,924,715 (26.1%)
[Layer Freezing] Training last 4 transformer layers (layers 8-11)
[Layer Freezing] Trainable params: 28,384,555 / 108,924,715 (26.1%)
[Layer Freezing] Training last 4 transformer layers (layers 8-11)
[Layer Freezing] Trainable params: 28,384,555 / 108,924,715 (26.1%)
[Round 86] T=2.00  α_ce=1.00  α_kd=1.00
 Round 86 | F1 0.4878 | P 0.6184 | R 0.4028 | Time 44.3s | Comm N/A | Local Avg F1: 0.4160

=== Round 87/100 ===
[Round 87] KD=ON | policy=prev_global
[Layer Freezing] Training last 4 transformer layers (layers 8-11)
[Layer Freezing] Trainable params: 28,384,555 / 108,924,715 (26.1%)
[Layer Freezing] Training last 4 transformer layers (layers 8-11)
[Layer Freezing] Trainable params: 28,384,555 / 108,924,715 (26.1%)
[Layer Freezing] Training last 4 transformer layers (layers 8-11)
[Layer Freezing] Trainable params: 28,384,555 / 108,924,715 (26.1%)
[Layer Freezing] Training last 4 transformer layers (layers 8-11)
[Layer Freezing] Trainable params: 28,384,555 / 108,924,715 (26.1%)
[Layer Freezing] Training last 4 transformer layers (layers 8-11)
[Layer Freezing] Trainable params: 28,384,555 / 108,924,715 (26.1%)
[Layer Freezing] Training last 4 transformer layers (layers 8-11)
[Layer Freezing] Trainable params: 28,384,555 / 108,924,715 (26.1%)
[Layer Freezing] Training last 4 transformer layers (layers 8-11)
[Layer Freezing] Trainable params: 28,384,555 / 108,924,715 (26.1%)
[Layer Freezing] Training last 4 transformer layers (layers 8-11)
[Layer Freezing] Trainable params: 28,384,555 / 108,924,715 (26.1%)
[Layer Freezing] Training last 4 transformer layers (layers 8-11)
[Layer Freezing] Trainable params: 28,384,555 / 108,924,715 (26.1%)
[Layer Freezing] Training last 4 transformer layers (layers 8-11)
[Layer Freezing] Trainable params: 28,384,555 / 108,924,715 (26.1%)
[Round 87] T=2.00  α_ce=1.00  α_kd=1.00
 Round 87 | F1 0.4816 | P 0.6254 | R 0.3916 | Time 44.8s | Comm N/A | Local Avg F1: 0.4051

=== Round 88/100 ===
[Round 88] KD=ON | policy=prev_global
[Layer Freezing] Training last 4 transformer layers (layers 8-11)
[Layer Freezing] Trainable params: 28,384,555 / 108,924,715 (26.1%)
[Layer Freezing] Training last 4 transformer layers (layers 8-11)
[Layer Freezing] Trainable params: 28,384,555 / 108,924,715 (26.1%)
[Layer Freezing] Training last 4 transformer layers (layers 8-11)
[Layer Freezing] Trainable params: 28,384,555 / 108,924,715 (26.1%)
[Layer Freezing] Training last 4 transformer layers (layers 8-11)
[Layer Freezing] Trainable params: 28,384,555 / 108,924,715 (26.1%)
[Layer Freezing] Training last 4 transformer layers (layers 8-11)
[Layer Freezing] Trainable params: 28,384,555 / 108,924,715 (26.1%)
[Layer Freezing] Training last 4 transformer layers (layers 8-11)
[Layer Freezing] Trainable params: 28,384,555 / 108,924,715 (26.1%)
[Layer Freezing] Training last 4 transformer layers (layers 8-11)
[Layer Freezing] Trainable params: 28,384,555 / 108,924,715 (26.1%)
[Layer Freezing] Training last 4 transformer layers (layers 8-11)
[Layer Freezing] Trainable params: 28,384,555 / 108,924,715 (26.1%)
[Layer Freezing] Training last 4 transformer layers (layers 8-11)
[Layer Freezing] Trainable params: 28,384,555 / 108,924,715 (26.1%)
[Layer Freezing] Training last 4 transformer layers (layers 8-11)
[Layer Freezing] Trainable params: 28,384,555 / 108,924,715 (26.1%)
[Round 88] T=2.00  α_ce=1.00  α_kd=1.00
 Round 88 | F1 0.4871 | P 0.6217 | R 0.4005 | Time 45.5s | Comm N/A | Local Avg F1: 0.4101

=== Round 89/100 ===
[Round 89] KD=ON | policy=prev_global
[Layer Freezing] Training last 4 transformer layers (layers 8-11)
[Layer Freezing] Trainable params: 28,384,555 / 108,924,715 (26.1%)
[Layer Freezing] Training last 4 transformer layers (layers 8-11)
[Layer Freezing] Trainable params: 28,384,555 / 108,924,715 (26.1%)
[Layer Freezing] Training last 4 transformer layers (layers 8-11)
[Layer Freezing] Trainable params: 28,384,555 / 108,924,715 (26.1%)
[Layer Freezing] Training last 4 transformer layers (layers 8-11)
[Layer Freezing] Trainable params: 28,384,555 / 108,924,715 (26.1%)
[Layer Freezing] Training last 4 transformer layers (layers 8-11)
[Layer Freezing] Trainable params: 28,384,555 / 108,924,715 (26.1%)
[Layer Freezing] Training last 4 transformer layers (layers 8-11)
[Layer Freezing] Trainable params: 28,384,555 / 108,924,715 (26.1%)
[Layer Freezing] Training last 4 transformer layers (layers 8-11)
[Layer Freezing] Trainable params: 28,384,555 / 108,924,715 (26.1%)
[Layer Freezing] Training last 4 transformer layers (layers 8-11)
[Layer Freezing] Trainable params: 28,384,555 / 108,924,715 (26.1%)
[Layer Freezing] Training last 4 transformer layers (layers 8-11)
[Layer Freezing] Trainable params: 28,384,555 / 108,924,715 (26.1%)
[Layer Freezing] Training last 4 transformer layers (layers 8-11)
[Layer Freezing] Trainable params: 28,384,555 / 108,924,715 (26.1%)
[Round 89] T=2.00  α_ce=1.00  α_kd=1.00
 Round 89 | F1 0.4829 | P 0.6269 | R 0.3926 | Time 44.8s | Comm N/A | Local Avg F1: 0.4031

=== Round 90/100 ===
[Round 90] KD=ON | policy=prev_global
[Layer Freezing] Training last 4 transformer layers (layers 8-11)
[Layer Freezing] Trainable params: 28,384,555 / 108,924,715 (26.1%)
[Layer Freezing] Training last 4 transformer layers (layers 8-11)
[Layer Freezing] Trainable params: 28,384,555 / 108,924,715 (26.1%)
[Layer Freezing] Training last 4 transformer layers (layers 8-11)
[Layer Freezing] Trainable params: 28,384,555 / 108,924,715 (26.1%)
[Layer Freezing] Training last 4 transformer layers (layers 8-11)
[Layer Freezing] Trainable params: 28,384,555 / 108,924,715 (26.1%)
[Layer Freezing] Training last 4 transformer layers (layers 8-11)
[Layer Freezing] Trainable params: 28,384,555 / 108,924,715 (26.1%)
[Layer Freezing] Training last 4 transformer layers (layers 8-11)
[Layer Freezing] Trainable params: 28,384,555 / 108,924,715 (26.1%)
[Layer Freezing] Training last 4 transformer layers (layers 8-11)
[Layer Freezing] Trainable params: 28,384,555 / 108,924,715 (26.1%)
[Layer Freezing] Training last 4 transformer layers (layers 8-11)
[Layer Freezing] Trainable params: 28,384,555 / 108,924,715 (26.1%)
[Layer Freezing] Training last 4 transformer layers (layers 8-11)
[Layer Freezing] Trainable params: 28,384,555 / 108,924,715 (26.1%)
[Layer Freezing] Training last 4 transformer layers (layers 8-11)
[Layer Freezing] Trainable params: 28,384,555 / 108,924,715 (26.1%)
[Round 90] T=2.00  α_ce=1.00  α_kd=1.00
 Round 90 | F1 0.4883 | P 0.6225 | R 0.4017 | Time 44.1s | Comm N/A | Local Avg F1: 0.4134

=== Round 91/100 ===
[Round 91] KD=ON | policy=prev_global
[Layer Freezing] Training last 4 transformer layers (layers 8-11)
[Layer Freezing] Trainable params: 28,384,555 / 108,924,715 (26.1%)
[Layer Freezing] Training last 4 transformer layers (layers 8-11)
[Layer Freezing] Trainable params: 28,384,555 / 108,924,715 (26.1%)
[Layer Freezing] Training last 4 transformer layers (layers 8-11)
[Layer Freezing] Trainable params: 28,384,555 / 108,924,715 (26.1%)
[Layer Freezing] Training last 4 transformer layers (layers 8-11)
[Layer Freezing] Trainable params: 28,384,555 / 108,924,715 (26.1%)
[Layer Freezing] Training last 4 transformer layers (layers 8-11)
[Layer Freezing] Trainable params: 28,384,555 / 108,924,715 (26.1%)
[Layer Freezing] Training last 4 transformer layers (layers 8-11)
[Layer Freezing] Trainable params: 28,384,555 / 108,924,715 (26.1%)
[Layer Freezing] Training last 4 transformer layers (layers 8-11)
[Layer Freezing] Trainable params: 28,384,555 / 108,924,715 (26.1%)
[Layer Freezing] Training last 4 transformer layers (layers 8-11)
[Layer Freezing] Trainable params: 28,384,555 / 108,924,715 (26.1%)
[Layer Freezing] Training last 4 transformer layers (layers 8-11)
[Layer Freezing] Trainable params: 28,384,555 / 108,924,715 (26.1%)
[Layer Freezing] Training last 4 transformer layers (layers 8-11)
[Layer Freezing] Trainable params: 28,384,555 / 108,924,715 (26.1%)
[Round 91] T=2.00  α_ce=1.00  α_kd=1.00
 Round 91 | F1 0.4915 | P 0.6257 | R 0.4046 | Time 45.1s | Comm N/A | Local Avg F1: 0.4165

=== Round 92/100 ===
[Round 92] KD=ON | policy=prev_global
[Layer Freezing] Training last 4 transformer layers (layers 8-11)
[Layer Freezing] Trainable params: 28,384,555 / 108,924,715 (26.1%)
[Layer Freezing] Training last 4 transformer layers (layers 8-11)
[Layer Freezing] Trainable params: 28,384,555 / 108,924,715 (26.1%)
[Layer Freezing] Training last 4 transformer layers (layers 8-11)
[Layer Freezing] Trainable params: 28,384,555 / 108,924,715 (26.1%)
[Layer Freezing] Training last 4 transformer layers (layers 8-11)
[Layer Freezing] Trainable params: 28,384,555 / 108,924,715 (26.1%)
[Layer Freezing] Training last 4 transformer layers (layers 8-11)
[Layer Freezing] Trainable params: 28,384,555 / 108,924,715 (26.1%)
[Layer Freezing] Training last 4 transformer layers (layers 8-11)
[Layer Freezing] Trainable params: 28,384,555 / 108,924,715 (26.1%)
[Layer Freezing] Training last 4 transformer layers (layers 8-11)
[Layer Freezing] Trainable params: 28,384,555 / 108,924,715 (26.1%)
[Layer Freezing] Training last 4 transformer layers (layers 8-11)
[Layer Freezing] Trainable params: 28,384,555 / 108,924,715 (26.1%)
[Layer Freezing] Training last 4 transformer layers (layers 8-11)
[Layer Freezing] Trainable params: 28,384,555 / 108,924,715 (26.1%)
[Layer Freezing] Training last 4 transformer layers (layers 8-11)
[Layer Freezing] Trainable params: 28,384,555 / 108,924,715 (26.1%)
[Round 92] T=2.00  α_ce=1.00  α_kd=1.00
 Round 92 | F1 0.4881 | P 0.6198 | R 0.4026 | Time 45.5s | Comm N/A | Local Avg F1: 0.4165

=== Round 93/100 ===
[Round 93] KD=ON | policy=prev_global
[Layer Freezing] Training last 4 transformer layers (layers 8-11)
[Layer Freezing] Trainable params: 28,384,555 / 108,924,715 (26.1%)
[Layer Freezing] Training last 4 transformer layers (layers 8-11)
[Layer Freezing] Trainable params: 28,384,555 / 108,924,715 (26.1%)
[Layer Freezing] Training last 4 transformer layers (layers 8-11)
[Layer Freezing] Trainable params: 28,384,555 / 108,924,715 (26.1%)
[Layer Freezing] Training last 4 transformer layers (layers 8-11)
[Layer Freezing] Trainable params: 28,384,555 / 108,924,715 (26.1%)
[Layer Freezing] Training last 4 transformer layers (layers 8-11)
[Layer Freezing] Trainable params: 28,384,555 / 108,924,715 (26.1%)
[Layer Freezing] Training last 4 transformer layers (layers 8-11)
[Layer Freezing] Trainable params: 28,384,555 / 108,924,715 (26.1%)
[Layer Freezing] Training last 4 transformer layers (layers 8-11)
[Layer Freezing] Trainable params: 28,384,555 / 108,924,715 (26.1%)
[Layer Freezing] Training last 4 transformer layers (layers 8-11)
[Layer Freezing] Trainable params: 28,384,555 / 108,924,715 (26.1%)
[Layer Freezing] Training last 4 transformer layers (layers 8-11)
[Layer Freezing] Trainable params: 28,384,555 / 108,924,715 (26.1%)
[Layer Freezing] Training last 4 transformer layers (layers 8-11)
[Layer Freezing] Trainable params: 28,384,555 / 108,924,715 (26.1%)
[Round 93] T=2.00  α_ce=1.00  α_kd=1.00
 Round 93 | F1 0.4888 | P 0.6145 | R 0.4057 | Time 45.3s | Comm N/A | Local Avg F1: 0.4173

=== Round 94/100 ===
[Round 94] KD=ON | policy=prev_global
[Layer Freezing] Training last 4 transformer layers (layers 8-11)
[Layer Freezing] Trainable params: 28,384,555 / 108,924,715 (26.1%)
[Layer Freezing] Training last 4 transformer layers (layers 8-11)
[Layer Freezing] Trainable params: 28,384,555 / 108,924,715 (26.1%)
[Layer Freezing] Training last 4 transformer layers (layers 8-11)
[Layer Freezing] Trainable params: 28,384,555 / 108,924,715 (26.1%)
[Layer Freezing] Training last 4 transformer layers (layers 8-11)
[Layer Freezing] Trainable params: 28,384,555 / 108,924,715 (26.1%)
[Layer Freezing] Training last 4 transformer layers (layers 8-11)
[Layer Freezing] Trainable params: 28,384,555 / 108,924,715 (26.1%)
[Layer Freezing] Training last 4 transformer layers (layers 8-11)
[Layer Freezing] Trainable params: 28,384,555 / 108,924,715 (26.1%)
[Layer Freezing] Training last 4 transformer layers (layers 8-11)
[Layer Freezing] Trainable params: 28,384,555 / 108,924,715 (26.1%)
[Layer Freezing] Training last 4 transformer layers (layers 8-11)
[Layer Freezing] Trainable params: 28,384,555 / 108,924,715 (26.1%)
[Layer Freezing] Training last 4 transformer layers (layers 8-11)
[Layer Freezing] Trainable params: 28,384,555 / 108,924,715 (26.1%)
[Layer Freezing] Training last 4 transformer layers (layers 8-11)
[Layer Freezing] Trainable params: 28,384,555 / 108,924,715 (26.1%)
[Round 94] T=2.00  α_ce=1.00  α_kd=1.00
 Round 94 | F1 0.4929 | P 0.6147 | R 0.4114 | Time 44.1s | Comm N/A | Local Avg F1: 0.4194

=== Round 95/100 ===
[Round 95] KD=ON | policy=prev_global
[Layer Freezing] Training last 4 transformer layers (layers 8-11)
[Layer Freezing] Trainable params: 28,384,555 / 108,924,715 (26.1%)
[Layer Freezing] Training last 4 transformer layers (layers 8-11)
[Layer Freezing] Trainable params: 28,384,555 / 108,924,715 (26.1%)
[Layer Freezing] Training last 4 transformer layers (layers 8-11)
[Layer Freezing] Trainable params: 28,384,555 / 108,924,715 (26.1%)
[Layer Freezing] Training last 4 transformer layers (layers 8-11)
[Layer Freezing] Trainable params: 28,384,555 / 108,924,715 (26.1%)
[Layer Freezing] Training last 4 transformer layers (layers 8-11)
[Layer Freezing] Trainable params: 28,384,555 / 108,924,715 (26.1%)
[Layer Freezing] Training last 4 transformer layers (layers 8-11)
[Layer Freezing] Trainable params: 28,384,555 / 108,924,715 (26.1%)
[Layer Freezing] Training last 4 transformer layers (layers 8-11)
[Layer Freezing] Trainable params: 28,384,555 / 108,924,715 (26.1%)
[Layer Freezing] Training last 4 transformer layers (layers 8-11)
[Layer Freezing] Trainable params: 28,384,555 / 108,924,715 (26.1%)
[Layer Freezing] Training last 4 transformer layers (layers 8-11)
[Layer Freezing] Trainable params: 28,384,555 / 108,924,715 (26.1%)
[Layer Freezing] Training last 4 transformer layers (layers 8-11)
[Layer Freezing] Trainable params: 28,384,555 / 108,924,715 (26.1%)
[Round 95] T=2.00  α_ce=1.00  α_kd=1.00
 Round 95 | F1 0.4904 | P 0.6195 | R 0.4059 | Time 44.9s | Comm N/A | Local Avg F1: 0.4164

=== Round 96/100 ===
[Round 96] KD=ON | policy=prev_global
[Layer Freezing] Training last 4 transformer layers (layers 8-11)
[Layer Freezing] Trainable params: 28,384,555 / 108,924,715 (26.1%)
[Layer Freezing] Training last 4 transformer layers (layers 8-11)
[Layer Freezing] Trainable params: 28,384,555 / 108,924,715 (26.1%)
[Layer Freezing] Training last 4 transformer layers (layers 8-11)
[Layer Freezing] Trainable params: 28,384,555 / 108,924,715 (26.1%)
[Layer Freezing] Training last 4 transformer layers (layers 8-11)
[Layer Freezing] Trainable params: 28,384,555 / 108,924,715 (26.1%)
[Layer Freezing] Training last 4 transformer layers (layers 8-11)
[Layer Freezing] Trainable params: 28,384,555 / 108,924,715 (26.1%)
[Layer Freezing] Training last 4 transformer layers (layers 8-11)
[Layer Freezing] Trainable params: 28,384,555 / 108,924,715 (26.1%)
[Layer Freezing] Training last 4 transformer layers (layers 8-11)
[Layer Freezing] Trainable params: 28,384,555 / 108,924,715 (26.1%)
[Layer Freezing] Training last 4 transformer layers (layers 8-11)
[Layer Freezing] Trainable params: 28,384,555 / 108,924,715 (26.1%)
[Layer Freezing] Training last 4 transformer layers (layers 8-11)
[Layer Freezing] Trainable params: 28,384,555 / 108,924,715 (26.1%)
[Layer Freezing] Training last 4 transformer layers (layers 8-11)
[Layer Freezing] Trainable params: 28,384,555 / 108,924,715 (26.1%)
[Round 96] T=2.00  α_ce=1.00  α_kd=1.00
 Round 96 | F1 0.4868 | P 0.6259 | R 0.3983 | Time 44.8s | Comm N/A | Local Avg F1: 0.4173

=== Round 97/100 ===
[Round 97] KD=ON | policy=prev_global
[Layer Freezing] Training last 4 transformer layers (layers 8-11)
[Layer Freezing] Trainable params: 28,384,555 / 108,924,715 (26.1%)
[Layer Freezing] Training last 4 transformer layers (layers 8-11)
[Layer Freezing] Trainable params: 28,384,555 / 108,924,715 (26.1%)
[Layer Freezing] Training last 4 transformer layers (layers 8-11)
[Layer Freezing] Trainable params: 28,384,555 / 108,924,715 (26.1%)
[Layer Freezing] Training last 4 transformer layers (layers 8-11)
[Layer Freezing] Trainable params: 28,384,555 / 108,924,715 (26.1%)
[Layer Freezing] Training last 4 transformer layers (layers 8-11)
[Layer Freezing] Trainable params: 28,384,555 / 108,924,715 (26.1%)
[Layer Freezing] Training last 4 transformer layers (layers 8-11)
[Layer Freezing] Trainable params: 28,384,555 / 108,924,715 (26.1%)
[Layer Freezing] Training last 4 transformer layers (layers 8-11)
[Layer Freezing] Trainable params: 28,384,555 / 108,924,715 (26.1%)
[Layer Freezing] Training last 4 transformer layers (layers 8-11)
[Layer Freezing] Trainable params: 28,384,555 / 108,924,715 (26.1%)
[Layer Freezing] Training last 4 transformer layers (layers 8-11)
[Layer Freezing] Trainable params: 28,384,555 / 108,924,715 (26.1%)
[Layer Freezing] Training last 4 transformer layers (layers 8-11)
[Layer Freezing] Trainable params: 28,384,555 / 108,924,715 (26.1%)
[Round 97] T=2.00  α_ce=1.00  α_kd=1.00
 Round 97 | F1 0.4689 | P 0.6322 | R 0.3727 | Time 44.5s | Comm N/A | Local Avg F1: 0.3924

=== Round 98/100 ===
[Round 98] KD=ON | policy=prev_global
[Layer Freezing] Training last 4 transformer layers (layers 8-11)
[Layer Freezing] Trainable params: 28,384,555 / 108,924,715 (26.1%)
[Layer Freezing] Training last 4 transformer layers (layers 8-11)
[Layer Freezing] Trainable params: 28,384,555 / 108,924,715 (26.1%)
[Layer Freezing] Training last 4 transformer layers (layers 8-11)
[Layer Freezing] Trainable params: 28,384,555 / 108,924,715 (26.1%)
[Layer Freezing] Training last 4 transformer layers (layers 8-11)
[Layer Freezing] Trainable params: 28,384,555 / 108,924,715 (26.1%)
[Layer Freezing] Training last 4 transformer layers (layers 8-11)
[Layer Freezing] Trainable params: 28,384,555 / 108,924,715 (26.1%)
[Layer Freezing] Training last 4 transformer layers (layers 8-11)
[Layer Freezing] Trainable params: 28,384,555 / 108,924,715 (26.1%)
[Layer Freezing] Training last 4 transformer layers (layers 8-11)
[Layer Freezing] Trainable params: 28,384,555 / 108,924,715 (26.1%)
[Layer Freezing] Training last 4 transformer layers (layers 8-11)
[Layer Freezing] Trainable params: 28,384,555 / 108,924,715 (26.1%)
[Layer Freezing] Training last 4 transformer layers (layers 8-11)
[Layer Freezing] Trainable params: 28,384,555 / 108,924,715 (26.1%)
[Layer Freezing] Training last 4 transformer layers (layers 8-11)
[Layer Freezing] Trainable params: 28,384,555 / 108,924,715 (26.1%)
[Round 98] T=2.00  α_ce=1.00  α_kd=1.00
 Round 98 | F1 0.4733 | P 0.6267 | R 0.3802 | Time 45.1s | Comm N/A | Local Avg F1: 0.4028

=== Round 99/100 ===
[Round 99] KD=ON | policy=prev_global
[Layer Freezing] Training last 4 transformer layers (layers 8-11)
[Layer Freezing] Trainable params: 28,384,555 / 108,924,715 (26.1%)
[Layer Freezing] Training last 4 transformer layers (layers 8-11)
[Layer Freezing] Trainable params: 28,384,555 / 108,924,715 (26.1%)
[Layer Freezing] Training last 4 transformer layers (layers 8-11)
[Layer Freezing] Trainable params: 28,384,555 / 108,924,715 (26.1%)
[Layer Freezing] Training last 4 transformer layers (layers 8-11)
[Layer Freezing] Trainable params: 28,384,555 / 108,924,715 (26.1%)
[Layer Freezing] Training last 4 transformer layers (layers 8-11)
[Layer Freezing] Trainable params: 28,384,555 / 108,924,715 (26.1%)
[Layer Freezing] Training last 4 transformer layers (layers 8-11)
[Layer Freezing] Trainable params: 28,384,555 / 108,924,715 (26.1%)
[Layer Freezing] Training last 4 transformer layers (layers 8-11)
[Layer Freezing] Trainable params: 28,384,555 / 108,924,715 (26.1%)
[Layer Freezing] Training last 4 transformer layers (layers 8-11)
[Layer Freezing] Trainable params: 28,384,555 / 108,924,715 (26.1%)
[Layer Freezing] Training last 4 transformer layers (layers 8-11)
[Layer Freezing] Trainable params: 28,384,555 / 108,924,715 (26.1%)
[Layer Freezing] Training last 4 transformer layers (layers 8-11)
[Layer Freezing] Trainable params: 28,384,555 / 108,924,715 (26.1%)
[Round 99] T=2.00  α_ce=1.00  α_kd=1.00
 Round 99 | F1 0.4761 | P 0.6291 | R 0.3830 | Time 45.8s | Comm N/A | Local Avg F1: 0.4052

=== Round 100/100 ===
[Round 100] KD=ON | policy=prev_global
[Layer Freezing] Training last 4 transformer layers (layers 8-11)
[Layer Freezing] Trainable params: 28,384,555 / 108,924,715 (26.1%)
[Layer Freezing] Training last 4 transformer layers (layers 8-11)
[Layer Freezing] Trainable params: 28,384,555 / 108,924,715 (26.1%)
[Layer Freezing] Training last 4 transformer layers (layers 8-11)
[Layer Freezing] Trainable params: 28,384,555 / 108,924,715 (26.1%)
[Layer Freezing] Training last 4 transformer layers (layers 8-11)
[Layer Freezing] Trainable params: 28,384,555 / 108,924,715 (26.1%)
[Layer Freezing] Training last 4 transformer layers (layers 8-11)
[Layer Freezing] Trainable params: 28,384,555 / 108,924,715 (26.1%)
[Layer Freezing] Training last 4 transformer layers (layers 8-11)
[Layer Freezing] Trainable params: 28,384,555 / 108,924,715 (26.1%)
[Layer Freezing] Training last 4 transformer layers (layers 8-11)
[Layer Freezing] Trainable params: 28,384,555 / 108,924,715 (26.1%)
[Layer Freezing] Training last 4 transformer layers (layers 8-11)
[Layer Freezing] Trainable params: 28,384,555 / 108,924,715 (26.1%)
[Layer Freezing] Training last 4 transformer layers (layers 8-11)
[Layer Freezing] Trainable params: 28,384,555 / 108,924,715 (26.1%)
[Layer Freezing] Training last 4 transformer layers (layers 8-11)
[Layer Freezing] Trainable params: 28,384,555 / 108,924,715 (26.1%)
[Round 100] T=2.00  α_ce=1.00  α_kd=1.00
 Round 100 | F1 0.4804 | P 0.6307 | R 0.3879 | Time 44.5s | Comm N/A | Local Avg F1: 0.4099
[save_json] Saved: results/FedSAD_20250819_114705/fed_results.json
[save_json] Backup: results/FedSAD_20250819_114705/fed_results_20250819_130127.json
